id,title,price_value,price_formatted,rooms,bathrooms,surface,floor,heating,features,address,macrozone,microzone,latitude,longitude,agency_name,phone_number,photo_count,url,description
126037921,"Stanza singola via Giulio e Corrado Venini, Milano",850,€ 850/mese,1,1,20 m²,,Autonomo,"aria condizionata, arredato",Via Giulio e Corrado Venini,"Pasteur, Rovereto",Rovereto,45.4946,9.2169,HousingAnywhere,,10,https://www.immobiliare.it/annunci/126037921/,
126037969,"Stanza singola via Savona, Milano",890,€ 890/mese,1,1,23 m²,,Centralizzato,"aria condizionata, arredato",Via Savona,"Famagosta, Barona",Giambellino,45.4496,9.1495,HousingAnywhere,,10,https://www.immobiliare.it/annunci/126037969/,
126042489,"Stanza singola via Cesare Battisti, Milano",844,€ 844/mese,1,1,15 m²,,Centralizzato,arredato,Via Cesare Battisti,"Quadronno, Palestro, Guastalla",Guastalla,45.463,9.2,HousingAnywhere,,10,https://www.immobiliare.it/annunci/126042489/,
125812317,"Stanza singola piazza Imperatore Tito, Milano",840,€ 840/mese,1,1,16 m²,,Centralizzato,arredato,Piazza Imperatore Tito,"Porta Vittoria, Lodi",Martini - Insubria,45.4546,9.2187,HousingAnywhere,,10,https://www.immobiliare.it/annunci/125812317/,
126037977,"Stanza singola viale Regina Giovanna, Milano",890,€ 890/mese,1,1,16 m²,,Centralizzato,arredato,Viale Regina Giovanna,"Porta Venezia, Indipendenza",Porta Venezia,45.4733,9.2139,HousingAnywhere,,10,https://www.immobiliare.it/annunci/126037977/,
126042279,"Stanza singola viale Coni Zugna, Milano",940,€ 940/mese,1,1,9 m²,,Autonomo,arredato,Viale Coni Zugna,"Solari, Washington",Solari,45.4573,9.1693,HousingAnywhere,,10,https://www.immobiliare.it/annunci/126042279/,
125418735,"Stanza singola viale Edoardo Jenner, Milano",850,€ 850/mese,1,1,18 m²,,Centralizzato,"aria condizionata, arredato",Viale Edoardo Jenner,"Cenisio, Sarpi, Isola",Farini,45.497,9.1815,HousingAnywhere,,10,https://www.immobiliare.it/annunci/125418735/,
118261989,"Stanza singola via Giuseppe Ripamonti, Milano",950,€ 950/mese,1,1,10 m²,,Centralizzato,"aria condizionata, arredato",Via Giuseppe Ripamonti,"Ripamonti, Vigentino",Ripamonti - Fondazione Prada,45.4363,9.2004,HousingAnywhere,,10,https://www.immobiliare.it/annunci/118261989/,
104457409,"Stanza singola via Giorgio Washington, Milano",1000,€ 1.000/mese,1,1,15 m²,,Centralizzato,arredato,Via Giorgio Washington,"Solari, Washington",Washington,45.4569,9.1549,HousingAnywhere,,10,https://www.immobiliare.it/annunci/104457409/,
126039055,"Stanza singola via Panfilo Castaldi, Milano",1060,€ 1.060/mese,1,1,15 m²,,Autonomo,"aria condizionata, arredato",Via Panfilo Castaldi,"Centrale, Repubblica",Repubblica,45.4779,9.2003,HousingAnywhere,,10,https://www.immobiliare.it/annunci/126039055/,
126038093,"Stanza singola via Sebino, Milano",890,€ 890/mese,1,1,12 m²,,Centralizzato,"aria condizionata, arredato",Via Sebino,"Porta Vittoria, Lodi",Martini - Insubria,45.4509,9.2208,HousingAnywhere,,10,https://www.immobiliare.it/annunci/126038093/,
123802209,"Stanza singola via Francesco Melzi d'Eril, Milano",850,€ 850/mese,1,1,20 m²,,Autonomo,arredato,Via Francesco Melzi d'Eril,"Arco della Pace, Arena, Pagano",Arena,45.4781,9.1743,HousingAnywhere,,10,https://www.immobiliare.it/annunci/123802209/,
126038025,"Stanza singola via Cerva, Milano",1240,€ 1.240/mese,1,1,20 m²,,Autonomo,arredato,Via Cerva,Centro,Borgogna - Largo Augusto,45.4639,9.1984,HousingAnywhere,,10,https://www.immobiliare.it/annunci/126038025/,
126042491,"Stanza singola via Cesare Battisti, Milano",844,€ 844/mese,1,1,15 m²,,Centralizzato,arredato,Via Cesare Battisti,"Quadronno, Palestro, Guastalla",Guastalla,45.463,9.2,HousingAnywhere,,10,https://www.immobiliare.it/annunci/126042491/,
126039049,"Stanza singola via Panfilo Castaldi, Milano",1000,€ 1.000/mese,1,1,10 m²,,Autonomo,"aria condizionata, arredato",Via Panfilo Castaldi,"Centrale, Repubblica",Repubblica,45.4779,9.2003,HousingAnywhere,,10,https://www.immobiliare.it/annunci/126039049/,
126042087,"Stanza singola via Bernardino Verro, Milano",850,€ 850/mese,1,1,20 m²,,Centralizzato,"aria condizionata, arredato",Via Bernardino Verro,"Ripamonti, Vigentino",Ripamonti - Fondazione Prada,45.4384,9.1924,HousingAnywhere,,10,https://www.immobiliare.it/annunci/126042087/,
127118755,"Stanza singola viale Bligny, Milano",1310,€ 1.310/mese,1,1,12 m²,,Centralizzato,arredato,Viale Bligny,Navigli,Bocconi,45.4509,9.1927,HousingAnywhere,,10,https://www.immobiliare.it/annunci/127118755/,
126036181,"Stanza singola via Sesto Calende, Milano",860,€ 860/mese,1,1,14 m²,,Autonomo,"aria condizionata, arredato",Via Sesto Calende,"San Siro, Trenno",QT8,45.4842,9.1376,HousingAnywhere,,10,https://www.immobiliare.it/annunci/126036181/,
126037983,"Stanza singola viale Carlo Troya, Milano",890,€ 890/mese,1,1,15 m²,,Centralizzato,"aria condizionata, arredato",Viale Carlo Troya,"Napoli, Soderini",Piazza Napoli,45.4522,9.1541,HousingAnywhere,,10,https://www.immobiliare.it/annunci/126037983/,
127646872,"Stanza in affitto in appartamento via Felice Casati, Milano",875,€ 875/mese,4,2,15 m²,3°,Autonomo,"fibra ottica, porta blindata, esposizione esterna, impianto tv centralizzato",Via Felice Casati,"Centrale, Repubblica",Repubblica,45.4793,9.20206,Spacest.com by Roomless,02 8974 1955,5,https://www.immobiliare.it/annunci/127646872/,
126035975,"Stanza singola corso Lodi, Milano",840,€ 840/mese,1,1,16 m²,,Centralizzato,arredato,Corso Lodi,"Corvetto, Rogoredo",Corvetto,45.4406,9.2235,HousingAnywhere,,10,https://www.immobiliare.it/annunci/126035975/,
126038035,"Stanza singola viale Gran Sasso, Milano",890,€ 890/mese,1,1,16 m²,,Autonomo,"aria condizionata, arredato",Viale Gran Sasso,"Città Studi, Susa",Città Studi,45.483,9.2182,HousingAnywhere,,10,https://www.immobiliare.it/annunci/126038035/,
126038015,"Stanza multipla viale Carlo Troya, Milano",940,€ 940/mese,1,1,15 m²,,Centralizzato,"aria condizionata, arredato",Viale Carlo Troya,"Napoli, Soderini",Piazza Napoli,45.4522,9.1541,HousingAnywhere,,10,https://www.immobiliare.it/annunci/126038015/,
125820487,"Stanza singola piazza Carlo Caneva, Milano",1090,€ 1.090/mese,1,1,14 m²,,Centralizzato,"aria condizionata, arredato",Piazza Carlo Caneva,"Cenisio, Sarpi, Isola",Cenisio,45.4882,9.1615,HousingAnywhere,,10,https://www.immobiliare.it/annunci/125820487/,
126041989,"Stanza singola via della Moscova, Milano",950,€ 950/mese,1,1,15 m²,,Centralizzato,arredato,Via della Moscova,"Garibaldi, Moscova, Porta Nuova",Moscova,45.4781,9.1834,HousingAnywhere,,10,https://www.immobiliare.it/annunci/126041989/,
125045821,"Stanza singola Ripa di Porta Ticinese 71, Milano",975,€ 975/mese,4,3,15 m²,4°,Centralizzato,"ascensore, lavatrice, lavastoviglie, microonde, ripostiglio, terrazzo, connessione ad internet, bagno privato, armadi, con biancheria, tv, cucina",Ripa di Porta Ticinese,Navigli,Navigli - Darsena,45.4503,9.16907,Privato/Nessuna,,10,https://www.immobiliare.it/annunci/125045821/,
90083695,"Stanza singola viale Beatrice d'Este 24, Milano",950,€ 950/mese,5+,3+,20 m²,5°,Centralizzato,"balcone, connessione ad internet, ripostiglio, lavatrice, lavastoviglie, microonde, portineria, bagno privato, parquet, armadi, cucina, arredato",Viale Beatrice d'Este,Navigli,Bocconi,45.4517,9.19196,Privato/Nessuna,,12,https://www.immobiliare.it/annunci/90083695/,
112886255,"Stanza doppia via Galileo Galilei, Milano",850,€ 850/mese,5,2,16 m²,5°,Autonomo,"connessione ad internet, ripostiglio, lavatrice, lavastoviglie, microonde, portineria, bagno privato, tv, armadi, cucina",Via Galileo Galilei,"Centrale, Repubblica",Repubblica,45.48,9.19554,Privato/Nessuna,,13,https://www.immobiliare.it/annunci/112886255/,
83405917,"Stanza doppia via Melzo, Milano",850,€ 850/mese,2,1,,2°,Autonomo,"lavatrice, lavastoviglie, microonde, palestra, portineria, connessione ad internet, parquet, armadi, cucina, arredato",Via Melzo,"Porta Venezia, Indipendenza",Porta Venezia,45.4733,9.20971,Privato/Nessuna,,10,https://www.immobiliare.it/annunci/83405917/,
122448864,"Stanza singola via Paracelso 2, Milano",950,€ 950/mese,3,1,35 m²,4°,Centralizzato,"connessione ad internet, ripostiglio, lavatrice, lavastoviglie, armadi, cucina",Via Paracelso,"Centrale, Repubblica",Buenos Aires,45.4806,9.21588,Privato/Nessuna,,12,https://www.immobiliare.it/annunci/122448864/,
122727602,"Stanza singola piazza Leonardo da Vinci 8, Milano",900,€ 900/mese,5,3,50 m²,Piano rialzato,Centralizzato,"ascensore, connessione ad internet, ripostiglio, lavatrice, lavastoviglie, microonde, portineria, bagno privato, tv, armadi, cucina",Piazza Leonardo da Vinci,"Città Studi, Susa",Città Studi,45.4775,9.22546,Privato/Nessuna,,15,https://www.immobiliare.it/annunci/122727602/,
103641386,"Stanza singola via Messina 9, Milano",1090,€ 1.090/mese,4,2,20 m²,1°,Centralizzato,"terrazzo, ascensore, balcone, connessione ad internet, ripostiglio, giardino, lavatrice, lavastoviglie, microonde, portineria, tv, armadi, bagno privato, cucina",Via Messina,"Cenisio, Sarpi, Isola",Paolo Sarpi,45.4826,9.17536,Privato/Nessuna,,19,https://www.immobiliare.it/annunci/103641386/,
83947178,"Stanza doppia via Alessandro Astesani 43, Milano",1200,€ 1.200/mese,1,1,80 m²,8°,Assente,"cucina, ripostiglio, ascensore, portineria, lavatrice, balcone, armadi, con biancheria, tv, bagno privato, arredato",Via Alessandro Astesani,"Affori, Bovisa",Affori,45.52,9.16916,Privato/Nessuna,,20,https://www.immobiliare.it/annunci/83947178/,
115134525,"Stanza singola Bastioni di Porta Volta 7, Milano",1040,€ 1.040/mese,,,18 m²,5°,Autonomo,"connessione ad internet, ripostiglio, lavatrice, lavastoviglie, portineria, terrazzo, armadi, accesso per disabili",Bastioni di Porta Volta,"Garibaldi, Moscova, Porta Nuova",Moscova,45.4796,9.18216,Privato/Nessuna,,11,https://www.immobiliare.it/annunci/115134525/,
88755589,"Stanza doppia via Ugo Ojetti 3, Milano",1100,€ 1.100/mese,2,1,,5° piano,Assente,"balcone, connessione ad internet, cucina, ripostiglio, ascensore, giardino, lavatrice, bagno privato, armadi, arredato",Via Ugo Ojetti,"San Siro, Trenno",Gallaratese,45.4935,9.11313,Privato/Nessuna,,9,https://www.immobiliare.it/annunci/88755589/,
124137855,"Stanza doppia via Cufra 17, Milano",900,€ 900/mese,3,2,100 m²,2°,Centralizzato,"balcone, ascensore, connessione ad internet, ripostiglio, lavatrice, lavastoviglie, portineria, bagno privato, tv, armadi, cucina",Via Cufra,"Maggiolina, Istria",Istria,45.5015,9.19344,Privato/Nessuna,,8,https://www.immobiliare.it/annunci/124137855/,
123526755,"Stanza doppia via Jan Sibelius 14, Milano",900,€ 900/mese,4,2,95 m²,5°,Centralizzato,"ascensore, connessione ad internet, ripostiglio, lavatrice, microonde, cucina",Via Jan Sibelius,"Bicocca, Niguarda",Bignami - Ponale,45.5208,9.20792,Privato/Nessuna,,10,https://www.immobiliare.it/annunci/123526755/,
126956103,"Stanza singola via Nicola Antonio Porpora 157, Milano",850,€ 850/mese,4,2,100 m²,1°,Centralizzato,"balcone, ascensore, connessione ad internet, ripostiglio, lavatrice, lavastoviglie, microonde, tv, armadi, cucina",Via Nicola Antonio Porpora,"Città Studi, Susa",Città Studi,45.486,9.232,Privato/Nessuna,,8,https://www.immobiliare.it/annunci/126956103/,
114585103,"Stanza singola viale Misurata 40, Milano",850,€ 850/mese,3,1,16 m²,6°,Centralizzato,"ascensore, connessione ad internet, lavatrice, microonde, portineria, armadi, con biancheria, cucina",Viale Misurata,"Napoli, Soderini",Tripoli - Soderini,45.4557,9.15205,Privato/Nessuna,,19,https://www.immobiliare.it/annunci/114585103/,
118851611,"Stanza singola via Azzo Carbonera 21, Milano",900,€ 900/mese,5+,3+,35 m²,Piano rialzato,Centralizzato,"connessione ad internet, ripostiglio, lavatrice, lavastoviglie, microonde, bagno privato, tv, armadi, cucina",Via Azzo Carbonera,"Porta Vittoria, Lodi",Porta Vittoria,45.4618,9.23008,Privato/Nessuna,,11,https://www.immobiliare.it/annunci/118851611/,
118186853,"Stanza singola via Giovanni Paisiello 14, Milano",850,€ 850/mese,2,2,15 m²,Piano terra,Centralizzato,"ascensore, connessione ad internet, lavatrice, lavastoviglie, microonde, portineria, armadi, bagno privato, ingresso privato, cucina",Via Giovanni Paisiello,"Città Studi, Susa",Città Studi,45.4815,9.21888,Privato/Nessuna,,8,https://www.immobiliare.it/annunci/118186853/,
123920733,"Stanza doppia viale delle Rimembranze di Greco 8, Milano",1000,€ 1.000/mese,2,1,30 m²,Piano rialzato,Centralizzato,"terrazzo, connessione ad internet, ripostiglio, lavatrice, lavastoviglie, microonde, portineria, tv, armadi, cucina",Viale delle Rimembranze di Greco,"Maggiolina, Istria",Cascina dei Pomi,45.4977,9.21282,Privato/Nessuna,,11,https://www.immobiliare.it/annunci/123920733/,
127154003,"Stanza singola via Harar 3, Milano",950,€ 950/mese,2,1,17 m²,5°,Centralizzato,"connessione ad internet, ripostiglio, lavatrice, lavastoviglie, microonde, portineria, ascensore, con biancheria, tv, armadi, cucina",Via Harar,"San Siro, Trenno",San Siro,45.4762,9.11693,Privato/Nessuna,,9,https://www.immobiliare.it/annunci/127154003/,
114828001,"Stanza doppia via Achille Fontanelli 13, Milano",1000,€ 1.000/mese,3,1,26 m²,Seminterrato,Autonomo,"connessione ad internet, lavatrice, microonde, armadi, cucina",Via Achille Fontanelli,"Bicocca, Niguarda",Bruzzano,45.5247,9.17378,Privato/Nessuna,,11,https://www.immobiliare.it/annunci/114828001/,
122289056,"Stanza singola piazza Giuseppe Grandi 1, Milano",850,€ 850/mese,1,1,18 m²,5°,Autonomo,"terrazzo, ascensore, lavatrice, lavastoviglie, microonde, portineria, cucina",Piazza Giuseppe Grandi,"Città Studi, Susa",Plebisciti - Susa,45.4627,9.21973,Privato/Nessuna,,13,https://www.immobiliare.it/annunci/122289056/,
105398595,"Stanza singola via Felice Poggi 3, Milano",900,€ 900/mese,4,2,14 m²,1°,Centralizzato,"terrazzo, connessione ad internet, ripostiglio, lavatrice, lavastoviglie, microonde, armadi, accesso per disabili, cucina",Via Felice Poggi,"Città Studi, Susa",Città Studi,45.4822,9.22786,Privato/Nessuna,,12,https://www.immobiliare.it/annunci/105398595/,
117252209,"Stanza doppia via Fratelli Fraschini 22, Milano",850,€ 850/mese,5,2,130 m²,6°,Autonomo,"terrazzo, balcone, sistema di allarme, connessione ad internet, caminetto, ripostiglio, lavatrice, lavastoviglie, microonde, portineria, tv, bagno privato, con biancheria, ingresso privato, armadi, accesso per disabili, bagno per disabili, cucina",Via Fratelli Fraschini,"Abbiategrasso, Chiesa Rossa",Gratosoglio,45.4166,9.18017,Privato/Nessuna,,14,https://www.immobiliare.it/annunci/117252209/,
126815441,"Stanza singola via Lepontina 10, Milano",900,€ 900/mese,2,1,80 m²,2°,Centralizzato,"ascensore, connessione ad internet, ripostiglio, lavatrice, lavastoviglie, microonde, armadi, cucina",Via Lepontina,"Cenisio, Sarpi, Isola",Farini,45.4934,9.18397,Privato/Nessuna,,16,https://www.immobiliare.it/annunci/126815441/,
126070163,"Stanza singola via Lodovico Settala, Milano",900,€ 900/mese,4,1,88 m²,1°,Centralizzato,"ascensore, connessione ad internet, lavatrice, lavastoviglie, microonde, portineria, armadi, bagno per disabili, cucina",Via Lodovico Settala,"Centrale, Repubblica",Buenos Aires,45.4797,9.20536,Privato/Nessuna,,14,https://www.immobiliare.it/annunci/126070163/,
127165205,"Stanza doppia viale Lunigiana 4, Milano",1100,€ 1.100/mese,3,1,12 m²,6°,Centralizzato,"balcone, ascensore, lavatrice, portineria, armadi, cucina",Viale Lunigiana,"Maggiolina, Istria",Cascina dei Pomi,45.4912,9.20631,Privato/Nessuna,,11,https://www.immobiliare.it/annunci/127165205/,
127553244,"Stanza singola via Raffaello Giolli 24, Milano",900,€ 900/mese,5+,3,130 m²,3°,Assente,"ripostiglio, balcone, terrazzo, cucina, connessione ad internet, lavatrice, lavastoviglie, microonde, bagno privato, parquet, aria condizionata, armadi",Via Raffaello Giolli,"Bicocca, Niguarda",Bignami - Ponale,45.5269,9.211,Studio6Erre,02 8736 4208,36,https://www.immobiliare.it/annunci/127553244/,"via raffaello giolli 24 -bignami universita' bicocca-  nei costi sono compresi il wifi, le pulizie due volte al mese, il riscaldamento la manutenzione. a parte ci sono i costi delle bollette della luce e della tari divise tra gli inquilini. nell'appartamento e' presente aria condizionata in tutte le stanze, lavatrice ed asciugatrice, lavastoviglie, macchinetta nespresso e friggitrice ad aria.  in un contesto residenziale, a due passi dalla fermata della metropolitana bignami, studio6erre propone in locazione una suite matrimoniale di 30 mq. circa completamente ristrutturata con terrazzo e bagn"
127540596,"Stanza singola viale Giovanni Suzzani 280, Milano",900,€ 900/mese,5+,3,130 m²,3°,Assente,"ripostiglio, balcone, terrazzo, cucina, connessione ad internet, lavatrice, lavastoviglie, microonde, bagno privato, parquet, aria condizionata, armadi",Viale Giovanni Suzzani,"Bicocca, Niguarda",Bignami - Ponale,45.5265,9.2094,Studio6Erre,02 8736 4208,36,https://www.immobiliare.it/annunci/127540596/,"viale suzzani 280 -bignami universita' bicocca-  nei costi sono compresi il wifi, le pulizie due volte al mese, il riscaldamento la manutenzione. a parte ci sono i costi delle bollette della luce e della tari divise tra gli inquilini. nell'appartamento e' presente aria condizionata in tutte le stanze, lavatrice ed asciugatrice, lavastoviglie, macchinetta nespresso e friggitrice ad aria.  in un contesto residenziale, a due passi dalla fermata della metropolitana bignami, studio6erre propone in locazione una suite matrimoniale di 30 mq. circa completamente ristrutturata con terrazzo e bagno priv"
126042495,"Stanza singola via Cesare Battisti, Milano",1003,€ 1.003/mese,1,1,15 m²,,Centralizzato,arredato,Via Cesare Battisti,"Quadronno, Palestro, Guastalla",Guastalla,45.463,9.2,HousingAnywhere,,10,https://www.immobiliare.it/annunci/126042495/,"Private Bedroom with Private Toilet in Central Milan    Bright and Cozy Living Space Step into this charming apartment in the heart of Milan, ideal for a serene and comfortable stay. The living area is bright and well-designed, offering ample space to relax and unwind. Furnished with everything you need, this apartment makes a perfect base for those planning a medium- to long-term stay in the city.   Comfortable Sleeping Arrangements The sleeping area is thoughtfully arranged to maximize comfort, featuring a cozy double bed, a desk, a closet and even an en-suite bathroom for added covenience. "
125812309,"Stanza singola via Calatafimi, Milano",990,€ 990/mese,1,1,12 m²,,Centralizzato,"aria condizionata, arredato",Via Calatafimi,"Genova, Ticinese",Ticinese,45.4534,9.1838,HousingAnywhere,,10,https://www.immobiliare.it/annunci/125812309/,"SPECIAL OFFER  -  if your contract starts within the August 1st 2025: - Admin Fee  500,00 - Security Deposit   1.800,00  THE FLAT Conveniently located on the seventh floor in Via Calatafimi 12, nelle immediate vicinanze della Darsena del Naviglio Grande. Plenty of cafes, restaurants, bars, shops and bookstores keep the area always lively.  INTERNAL CONDITIONS The flat consists of:  - 4 rooms (1 room with ensuite bathroom and 3 single rooms ) - a bathroom  - an eat-in kitchen with a dishwasher  - a washing machine-dryer - wifi  Shared kitchen equipment provided.  The building has an elevator an"
125812277,"Stanza singola via Savona, Milano",1140,€ 1.140/mese,1,1,16 m²,,Centralizzato,"aria condizionata, arredato",Via Savona,"Solari, Washington",Solari,45.455,9.1662,HousingAnywhere,,10,https://www.immobiliare.it/annunci/125812277/,"THE APARTMENT  The apartment is located on the second floor at 26 Via Savona close to the heart of Tortona Fashion District and nearby the famous Navigli. It is a very well connected and residential area, very much alive thanks to the presence of cafes, restaurants, bars, supermarkets and bookstores.   INTERNAL CONDITIONS The apartment features: - 4 private bedrooms  - 2 bathrooms (one ensuite and one shared)  - eat-in kitchen with dishwasher  - washing machine and dryer -  Wi-Fi  - air conditioning in every room   The building has an elevator and concierge available all day.  DISTANCE - BOCCO"
126726171,"Stanza singola viale Certosa, Milano",900,€ 900/mese,1,1,15 m²,,Autonomo,"aria condizionata, arredato",Viale Certosa,"Uptown, Cascina Merlata, Viale Certosa",Ghisolfa - Mac Mahon,45.4895,9.1535,HousingAnywhere,,10,https://www.immobiliare.it/annunci/126726171/," Private Rooms in Renovated Apartment  High Floor  Near Piazza Firenze / Sempione   Viale Certosa, Milan  Available immediately  Ideal for students and young professionals  Looking for a bright and comfortable home in a well-connected area of Milan? This recently renovated three-room apartment offers two private bedrooms with double beds in a stylish and fully furnished setting.  Located on the third floor of an elegant 1930s building with full-day concierge service, the apartment combines classic charm with modern comfort. High ceilings, parquet flooring, and brand-new furnishings create a we"
126956721,"Stanza singola via Medardo Rosso, Milano",850,€ 850/mese,1,1,15 m²,,Centralizzato,arredato,Via Medardo Rosso,"Cenisio, Sarpi, Isola",Isola,45.4904,9.1847,HousingAnywhere,,10,https://www.immobiliare.it/annunci/126956721/," BRIGHT SINGLE ROOM IN TRENDY ISOLA - ALL-INCLUSIVE  Experience Milan from its most vibrant district! This bright room is located in a spacious 4-bedroom apartment in the heart of Isola, steps away from the iconic Bosco Verticale.   RENT & SERVICES (ALL-INCLUSIVE):  What's Included: High-speed Wi-Fi, Water, Condo fees (including heating), and Professional Cleaning of common areas every 15 days.  Utilities Cap: Electricity and Gas are included up to a limit of 100 per month per room. This generous cap is designed to cover standard responsible usage.  Security Deposit: 1,500 (Mandatory to confir"
126726175,"Stanza singola via Michelangelo Buonarroti, Milano",1025,€ 1.025/mese,1,1,15 m²,,Autonomo,"aria condizionata, arredato",Via Michelangelo Buonarroti,"Solari, Washington",Vercelli - Wagner,45.4686,9.155,HousingAnywhere,,10,https://www.immobiliare.it/annunci/126726175/," Private Rooms in Spacious Panoramic Apartment  Available Immediately   Buonarroti / Wagner Area  Milan  Ideal for Marangoni / Cattolica students or young professionals  Looking for a bright and well-connected home in Milan? This spacious and panoramic three-room apartment offers two private bedrooms with double beds (one with a private balcony), in a fully furnished and move-in-ready setting.  Located on the fifth floor with elevator, the apartment enjoys excellent natural light and a strategic position just 1 minute from M1 Buonarroti/Wagner metro station and only 25 meters from Wagner stop "
127482980,"Stanza singola via Francesco Sforza 44, Milano",1000,€ 1.000/mese,,,14 m²,3°,Assente,"giardino, terrazzo, cucina, lavatrice, bagno privato, aria condizionata",Via Francesco Sforza,Centro,Missori,45.4581,9.1937,Arena Immobiliare S.R.L.,02 8973 7703,20,https://www.immobiliare.it/annunci/127482980/,"Nel cuore di Milano, direttamente sopra la fermata della metropolitana Sforza-Policlinico M4 e a soli 4 minuti a piedi dalla fermata Crocetta M3, Sforza44Rooms offre camere con bagno privato, a pochi passi dalle principali università e dai monumenti più iconici della città.  Le nostre soluzioni abitative, pensate per garantire comfort e funzionalità, sono suddivise in tre tipologie: Standard, Premium e Deluxe. I canoni mensili vanno da € 1.000,00 per le camere Standard a € 1.200,00 per le Deluxe, tutti i costi inclusi: Wi-Fi, luce, riscaldamento e pulizia degli spazi comuni.  Sforza44Rooms non"
127183525,"Stanza in affitto in appartamento Ripa di Porta Ticinese, 71, Milano",975,€ 975/mese,1,1,15 m²,"4°, con ascensore",Centralizzato,"aria condizionata, fibra ottica, esposizione interna, arredato","Ripa di Porta Ticinese, 71",Navigli,Navigli - Darsena,45.4503,9.16909,Barnes International Realty Milano,02 9994 8869,12,https://www.immobiliare.it/annunci/127183525/,
122319170,"Stanza singola via Giovanni Durando 21, Milano",1300,€ 1.300/mese,1,1,20 m²,3°,Assente,"giardino, palestra, balcone, cucina, sistema di allarme, connessione ad internet, lavatrice, microonde, portineria, con biancheria, bagno privato, aria condizionata, armadi",Via Giovanni Durando,"Affori, Bovisa",Bovisa,45.5054,9.1635,aparto italy,02 9994 8854,20,https://www.immobiliare.it/annunci/122319170/,
127317725,"Stanza in affitto in appartamento via Savona, Milano",895,€ 895/mese,4,1,92 m²,2°,Autonomo,"fibra ottica, porta blindata, esposizione esterna, impianto tv centralizzato",Via Savona,"Solari, Washington",Solari,45.455,9.16692,Spacest.com by Roomless,02 8974 1955,8,https://www.immobiliare.it/annunci/127317725/,
127275323,"Stanza in affitto in appartamento via Privata Parenzo, Milano",860,€ 860/mese,4,2,90 m²,3°,Autonomo,"fibra ottica, porta blindata, esposizione esterna, impianto tv centralizzato",Via Privata Parenzo,"Famagosta, Barona",Tre Castelli - Faenza,45.442,9.13738,Spacest.com by Roomless,02 8974 1955,8,https://www.immobiliare.it/annunci/127275323/,
121589280,"Stanza in affitto in appartamento via Principe Eugenio, Milano",3000,€ 3.000/mese,1,1,100 m²,,Centralizzato,"aria condizionata, arredato",Via Principe Eugenio,"Cenisio, Sarpi, Isola",Cenisio,45.4886,9.1629,HousingAnywhere,,10,https://www.immobiliare.it/annunci/121589280/,
123610037,"Stanza doppia via Natale Battaglia, Milano",1000,€ 1.000/mese,3,1,115 m²,Piano rialzato,Assente,"cucina, bagno in comune",Via Natale Battaglia,"Pasteur, Rovereto",Pasteur,45.4891,9.2148,Grimaldi Immobiliare Milano Maggiolina,02 5964 5473,28,https://www.immobiliare.it/annunci/123610037/,
104457407,"Stanza singola via Giorgio Washington, Milano",1000,€ 1.000/mese,1,1,13 m²,,Centralizzato,arredato,Via Giorgio Washington,"Solari, Washington",Washington,45.4569,9.1549,HousingAnywhere,,10,https://www.immobiliare.it/annunci/104457407/,
118700543,"Stanza singola corso di Porta Romana, Milano",1000,€ 1.000/mese,1,1,25 m²,,Centralizzato,"aria condizionata, arredato",Corso di Porta Romana,"Quadronno, Palestro, Guastalla",Quadronno - Crocetta,45.455,9.1976,HousingAnywhere,,10,https://www.immobiliare.it/annunci/118700543/,
127553304,"Stanza doppia via Beltrame Cristiani 1, Milano",850,€ 850/mese,5+,3+,130 m²,1°,Assente,"giardino, balcone, cucina, connessione ad internet, lavatrice, microonde, bagno privato, parquet, aria condizionata, armadi",Via Beltrame Cristiani,"Bicocca, Niguarda",Bignami - Ponale,45.5223,9.2059,Studio6Erre,02 8736 4208,38,https://www.immobiliare.it/annunci/127553304/,
122635012,"Stanza doppia piazzale Biancamano 1, Milano",1500,€ 1.500/mese,5+,3,40 m²,4°,Assente,"balcone, cucina, connessione ad internet, lavatrice, lavastoviglie, microonde, portineria, bagno in comune, aria condizionata, armadi",Piazzale Biancamano,"Arco della Pace, Arena, Pagano",Arena,45.4784,9.1807,Studio Bondioli,02 5964 9153,29,https://www.immobiliare.it/annunci/122635012/,
88039617,"Stanza singola viale Romagna 51, Milano",850,€ 850/mese,3,1,20 m²,5°,Centralizzato,"connessione ad internet, cucina, ripostiglio, lavastoviglie, lavatrice, microonde, ascensore, moquette, tv, armadi, arredato",Viale Romagna,"Città Studi, Susa",Città Studi,45.477,9.22334,Privato/Nessuna,,2,https://www.immobiliare.it/annunci/88039617/,
118206853,"Stanza singola piazza Leonardo da Vinci 7, Milano",850,€ 850/mese,5+,2,20 m²,5°,Centralizzato,"balcone, ascensore, connessione ad internet, lavatrice, lavastoviglie, portineria, armadi, cucina",Piazza Leonardo da Vinci,"Città Studi, Susa",Città Studi,45.4786,9.22549,Privato/Nessuna,,17,https://www.immobiliare.it/annunci/118206853/,
117371725,"Stanza singola piazza Leonardo da Vinci 7, Milano",850,€ 850/mese,5+,2,19 m²,5°,Centralizzato,"balcone, terrazzo, ascensore, lavatrice, lavastoviglie, portineria, armadi, cucina",Piazza Leonardo da Vinci,"Città Studi, Susa",Città Studi,45.4786,9.22549,Privato/Nessuna,,15,https://www.immobiliare.it/annunci/117371725/,
125790719,"Stanza singola Amendola - Buonarroti, Milano",1100,€ 1.100/mese,2,2,20 m²,3°,Centralizzato,"balcone, ascensore, connessione ad internet, giardino, lavatrice, lavastoviglie, portineria, con biancheria, bagno privato, tv, armadi, cucina",Via Carlo Ravizza,"Fiera, Sempione, City Life, Portello",Amendola - Buonarroti,45.4691,9.15073,Privato/Nessuna,,16,https://www.immobiliare.it/annunci/125790719/,
127596570,"Stanza doppia San Carlo, Milano",890,€ 890/mese,5,1,30 m²,4°,Assente,"cucina, connessione ad internet, lavatrice, lavastoviglie, microonde, portineria, bagno privato, aria condizionata, armadi",Via Cascina Barocco,"San Siro, Trenno",San Carlo,45.4618,9.1085,Top Eventi Immobiliare srl,031 836 7656,16,https://www.immobiliare.it/annunci/127596570/,
126990615,"Stanza singola via Biella 30, Milano",870,€ 870/mese,4,2,79 m²,1°,Assente,"cucina, connessione ad internet, lavatrice, microonde, bagno privato, bagno in comune, parquet, aria condizionata",Via Biella,"Famagosta, Barona",Famagosta,45.4381,9.1549,MilanHousing,02 3651 7940,12,https://www.immobiliare.it/annunci/126990615/,
127303517,"Stanza in affitto in appartamento viale Bligny, Milano",1245,€ 1.245/mese,5+,3+,188 m²,"2°, con ascensore",Autonomo,"fibra ottica, porta blindata, esposizione esterna, impianto tv centralizzato",Viale Bligny,Navigli,Bocconi,45.4508,9.19124,Spacest.com by Roomless,02 8974 1955,22,https://www.immobiliare.it/annunci/127303517/,
127275229,"Stanza in affitto in appartamento via Andrea Costa, Milano",860,€ 860/mese,4,1,103 m²,"1°, con ascensore",Autonomo,"fibra ottica, porta blindata, esposizione esterna, impianto tv centralizzato",Via Andrea Costa,"Pasteur, Rovereto",Pasteur,45.4885,9.22156,Spacest.com by Roomless,02 8974 1955,22,https://www.immobiliare.it/annunci/127275229/,
127602288,"Stanza in affitto in appartamento viale Sondrio, Milano",845,€ 845/mese,5+,2,173 m²,"5°, con ascensore",Autonomo,"fibra ottica, porta blindata, esposizione esterna, impianto tv centralizzato",Viale Sondrio,"Cenisio, Sarpi, Isola",Isola,45.4904,9.19938,Spacest.com by Roomless,02 8974 1955,21,https://www.immobiliare.it/annunci/127602288/,
127504724,"Stanza in affitto in appartamento via Ravizza, Milano",955,€ 955/mese,5+,3,166 m²,"1°, con ascensore",Autonomo,"fibra ottica, porta blindata, esposizione esterna, impianto tv centralizzato",Via Ravizza,"Fiera, Sempione, City Life, Portello",Amendola - Buonarroti,45.4702,9.14972,Spacest.com by Roomless,02 8974 1955,13,https://www.immobiliare.it/annunci/127504724/,
127463062,"Stanza in affitto in appartamento via Lattanzio, Milano",960,€ 960/mese,5,2,90 m²,5°,Autonomo,"fibra ottica, porta blindata, esposizione esterna, impianto tv centralizzato",Via Lattanzio,"Porta Vittoria, Lodi",Lodi - Brenta,45.4485,9.21396,Spacest.com by Roomless,02 8974 1955,21,https://www.immobiliare.it/annunci/127463062/,
127384665,"Stanza in affitto in appartamento viale Col di Lana, Milano",995,€ 995/mese,5+,3,230 m²,"1°, con ascensore",Autonomo,"fibra ottica, porta blindata, esposizione esterna, impianto tv centralizzato",Viale Col di Lana,Navigli,Corso San Gottardo,45.4521,9.18266,Spacest.com by Roomless,02 8974 1955,41,https://www.immobiliare.it/annunci/127384665/,
127355477,"Stanza in affitto in appartamento viale Vincenzo Lancetti, Milano",1205,€ 1.205/mese,1,1,15 m²,1°,Autonomo,"fibra ottica, porta blindata, esposizione esterna, impianto tv centralizzato",Viale Vincenzo Lancetti,"Cenisio, Sarpi, Isola",Farini,45.4953,9.17548,Spacest.com by Roomless,02 8974 1955,13,https://www.immobiliare.it/annunci/127355477/,
127326367,"Stanza in affitto in appartamento viale Emilio Caldara, Milano",1035,€ 1.035/mese,5+,3,200 m²,"3°, con ascensore",Autonomo,"fibra ottica, porta blindata, esposizione esterna, impianto tv centralizzato",Viale Emilio Caldara,"Porta Romana, Cadore, Montenero",Montenero,45.4572,9.20484,Spacest.com by Roomless,02 8974 1955,26,https://www.immobiliare.it/annunci/127326367/,
127326313,"Stanza in affitto in appartamento via Conca del Naviglio, Milano",945,€ 945/mese,5+,3,138 m²,"1°, con ascensore",Autonomo,"fibra ottica, porta blindata, esposizione esterna, impianto tv centralizzato",Via Conca del Naviglio,"Genova, Ticinese",Ticinese,45.4555,9.17809,Spacest.com by Roomless,02 8974 1955,29,https://www.immobiliare.it/annunci/127326313/,
127646902,"Stanza in affitto in appartamento via Intra, Milano",840,€ 840/mese,5+,2,140 m²,1°,Autonomo,"fibra ottica, porta blindata, esposizione esterna, impianto tv centralizzato",Via Intra,"Maggiolina, Istria",Maggiolina,45.5017,9.19935,Spacest.com by Roomless,02 8974 1955,16,https://www.immobiliare.it/annunci/127646902/,
127602508,"Stanza in affitto in appartamento via Panfilo Castaldi, Milano",1000,€ 1.000/mese,5,2,142 m²,3°,Autonomo,"fibra ottica, porta blindata, esposizione esterna, impianto tv centralizzato",Via Panfilo Castaldi,"Centrale, Repubblica",Repubblica,45.4778,9.20009,Spacest.com by Roomless,02 8974 1955,15,https://www.immobiliare.it/annunci/127602508/,
127541662,"Stanza in affitto in appartamento via Giuseppe Ripamonti, Milano",840,€ 840/mese,4,1,147 m²,4°,Autonomo,"fibra ottica, porta blindata, esposizione esterna, balcone, impianto tv centralizzato",Via Giuseppe Ripamonti,"Ripamonti, Vigentino",Vigentino - Fatima,45.4289,9.20273,Spacest.com by Roomless,02 8974 1955,21,https://www.immobiliare.it/annunci/127541662/,
127513788,"Stanza in affitto in appartamento viale Tibaldi, Milano",975,€ 975/mese,5,1,94 m²,"7°, con ascensore",Autonomo,"fibra ottica, porta blindata, esposizione esterna, impianto tv centralizzato",Viale Tibaldi,"Abbiategrasso, Chiesa Rossa",Pezzotti - Meda,45.4433,9.17651,Spacest.com by Roomless,02 8974 1955,26,https://www.immobiliare.it/annunci/127513788/,
127415041,"Stanza in affitto in appartamento corso Buenos Aires, Milano",945,€ 945/mese,5+,2,180 m²,"4°, con ascensore",Autonomo,"fibra ottica, porta blindata, esposizione esterna, impianto tv centralizzato",Corso Buenos Aires,"Centrale, Repubblica",Buenos Aires,45.481,9.21101,Spacest.com by Roomless,02 8974 1955,36,https://www.immobiliare.it/annunci/127415041/,
127414765,"Stanza in affitto in appartamento viale Beatrice D'Este, Milano",990,€ 990/mese,5+,3+,15 m²,4°,Autonomo,"fibra ottica, porta blindata, esposizione esterna, impianto tv centralizzato",Viale Beatrice D'Este,Navigli,Bocconi,45.452,9.18768,Spacest.com by Roomless,02 8974 1955,54,https://www.immobiliare.it/annunci/127414765/,
127317439,"Stanza in affitto in appartamento viale Emilio Caldara, Milano",1035,€ 1.035/mese,5+,3,200 m²,"3°, con ascensore",Autonomo,"fibra ottica, porta blindata, esposizione esterna, impianto tv centralizzato",Viale Emilio Caldara,"Porta Romana, Cadore, Montenero",Montenero,45.4572,9.20484,Spacest.com by Roomless,02 8974 1955,26,https://www.immobiliare.it/annunci/127317439/,
127303701,"Stanza in affitto in appartamento viale Liguria, Milano",950,€ 950/mese,5,2,98 m²,1°,Autonomo,"fibra ottica, porta blindata, esposizione esterna, impianto tv centralizzato",Viale Liguria,Navigli,Navigli - Darsena,45.4439,9.17542,Spacest.com by Roomless,02 8974 1955,18,https://www.immobiliare.it/annunci/127303701/,
127108693,"Stanza in affitto in appartamento viale Bligny, Milano",1245,€ 1.245/mese,5+,3+,188 m²,"2°, con ascensore",Autonomo,"fibra ottica, porta blindata, esposizione esterna, impianto tv centralizzato",Viale Bligny,Navigli,Bocconi,45.4508,9.19124,Spacest.com by Roomless,02 8974 1955,24,https://www.immobiliare.it/annunci/127108693/,
127462806,"Stanza in affitto in appartamento via Lattanzio, Milano",960,€ 960/mese,5,2,90 m²,5°,Autonomo,"fibra ottica, porta blindata, esposizione esterna, impianto tv centralizzato",Via Lattanzio,"Porta Vittoria, Lodi",Lodi - Brenta,45.4485,9.21396,Spacest.com by Roomless,02 8974 1955,21,https://www.immobiliare.it/annunci/127462806/,
127414697,"Stanza in affitto in appartamento viale Beatrice D'Este, Milano",990,€ 990/mese,5+,3+,15 m²,4°,Autonomo,"fibra ottica, porta blindata, esposizione esterna, impianto tv centralizzato",Viale Beatrice D'Este,Navigli,Bocconi,45.452,9.18768,Spacest.com by Roomless,02 8974 1955,53,https://www.immobiliare.it/annunci/127414697/,
127303743,"Stanza in affitto in appartamento via Santa Sofia, Milano",905,€ 905/mese,5+,3,191 m²,"3°, con ascensore",Autonomo,"fibra ottica, porta blindata, esposizione esterna, impianto tv centralizzato",Via Santa Sofia,"Quadronno, Palestro, Guastalla",Quadronno - Crocetta,45.4565,9.18957,Spacest.com by Roomless,02 8974 1955,11,https://www.immobiliare.it/annunci/127303743/,
127303527,"Stanza in affitto in appartamento via Luigi Mercantini, Milano",1200,€ 1.200/mese,4,1,55 m²,1°,Autonomo,"fibra ottica, porta blindata, esposizione esterna, terrazzo, impianto tv centralizzato",Via Luigi Mercantini,"Affori, Bovisa",Bovisa,45.5015,9.16316,Spacest.com by Roomless,02 8974 1955,11,https://www.immobiliare.it/annunci/127303527/,
127570258,"Stanza in affitto in appartamento via Panfilo Castaldi, Milano",970,€ 970/mese,5,2,142 m²,3°,Autonomo,"fibra ottica, porta blindata, esposizione esterna, impianto tv centralizzato",Via Panfilo Castaldi,"Centrale, Repubblica",Repubblica,45.4778,9.20009,Spacest.com by Roomless,02 8974 1955,15,https://www.immobiliare.it/annunci/127570258/,
127541482,"Stanza in affitto in appartamento via Lentasio, Milano",905,€ 905/mese,5+,3,184 m²,1°,Autonomo,"fibra ottica, porta blindata, esposizione esterna, impianto tv centralizzato",Via Lentasio,Centro,Missori,45.4577,9.19115,Spacest.com by Roomless,02 8974 1955,16,https://www.immobiliare.it/annunci/127541482/,
127415039,"Stanza in affitto in appartamento viale Sondrio, Milano",845,€ 845/mese,5+,2,173 m²,"5°, con ascensore",Autonomo,"fibra ottica, porta blindata, esposizione esterna, impianto tv centralizzato",Viale Sondrio,"Cenisio, Sarpi, Isola",Isola,45.4904,9.19938,Spacest.com by Roomless,02 8974 1955,21,https://www.immobiliare.it/annunci/127415039/,
127414681,"Stanza in affitto in appartamento via Gardone, Milano",850,€ 850/mese,2,1,15 m²,"1°, con ascensore",Autonomo,"fibra ottica, porta blindata, esposizione esterna, impianto tv centralizzato",Via Gardone,"Corvetto, Rogoredo",Corvetto,45.4397,9.21399,Spacest.com by Roomless,02 8974 1955,35,https://www.immobiliare.it/annunci/127414681/,
127356343,"Stanza in affitto in appartamento via Lipari, Milano",865,€ 865/mese,5,2,126 m²,1°,Autonomo,"fibra ottica, porta blindata, esposizione esterna, impianto tv centralizzato",Via Lipari,"Solari, Washington",Dezza,45.461,9.16101,Spacest.com by Roomless,02 8974 1955,29,https://www.immobiliare.it/annunci/127356343/,
127317625,"Stanza in affitto in appartamento via Francesco Arese, Milano",900,€ 900/mese,5+,2,210 m²,"1°, con ascensore",Autonomo,"fibra ottica, porta blindata, esposizione esterna, impianto tv centralizzato",Via Francesco Arese,"Cenisio, Sarpi, Isola",Zara,45.4917,9.19063,Spacest.com by Roomless,02 8974 1955,33,https://www.immobiliare.it/annunci/127317625/,
127646760,"Stanza in affitto in appartamento viale Bligny, Milano",1245,€ 1.245/mese,5,3+,126 m²,"1°, con ascensore",Autonomo,"fibra ottica, porta blindata, esposizione esterna, impianto tv centralizzato",Viale Bligny,Navigli,Bocconi,45.4508,9.19124,Spacest.com by Roomless,02 8974 1955,15,https://www.immobiliare.it/annunci/127646760/,
127541448,"Stanza in affitto in appartamento piazza de Angeli Ernesto, Milano",1050,€ 1.050/mese,5,2,128 m²,4°,Autonomo,"fibra ottica, porta blindata, esposizione esterna, balcone, impianto tv centralizzato",Piazza de Angeli Ernesto,"Fiera, Sempione, City Life, Portello",De Angeli,45.4667,9.15052,Spacest.com by Roomless,02 8974 1955,30,https://www.immobiliare.it/annunci/127541448/,
127513908,"Stanza in affitto in appartamento via Bartolomeo Eustachi, Milano",865,€ 865/mese,5,2,100 m²,4°,Autonomo,"fibra ottica, porta blindata, esposizione esterna, impianto tv centralizzato",Via Bartolomeo Eustachi,"Centrale, Repubblica",Buenos Aires,45.4789,9.21472,Spacest.com by Roomless,02 8974 1955,22,https://www.immobiliare.it/annunci/127513908/,
127463066,"Stanza in affitto in appartamento via della Moscova, Milano",995,€ 995/mese,3,1,60 m²,3°,Autonomo,"fibra ottica, porta blindata, esposizione esterna, impianto tv centralizzato",Via della Moscova,"Garibaldi, Moscova, Porta Nuova",Turati,45.4767,9.18958,Spacest.com by Roomless,02 8974 1955,25,https://www.immobiliare.it/annunci/127463066/,
127602318,"Stanza in affitto in appartamento viale Bligny, Milano",1345,€ 1.345/mese,5,3+,126 m²,"2°, con ascensore",Autonomo,"fibra ottica, porta blindata, esposizione esterna, impianto tv centralizzato",Viale Bligny,Navigli,Bocconi,45.4508,9.19124,Spacest.com by Roomless,02 8974 1955,26,https://www.immobiliare.it/annunci/127602318/,
127513916,"Stanza in affitto in appartamento via Giuditta Sidoli, Milano",870,€ 870/mese,5,2,15 m²,"1°, con ascensore",Autonomo,"fibra ottica, porta blindata, esposizione esterna, impianto tv centralizzato",Via Giuditta Sidoli,"Città Studi, Susa",Plebisciti - Susa,45.4704,9.22012,Spacest.com by Roomless,02 8974 1955,24,https://www.immobiliare.it/annunci/127513916/,
127490466,"Stanza in affitto in appartamento viale Emilio Caldara, Milano",990,€ 990/mese,5+,2,167 m²,"5°, con ascensore",Autonomo,"fibra ottica, porta blindata, esposizione esterna, impianto tv centralizzato",Viale Emilio Caldara,"Quadronno, Palestro, Guastalla",Quadronno - Crocetta,45.4535,9.20199,Spacest.com by Roomless,02 8974 1955,32,https://www.immobiliare.it/annunci/127490466/,
127385155,"Stanza in affitto in appartamento via Nino Oxilia, Milano",845,€ 845/mese,5+,2,140 m²,3°,Autonomo,"fibra ottica, porta blindata, esposizione esterna, impianto tv centralizzato",Via Nino Oxilia,"Pasteur, Rovereto",Pasteur,45.4916,9.21173,Spacest.com by Roomless,02 8974 1955,35,https://www.immobiliare.it/annunci/127385155/,
127384711,"Stanza in affitto in appartamento via Guido Guarini Matteucci, Milano",850,€ 850/mese,5+,3,140 m²,1°,Autonomo,"fibra ottica, porta blindata, esposizione esterna, impianto tv centralizzato",Via Guido Guarini Matteucci,"Bicocca, Niguarda",Ca' Granda,45.5052,9.19938,Spacest.com by Roomless,02 8974 1955,21,https://www.immobiliare.it/annunci/127384711/,
127504538,"Stanza in affitto in appartamento via Melchiorre Gioia, Milano",945,€ 945/mese,4,1,120 m²,"3°, con ascensore",Autonomo,"fibra ottica, porta blindata, esposizione esterna, impianto tv centralizzato",Via Melchiorre Gioia,"Centrale, Repubblica",Melchiorre Gioia,45.4862,9.19755,Spacest.com by Roomless,02 8974 1955,39,https://www.immobiliare.it/annunci/127504538/,
127504436,"Stanza in affitto in appartamento via Privata Tobruk, Milano",1060,€ 1.060/mese,5+,3+,584 m²,1°,Autonomo,"fibra ottica, porta blindata, esposizione esterna, impianto tv centralizzato",Via Privata Tobruk,"Napoli, Soderini",Tripoli - Soderini,45.4559,9.15149,Spacest.com by Roomless,02 8974 1955,15,https://www.immobiliare.it/annunci/127504436/,
127414915,"Stanza in affitto in appartamento viale Coni Zugna, Milano",885,€ 885/mese,5+,2,200 m²,1°,Autonomo,"fibra ottica, porta blindata, esposizione esterna, impianto tv centralizzato",Viale Coni Zugna,"Solari, Washington",Solari,45.4573,9.16933,Spacest.com by Roomless,02 8974 1955,12,https://www.immobiliare.it/annunci/127414915/,
127355979,"Stanza in affitto in appartamento via Panfilo Castaldi, Milano",1060,€ 1.060/mese,5,2,142 m²,3°,Autonomo,"fibra ottica, porta blindata, esposizione esterna, impianto tv centralizzato",Via Panfilo Castaldi,"Centrale, Repubblica",Repubblica,45.4778,9.20009,Spacest.com by Roomless,02 8974 1955,14,https://www.immobiliare.it/annunci/127355979/,
127414677,"Stanza in affitto in appartamento corso Buenos Aires, Milano",945,€ 945/mese,5+,2,180 m²,"4°, con ascensore",Autonomo,"fibra ottica, porta blindata, esposizione esterna, impianto tv centralizzato",Corso Buenos Aires,"Centrale, Repubblica",Buenos Aires,45.481,9.21101,Spacest.com by Roomless,02 8974 1955,36,https://www.immobiliare.it/annunci/127414677/,
127646734,"Stanza in affitto in appartamento viale Emilio Caldara, Milano",1010,€ 1.010/mese,5+,2,167 m²,"5°, con ascensore",Autonomo,"fibra ottica, porta blindata, esposizione esterna, impianto tv centralizzato",Viale Emilio Caldara,"Quadronno, Palestro, Guastalla",Quadronno - Crocetta,45.4535,9.20199,Spacest.com by Roomless,02 8974 1955,33,https://www.immobiliare.it/annunci/127646734/,
127490544,"Stanza in affitto in appartamento via Paolo Bassi, Milano",850,€ 850/mese,3,1,52 m²,"4°, con ascensore",Autonomo,"fibra ottica, porta blindata, esposizione esterna, impianto tv centralizzato",Via Paolo Bassi,"Cenisio, Sarpi, Isola",Zara,45.4956,9.18968,Spacest.com by Roomless,02 8974 1955,21,https://www.immobiliare.it/annunci/127490544/,
127356323,"Stanza in affitto in appartamento via Paolo Bassi, Milano",850,€ 850/mese,3,1,52 m²,"4°, con ascensore",Autonomo,"fibra ottica, porta blindata, esposizione esterna, impianto tv centralizzato",Via Paolo Bassi,"Cenisio, Sarpi, Isola",Zara,45.4956,9.18968,Spacest.com by Roomless,02 8974 1955,21,https://www.immobiliare.it/annunci/127356323/,
127356257,"Stanza in affitto in appartamento piazza Sant'Agostino, Milano",875,€ 875/mese,5+,2,157 m²,"5°, con ascensore",Autonomo,"fibra ottica, porta blindata, esposizione esterna, impianto tv centralizzato",Piazza Sant'Agostino,"Genova, Ticinese",Corso Genova,45.4582,9.17012,Spacest.com by Roomless,02 8974 1955,25,https://www.immobiliare.it/annunci/127356257/,
127201237,"Stanza in affitto in appartamento viale Emilio Caldara, Milano",1035,€ 1.035/mese,5+,3,200 m²,"3°, con ascensore",Autonomo,"fibra ottica, porta blindata, esposizione esterna, impianto tv centralizzato",Viale Emilio Caldara,"Porta Romana, Cadore, Montenero",Montenero,45.4572,9.20484,Spacest.com by Roomless,02 8974 1955,25,https://www.immobiliare.it/annunci/127201237/,
127646898,"Stanza in affitto in appartamento via dei Fontanili, Milano",845,€ 845/mese,5+,3+,445 m²,1°,Autonomo,"fibra ottica, porta blindata, esposizione esterna, impianto tv centralizzato",Via dei Fontanili,"Ripamonti, Vigentino",Ripamonti - Fondazione Prada,45.4425,9.18863,Spacest.com by Roomless,02 8974 1955,48,https://www.immobiliare.it/annunci/127646898/,
127462548,"Stanza in affitto in appartamento via Privata Caltanissetta, Milano",1040,€ 1.040/mese,5+,3+,625 m²,1°,Autonomo,"fibra ottica, porta blindata, esposizione esterna, impianto tv centralizzato",Via Privata Caltanissetta,"Città Studi, Susa",Plebisciti - Susa,45.465,9.21896,Spacest.com by Roomless,02 8974 1955,27,https://www.immobiliare.it/annunci/127462548/,
127356463,"Stanza in affitto in appartamento via Giuseppe Regaldi, Milano",880,€ 880/mese,3,1,60 m²,"1°, con ascensore",Autonomo,"fibra ottica, porta blindata, esposizione esterna, impianto tv centralizzato",Via Giuseppe Regaldi,"Affori, Bovisa",Affori,45.5174,9.17132,Spacest.com by Roomless,02 8974 1955,32,https://www.immobiliare.it/annunci/127356463/,
127356351,"Stanza in affitto in appartamento via Giuseppe Frua, Milano",870,€ 870/mese,5+,3,148 m²,"2°, con ascensore",Autonomo,"fibra ottica, porta blindata, esposizione esterna, impianto tv centralizzato",Via Giuseppe Frua,"Solari, Washington",Frua,45.4651,9.14874,Spacest.com by Roomless,02 8974 1955,38,https://www.immobiliare.it/annunci/127356351/,
127355977,"Stanza in affitto in appartamento via Panfilo Castaldi, Milano",980,€ 980/mese,5,2,142 m²,3°,Autonomo,"fibra ottica, porta blindata, esposizione esterna, impianto tv centralizzato",Via Panfilo Castaldi,"Centrale, Repubblica",Repubblica,45.4778,9.20009,Spacest.com by Roomless,02 8974 1955,14,https://www.immobiliare.it/annunci/127355977/,
127303997,"Stanza in affitto in appartamento via Spalato, Milano",935,€ 935/mese,5,2,15 m²,"2°, con ascensore",Autonomo,"fibra ottica, porta blindata, esposizione esterna, impianto tv centralizzato",Via Spalato,"Cenisio, Sarpi, Isola",Isola,45.4885,9.19293,Spacest.com by Roomless,02 8974 1955,23,https://www.immobiliare.it/annunci/127303997/,
127570074,"Stanza in affitto in appartamento viale Monza, Milano",860,€ 860/mese,5+,3+,15 m²,2°,Autonomo,"fibra ottica, porta blindata, esposizione esterna, impianto tv centralizzato",Viale Monza,"Precotto, Turro",Gorla,45.5065,9.22306,Spacest.com by Roomless,02 8974 1955,18,https://www.immobiliare.it/annunci/127570074/,
127356435,"Stanza in affitto in appartamento via Panfilo Castaldi, Milano",1000,€ 1.000/mese,5,2,142 m²,3°,Autonomo,"fibra ottica, porta blindata, esposizione esterna, impianto tv centralizzato",Via Panfilo Castaldi,"Centrale, Repubblica",Repubblica,45.4778,9.20009,Spacest.com by Roomless,02 8974 1955,15,https://www.immobiliare.it/annunci/127356435/,
127326449,"Stanza in affitto in appartamento via Francesco Arese, Milano",865,€ 865/mese,5+,2,203 m²,"1°, con ascensore",Autonomo,"fibra ottica, porta blindata, esposizione esterna, impianto tv centralizzato",Via Francesco Arese,"Cenisio, Sarpi, Isola",Zara,45.4917,9.19063,Spacest.com by Roomless,02 8974 1955,23,https://www.immobiliare.it/annunci/127326449/,
127169293,"Stanza in affitto in appartamento via Paolo Bassi, Milano",1045,€ 1.045/mese,1,1,24 m²,"3°, con ascensore",Autonomo,"fibra ottica, porta blindata, esposizione esterna, impianto tv centralizzato",Via Paolo Bassi,"Cenisio, Sarpi, Isola",Zara,45.4956,9.18968,Spacest.com by Roomless,02 8974 1955,18,https://www.immobiliare.it/annunci/127169293/,
127384743,"Stanza in affitto in appartamento viale Brianza, Milano",875,€ 875/mese,5+,2,15 m²,4°,Autonomo,"fibra ottica, porta blindata, esposizione esterna, impianto tv centralizzato",Viale Brianza,"Pasteur, Rovereto",Pasteur,45.4874,9.21404,Spacest.com by Roomless,02 8974 1955,11,https://www.immobiliare.it/annunci/127384743/,
127326385,"Stanza in affitto in appartamento via Amatore Sciesa, Milano",1045,€ 1.045/mese,5,1,80 m²,4°,Autonomo,"fibra ottica, porta blindata, esposizione esterna, impianto tv centralizzato",Via Amatore Sciesa,"Porta Romana, Cadore, Montenero",Montenero,45.4613,9.20744,Spacest.com by Roomless,02 8974 1955,17,https://www.immobiliare.it/annunci/127326385/,
127169361,"Stanza in affitto in appartamento via Bartolomeo Eustachi, Milano",865,€ 865/mese,5,2,100 m²,4°,Autonomo,"fibra ottica, porta blindata, esposizione esterna, impianto tv centralizzato",Via Bartolomeo Eustachi,"Centrale, Repubblica",Buenos Aires,45.4789,9.21472,Spacest.com by Roomless,02 8974 1955,22,https://www.immobiliare.it/annunci/127169361/,
127326609,"Stanza in affitto in appartamento via Amatore Sciesa, Milano",1045,€ 1.045/mese,5,1,80 m²,4°,Autonomo,"fibra ottica, porta blindata, esposizione esterna, impianto tv centralizzato",Via Amatore Sciesa,"Porta Romana, Cadore, Montenero",Montenero,45.4613,9.20744,Spacest.com by Roomless,02 8974 1955,17,https://www.immobiliare.it/annunci/127326609/,
127356369,"Stanza in affitto in appartamento via Intra, Milano",840,€ 840/mese,5+,2,140 m²,1°,Autonomo,"fibra ottica, porta blindata, esposizione esterna, impianto tv centralizzato",Via Intra,"Maggiolina, Istria",Maggiolina,45.5017,9.19935,Spacest.com by Roomless,02 8974 1955,16,https://www.immobiliare.it/annunci/127356369/,
127303739,"Stanza in affitto in appartamento via Spalato, Milano",935,€ 935/mese,5,2,15 m²,"2°, con ascensore",Autonomo,"fibra ottica, porta blindata, esposizione esterna, impianto tv centralizzato",Via Spalato,"Cenisio, Sarpi, Isola",Isola,45.4885,9.19293,Spacest.com by Roomless,02 8974 1955,26,https://www.immobiliare.it/annunci/127303739/,
127108143,"Stanza in affitto in appartamento via Curtatone, Milano",860,€ 860/mese,5+,3,176 m²,2°,Autonomo,"fibra ottica, porta blindata, esposizione esterna, balcone, impianto tv centralizzato",Via Curtatone,"Quadronno, Palestro, Guastalla",Quadronno - Crocetta,45.4558,9.2023,Spacest.com by Roomless,02 8974 1955,19,https://www.immobiliare.it/annunci/127108143/,
127384651,"Stanza in affitto in appartamento via Paolo Bassi, Milano",900,€ 900/mese,5,2,94 m²,"1°, con ascensore",Autonomo,"fibra ottica, porta blindata, esposizione esterna, impianto tv centralizzato",Via Paolo Bassi,"Cenisio, Sarpi, Isola",Zara,45.4956,9.18968,Spacest.com by Roomless,02 8974 1955,27,https://www.immobiliare.it/annunci/127384651/,
127384331,"Stanza in affitto in appartamento via Privata Tobruk, Milano",910,€ 910/mese,5+,3+,584 m²,1°,Autonomo,"fibra ottica, porta blindata, esposizione esterna, impianto tv centralizzato",Via Privata Tobruk,"Napoli, Soderini",Tripoli - Soderini,45.4559,9.15149,Spacest.com by Roomless,02 8974 1955,16,https://www.immobiliare.it/annunci/127384331/,
127355355,"Stanza in affitto in appartamento via Privata Caltanissetta, Milano",1070,€ 1.070/mese,5+,3+,625 m²,1°,Autonomo,"fibra ottica, porta blindata, esposizione esterna, impianto tv centralizzato",Via Privata Caltanissetta,"Città Studi, Susa",Plebisciti - Susa,45.465,9.21896,Spacest.com by Roomless,02 8974 1955,25,https://www.immobiliare.it/annunci/127355355/,
127275127,"Stanza in affitto in appartamento via Cosimo Del Fante, Milano",850,€ 850/mese,5+,2,143 m²,"2°, con ascensore",Autonomo,"fibra ottica, porta blindata, esposizione esterna, impianto tv centralizzato",Via Cosimo Del Fante,"Genova, Ticinese",Ticinese,45.4555,9.18524,Spacest.com by Roomless,02 8974 1955,12,https://www.immobiliare.it/annunci/127275127/,
127602600,"Stanza in affitto in appartamento via Amatore Sciesa, Milano",1075,€ 1.075/mese,4,1,75 m²,1°,Autonomo,"fibra ottica, porta blindata, esposizione esterna, impianto tv centralizzato",Via Amatore Sciesa,"Porta Romana, Cadore, Montenero",Montenero,45.4613,9.20963,Spacest.com by Roomless,02 8974 1955,12,https://www.immobiliare.it/annunci/127602600/,
127646746,"Stanza in affitto in appartamento viale Emilio Caldara, Milano",1035,€ 1.035/mese,5+,3,200 m²,"3°, con ascensore",Autonomo,"fibra ottica, porta blindata, esposizione esterna, impianto tv centralizzato",Viale Emilio Caldara,"Porta Romana, Cadore, Montenero",Montenero,45.4572,9.20484,Spacest.com by Roomless,02 8974 1955,27,https://www.immobiliare.it/annunci/127646746/,
127463036,"Stanza in affitto in appartamento viale Bligny, Milano",1345,€ 1.345/mese,5+,3+,205 m²,"4°, con ascensore",Autonomo,"fibra ottica, porta blindata, esposizione esterna, impianto tv centralizzato",Viale Bligny,Navigli,Bocconi,45.4508,9.19124,Spacest.com by Roomless,02 8974 1955,24,https://www.immobiliare.it/annunci/127463036/,
127414881,"Stanza in affitto in appartamento via Andrea Solari, Milano",880,€ 880/mese,5+,2,138 m²,"1°, con ascensore",Autonomo,"fibra ottica, porta blindata, esposizione esterna, impianto tv centralizzato",Via Andrea Solari,"Solari, Washington",Solari,45.4529,9.15615,Spacest.com by Roomless,02 8974 1955,21,https://www.immobiliare.it/annunci/127414881/,
127356325,"Stanza in affitto in appartamento via Giuditta Sidoli, Milano",870,€ 870/mese,5,2,15 m²,"1°, con ascensore",Autonomo,"fibra ottica, porta blindata, esposizione esterna, impianto tv centralizzato",Via Giuditta Sidoli,"Città Studi, Susa",Plebisciti - Susa,45.4704,9.22012,Spacest.com by Roomless,02 8974 1955,24,https://www.immobiliare.it/annunci/127356325/,
127303989,"Stanza in affitto in appartamento viale Tibaldi, Milano",975,€ 975/mese,5+,3,180 m²,2°,Autonomo,"fibra ottica, porta blindata, esposizione esterna, impianto tv centralizzato",Viale Tibaldi,"Abbiategrasso, Chiesa Rossa",Pezzotti - Meda,45.4441,9.1836,Spacest.com by Roomless,02 8974 1955,11,https://www.immobiliare.it/annunci/127303989/,
127646704,"Stanza in affitto in appartamento via Valenza, Milano",840,€ 840/mese,5,2,15 m²,"1°, con ascensore",Autonomo,"fibra ottica, porta blindata, esposizione esterna, impianto tv centralizzato",Via Valenza,Navigli,Navigli - Darsena,45.4509,9.16878,Spacest.com by Roomless,02 8974 1955,24,https://www.immobiliare.it/annunci/127646704/,
127541526,"Stanza in affitto in appartamento viale Abruzzi, Milano",845,€ 845/mese,5+,2,138 m²,"3°, con ascensore",Autonomo,"fibra ottica, porta blindata, esposizione esterna, impianto tv centralizzato",Viale Abruzzi,"Centrale, Repubblica",Morgagni,45.4753,9.21682,Spacest.com by Roomless,02 8974 1955,26,https://www.immobiliare.it/annunci/127541526/,
127490276,"Stanza in affitto in appartamento via Giuseppe Bruschetti, Milano",870,€ 870/mese,5+,3,127 m²,"5°, con ascensore",Autonomo,"fibra ottica, porta blindata, esposizione esterna, impianto tv centralizzato",Via Giuseppe Bruschetti,"Maggiolina, Istria",Cascina dei Pomi,45.4926,9.20803,Spacest.com by Roomless,02 8974 1955,31,https://www.immobiliare.it/annunci/127490276/,
127384521,"Stanza in affitto in appartamento viale Bligny, Milano",1245,€ 1.245/mese,4,2,90 m²,"3°, con ascensore",Autonomo,"fibra ottica, porta blindata, esposizione esterna, impianto tv centralizzato",Viale Bligny,Navigli,Bocconi,45.4509,9.19128,Spacest.com by Roomless,02 8974 1955,10,https://www.immobiliare.it/annunci/127384521/,
127356335,"Stanza in affitto in appartamento via Tristano Calco, Milano",990,€ 990/mese,5+,3,250 m²,1°,Autonomo,"fibra ottica, porta blindata, esposizione esterna, balcone, terrazzo, impianto tv centralizzato",Via Tristano Calco,"Genova, Ticinese",San Vittore,45.4599,9.16766,Spacest.com by Roomless,02 8974 1955,10,https://www.immobiliare.it/annunci/127356335/,
127326281,"Stanza in affitto in appartamento via Spalato, Milano",895,€ 895/mese,5,2,15 m²,"2°, con ascensore",Autonomo,"fibra ottica, porta blindata, esposizione esterna, impianto tv centralizzato",Via Spalato,"Cenisio, Sarpi, Isola",Isola,45.4885,9.19293,Spacest.com by Roomless,02 8974 1955,23,https://www.immobiliare.it/annunci/127326281/,
127570186,"Stanza in affitto in appartamento via Curtatone, Milano",860,€ 860/mese,5+,3,176 m²,2°,Autonomo,"fibra ottica, porta blindata, esposizione esterna, balcone, impianto tv centralizzato",Via Curtatone,"Quadronno, Palestro, Guastalla",Quadronno - Crocetta,45.4558,9.2023,Spacest.com by Roomless,02 8974 1955,19,https://www.immobiliare.it/annunci/127570186/,
127541714,"Stanza in affitto in appartamento via Pontaccio, Milano",945,€ 945/mese,5+,2,138 m²,"1°, con ascensore",Autonomo,"fibra ottica, porta blindata, esposizione esterna, impianto tv centralizzato",Via Pontaccio,Centro,Brera,45.472,9.18437,Spacest.com by Roomless,02 8974 1955,13,https://www.immobiliare.it/annunci/127541714/,
127356311,"Stanza in affitto in appartamento via Michelangelo Buonarroti, Milano",890,€ 890/mese,5+,3,200 m²,6°,Autonomo,"fibra ottica, porta blindata, esposizione esterna, balcone, terrazzo, impianto tv centralizzato",Via Michelangelo Buonarroti,"Solari, Washington",Vercelli - Wagner,45.4689,9.15569,Spacest.com by Roomless,02 8974 1955,10,https://www.immobiliare.it/annunci/127356311/,
127132825,"Stanza in affitto in appartamento via Andrea Costa, Milano",840,€ 840/mese,5,1,15 m²,1°,Autonomo,"fibra ottica, porta blindata, esposizione esterna, balcone, impianto tv centralizzato",Via Andrea Costa,"Pasteur, Rovereto",Pasteur,45.4867,9.21822,Spacest.com by Roomless,02 8974 1955,13,https://www.immobiliare.it/annunci/127132825/,
127602456,"Stanza in affitto in appartamento via Larga, Milano",1035,€ 1.035/mese,5+,3+,334 m²,"1°, con ascensore",Autonomo,"fibra ottica, porta blindata, esposizione esterna, impianto tv centralizzato",Via Larga,Centro,Duomo,45.4609,9.19095,Spacest.com by Roomless,02 8974 1955,40,https://www.immobiliare.it/annunci/127602456/,
127541876,"Stanza in affitto in appartamento viale Bligny, Milano",1245,€ 1.245/mese,5,3+,126 m²,"1°, con ascensore",Autonomo,"fibra ottica, porta blindata, esposizione esterna, impianto tv centralizzato",Viale Bligny,Navigli,Bocconi,45.4508,9.19124,Spacest.com by Roomless,02 8974 1955,15,https://www.immobiliare.it/annunci/127541876/,
127462752,"Stanza in affitto in appartamento viale Coni Zugna, Milano",995,€ 995/mese,5+,2,136 m²,"1°, con ascensore",Autonomo,"fibra ottica, porta blindata, esposizione esterna, impianto tv centralizzato",Viale Coni Zugna,"Solari, Washington",Solari,45.459,9.1671,Spacest.com by Roomless,02 8974 1955,29,https://www.immobiliare.it/annunci/127462752/,
127356423,"Stanza in affitto in appartamento via Cesare Battisti, Milano",975,€ 975/mese,5+,2,160 m²,3°,Autonomo,"fibra ottica, porta blindata, esposizione esterna, impianto tv centralizzato",Via Cesare Battisti,"Quadronno, Palestro, Guastalla",Guastalla,45.463,9.20011,Spacest.com by Roomless,02 8974 1955,19,https://www.immobiliare.it/annunci/127356423/,
127326447,"Stanza in affitto in appartamento corso Lodi, Milano",905,€ 905/mese,3,1,69 m²,"1°, con ascensore",Autonomo,"fibra ottica, porta blindata, esposizione esterna, terrazzo, impianto tv centralizzato",Corso Lodi,"Porta Vittoria, Lodi",Lodi - Brenta,45.4444,9.21598,Spacest.com by Roomless,02 8974 1955,25,https://www.immobiliare.it/annunci/127326447/,
127570514,"Stanza in affitto in appartamento via Carlo Pisacane, Milano",885,€ 885/mese,5+,2,123 m²,"2°, con ascensore",Autonomo,"fibra ottica, porta blindata, esposizione esterna, impianto tv centralizzato",Via Carlo Pisacane,"Porta Venezia, Indipendenza",Indipendenza,45.4719,9.2113,Spacest.com by Roomless,02 8974 1955,21,https://www.immobiliare.it/annunci/127570514/,
127384669,"Stanza in affitto in appartamento via Amatore Sciesa, Milano",1035,€ 1.035/mese,5,1,80 m²,2°,Autonomo,"fibra ottica, porta blindata, esposizione esterna, impianto tv centralizzato",Via Amatore Sciesa,"Porta Romana, Cadore, Montenero",Montenero,45.4613,9.20744,Spacest.com by Roomless,02 8974 1955,12,https://www.immobiliare.it/annunci/127384669/,
127317455,"Stanza in affitto in appartamento corso di Porta Romana, Milano",1045,€ 1.045/mese,5+,2,134 m²,"2°, con ascensore",Autonomo,"fibra ottica, porta blindata, esposizione esterna, impianto tv centralizzato",Corso di Porta Romana,"Quadronno, Palestro, Guastalla",Quadronno - Crocetta,45.4542,9.1986,Spacest.com by Roomless,02 8974 1955,45,https://www.immobiliare.it/annunci/127317455/,
127303751,"Stanza in affitto in appartamento via Antonio Bazzini, Milano",920,€ 920/mese,4,1,82 m²,2°,Autonomo,"fibra ottica, porta blindata, esposizione esterna, impianto tv centralizzato",Via Antonio Bazzini,"Città Studi, Susa",Città Studi,45.4831,9.22494,Spacest.com by Roomless,02 8974 1955,20,https://www.immobiliare.it/annunci/127303751/,
127275165,"Stanza in affitto in appartamento via Carmagnola, Milano",925,€ 925/mese,5,2,101 m²,4°,Autonomo,"fibra ottica, porta blindata, esposizione esterna, impianto tv centralizzato",Via Carmagnola,"Cenisio, Sarpi, Isola",Isola,45.4872,9.18681,Spacest.com by Roomless,02 8974 1955,15,https://www.immobiliare.it/annunci/127275165/,
127169351,"Stanza in affitto in appartamento viale Brianza, Milano",875,€ 875/mese,5+,2,15 m²,4°,Autonomo,"fibra ottica, porta blindata, esposizione esterna, impianto tv centralizzato",Viale Brianza,"Pasteur, Rovereto",Pasteur,45.4874,9.21404,Spacest.com by Roomless,02 8974 1955,11,https://www.immobiliare.it/annunci/127169351/,
127602304,"Stanza in affitto in appartamento via Conca del Naviglio, Milano",1035,€ 1.035/mese,5+,3,138 m²,"1°, con ascensore",Autonomo,"fibra ottica, porta blindata, esposizione esterna, impianto tv centralizzato",Via Conca del Naviglio,"Genova, Ticinese",Ticinese,45.4555,9.17809,Spacest.com by Roomless,02 8974 1955,29,https://www.immobiliare.it/annunci/127602304/,
127384551,"Stanza in affitto in appartamento via Conca del Naviglio, Milano",945,€ 945/mese,5+,3,138 m²,"1°, con ascensore",Autonomo,"fibra ottica, porta blindata, esposizione esterna, impianto tv centralizzato",Via Conca del Naviglio,"Genova, Ticinese",Ticinese,45.4555,9.17809,Spacest.com by Roomless,02 8974 1955,27,https://www.immobiliare.it/annunci/127384551/,
127317449,"Stanza in affitto in appartamento via Lattanzio, Milano",960,€ 960/mese,5,2,90 m²,5°,Autonomo,"fibra ottica, porta blindata, esposizione esterna, impianto tv centralizzato",Via Lattanzio,"Porta Vittoria, Lodi",Lodi - Brenta,45.4485,9.21396,Spacest.com by Roomless,02 8974 1955,21,https://www.immobiliare.it/annunci/127317449/,
127513598,"Stanza in affitto in appartamento via San Senatore, Milano",900,€ 900/mese,4,1,15 m²,3°,Autonomo,"fibra ottica, porta blindata, esposizione esterna, impianto tv centralizzato",Via San Senatore,Centro,Missori,45.4584,9.18969,Spacest.com by Roomless,02 8974 1955,11,https://www.immobiliare.it/annunci/127513598/,
127646764,"Stanza in affitto in appartamento piazza Maria Adelaide di Savoia, Milano",930,€ 930/mese,5+,2,141 m²,"1°, con ascensore",Autonomo,"fibra ottica, porta blindata, esposizione esterna, impianto tv centralizzato",Piazza Maria Adelaide di Savoia,"Centrale, Repubblica",Morgagni,45.4734,9.21442,Spacest.com by Roomless,02 8974 1955,33,https://www.immobiliare.it/annunci/127646764/,
127570236,"Stanza in affitto in appartamento via Michelangelo Buonarroti, Milano",890,€ 890/mese,5+,3,200 m²,6°,Autonomo,"fibra ottica, porta blindata, esposizione esterna, impianto tv centralizzato",Via Michelangelo Buonarroti,"Solari, Washington",Vercelli - Wagner,45.4689,9.15569,Spacest.com by Roomless,02 8974 1955,10,https://www.immobiliare.it/annunci/127570236/,
127414873,"Stanza in affitto in appartamento corso Magenta, Milano",990,€ 990/mese,4,1,15 m²,"2°, con ascensore",Autonomo,"fibra ottica, porta blindata, esposizione esterna, impianto tv centralizzato",Corso Magenta,"Arco della Pace, Arena, Pagano",Vincenzo Monti,45.4658,9.17372,Spacest.com by Roomless,02 8974 1955,31,https://www.immobiliare.it/annunci/127414873/,
127356455,"Stanza in affitto in appartamento via Panfilo Castaldi, Milano",980,€ 980/mese,5,2,142 m²,3°,Autonomo,"fibra ottica, porta blindata, esposizione esterna, impianto tv centralizzato",Via Panfilo Castaldi,"Centrale, Repubblica",Repubblica,45.4778,9.20009,Spacest.com by Roomless,02 8974 1955,14,https://www.immobiliare.it/annunci/127356455/,
127274897,"Stanza in affitto in appartamento via Privata Tobruk, Milano",1065,€ 1.065/mese,5+,3+,584 m²,1°,Autonomo,"fibra ottica, porta blindata, esposizione esterna, impianto tv centralizzato",Via Privata Tobruk,"Napoli, Soderini",Tripoli - Soderini,45.4559,9.15149,Spacest.com by Roomless,02 8974 1955,17,https://www.immobiliare.it/annunci/127274897/,
127602298,"Stanza in affitto in appartamento viale Coni Zugna, Milano",995,€ 995/mese,5+,2,136 m²,"1°, con ascensore",Autonomo,"fibra ottica, porta blindata, esposizione esterna, impianto tv centralizzato",Viale Coni Zugna,"Solari, Washington",Solari,45.459,9.1671,Spacest.com by Roomless,02 8974 1955,30,https://www.immobiliare.it/annunci/127602298/,
127504604,"Stanza in affitto in appartamento viale Emilio Caldara, Milano",990,€ 990/mese,5+,2,167 m²,"5°, con ascensore",Autonomo,"fibra ottica, porta blindata, esposizione esterna, impianto tv centralizzato",Viale Emilio Caldara,"Quadronno, Palestro, Guastalla",Quadronno - Crocetta,45.4535,9.20199,Spacest.com by Roomless,02 8974 1955,32,https://www.immobiliare.it/annunci/127504604/,
127356417,"Stanza in affitto in appartamento via Michelangelo Buonarroti, Milano",890,€ 890/mese,5+,3,200 m²,6°,Autonomo,"fibra ottica, porta blindata, esposizione esterna, impianto tv centralizzato",Via Michelangelo Buonarroti,"Solari, Washington",Vercelli - Wagner,45.4689,9.15569,Spacest.com by Roomless,02 8974 1955,10,https://www.immobiliare.it/annunci/127356417/,
127355675,"Stanza in affitto in appartamento via Carlo Boncompagni, Milano",850,€ 850/mese,4,1,70 m²,1°,Autonomo,"fibra ottica, porta blindata, esposizione esterna, impianto tv centralizzato",Via Carlo Boncompagni,"Corvetto, Rogoredo",Corvetto,45.4413,9.21977,Spacest.com by Roomless,02 8974 1955,17,https://www.immobiliare.it/annunci/127355675/,
127232193,"Stanza in affitto in appartamento via Lattanzio, Milano",930,€ 930/mese,5,2,90 m²,5°,Autonomo,"fibra ottica, porta blindata, esposizione esterna, impianto tv centralizzato",Via Lattanzio,"Porta Vittoria, Lodi",Lodi - Brenta,45.4485,9.21396,Spacest.com by Roomless,02 8974 1955,24,https://www.immobiliare.it/annunci/127232193/,
127504722,"Stanza in affitto in appartamento via Friuli, Milano",1045,€ 1.045/mese,5,2,90 m²,1°,Autonomo,"fibra ottica, porta blindata, esposizione esterna, impianto tv centralizzato",Via Friuli,"Porta Romana, Cadore, Montenero",Porta Romana - Medaglie d'Oro,45.4491,9.20709,Spacest.com by Roomless,02 8974 1955,17,https://www.immobiliare.it/annunci/127504722/,
127463050,"Stanza in affitto in appartamento via Carlo Valvassori Peroni, Milano",890,€ 890/mese,5,1,110 m²,"2°, con ascensore",Autonomo,"fibra ottica, porta blindata, esposizione esterna, impianto tv centralizzato",Via Carlo Valvassori Peroni,"Città Studi, Susa",Città Studi,45.482,9.23671,Spacest.com by Roomless,02 8974 1955,24,https://www.immobiliare.it/annunci/127463050/,
127384667,"Stanza in affitto in appartamento via Giovanni Spadolini, Milano",885,€ 885/mese,4,2,87 m²,3°,Autonomo,"fibra ottica, porta blindata, esposizione esterna, impianto tv centralizzato",Via Giovanni Spadolini,"Ripamonti, Vigentino",Ripamonti - Fondazione Prada,45.4429,9.19239,Spacest.com by Roomless,02 8974 1955,35,https://www.immobiliare.it/annunci/127384667/,
127303639,"Stanza in affitto in appartamento via Spalato, Milano",935,€ 935/mese,5,2,15 m²,"2°, con ascensore",Autonomo,"fibra ottica, porta blindata, esposizione esterna, impianto tv centralizzato",Via Spalato,"Cenisio, Sarpi, Isola",Isola,45.4885,9.19293,Spacest.com by Roomless,02 8974 1955,23,https://www.immobiliare.it/annunci/127303639/,
127303621,"Stanza in affitto in appartamento viale Sabotino, Milano",995,€ 995/mese,5,2,110 m²,"3°, con ascensore",Autonomo,"fibra ottica, porta blindata, esposizione esterna, impianto tv centralizzato",Viale Sabotino,"Porta Romana, Cadore, Montenero",Porta Romana - Medaglie d'Oro,45.451,9.1979,Spacest.com by Roomless,02 8974 1955,20,https://www.immobiliare.it/annunci/127303621/,
127569790,"Stanza in affitto in appartamento via Privata Tobruk, Milano",1105,€ 1.105/mese,5+,3+,584 m²,1°,Autonomo,"fibra ottica, porta blindata, esposizione esterna, impianto tv centralizzato",Via Privata Tobruk,"Napoli, Soderini",Tripoli - Soderini,45.4559,9.15149,Spacest.com by Roomless,02 8974 1955,17,https://www.immobiliare.it/annunci/127569790/,
127541530,"Stanza in affitto in appartamento via San Marco, Milano",975,€ 975/mese,5,1,131 m²,2°,Autonomo,"fibra ottica, porta blindata, esposizione esterna, impianto tv centralizzato",Via San Marco,"Garibaldi, Moscova, Porta Nuova",Turati,45.4754,9.18877,Spacest.com by Roomless,02 8974 1955,28,https://www.immobiliare.it/annunci/127541530/,
127462892,"Stanza in affitto in appartamento via Pordenone, Milano",840,€ 840/mese,5,2,15 m²,"2°, con ascensore",Autonomo,"fibra ottica, porta blindata, esposizione esterna, impianto tv centralizzato",Via Pordenone,"Udine, Lambrate",Udine,45.4901,9.23447,Spacest.com by Roomless,02 8974 1955,21,https://www.immobiliare.it/annunci/127462892/,
127462882,"Stanza in affitto in appartamento via della Moscova, Milano",995,€ 995/mese,3,1,60 m²,3°,Autonomo,"fibra ottica, porta blindata, esposizione esterna, impianto tv centralizzato",Via della Moscova,"Garibaldi, Moscova, Porta Nuova",Turati,45.4767,9.18958,Spacest.com by Roomless,02 8974 1955,25,https://www.immobiliare.it/annunci/127462882/,
127355669,"Stanza in affitto in appartamento via Novegno, Milano",855,€ 855/mese,5,2,15 m²,1°,Autonomo,"fibra ottica, porta blindata, esposizione esterna, impianto tv centralizzato",Via Novegno,"Fiera, Sempione, City Life, Portello",Monte Rosa - Lotto,45.4766,9.15044,Spacest.com by Roomless,02 8974 1955,21,https://www.immobiliare.it/annunci/127355669/,
127274869,"Stanza in affitto in appartamento via Privata Ugo Tommei, Milano",900,€ 900/mese,1,1,15 m²,1°,Autonomo,"fibra ottica, porta blindata, esposizione esterna, impianto tv centralizzato",Via Privata Ugo Tommei,"Porta Vittoria, Lodi",Martini - Insubria,45.455,9.22187,Spacest.com by Roomless,02 8974 1955,22,https://www.immobiliare.it/annunci/127274869/,
127232215,"Stanza in affitto in appartamento via Carmagnola, Milano",925,€ 925/mese,5,2,101 m²,4°,Autonomo,"fibra ottica, porta blindata, esposizione esterna, impianto tv centralizzato",Via Carmagnola,"Cenisio, Sarpi, Isola",Isola,45.4872,9.18681,Spacest.com by Roomless,02 8974 1955,15,https://www.immobiliare.it/annunci/127232215/,
127463042,"Stanza in affitto in appartamento viale Coni Zugna, Milano",995,€ 995/mese,5+,2,136 m²,"1°, con ascensore",Autonomo,"fibra ottica, porta blindata, esposizione esterna, impianto tv centralizzato",Viale Coni Zugna,"Solari, Washington",Solari,45.459,9.1671,Spacest.com by Roomless,02 8974 1955,29,https://www.immobiliare.it/annunci/127463042/,
127414525,"Stanza in affitto in appartamento via Privata Tobruk, Milano",1105,€ 1.105/mese,5+,3+,584 m²,1°,Autonomo,"fibra ottica, porta blindata, esposizione esterna, impianto tv centralizzato",Via Privata Tobruk,"Napoli, Soderini",Tripoli - Soderini,45.4559,9.15149,Spacest.com by Roomless,02 8974 1955,17,https://www.immobiliare.it/annunci/127414525/,
127317627,"Stanza in affitto in appartamento viale Argonne, Milano",890,€ 890/mese,4,2,15 m²,"5°, con ascensore",Autonomo,"fibra ottica, porta blindata, esposizione esterna, impianto tv centralizzato",Viale Argonne,"Città Studi, Susa",Argonne - Corsica,45.4676,9.22762,Spacest.com by Roomless,02 8974 1955,38,https://www.immobiliare.it/annunci/127317627/,
127275107,"Stanza in affitto in appartamento viale Sabotino, Milano",1045,€ 1.045/mese,5,2,110 m²,"3°, con ascensore",Autonomo,"fibra ottica, porta blindata, esposizione esterna, impianto tv centralizzato",Viale Sabotino,"Porta Romana, Cadore, Montenero",Porta Romana - Medaglie d'Oro,45.451,9.1979,Spacest.com by Roomless,02 8974 1955,25,https://www.immobiliare.it/annunci/127275107/,
127646714,"Stanza in affitto in appartamento via Carlo Valvassori Peroni, Milano",870,€ 870/mese,5,1,110 m²,"2°, con ascensore",Autonomo,"fibra ottica, porta blindata, esposizione esterna, impianto tv centralizzato",Via Carlo Valvassori Peroni,"Città Studi, Susa",Città Studi,45.482,9.23671,Spacest.com by Roomless,02 8974 1955,25,https://www.immobiliare.it/annunci/127646714/,
127462646,"Stanza in affitto in appartamento viale Bligny, Milano",1345,€ 1.345/mese,5+,3+,205 m²,"4°, con ascensore",Autonomo,"fibra ottica, porta blindata, esposizione esterna, impianto tv centralizzato",Viale Bligny,Navigli,Bocconi,45.4508,9.19124,Spacest.com by Roomless,02 8974 1955,24,https://www.immobiliare.it/annunci/127462646/,
127414695,"Stanza in affitto in appartamento viale Beatrice D'Este, Milano",960,€ 960/mese,5+,3+,15 m²,4°,Autonomo,"fibra ottica, porta blindata, esposizione esterna, impianto tv centralizzato",Viale Beatrice D'Este,Navigli,Bocconi,45.452,9.18768,Spacest.com by Roomless,02 8974 1955,50,https://www.immobiliare.it/annunci/127414695/,
127414689,"Stanza in affitto in appartamento via Amatore Sciesa, Milano",1030,€ 1.030/mese,5,1,87 m²,2°,Autonomo,"fibra ottica, porta blindata, esposizione esterna, impianto tv centralizzato",VIA AMATORE SCIESA,"Porta Romana, Cadore, Montenero",Montenero,45.4613,9.20963,Spacest.com by Roomless,02 8974 1955,19,https://www.immobiliare.it/annunci/127414689/,
127356425,"Stanza in affitto in appartamento viale Coni Zugna, Milano",885,€ 885/mese,5+,2,200 m²,1°,Autonomo,"fibra ottica, porta blindata, esposizione esterna, impianto tv centralizzato",Viale Coni Zugna,"Solari, Washington",Solari,45.4573,9.16933,Spacest.com by Roomless,02 8974 1955,12,https://www.immobiliare.it/annunci/127356425/,
127356407,"Stanza in affitto in appartamento via Giuseppe Regaldi, Milano",890,€ 890/mese,3,1,60 m²,"1°, con ascensore",Autonomo,"fibra ottica, porta blindata, esposizione esterna, impianto tv centralizzato",Via Giuseppe Regaldi,"Affori, Bovisa",Affori,45.5174,9.17132,Spacest.com by Roomless,02 8974 1955,33,https://www.immobiliare.it/annunci/127356407/,
127303569,"Stanza in affitto in appartamento via Lentasio, Milano",935,€ 935/mese,5+,3,184 m²,1°,Autonomo,"fibra ottica, porta blindata, esposizione esterna, impianto tv centralizzato",Via Lentasio,Centro,Missori,45.4577,9.19115,Spacest.com by Roomless,02 8974 1955,15,https://www.immobiliare.it/annunci/127303569/,
127201245,"Stanza in affitto in appartamento viale Sabotino, Milano",995,€ 995/mese,5,2,110 m²,"3°, con ascensore",Autonomo,"fibra ottica, porta blindata, esposizione esterna, impianto tv centralizzato",Viale Sabotino,"Porta Romana, Cadore, Montenero",Porta Romana - Medaglie d'Oro,45.451,9.1979,Spacest.com by Roomless,02 8974 1955,20,https://www.immobiliare.it/annunci/127201245/,
127513678,"Stanza in affitto in appartamento viale Bligny, Milano",1245,€ 1.245/mese,4,2,90 m²,"3°, con ascensore",Autonomo,"fibra ottica, porta blindata, esposizione esterna, impianto tv centralizzato",Viale Bligny,Navigli,Bocconi,45.4509,9.19128,Spacest.com by Roomless,02 8974 1955,10,https://www.immobiliare.it/annunci/127513678/,
127462770,"Stanza in affitto in appartamento piazzetta Guastalla, Milano",970,€ 970/mese,5+,3,15 m²,2°,Autonomo,"fibra ottica, porta blindata, esposizione esterna, impianto tv centralizzato",Piazzetta Guastalla,"Quadronno, Palestro, Guastalla",Guastalla,45.4613,9.19848,Spacest.com by Roomless,02 8974 1955,30,https://www.immobiliare.it/annunci/127462770/,
127570170,"Stanza in affitto in appartamento via Carlo Pisacane, Milano",885,€ 885/mese,5+,2,123 m²,"2°, con ascensore",Autonomo,"fibra ottica, porta blindata, esposizione esterna, impianto tv centralizzato",Via Carlo Pisacane,"Porta Venezia, Indipendenza",Indipendenza,45.4719,9.2113,Spacest.com by Roomless,02 8974 1955,21,https://www.immobiliare.it/annunci/127570170/,
127490378,"Stanza in affitto in appartamento piazzetta Guastalla, Milano",950,€ 950/mese,5+,3,15 m²,2°,Autonomo,"fibra ottica, porta blindata, esposizione esterna, impianto tv centralizzato",Piazzetta Guastalla,"Quadronno, Palestro, Guastalla",Guastalla,45.4613,9.19848,Spacest.com by Roomless,02 8974 1955,27,https://www.immobiliare.it/annunci/127490378/,
127490078,"Stanza in affitto in appartamento via Privata Tobruk, Milano",1090,€ 1.090/mese,5+,3+,584 m²,1°,Autonomo,"fibra ottica, porta blindata, esposizione esterna, impianto tv centralizzato",Via Privata Tobruk,"Napoli, Soderini",Tripoli - Soderini,45.4559,9.15149,Spacest.com by Roomless,02 8974 1955,14,https://www.immobiliare.it/annunci/127490078/,
127132875,"Stanza in affitto in appartamento piazzetta Guastalla, Milano",970,€ 970/mese,5+,3,15 m²,2°,Autonomo,"fibra ottica, porta blindata, esposizione esterna, impianto tv centralizzato",Piazzetta Guastalla,"Quadronno, Palestro, Guastalla",Guastalla,45.4613,9.19848,Spacest.com by Roomless,02 8974 1955,30,https://www.immobiliare.it/annunci/127132875/,
127541864,"Stanza in affitto in appartamento viale Abruzzi, Milano",845,€ 845/mese,5+,2,138 m²,"3°, con ascensore",Autonomo,"fibra ottica, porta blindata, esposizione esterna, impianto tv centralizzato",Viale Abruzzi,"Centrale, Repubblica",Morgagni,45.4753,9.21682,Spacest.com by Roomless,02 8974 1955,26,https://www.immobiliare.it/annunci/127541864/,
127384629,"Stanza in affitto in appartamento viale Sabotino, Milano",1055,€ 1.055/mese,5,2,138 m²,"4°, con ascensore",Autonomo,"fibra ottica, porta blindata, esposizione esterna, impianto tv centralizzato",Viale Sabotino,"Porta Romana, Cadore, Montenero",Porta Romana - Medaglie d'Oro,45.4512,9.19951,Spacest.com by Roomless,02 8974 1955,27,https://www.immobiliare.it/annunci/127384629/,
127317601,"Stanza in affitto in appartamento via Gustavo Modena, Milano",920,€ 920/mese,5+,2,132 m²,2°,Autonomo,"fibra ottica, porta blindata, esposizione esterna, impianto tv centralizzato",Via Gustavo Modena,"Porta Venezia, Indipendenza",Indipendenza,45.4706,9.21677,Spacest.com by Roomless,02 8974 1955,22,https://www.immobiliare.it/annunci/127317601/,
127275157,"Stanza in affitto in appartamento via San Martino, Milano",1080,€ 1.080/mese,5+,2,140 m²,6°,Autonomo,"fibra ottica, porta blindata, esposizione esterna, impianto tv centralizzato",Via San Martino,"Genova, Ticinese",Ticinese,45.4533,9.17971,Spacest.com by Roomless,02 8974 1955,15,https://www.immobiliare.it/annunci/127275157/,
127647042,"Stanza in affitto in appartamento via dei Fontanili, Milano",845,€ 845/mese,5+,3+,445 m²,1°,Autonomo,"fibra ottica, porta blindata, esposizione esterna, impianto tv centralizzato",Via dei Fontanili,"Ripamonti, Vigentino",Ripamonti - Fondazione Prada,45.4425,9.18863,Spacest.com by Roomless,02 8974 1955,48,https://www.immobiliare.it/annunci/127647042/,
127602404,"Stanza in affitto in appartamento viale Tibaldi, Milano",875,€ 875/mese,5,1,90 m²,"2°, con ascensore",Autonomo,"fibra ottica, porta blindata, esposizione esterna, impianto tv centralizzato",Viale Tibaldi,"Abbiategrasso, Chiesa Rossa",Pezzotti - Meda,45.4433,9.17651,Spacest.com by Roomless,02 8974 1955,13,https://www.immobiliare.it/annunci/127602404/,
127504676,"Stanza in affitto in appartamento via Lentasio, Milano",935,€ 935/mese,5+,3,184 m²,1°,Autonomo,"fibra ottica, porta blindata, esposizione esterna, impianto tv centralizzato",Via Lentasio,Centro,Missori,45.4577,9.19115,Spacest.com by Roomless,02 8974 1955,15,https://www.immobiliare.it/annunci/127504676/,
127384771,"Stanza in affitto in appartamento via Tristano Calco, Milano",990,€ 990/mese,5+,3,250 m²,1°,Autonomo,"fibra ottica, porta blindata, esposizione esterna, balcone, terrazzo, impianto tv centralizzato",Via Tristano Calco,"Genova, Ticinese",San Vittore,45.4599,9.16766,Spacest.com by Roomless,02 8974 1955,10,https://www.immobiliare.it/annunci/127384771/,
127326357,"Stanza in affitto in appartamento via Verona, Milano",1065,€ 1.065/mese,3,1,65 m²,1°,Autonomo,"fibra ottica, porta blindata, esposizione esterna, impianto tv centralizzato",Via Verona,"Porta Romana, Cadore, Montenero",Porta Romana - Medaglie d'Oro,45.4498,9.20338,Spacest.com by Roomless,02 8974 1955,16,https://www.immobiliare.it/annunci/127326357/,
127317711,"Stanza in affitto in appartamento viale Lazio, Milano",1100,€ 1.100/mese,5,2,120 m²,4°,Autonomo,"fibra ottica, porta blindata, esposizione esterna, impianto tv centralizzato",Viale Lazio,"Porta Romana, Cadore, Montenero",Montenero,45.4567,9.20531,Spacest.com by Roomless,02 8974 1955,11,https://www.immobiliare.it/annunci/127317711/,
127275207,"Stanza in affitto in appartamento via Alzaia Naviglio Pavese, Milano",880,€ 880/mese,4,2,92 m²,"1°, con ascensore",Autonomo,"fibra ottica, porta blindata, esposizione esterna, impianto tv centralizzato",Via Alzaia Naviglio Pavese,Navigli,Navigli - Darsena,45.4468,9.17664,Spacest.com by Roomless,02 8974 1955,15,https://www.immobiliare.it/annunci/127275207/,
127355553,"Stanza in affitto in appartamento piazzetta Guastalla, Milano",950,€ 950/mese,5+,3,15 m²,2°,Autonomo,"fibra ottica, porta blindata, esposizione esterna, impianto tv centralizzato",Piazzetta Guastalla,"Quadronno, Palestro, Guastalla",Guastalla,45.4613,9.19848,Spacest.com by Roomless,02 8974 1955,28,https://www.immobiliare.it/annunci/127355553/,
127326443,"Stanza in affitto in appartamento via Melchiorre Gioia, Milano",875,€ 875/mese,4,1,95 m²,"7°, con ascensore",Autonomo,"fibra ottica, porta blindata, esposizione esterna, impianto tv centralizzato",Via Melchiorre Gioia,"Cenisio, Sarpi, Isola",Isola,45.4895,9.20056,Spacest.com by Roomless,02 8974 1955,24,https://www.immobiliare.it/annunci/127326443/,
127303617,"Stanza in affitto in appartamento viale Emilio Caldara, Milano",1035,€ 1.035/mese,5+,3,200 m²,"3°, con ascensore",Autonomo,"fibra ottica, porta blindata, esposizione esterna, impianto tv centralizzato",Viale Emilio Caldara,"Porta Romana, Cadore, Montenero",Montenero,45.4572,9.20484,Spacest.com by Roomless,02 8974 1955,25,https://www.immobiliare.it/annunci/127303617/,
127414707,"Stanza in affitto in appartamento viale Col di Lana, Milano",990,€ 990/mese,5+,3,230 m²,"1°, con ascensore",Autonomo,"fibra ottica, porta blindata, esposizione esterna, impianto tv centralizzato",Viale Col di Lana,Navigli,Corso San Gottardo,45.4521,9.18266,Spacest.com by Roomless,02 8974 1955,42,https://www.immobiliare.it/annunci/127414707/,
127303623,"Stanza in affitto in appartamento viale Tibaldi, Milano",975,€ 975/mese,5+,3,180 m²,2°,Autonomo,"fibra ottica, porta blindata, esposizione esterna, impianto tv centralizzato",Viale Tibaldi,"Abbiategrasso, Chiesa Rossa",Pezzotti - Meda,45.4441,9.1836,Spacest.com by Roomless,02 8974 1955,11,https://www.immobiliare.it/annunci/127303623/,
127646874,"Stanza in affitto in appartamento via Carlo Imbonati, Milano",945,€ 945/mese,5,3+,15 m²,1°,Autonomo,"fibra ottica, porta blindata, esposizione esterna, impianto tv centralizzato",Via Carlo Imbonati,"Affori, Bovisa",Dergano,45.5012,9.1821,Spacest.com by Roomless,02 8974 1955,21,https://www.immobiliare.it/annunci/127646874/,
127462880,"Stanza in affitto in appartamento corso San Gottardo, Milano",955,€ 955/mese,4,2,115 m²,1°,Autonomo,"fibra ottica, porta blindata, esposizione esterna, impianto tv centralizzato",Corso San Gottardo,Navigli,Ascanio Sforza,45.4482,9.17953,Spacest.com by Roomless,02 8974 1955,39,https://www.immobiliare.it/annunci/127462880/,
127541550,"Stanza in affitto in appartamento via Savona, Milano",1020,€ 1.020/mese,4,2,80 m²,"2°, con ascensore",Autonomo,"fibra ottica, porta blindata, esposizione esterna, impianto tv centralizzato",Via Savona,"Famagosta, Barona",Giambellino,45.4488,9.15228,Spacest.com by Roomless,02 8974 1955,13,https://www.immobiliare.it/annunci/127541550/,
127490546,"Stanza in affitto in appartamento via Michelangelo Buonarroti, Milano",890,€ 890/mese,5+,3,200 m²,6°,Autonomo,"fibra ottica, porta blindata, esposizione esterna, balcone, terrazzo, impianto tv centralizzato",Via Michelangelo Buonarroti,"Solari, Washington",Vercelli - Wagner,45.4689,9.15569,Spacest.com by Roomless,02 8974 1955,10,https://www.immobiliare.it/annunci/127490546/,
127303495,"Stanza in affitto in appartamento via Comelico, Milano",860,€ 860/mese,5+,3+,414 m²,1°,Autonomo,"fibra ottica, porta blindata, esposizione esterna, impianto tv centralizzato",Via Comelico,"Porta Romana, Cadore, Montenero",Cadore,45.4553,9.21171,Spacest.com by Roomless,02 8974 1955,66,https://www.immobiliare.it/annunci/127303495/,
127275213,"Stanza in affitto in appartamento piazza Maria Adelaide di Savoia, Milano",950,€ 950/mese,5+,2,141 m²,"1°, con ascensore",Autonomo,"fibra ottica, porta blindata, esposizione esterna, impianto tv centralizzato",Piazza Maria Adelaide di Savoia,"Centrale, Repubblica",Morgagni,45.4734,9.21442,Spacest.com by Roomless,02 8974 1955,37,https://www.immobiliare.it/annunci/127275213/,
127232201,"Stanza in affitto in appartamento via Verona, Milano",1065,€ 1.065/mese,3,1,65 m²,1°,Autonomo,"fibra ottica, porta blindata, esposizione esterna, impianto tv centralizzato",Via Verona,"Porta Romana, Cadore, Montenero",Porta Romana - Medaglie d'Oro,45.4498,9.20338,Spacest.com by Roomless,02 8974 1955,16,https://www.immobiliare.it/annunci/127232201/,
127570056,"Stanza in affitto in appartamento viale Beatrice D'Este, Milano",945,€ 945/mese,5+,3+,15 m²,4°,Autonomo,"fibra ottica, porta blindata, esposizione esterna, impianto tv centralizzato",Viale Beatrice D'Este,Navigli,Bocconi,45.452,9.18768,Spacest.com by Roomless,02 8974 1955,52,https://www.immobiliare.it/annunci/127570056/,
127274895,"Stanza in affitto in appartamento via Privata Caltanissetta, Milano",1255,€ 1.255/mese,5+,3+,625 m²,1°,Autonomo,"fibra ottica, porta blindata, esposizione esterna, impianto tv centralizzato",Via Privata Caltanissetta,"Città Studi, Susa",Plebisciti - Susa,45.465,9.21896,Spacest.com by Roomless,02 8974 1955,25,https://www.immobiliare.it/annunci/127274895/,
127121147,"Stanza in affitto in appartamento via Carlo Boncompagni, Milano",850,€ 850/mese,4,1,70 m²,1°,Autonomo,"fibra ottica, porta blindata, esposizione esterna, impianto tv centralizzato",Via Carlo Boncompagni,"Corvetto, Rogoredo",Corvetto,45.4413,9.21977,Spacest.com by Roomless,02 8974 1955,17,https://www.immobiliare.it/annunci/127121147/,
127541562,"Stanza in affitto in appartamento via Caminadella, Milano",885,€ 885/mese,5+,2,110 m²,"1°, con ascensore",Autonomo,"fibra ottica, porta blindata, esposizione esterna, impianto tv centralizzato",Via Caminadella,Centro,Sant'Ambrogio,45.4602,9.17645,Spacest.com by Roomless,02 8974 1955,38,https://www.immobiliare.it/annunci/127541562/,
127462732,"Stanza in affitto in appartamento via Carlo Vittadini, Milano",990,€ 990/mese,5+,2,140 m²,5°,Autonomo,"fibra ottica, porta blindata, esposizione esterna, impianto tv centralizzato",Via Carlo Vittadini,Navigli,Bocconi,45.4503,9.19392,Spacest.com by Roomless,02 8974 1955,11,https://www.immobiliare.it/annunci/127462732/,
127414877,"Stanza in affitto in appartamento via Giovanni Pascoli, Milano",885,€ 885/mese,4,2,15 m²,"2°, con ascensore",Autonomo,"fibra ottica, porta blindata, esposizione esterna, impianto tv centralizzato",Via Giovanni Pascoli,"Città Studi, Susa",Città Studi,45.4761,9.22417,Spacest.com by Roomless,02 8974 1955,15,https://www.immobiliare.it/annunci/127414877/,
127356431,"Stanza in affitto in appartamento via Panfilo Castaldi, Milano",970,€ 970/mese,5,2,142 m²,3°,Autonomo,"fibra ottica, porta blindata, esposizione esterna, impianto tv centralizzato",Via Panfilo Castaldi,"Centrale, Repubblica",Repubblica,45.4778,9.20009,Spacest.com by Roomless,02 8974 1955,15,https://www.immobiliare.it/annunci/127356431/,
127355593,"Stanza in affitto in appartamento via Spalato, Milano",895,€ 895/mese,5,2,15 m²,"2°, con ascensore",Autonomo,"fibra ottica, porta blindata, esposizione esterna, impianto tv centralizzato",Via Spalato,"Cenisio, Sarpi, Isola",Isola,45.4885,9.19293,Spacest.com by Roomless,02 8974 1955,23,https://www.immobiliare.it/annunci/127355593/,
127094287,"Stanza in affitto in appartamento via Amatore Sciesa, Milano",1035,€ 1.035/mese,5,1,80 m²,2°,Autonomo,"fibra ottica, porta blindata, esposizione esterna, impianto tv centralizzato",Via Amatore Sciesa,"Porta Romana, Cadore, Montenero",Montenero,45.4613,9.20744,Spacest.com by Roomless,02 8974 1955,12,https://www.immobiliare.it/annunci/127094287/,
127356263,"Stanza in affitto in appartamento viale Vincenzo Lancetti, Milano",1205,€ 1.205/mese,1,1,15 m²,1°,Autonomo,"fibra ottica, porta blindata, esposizione esterna, impianto tv centralizzato",Viale Vincenzo Lancetti,"Cenisio, Sarpi, Isola",Farini,45.4953,9.17548,Spacest.com by Roomless,02 8974 1955,13,https://www.immobiliare.it/annunci/127356263/,
127570216,"Stanza in affitto in appartamento via Caminadella, Milano",885,€ 885/mese,5+,2,110 m²,"1°, con ascensore",Autonomo,"fibra ottica, porta blindata, esposizione esterna, impianto tv centralizzato",Via Caminadella,Centro,Sant'Ambrogio,45.4602,9.17645,Spacest.com by Roomless,02 8974 1955,39,https://www.immobiliare.it/annunci/127570216/,
127355555,"Stanza in affitto in appartamento viale Bligny, Milano",1245,€ 1.245/mese,5+,3+,188 m²,"2°, con ascensore",Autonomo,"fibra ottica, porta blindata, esposizione esterna, impianto tv centralizzato",Viale Bligny,Navigli,Bocconi,45.4508,9.19124,Spacest.com by Roomless,02 8974 1955,24,https://www.immobiliare.it/annunci/127355555/,
127355549,"Stanza in affitto in appartamento viale Papiniano, Milano",900,€ 900/mese,5,2,127 m²,"2°, con ascensore",Autonomo,"fibra ottica, porta blindata, esposizione esterna, impianto tv centralizzato",Viale Papiniano,"Solari, Washington",Solari,45.4596,9.16704,Spacest.com by Roomless,02 8974 1955,30,https://www.immobiliare.it/annunci/127355549/,
127646770,"Stanza in affitto in appartamento via Privata Reggio, Milano",875,€ 875/mese,5+,2,202 m²,"4°, con ascensore",Autonomo,"fibra ottica, porta blindata, esposizione esterna, impianto tv centralizzato",Via Privata Reggio,"Quadronno, Palestro, Guastalla",Quadronno - Crocetta,45.4565,9.20264,Spacest.com by Roomless,02 8974 1955,39,https://www.immobiliare.it/annunci/127646770/,
127646568,"Stanza in affitto in appartamento via Andrea Costa, Milano",840,€ 840/mese,5,1,15 m²,1°,Autonomo,"fibra ottica, porta blindata, esposizione esterna, balcone, impianto tv centralizzato",Via Andrea Costa,"Pasteur, Rovereto",Pasteur,45.4867,9.21822,Spacest.com by Roomless,02 8974 1955,13,https://www.immobiliare.it/annunci/127646568/,
127541508,"Stanza in affitto in appartamento via Cosimo Del Fante, Milano",850,€ 850/mese,5+,2,143 m²,"1°, con ascensore",Autonomo,"fibra ottica, porta blindata, esposizione esterna, impianto tv centralizzato",Via Cosimo Del Fante,"Genova, Ticinese",Ticinese,45.4555,9.18524,Spacest.com by Roomless,02 8974 1955,18,https://www.immobiliare.it/annunci/127541508/,
127462550,"Stanza in affitto in appartamento via Privata Tobruk, Milano",1095,€ 1.095/mese,5+,3+,584 m²,1°,Autonomo,"fibra ottica, porta blindata, esposizione esterna, impianto tv centralizzato",Via Privata Tobruk,"Napoli, Soderini",Tripoli - Soderini,45.4559,9.15149,Spacest.com by Roomless,02 8974 1955,16,https://www.immobiliare.it/annunci/127462550/,
127356413,"Stanza in affitto in appartamento viale Coni Zugna, Milano",890,€ 890/mese,5+,2,200 m²,1°,Autonomo,"fibra ottica, porta blindata, esposizione esterna, terrazzo, impianto tv centralizzato",Viale Coni Zugna,"Solari, Washington",Solari,45.4573,9.16933,Spacest.com by Roomless,02 8974 1955,12,https://www.immobiliare.it/annunci/127356413/,
127317623,"Stanza in affitto in appartamento via Giovanni Pastorelli, Milano",935,€ 935/mese,5,2,140 m²,"5°, con ascensore",Autonomo,"fibra ottica, porta blindata, esposizione esterna, impianto tv centralizzato",Via Giovanni Pastorelli,Navigli,Navigli - Darsena,45.4473,9.16227,Spacest.com by Roomless,02 8974 1955,24,https://www.immobiliare.it/annunci/127317623/,
127304017,"Stanza in affitto in appartamento via Spalato, Milano",935,€ 935/mese,5,2,15 m²,"2°, con ascensore",Autonomo,"fibra ottica, porta blindata, esposizione esterna, impianto tv centralizzato",Via Spalato,"Cenisio, Sarpi, Isola",Isola,45.4885,9.19293,Spacest.com by Roomless,02 8974 1955,26,https://www.immobiliare.it/annunci/127304017/,
127513806,"Stanza in affitto in appartamento viale Tibaldi, Milano",965,€ 965/mese,5+,3,180 m²,2°,Autonomo,"fibra ottica, porta blindata, esposizione esterna, impianto tv centralizzato",Viale Tibaldi,"Abbiategrasso, Chiesa Rossa",Pezzotti - Meda,45.4441,9.1836,Spacest.com by Roomless,02 8974 1955,10,https://www.immobiliare.it/annunci/127513806/,
127504728,"Stanza in affitto in appartamento via Carlo Pisacane, Milano",850,€ 850/mese,5+,2,123 m²,"2°, con ascensore",Autonomo,"fibra ottica, porta blindata, esposizione esterna, impianto tv centralizzato",Via Carlo Pisacane,"Porta Venezia, Indipendenza",Indipendenza,45.4719,9.2113,Spacest.com by Roomless,02 8974 1955,22,https://www.immobiliare.it/annunci/127504728/,
127541886,"Stanza in affitto in appartamento via Conca del Naviglio, Milano",860,€ 860/mese,5+,3,138 m²,"1°, con ascensore",Autonomo,"fibra ottica, porta blindata, esposizione esterna, impianto tv centralizzato",Via Conca del Naviglio,"Genova, Ticinese",Ticinese,45.4555,9.17809,Spacest.com by Roomless,02 8974 1955,31,https://www.immobiliare.it/annunci/127541886/,
127462904,"Stanza in affitto in appartamento viale Coni Zugna, Milano",890,€ 890/mese,5+,2,200 m²,1°,Autonomo,"fibra ottica, porta blindata, esposizione esterna, terrazzo, impianto tv centralizzato",Viale Coni Zugna,"Solari, Washington",Solari,45.4573,9.16933,Spacest.com by Roomless,02 8974 1955,12,https://www.immobiliare.it/annunci/127462904/,
127275175,"Stanza in affitto in appartamento viale Bligny, Milano",1245,€ 1.245/mese,5,3+,126 m²,"1°, con ascensore",Autonomo,"fibra ottica, porta blindata, esposizione esterna, impianto tv centralizzato",Viale Bligny,Navigli,Bocconi,45.4508,9.19124,Spacest.com by Roomless,02 8974 1955,20,https://www.immobiliare.it/annunci/127275175/,
127415063,"Stanza in affitto in appartamento viale Emilio Caldara, Milano",990,€ 990/mese,5+,2,167 m²,"5°, con ascensore",Autonomo,"fibra ottica, porta blindata, esposizione esterna, impianto tv centralizzato",Viale Emilio Caldara,"Quadronno, Palestro, Guastalla",Quadronno - Crocetta,45.4535,9.20199,Spacest.com by Roomless,02 8974 1955,33,https://www.immobiliare.it/annunci/127415063/,
127646712,"Stanza in affitto in appartamento viale Coni Zugna, Milano",995,€ 995/mese,5+,2,136 m²,"1°, con ascensore",Autonomo,"fibra ottica, porta blindata, esposizione esterna, impianto tv centralizzato",Viale Coni Zugna,"Solari, Washington",Solari,45.459,9.1671,Spacest.com by Roomless,02 8974 1955,27,https://www.immobiliare.it/annunci/127646712/,
127504466,"Stanza in affitto in appartamento via Paolo Bassi, Milano",1045,€ 1.045/mese,1,1,24 m²,"3°, con ascensore",Autonomo,"fibra ottica, porta blindata, esposizione esterna, impianto tv centralizzato",Via Paolo Bassi,"Cenisio, Sarpi, Isola",Zara,45.4956,9.18968,Spacest.com by Roomless,02 8974 1955,18,https://www.immobiliare.it/annunci/127504466/,
127490362,"Stanza in affitto in appartamento via Cesare Da Sesto, Milano",1025,€ 1.025/mese,5,1,103 m²,"1°, con ascensore",Autonomo,"fibra ottica, porta blindata, esposizione esterna, impianto tv centralizzato",Via Cesare Da Sesto,"Genova, Ticinese",Corso Genova,45.4568,9.17417,Spacest.com by Roomless,02 8974 1955,21,https://www.immobiliare.it/annunci/127490362/,
127317441,"Stanza in affitto in appartamento via Tiziano, Milano",945,€ 945/mese,5+,2,149 m²,"1°, con ascensore",Autonomo,"fibra ottica, porta blindata, esposizione esterna, impianto tv centralizzato",Via Tiziano,"Arco della Pace, Arena, Pagano",Pagano,45.4719,9.15804,Spacest.com by Roomless,02 8974 1955,24,https://www.immobiliare.it/annunci/127317441/,
127570118,"Stanza in affitto in appartamento via Valenza, Milano",840,€ 840/mese,5,2,15 m²,"1°, con ascensore",Autonomo,"fibra ottica, porta blindata, esposizione esterna, impianto tv centralizzato",Via Valenza,Navigli,Navigli - Darsena,45.4509,9.16878,Spacest.com by Roomless,02 8974 1955,27,https://www.immobiliare.it/annunci/127570118/,
127541698,"Stanza in affitto in appartamento piazza Sant'Agostino, Milano",870,€ 870/mese,5+,2,157 m²,"5°, con ascensore",Autonomo,"fibra ottica, porta blindata, esposizione esterna, impianto tv centralizzato",Piazza Sant'Agostino,"Genova, Ticinese",Corso Genova,45.4582,9.17012,Spacest.com by Roomless,02 8974 1955,27,https://www.immobiliare.it/annunci/127541698/,
127356337,"Stanza in affitto in appartamento via Pordenone, Milano",850,€ 850/mese,5,2,15 m²,"2°, con ascensore",Autonomo,"fibra ottica, porta blindata, esposizione esterna, impianto tv centralizzato",Via Pordenone,"Udine, Lambrate",Udine,45.4901,9.23447,Spacest.com by Roomless,02 8974 1955,20,https://www.immobiliare.it/annunci/127356337/,
127356121,"Stanza in affitto in appartamento via Giuseppe Regaldi, Milano",890,€ 890/mese,3,1,60 m²,"1°, con ascensore",Autonomo,"fibra ottica, porta blindata, esposizione esterna, impianto tv centralizzato",Via Giuseppe Regaldi,"Affori, Bovisa",Affori,45.5174,9.17132,Spacest.com by Roomless,02 8974 1955,33,https://www.immobiliare.it/annunci/127356121/,
127570112,"Stanza in affitto in appartamento viale Tibaldi, Milano",965,€ 965/mese,5,2,115 m²,"6°, con ascensore",Autonomo,"fibra ottica, porta blindata, esposizione esterna, impianto tv centralizzato",Viale Tibaldi,"Abbiategrasso, Chiesa Rossa",Pezzotti - Meda,45.4433,9.17651,Spacest.com by Roomless,02 8974 1955,38,https://www.immobiliare.it/annunci/127570112/,
127504758,"Stanza in affitto in appartamento via Cesare Battisti, Milano",975,€ 975/mese,5+,2,160 m²,3°,Autonomo,"fibra ottica, porta blindata, esposizione esterna, impianto tv centralizzato",Via Cesare Battisti,"Quadronno, Palestro, Guastalla",Guastalla,45.463,9.20011,Spacest.com by Roomless,02 8974 1955,19,https://www.immobiliare.it/annunci/127504758/,
127326153,"Stanza in affitto in appartamento via Privata Tobruk, Milano",1240,€ 1.240/mese,5+,3+,584 m²,1°,Autonomo,"fibra ottica, porta blindata, esposizione esterna, impianto tv centralizzato",Via Privata Tobruk,"Napoli, Soderini",Tripoli - Soderini,45.4559,9.15149,Spacest.com by Roomless,02 8974 1955,22,https://www.immobiliare.it/annunci/127326153/,
127169331,"Stanza in affitto in appartamento viale Emilio Caldara, Milano",990,€ 990/mese,5+,2,167 m²,"5°, con ascensore",Autonomo,"fibra ottica, porta blindata, esposizione esterna, impianto tv centralizzato",Viale Emilio Caldara,"Quadronno, Palestro, Guastalla",Quadronno - Crocetta,45.4535,9.20199,Spacest.com by Roomless,02 8974 1955,32,https://www.immobiliare.it/annunci/127169331/,
126077877,"Stanza singola via Pietro Pomponazzi 9, Milano",850,€ 850/mese,5+,3,50 m²,3°,Assente,"balcone, terrazzo, cucina, connessione ad internet, lavatrice, lavastoviglie, microonde, tv satellitare/pay tv, con biancheria, bagno privato, parquet, aria condizionata, armadi",Via Pietro Pomponazzi,"Abbiategrasso, Chiesa Rossa",Pezzotti - Meda,45.4418,9.1806,Property Manager,02 8127 8323,23,https://www.immobiliare.it/annunci/126077877/,
120315958,"Stanza singola via Chiossetto 10, Milano",900,€ 900/mese,5+,3,12 m²,2°,Assente,"ripostiglio, balcone, cucina, connessione ad internet, lavatrice, lavastoviglie, microonde, tv satellitare/pay tv, portineria, con biancheria, bagno in comune, parquet, attacco telefonico, aria condizionata, armadi",Via Chiossetto,"Quadronno, Palestro, Guastalla",Palestro,45.4643,9.2007,Coldwell Banker Reliance Group,02 9475 3356,59,https://www.immobiliare.it/annunci/120315958/,
123257775,"Stanza singola via Meravigli 18, Milano",900,€ 900/mese,4,2,170 m²,6°,Assente,"ripostiglio, terrazzo, cucina, connessione ad internet, lavatrice, lavastoviglie, microonde, tv satellitare/pay tv, portineria, parquet, attacco telefonico, tv, aria condizionata, armadi",Via Meravigli,Centro,Duomo,45.4657,9.1808,Realcasa Immobiliare,02 8127 8719,24,https://www.immobiliare.it/annunci/123257775/,
120306168,"Stanza singola via Chiossetto 10, Milano",1000,€ 1.000/mese,5+,3,18 m²,2°,Assente,"ripostiglio, balcone, cucina, connessione ad internet, lavatrice, lavastoviglie, microonde, tv satellitare/pay tv, portineria, con biancheria, bagno in comune, parquet, aria condizionata, armadi",Via Chiossetto,"Quadronno, Palestro, Guastalla",Palestro,45.4643,9.2007,Coldwell Banker Reliance Group,02 9475 3356,57,https://www.immobiliare.it/annunci/120306168/,
126780629,"Stanza singola viale Gian Galeazzo 9, Milano",900,€ 900/mese,4,3,25 m²,2°,Assente,"ripostiglio, balcone, cucina, sistema di allarme, connessione ad internet, lavatrice, lavastoviglie, microonde, tv satellitare/pay tv, portineria, bagno privato, parquet, attacco telefonico, tv, aria condizionata, ingresso privato, armadi",Viale Gian Galeazzo,"Genova, Ticinese",Ticinese,45.4528,9.1826,TEMPOCASA Milano Ticinese,02 9475 9185,23,https://www.immobiliare.it/annunci/126780629/,
120400782,"Stanza multipla via degli Umiliati 24, Milano",1100,€ 1.100/mese,2,1,80 m²,1°,Assente,"balcone, cucina, connessione ad internet, lavatrice, microonde, tv satellitare/pay tv, bagno privato, tv, aria condizionata, ingresso privato, armadi",Via degli Umiliati,"Ponte Lambro, Santa Giulia",Ponte Lambro,45.4414,9.2652,Criffo' Immobiliare Sas,02 2641 0102,32,https://www.immobiliare.it/annunci/120400782/,
127037855,"Stanza singola via Giovanni Aurispa 6, Milano",900,€ 900/mese,4,1,97 m²,2°,Assente,"balcone, cucina, connessione ad internet, lavatrice, lavastoviglie, microonde, tv satellitare/pay tv, bagno in comune, parquet, attacco telefonico, tv, aria condizionata, armadi",Via Giovanni Aurispa,"Genova, Ticinese",Ticinese,45.4529,9.1842,Affiliato Tecnocasa: PROGETTO MILANO 3 SRL,02 5964 2014,19,https://www.immobiliare.it/annunci/127037855/,
127038331,"Stanza singola via Giovanni Aurispa 6, Milano",900,€ 900/mese,4,1,97 m²,2°,Assente,"balcone, cucina, lavatrice, lavastoviglie, microonde, tv satellitare/pay tv, portineria, bagno in comune, parquet, attacco telefonico, tv, aria condizionata, armadi",Via Giovanni Aurispa,"Genova, Ticinese",Ticinese,45.4529,9.1842,Affiliato Tecnocasa: PROGETTO MILANO 3 SRL,02 5964 2014,17,https://www.immobiliare.it/annunci/127038331/,
124542355,"Stanza singola via Ercole Ferrario 1, Milano",850,€ 850/mese,5,3,135 m²,Piano rialzato,Assente,"giardino, balcone, cucina, connessione ad internet, lavatrice, lavastoviglie, microonde, portineria, parquet, aria condizionata, armadi",Via Ercole Ferrario,"Solari, Washington",Dezza,45.462,9.162,TEMPOCASA  Milano - Vercelli,02 5964 6294,28,https://www.immobiliare.it/annunci/124542355/,
127039067,"Stanza singola via Giovanni Aurispa 6, Milano",900,€ 900/mese,4,1,97 m²,2°,Assente,"balcone, cucina, lavatrice, lavastoviglie, microonde, tv satellitare/pay tv, bagno in comune, parquet, attacco telefonico, tv, aria condizionata, armadi",Via Giovanni Aurispa,"Genova, Ticinese",Ticinese,45.4529,9.1842,Affiliato Tecnocasa: PROGETTO MILANO 3 SRL,02 5964 2014,21,https://www.immobiliare.it/annunci/127039067/,
126752241,"Stanza singola via Roberto Sarfatti 26/2, Milano",1150,€ 1.150/mese,3,2,65 m²,3°,Assente,"ripostiglio, balcone, cucina, connessione ad internet, lavatrice, lavastoviglie, microonde, tv satellitare/pay tv, bagno privato, attacco telefonico, tv, aria condizionata, armadi",Via Roberto Sarfatti,Navigli,Bocconi,45.4481,9.1898,Miplan Immobiliare,02 3540 9104,17,https://www.immobiliare.it/annunci/126752241/,
127526838,"Stanza singola via Giovanni Pezzotti 18, Milano",1000,€ 1.000/mese,4,2,75 m²,2°,Assente,"balcone, connessione ad internet, lavatrice, lavastoviglie, microonde, tv satellitare/pay tv, portineria, bagno privato, bagno in comune, parquet, aria condizionata, armadi",Via Giovanni Pezzotti,"Abbiategrasso, Chiesa Rossa",Pezzotti - Meda,45.4415,9.1829,Miplan Immobiliare,02 3540 9104,15,https://www.immobiliare.it/annunci/127526838/,
127023873,"Stanza singola via Savona 94/A, Milano",850,€ 850/mese,3,,55 m²,4°,Assente,"balcone, cucina, lavatrice, lavastoviglie, portineria, bagno in comune, armadi",Via Savona,"Napoli, Soderini",Piazza Napoli,45.4506,9.1525,MilanHousing,02 3651 7940,14,https://www.immobiliare.it/annunci/127023873/,
122828180,"Stanza singola via Giacomo Zanella 10, Milano",950,€ 950/mese,4,2,20 m²,4°,Assente,"balcone, terrazzo, cucina, connessione ad internet, lavatrice, lavastoviglie, microonde, tv satellitare/pay tv, portineria, bagno in comune, parquet, attacco telefonico, tv, aria condizionata, armadi",Via Giacomo Zanella,"Città Studi, Susa",Plebisciti - Susa,45.4641,9.2253,Capitani Immobiliare Srl,02 8973 7724,19,https://www.immobiliare.it/annunci/122828180/,
126223111,"Stanza doppia via Lorenzo Perosi 1, Milano",850,€ 850/mese,2,1,25 m²,6°,Assente,"cucina, bagno in comune",Via Lorenzo Perosi,"Napoli, Soderini",Tripoli - Soderini,45.4565,9.1431,Affiliato Tecnorete: IMMOBILIARE BLU LORENTEGGIO SAS,02 5964 1986,23,https://www.immobiliare.it/annunci/126223111/,
125880681,"Stanza doppia via Lorenzo Perosi 1, Milano",850,€ 850/mese,2,1,23 m²,6°,Assente,"balcone, cucina, portineria, bagno in comune",Via Lorenzo Perosi,"Napoli, Soderini",Tripoli - Soderini,45.4565,9.1431,Affiliato Tecnorete: IMMOBILIARE BLU LORENTEGGIO SAS,02 5964 1986,26,https://www.immobiliare.it/annunci/125880681/,
126207375,"Stanza singola piazzale Lodi, Milano",850,€ 850/mese,4,2,125 m²,2°,Assente,"balcone, cucina, connessione ad internet, lavatrice, lavastoviglie, tv satellitare/pay tv, portineria, bagno privato, aria condizionata, armadi",Piazzale Lodi,"Porta Romana, Cadore, Montenero",Porta Romana - Medaglie d'Oro,45.4477,9.21,Io Casa,02 8974 4152,26,https://www.immobiliare.it/annunci/126207375/,
126200847,"Stanza singola viale Col di Lana 1, Milano",850,€ 850/mese,5,1,70 m²,3°,Autonomo,"ascensore, lavatrice, cucina",Viale Col di Lana,"Genova, Ticinese",Ticinese,45.4521,9.1835,Privato/Nessuna,,9,https://www.immobiliare.it/annunci/126200847/,
127359345,"Stanza singola via Pietro Panzeri 10, Milano",900,€ 900/mese,3,1,13 m²,4°,Assente,"balcone, cucina, lavatrice, lavastoviglie, bagno in comune, aria condizionata, armadi",Via Pietro Panzeri,"Genova, Ticinese",Ticinese,45.4533,9.1782,Grimaldi Immobiliare Milano Darsena,02 5964 5462,20,https://www.immobiliare.it/annunci/127359345/,
125375269,"Stanza doppia via Ferrante Aporti 12, Milano",2000,€ 2.000/mese,3,1,130 m²,6°,Assente,"ripostiglio, balcone, cucina, connessione ad internet, lavatrice, lavastoviglie, microonde, tv satellitare/pay tv, bagno in comune, aria condizionata, armadi",Via Ferrante Aporti,"Centrale, Repubblica",Centrale,45.4883,9.2088,Iconacasa Milano Stazione Centrale,02 3540 7061,18,https://www.immobiliare.it/annunci/125375269/,
121798258,"Stanza singola via Gentilino 6, Milano",1000,€ 1.000/mese,3,2,14 m²,1°,Assente,"cucina, connessione ad internet, lavatrice, lavastoviglie, microonde, portineria, tv, aria condizionata",Via Gentilino,Navigli,Corso San Gottardo,45.4489,9.1809,L'Immobiliare.com - Milano Porta Romana,02 3540 5837,19,https://www.immobiliare.it/annunci/121798258/,
127531874,"Stanza doppia via Enrico Nöe 2, Milano",900,€ 900/mese,3,1,80 m²,3°,Assente,"balcone, cucina, connessione ad internet, lavatrice, lavastoviglie, microonde, portineria, bagno in comune, attacco telefonico, aria condizionata, ingresso privato, armadi",Via Enrico Nöe,"Città Studi, Susa",Città Studi,45.477,9.218,Mondani Immobiliare,02 9994 0194,26,https://www.immobiliare.it/annunci/127531874/,
127531630,"Stanza doppia via Enrico Nöe 2, Milano",900,€ 900/mese,3,1,80 m²,3°,Assente,"balcone, cucina, lavatrice, lavastoviglie, microonde, portineria, bagno in comune, aria condizionata, ingresso privato, armadi",Via Enrico Nöe,"Città Studi, Susa",Città Studi,45.477,9.218,Mondani Immobiliare,02 9994 0194,25,https://www.immobiliare.it/annunci/127531630/,
111563489,"Stanza doppia via Vallazze 95, Milano",850,€ 850/mese,3,1,78 m²,2°,Assente,"balcone, cucina, connessione ad internet, lavatrice, lavastoviglie, microonde, tv satellitare/pay tv, portineria, bagno in comune, parquet, attacco telefonico, tv, aria condizionata, armadi",Via Vallazze,"Città Studi, Susa",Città Studi,45.4849,9.2293,Deborah Cabra,02 5964 8147,36,https://www.immobiliare.it/annunci/111563489/,
123842835,"Stanza singola via Savona 91, Milano",1290,€ 1.290/mese,1,1,80 m²,2°,Assente,"cucina, connessione ad internet, lavatrice, bagno in comune, armadi",Via Savona,"Napoli, Soderini",Piazza Napoli,45.4507,9.1537,Immuni SRL,06 5326 7486,21,https://www.immobiliare.it/annunci/123842835/,
127504844,"Stanza in affitto in appartamento viale Bligny, Milano",1245,€ 1.245/mese,5+,3+,202 m²,"3°, con ascensore",Autonomo,"fibra ottica, porta blindata, esposizione esterna, impianto tv centralizzato",Viale Bligny,Navigli,Bocconi,45.4508,9.19124,Spacest.com by Roomless,02 8974 1955,25,https://www.immobiliare.it/annunci/127504844/,
127317567,"Stanza in affitto in appartamento via Pola, Milano",890,€ 890/mese,5,2,120 m²,3°,Autonomo,"fibra ottica, porta blindata, esposizione esterna, impianto tv centralizzato",Via Pola,"Cenisio, Sarpi, Isola",Isola,45.4891,9.19016,Spacest.com by Roomless,02 8974 1955,9,https://www.immobiliare.it/annunci/127317567/,
127462724,"Stanza in affitto in appartamento via Cesare Battisti, Milano",1105,€ 1.105/mese,5+,3,15 m²,"3°, con ascensore",Autonomo,"fibra ottica, porta blindata, esposizione esterna, impianto tv centralizzato",Via Cesare Battisti,"Quadronno, Palestro, Guastalla",Guastalla,45.4629,9.20061,Spacest.com by Roomless,02 8974 1955,9,https://www.immobiliare.it/annunci/127462724/,
127569738,"Stanza in affitto in appartamento via Luigi Razza, Milano",900,€ 900/mese,3,1,15 m²,4°,Autonomo,"fibra ottica, porta blindata, esposizione esterna, impianto tv centralizzato",Via Luigi Razza,"Centrale, Repubblica",Repubblica,45.4801,9.20026,Spacest.com by Roomless,02 8974 1955,14,https://www.immobiliare.it/annunci/127569738/,
127541608,"Stanza in affitto in appartamento viale Bligny, Milano",1245,€ 1.245/mese,5+,3+,202 m²,"3°, con ascensore",Autonomo,"fibra ottica, porta blindata, esposizione esterna, impianto tv centralizzato",Viale Bligny,Navigli,Bocconi,45.4508,9.19124,Spacest.com by Roomless,02 8974 1955,25,https://www.immobiliare.it/annunci/127541608/,
127275297,"Stanza in affitto in appartamento viale Bligny, Milano",1345,€ 1.345/mese,5+,3+,141 m²,"1°, con ascensore",Autonomo,"fibra ottica, porta blindata, esposizione esterna, impianto tv centralizzato",Viale Bligny,Navigli,Bocconi,45.4508,9.19124,Spacest.com by Roomless,02 8974 1955,17,https://www.immobiliare.it/annunci/127275297/,
127141339,"Stanza in affitto in appartamento corso di Porta Vittoria, Milano",1095,€ 1.095/mese,5+,2,120 m²,1°,Autonomo,"fibra ottica, porta blindata, esposizione esterna, impianto tv centralizzato",Corso di Porta Vittoria,"Quadronno, Palestro, Guastalla",Guastalla,45.4621,9.19841,Spacest.com by Roomless,02 8974 1955,11,https://www.immobiliare.it/annunci/127141339/,
127570188,"Stanza in affitto in appartamento via Gentilino, Milano",930,€ 930/mese,3,1,65 m²,1°,Autonomo,"fibra ottica, porta blindata, esposizione esterna, impianto tv centralizzato",Via Gentilino,Navigli,Corso San Gottardo,45.4492,9.18148,Spacest.com by Roomless,02 8974 1955,9,https://www.immobiliare.it/annunci/127570188/,
127201219,"Stanza in affitto in appartamento corso Buenos Aires, Milano",1140,€ 1.140/mese,3,2,15 m²,1°,Autonomo,"fibra ottica, porta blindata, esposizione esterna, balcone, impianto tv centralizzato",Corso Buenos Aires,"Centrale, Repubblica",Buenos Aires,45.481,9.21101,Spacest.com by Roomless,02 8974 1955,13,https://www.immobiliare.it/annunci/127201219/,
127602306,"Stanza in affitto in appartamento viale Bligny, Milano",1245,€ 1.245/mese,5+,3+,154 m²,"1°, con ascensore",Autonomo,"fibra ottica, porta blindata, esposizione esterna, impianto tv centralizzato",Viale Bligny,Navigli,Bocconi,45.4508,9.19124,Spacest.com by Roomless,02 8974 1955,18,https://www.immobiliare.it/annunci/127602306/,
127384287,"Stanza in affitto in appartamento corso Buenos Aires, Milano",1140,€ 1.140/mese,3,2,15 m²,1°,Autonomo,"fibra ottica, porta blindata, esposizione esterna, balcone, impianto tv centralizzato",Corso Buenos Aires,"Centrale, Repubblica",Buenos Aires,45.481,9.21101,Spacest.com by Roomless,02 8974 1955,13,https://www.immobiliare.it/annunci/127384287/,
127355543,"Stanza in affitto in appartamento via Ennio, Milano",870,€ 870/mese,4,2,90 m²,2°,Assente,"fibra ottica, porta blindata, esposizione esterna, impianto tv centralizzato",Via Ennio,"Porta Vittoria, Lodi",Martini - Insubria,45.453,9.21808,Spacest.com by Roomless,02 8974 1955,15,https://www.immobiliare.it/annunci/127355543/,
127513960,"Stanza in affitto in appartamento via Giosuè Carducci, Milano",1300,€ 1.300/mese,3,2,146 m²,1°,Assente,"fibra ottica, porta blindata, esposizione esterna, impianto tv centralizzato",Via Giosuè Carducci,Centro,Sant'Ambrogio,45.4647,9.17515,Spacest.com by Roomless,02 8974 1955,24,https://www.immobiliare.it/annunci/127513960/,
127462622,"Stanza in affitto in appartamento via Vittorio Scialoia, Milano",860,€ 860/mese,4,1,80 m²,4°,Assente,"fibra ottica, porta blindata, esposizione esterna, impianto tv centralizzato",Via Vittorio Scialoia,"Affori, Bovisa",Affori,45.5114,9.17903,Spacest.com by Roomless,02 8974 1955,14,https://www.immobiliare.it/annunci/127462622/,
127504610,"Stanza in affitto in appartamento viale Bligny, Milano",1245,€ 1.245/mese,5+,3+,154 m²,"1°, con ascensore",Autonomo,"fibra ottica, porta blindata, esposizione esterna, impianto tv centralizzato",Viale Bligny,Navigli,Bocconi,45.4508,9.19124,Spacest.com by Roomless,02 8974 1955,17,https://www.immobiliare.it/annunci/127504610/,
127570100,"Stanza in affitto in appartamento via Paullo, Milano",1050,€ 1.050/mese,5,3,120 m²,1°,Assente,"fibra ottica, porta blindata, esposizione esterna, impianto tv centralizzato",Via Paullo,"Porta Romana, Cadore, Montenero",Cadore,45.4593,9.21164,Spacest.com by Roomless,02 8974 1955,14,https://www.immobiliare.it/annunci/127570100/,
127570022,"Stanza in affitto in appartamento via Sesto Calende, Milano",860,€ 860/mese,5,3+,150 m²,1°,Assente,"fibra ottica, porta blindata, esposizione esterna, impianto tv centralizzato",Via Sesto Calende,"San Siro, Trenno",QT8,45.4841,9.13773,Spacest.com by Roomless,02 8974 1955,26,https://www.immobiliare.it/annunci/127570022/,
127414927,"Stanza in affitto in appartamento via Privata Sartirana, Milano",845,€ 845/mese,4,2,15 m²,1°,Assente,"fibra ottica, porta blindata, esposizione esterna, impianto tv centralizzato",Via Privata Sartirana,Navigli,Navigli - Darsena,45.4527,9.17094,Spacest.com by Roomless,02 8974 1955,22,https://www.immobiliare.it/annunci/127414927/,
127513754,"Stanza in affitto in appartamento via Cascina Barocco, Milano",890,€ 890/mese,5+,3,102 m²,4°,Assente,"fibra ottica, porta blindata, esposizione esterna, impianto tv centralizzato",Via Cascina Barocco,"San Siro, Trenno",San Carlo,45.4619,9.10837,Spacest.com by Roomless,02 8974 1955,51,https://www.immobiliare.it/annunci/127513754/,
127504690,"Stanza in affitto in appartamento via Bordighera, Milano",950,€ 950/mese,3,1,78 m²,1°,Autonomo,"fibra ottica, porta blindata, esposizione esterna, impianto tv centralizzato",Via Bordighera,"Famagosta, Barona",Famagosta,45.4399,9.17355,Spacest.com by Roomless,02 8974 1955,8,https://www.immobiliare.it/annunci/127504690/,
127385161,"Stanza in affitto in appartamento via Giovanni Boccaccio, Milano",915,€ 915/mese,5+,3,220 m²,3°,Autonomo,"fibra ottica, porta blindata, esposizione esterna, impianto tv centralizzato",Via Giovanni Boccaccio,"Arco della Pace, Arena, Pagano",Vincenzo Monti,45.4676,9.16741,Spacest.com by Roomless,02 8974 1955,8,https://www.immobiliare.it/annunci/127385161/,
127326333,"Stanza in affitto in appartamento viale Tibaldi, Milano",850,€ 850/mese,5,1,90 m²,"2°, con ascensore",Autonomo,"fibra ottica, porta blindata, esposizione esterna, impianto tv centralizzato",Viale Tibaldi,"Abbiategrasso, Chiesa Rossa",Pezzotti - Meda,45.4433,9.17651,Spacest.com by Roomless,02 8974 1955,8,https://www.immobiliare.it/annunci/127326333/,
127541502,"Stanza in affitto in appartamento via Sesto Calende, Milano",860,€ 860/mese,5,3+,150 m²,1°,Assente,"fibra ottica, porta blindata, esposizione esterna, impianto tv centralizzato",Via Sesto Calende,"San Siro, Trenno",QT8,45.4841,9.13773,Spacest.com by Roomless,02 8974 1955,23,https://www.immobiliare.it/annunci/127541502/,
127541578,"Stanza in affitto in appartamento via Paullo, Milano",950,€ 950/mese,5,3,120 m²,1°,Assente,"fibra ottica, porta blindata, esposizione esterna, impianto tv centralizzato",Via Paullo,"Porta Romana, Cadore, Montenero",Cadore,45.4593,9.21164,Spacest.com by Roomless,02 8974 1955,18,https://www.immobiliare.it/annunci/127541578/,
127602372,"Stanza in affitto in appartamento via Paullo, Milano",950,€ 950/mese,5,3,120 m²,1°,Assente,"fibra ottica, porta blindata, esposizione esterna, impianto tv centralizzato",Via Paullo,"Porta Romana, Cadore, Montenero",Cadore,45.4593,9.21164,Spacest.com by Roomless,02 8974 1955,18,https://www.immobiliare.it/annunci/127602372/,
127326119,"Stanza in affitto in appartamento via Bordighera, Milano",950,€ 950/mese,3,1,78 m²,2°,Autonomo,"fibra ottica, porta blindata, esposizione esterna, impianto tv centralizzato",Via Bordighera,"Famagosta, Barona",Famagosta,45.4399,9.17355,Spacest.com by Roomless,02 8974 1955,8,https://www.immobiliare.it/annunci/127326119/,
127384889,"Stanza in affitto in appartamento via Giovanni Boccaccio, Milano",915,€ 915/mese,5+,3,220 m²,3°,Autonomo,"fibra ottica, porta blindata, esposizione esterna, impianto tv centralizzato",Via Giovanni Boccaccio,"Arco della Pace, Arena, Pagano",Vincenzo Monti,45.4676,9.16741,Spacest.com by Roomless,02 8974 1955,8,https://www.immobiliare.it/annunci/127384889/,
127646904,"Stanza in affitto in appartamento via Guglielmo Röntgen, Milano",950,€ 950/mese,4,2,100 m²,1°,Assente,"fibra ottica, porta blindata, esposizione esterna, impianto tv centralizzato",Via Guglielmo Röntgen,Navigli,Bocconi,45.4497,9.18755,Spacest.com by Roomless,02 8974 1955,10,https://www.immobiliare.it/annunci/127646904/,
127384737,"Stanza in affitto in appartamento Alzaia Naviglio Pavese, Milano",860,€ 860/mese,3,1,67 m²,1°,Autonomo,"fibra ottica, porta blindata, esposizione esterna, terrazzo, impianto tv centralizzato",Alzaia Naviglio Pavese,"Famagosta, Barona",Famagosta,45.4405,9.17508,Spacest.com by Roomless,02 8974 1955,8,https://www.immobiliare.it/annunci/127384737/,
127414749,"Stanza in affitto in appartamento via Ennio, Milano",895,€ 895/mese,4,2,90 m²,2°,Assente,"fibra ottica, porta blindata, esposizione esterna, impianto tv centralizzato",Via Ennio,"Porta Vittoria, Lodi",Martini - Insubria,45.453,9.21808,Spacest.com by Roomless,02 8974 1955,15,https://www.immobiliare.it/annunci/127414749/,
127414649,"Stanza in affitto in appartamento via Sesto Calende, Milano",855,€ 855/mese,5,3+,150 m²,1°,Assente,"fibra ottica, porta blindata, esposizione esterna, impianto tv centralizzato",Via Sesto Calende,"San Siro, Trenno",QT8,45.4841,9.13773,Spacest.com by Roomless,02 8974 1955,24,https://www.immobiliare.it/annunci/127414649/,
127602152,"Stanza in affitto in appartamento via Michelangelo Buonarroti, Milano",840,€ 840/mese,4,1,90 m²,4°,Autonomo,"fibra ottica, porta blindata, esposizione esterna, impianto tv centralizzato",Via Michelangelo Buonarroti,"Solari, Washington",Vercelli - Wagner,45.4686,9.15496,Spacest.com by Roomless,02 8974 1955,8,https://www.immobiliare.it/annunci/127602152/,
127317523,"Stanza in affitto in appartamento via Paullo, Milano",1100,€ 1.100/mese,5,3,120 m²,1°,Assente,"fibra ottica, porta blindata, esposizione esterna, impianto tv centralizzato",Via Paullo,"Porta Romana, Cadore, Montenero",Cadore,45.4593,9.21164,Spacest.com by Roomless,02 8974 1955,13,https://www.immobiliare.it/annunci/127317523/,
127646748,"Stanza in affitto in appartamento via Sesto Calende, Milano",850,€ 850/mese,5,3+,150 m²,1°,Assente,"fibra ottica, porta blindata, esposizione esterna, impianto tv centralizzato",Via Sesto Calende,"San Siro, Trenno",QT8,45.4841,9.13773,Spacest.com by Roomless,02 8974 1955,27,https://www.immobiliare.it/annunci/127646748/,
127513600,"Stanza in affitto in appartamento via Michelangelo Buonarroti, Milano",840,€ 840/mese,4,1,90 m²,4°,Autonomo,"fibra ottica, porta blindata, esposizione esterna, impianto tv centralizzato",Via Michelangelo Buonarroti,"Solari, Washington",Vercelli - Wagner,45.4686,9.15496,Spacest.com by Roomless,02 8974 1955,9,https://www.immobiliare.it/annunci/127513600/,
127141321,"Stanza in affitto in appartamento via Michelangelo Buonarroti, Milano",840,€ 840/mese,4,1,90 m²,4°,Autonomo,"fibra ottica, porta blindata, esposizione esterna, impianto tv centralizzato",Via Michelangelo Buonarroti,"Solari, Washington",Vercelli - Wagner,45.4686,9.15496,Spacest.com by Roomless,02 8974 1955,9,https://www.immobiliare.it/annunci/127141321/,
120952800,"Stanza in affitto in appartamento via Privata Caltanissetta, 5, Milano",850,€ 850/mese,5+,3+,675 m²,3° piano,Assente,aria condizionata,"Via Privata Caltanissetta, 5","Città Studi, Susa",Plebisciti - Susa,45.465,9.21896,Cohabs Invest Fund Italy srl,02 8736 4246,48,https://www.immobiliare.it/annunci/120952800/,
120952788,"Stanza in affitto in appartamento via Privata Tobruk, 8, Milano",850,€ 850/mese,5+,3+,675 m²,2° piano,Assente,aria condizionata,"Via Privata Tobruk, 8","Napoli, Soderini",Tripoli - Soderini,45.4558,9.1513,Cohabs Invest Fund Italy srl,02 8736 4246,26,https://www.immobiliare.it/annunci/120952788/,
126915577,"Stanza in affitto in appartamento piazza Irnerio, Milano",930,€ 930/mese,3,1,90 m²,6°,Autonomo,"fibra ottica, porta blindata, esposizione esterna, balcone, impianto tv centralizzato",Piazza Irnerio,"Solari, Washington",Washington,45.4611,9.15286,Spacest.com by Roomless,02 8974 1955,22,https://www.immobiliare.it/annunci/126915577/,
127326121,"Stanza in affitto in appartamento viale Campania, Milano",840,€ 840/mese,5,2,130 m²,1°,Autonomo,"fibra ottica, porta blindata, esposizione esterna, impianto tv centralizzato",Viale Campania,"Città Studi, Susa",Plebisciti - Susa,45.4648,9.2235,Spacest.com by Roomless,02 8974 1955,8,https://www.immobiliare.it/annunci/127326121/,
127513822,"Stanza in affitto in appartamento via San Marco, Milano",975,€ 975/mese,5,1,131 m²,2°,Autonomo,"fibra ottica, porta blindata, esposizione esterna, impianto tv centralizzato",Via San Marco,"Garibaldi, Moscova, Porta Nuova",Turati,45.4754,9.18877,Spacest.com by Roomless,02 8974 1955,22,https://www.immobiliare.it/annunci/127513822/,
127326159,"Stanza in affitto in appartamento via Tucidide, Milano",890,€ 890/mese,5+,3+,15 m²,1°,Autonomo,"fibra ottica, porta blindata, esposizione esterna, impianto tv centralizzato",Via Tucidide,"Udine, Lambrate",Ortica,45.4691,9.2482,Spacest.com by Roomless,02 8974 1955,7,https://www.immobiliare.it/annunci/127326159/,
127513868,"Stanza in affitto in appartamento viale Tibaldi, Milano",980,€ 980/mese,5+,3,180 m²,2°,Autonomo,"fibra ottica, porta blindata, esposizione esterna, impianto tv centralizzato",Viale Tibaldi,"Abbiategrasso, Chiesa Rossa",Pezzotti - Meda,45.4441,9.1836,Spacest.com by Roomless,02 8974 1955,7,https://www.immobiliare.it/annunci/127513868/,
127414713,"Stanza in affitto in appartamento via Tucidide, Milano",920,€ 920/mese,5+,3+,15 m²,1°,Autonomo,"fibra ottica, porta blindata, esposizione esterna, impianto tv centralizzato",Via Tucidide,"Udine, Lambrate",Ortica,45.4691,9.2482,Spacest.com by Roomless,02 8974 1955,7,https://www.immobiliare.it/annunci/127414713/,
127317613,"Stanza in affitto in appartamento via Ausonio, Milano",975,€ 975/mese,5+,2,230 m²,1°,Autonomo,"fibra ottica, porta blindata, esposizione esterna, impianto tv centralizzato",Via Ausonio,"Genova, Ticinese",Corso Genova,45.4592,9.17079,Spacest.com by Roomless,02 8974 1955,7,https://www.immobiliare.it/annunci/127317613/,
127384703,"Stanza in affitto in appartamento via Augusto Anfossi, Milano",915,€ 915/mese,5,2,104 m²,"1°, con ascensore",Autonomo,"fibra ottica, porta blindata, esposizione esterna, impianto tv centralizzato",Via Augusto Anfossi,"Porta Romana, Cadore, Montenero",Cadore,45.459,9.21334,Spacest.com by Roomless,02 8974 1955,7,https://www.immobiliare.it/annunci/127384703/,
127384275,"Stanza in affitto in appartamento corso Vercelli, Milano",1200,€ 1.200/mese,3,2,150 m²,1°,Assente,"fibra ottica, porta blindata, esposizione esterna, impianto tv centralizzato",Corso Vercelli,"Solari, Washington",Vercelli - Wagner,45.4664,9.1645,Spacest.com by Roomless,02 8974 1955,9,https://www.immobiliare.it/annunci/127384275/,
127513596,"Stanza in affitto in appartamento Alzaia Naviglio Grande, Milano",900,€ 900/mese,3,1,85 m²,2°,Assente,"fibra ottica, porta blindata, esposizione esterna, impianto tv centralizzato",Alzaia Naviglio Grande,Navigli,Navigli - Darsena,45.4509,9.1775,Spacest.com by Roomless,02 8974 1955,15,https://www.immobiliare.it/annunci/127513596/,
127504574,"Stanza in affitto in appartamento viale Tibaldi, Milano",905,€ 905/mese,5,1,127 m²,"1°, con ascensore",Autonomo,"fibra ottica, porta blindata, esposizione esterna, impianto tv centralizzato",Viale Tibaldi,"Abbiategrasso, Chiesa Rossa",Pezzotti - Meda,45.4433,9.17651,Spacest.com by Roomless,02 8974 1955,7,https://www.immobiliare.it/annunci/127504574/,
127504588,"Stanza in affitto in appartamento via Ausonio, Milano",1005,€ 1.005/mese,5+,2,230 m²,1°,Autonomo,"fibra ottica, porta blindata, esposizione esterna, impianto tv centralizzato",Via Ausonio,"Genova, Ticinese",Corso Genova,45.4592,9.17079,Spacest.com by Roomless,02 8974 1955,7,https://www.immobiliare.it/annunci/127504588/,
127274905,"Stanza in affitto in appartamento via Tucidide, Milano",1010,€ 1.010/mese,5+,3+,15 m²,1°,Autonomo,"fibra ottica, porta blindata, esposizione esterna, impianto tv centralizzato",Via Tucidide,"Udine, Lambrate",Ortica,45.4691,9.2482,Spacest.com by Roomless,02 8974 1955,7,https://www.immobiliare.it/annunci/127274905/,
127326399,"Stanza in affitto in appartamento viale Romagna, Milano",900,€ 900/mese,4,2,15 m²,"4°, con ascensore",Autonomo,"fibra ottica, porta blindata, esposizione esterna, impianto tv centralizzato",Viale Romagna,"Città Studi, Susa",Città Studi,45.4796,9.22398,Spacest.com by Roomless,02 8974 1955,6,https://www.immobiliare.it/annunci/127326399/,
127602526,"Stanza in affitto in appartamento piazza Maria Adelaide di Savoia, Milano",950,€ 950/mese,5,2,15 m²,"2°, con ascensore",Autonomo,"fibra ottica, porta blindata, esposizione esterna, impianto tv centralizzato",Piazza Maria Adelaide di Savoia,"Centrale, Repubblica",Morgagni,45.4734,9.21442,Spacest.com by Roomless,02 8974 1955,27,https://www.immobiliare.it/annunci/127602526/,
127602236,"Stanza in affitto in appartamento via Bernardino Verro, Milano",850,€ 850/mese,4,1,97 m²,1°,Assente,"fibra ottica, porta blindata, esposizione esterna, impianto tv centralizzato",Via Bernardino Verro,"Ripamonti, Vigentino",Vigentino - Fatima,45.4372,9.19396,Spacest.com by Roomless,02 8974 1955,13,https://www.immobiliare.it/annunci/127602236/,
127570490,"Stanza in affitto in appartamento viale Carlo Espinasse, Milano",840,€ 840/mese,3,1,60 m²,"2°, con ascensore",Autonomo,"fibra ottica, porta blindata, esposizione esterna, impianto tv centralizzato",Viale Carlo Espinasse,"Uptown, Cascina Merlata, Viale Certosa",Certosa,45.4947,9.14415,Spacest.com by Roomless,02 8974 1955,6,https://www.immobiliare.it/annunci/127570490/,
127355927,"Stanza in affitto in appartamento via Bordighera, Milano",950,€ 950/mese,3,1,78 m²,2°,Autonomo,"fibra ottica, porta blindata, esposizione esterna, impianto tv centralizzato",Via Bordighera,"Famagosta, Barona",Famagosta,45.4399,9.17355,Spacest.com by Roomless,02 8974 1955,6,https://www.immobiliare.it/annunci/127355927/,
127514054,"Stanza in affitto in appartamento piazza Maria Adelaide di Savoia, Milano",950,€ 950/mese,5,2,15 m²,"2°, con ascensore",Autonomo,"fibra ottica, porta blindata, esposizione esterna, impianto tv centralizzato",Piazza Maria Adelaide di Savoia,"Centrale, Repubblica",Morgagni,45.4734,9.21442,Spacest.com by Roomless,02 8974 1955,27,https://www.immobiliare.it/annunci/127514054/,
127570094,"Stanza in affitto in appartamento viale Carlo Espinasse, Milano",840,€ 840/mese,3,1,60 m²,"2°, con ascensore",Autonomo,"fibra ottica, porta blindata, esposizione esterna, impianto tv centralizzato",Viale Carlo Espinasse,"Uptown, Cascina Merlata, Viale Certosa",Certosa,45.4947,9.14415,Spacest.com by Roomless,02 8974 1955,6,https://www.immobiliare.it/annunci/127570094/,
127513900,"Stanza in affitto in appartamento via Antonio Bazzini, Milano",880,€ 880/mese,5,2,15 m²,1°,Autonomo,"fibra ottica, porta blindata, esposizione esterna, impianto tv centralizzato",Via Antonio Bazzini,"Città Studi, Susa",Città Studi,45.4815,9.22527,Spacest.com by Roomless,02 8974 1955,26,https://www.immobiliare.it/annunci/127513900/,
127384751,"Stanza in affitto in appartamento viale Regina Giovanna, Milano",845,€ 845/mese,5,2,15 m²,"3°, con ascensore",Autonomo,"fibra ottica, porta blindata, esposizione esterna, impianto tv centralizzato",Viale Regina Giovanna,"Porta Venezia, Indipendenza",Porta Venezia,45.4732,9.21385,Spacest.com by Roomless,02 8974 1955,6,https://www.immobiliare.it/annunci/127384751/,
127569996,"Stanza in affitto in appartamento via Bernardino Verro, Milano",850,€ 850/mese,4,1,97 m²,1°,Assente,"fibra ottica, porta blindata, esposizione esterna, impianto tv centralizzato",Via Bernardino Verro,"Ripamonti, Vigentino",Vigentino - Fatima,45.4372,9.19396,Spacest.com by Roomless,02 8974 1955,11,https://www.immobiliare.it/annunci/127569996/,
127136203,"Stanza singola piazzale Luigi Negrelli 4, Milano",950,€ 950/mese,1,1,20 m²,3°,Centralizzato,"balcone, connessione ad internet, ripostiglio, lavatrice, lavastoviglie, microonde, ascensore, bagno privato, tv, armadi, cucina",Piazzale Luigi Negrelli,"Famagosta, Barona",Tre Castelli - Faenza,45.4438,9.13906,Privato/Nessuna,,5,https://www.immobiliare.it/annunci/127136203/,
126041975,"Stanza singola viale Gran Sasso, Milano",850,€ 850/mese,1,1,18 m²,,Assente,arredato,Viale Gran Sasso,"Città Studi, Susa",Città Studi,45.482,9.2202,HousingAnywhere,,10,https://www.immobiliare.it/annunci/126041975/,
127138783,"Stanza singola viale Sabotino, Milano",1055,€ 1.055/mese,1,1,15 m²,,Centralizzato,arredato,Viale Sabotino,"Porta Romana, Cadore, Montenero",Porta Romana - Medaglie d'Oro,45.4509,9.1994,HousingAnywhere,,10,https://www.immobiliare.it/annunci/127138783/,
126037989,"Stanza singola via del Don, Milano",990,€ 990/mese,1,1,18 m²,,Centralizzato,"aria condizionata, arredato",Via del Don,Centro,Carrobbio,45.4581,9.1847,HousingAnywhere,,10,https://www.immobiliare.it/annunci/126037989/,
126038069,"Stanza singola viale Carlo Troya, Milano",890,€ 890/mese,1,1,15 m²,,Centralizzato,"aria condizionata, arredato",Viale Carlo Troya,"Napoli, Soderini",Piazza Napoli,45.4522,9.1541,HousingAnywhere,,10,https://www.immobiliare.it/annunci/126038069/,
127010063,"Stanza singola via Fratelli Bronzetti, Milano",1050,€ 1.050/mese,1,1,23 m²,,Centralizzato,arredato,Via Fratelli Bronzetti,"Porta Venezia, Indipendenza",Indipendenza,45.4646,9.2147,HousingAnywhere,,10,https://www.immobiliare.it/annunci/127010063/,
125320303,"Stanza singola via Fernanda Wittgens, Milano",866,€ 866/mese,1,1,20 m²,,Autonomo,"aria condizionata, arredato",Via Fernanda Wittgens,Centro,Carrobbio,45.4576,9.1841,HousingAnywhere,,10,https://www.immobiliare.it/annunci/125320303/,
125812275,"Stanza singola via Savona, Milano",990,€ 990/mese,1,1,14 m²,,Centralizzato,"aria condizionata, arredato",Via Savona,"Solari, Washington",Solari,45.455,9.1662,HousingAnywhere,,10,https://www.immobiliare.it/annunci/125812275/,
126042899,"Stanza singola via Fernanda Wittgens, Milano",844,€ 844/mese,1,1,14 m²,,Autonomo,"aria condizionata, arredato",Via Fernanda Wittgens,Centro,Carrobbio,45.4576,9.1841,HousingAnywhere,,10,https://www.immobiliare.it/annunci/126042899/,
125812273,"Stanza singola via Savona, Milano",1040,€ 1.040/mese,1,1,14 m²,,Centralizzato,"aria condizionata, arredato",Via Savona,"Solari, Washington",Solari,45.455,9.1662,HousingAnywhere,,10,https://www.immobiliare.it/annunci/125812273/,
125812291,"Stanza singola viale Campania, Milano",840,€ 840/mese,1,1,13 m²,,Centralizzato,"aria condizionata, arredato",Viale Campania,"Città Studi, Susa",Plebisciti - Susa,45.4649,9.2235,HousingAnywhere,,10,https://www.immobiliare.it/annunci/125812291/,
127197717,"Stanza singola viale Bligny, Milano",1310,€ 1.310/mese,1,1,13 m²,,Centralizzato,arredato,Viale Bligny,Navigli,Bocconi,45.4509,9.1927,HousingAnywhere,,10,https://www.immobiliare.it/annunci/127197717/,
126038037,"Stanza singola corso Venezia, Milano",1340,€ 1.340/mese,1,1,16 m²,,Autonomo,"aria condizionata, arredato",Corso Venezia,Centro,San Babila,45.4675,9.1983,HousingAnywhere,,10,https://www.immobiliare.it/annunci/126038037/,
126039051,"Stanza singola via Panfilo Castaldi, Milano",980,€ 980/mese,1,1,10 m²,,Autonomo,"aria condizionata, arredato",Via Panfilo Castaldi,"Centrale, Repubblica",Repubblica,45.4779,9.2003,HousingAnywhere,,10,https://www.immobiliare.it/annunci/126039051/,
125812327,"Stanza singola piazza Carlo Caneva, Milano",1040,€ 1.040/mese,1,1,16 m²,,Centralizzato,"aria condizionata, arredato",Piazza Carlo Caneva,"Cenisio, Sarpi, Isola",Cenisio,45.4882,9.1615,HousingAnywhere,,10,https://www.immobiliare.it/annunci/125812327/,
126038053,"Stanza singola corso Buenos Aires, Milano",1040,€ 1.040/mese,1,1,18 m²,,Centralizzato,"aria condizionata, arredato",Corso Buenos Aires,"Centrale, Repubblica",Buenos Aires,45.4809,9.2113,HousingAnywhere,,10,https://www.immobiliare.it/annunci/126038053/,
125812329,"Stanza singola piazza Carlo Caneva, Milano",890,€ 890/mese,1,1,10 m²,,Centralizzato,"aria condizionata, arredato",Piazza Carlo Caneva,"Cenisio, Sarpi, Isola",Cenisio,45.4882,9.1615,HousingAnywhere,,10,https://www.immobiliare.it/annunci/125812329/,
125812281,"Stanza singola viale Beatrice d'Este, Milano",990,€ 990/mese,1,1,10 m²,,Centralizzato,"aria condizionata, arredato",Viale Beatrice d'Este,Navigli,Bocconi,45.4517,9.1929,HousingAnywhere,,10,https://www.immobiliare.it/annunci/125812281/,
126037973,"Stanza singola viale Regina Giovanna, Milano",940,€ 940/mese,1,1,15 m²,,Centralizzato,arredato,Viale Regina Giovanna,"Porta Venezia, Indipendenza",Porta Venezia,45.4733,9.2139,HousingAnywhere,,10,https://www.immobiliare.it/annunci/126037973/,
126042287,"Stanza singola viale Coni Zugna, Milano",990,€ 990/mese,1,1,25 m²,,Autonomo,arredato,Viale Coni Zugna,"Solari, Washington",Solari,45.4573,9.1693,HousingAnywhere,,10,https://www.immobiliare.it/annunci/126042287/,
127091469,"Stanza singola viale Bligny, Milano",1415,€ 1.415/mese,1,1,16 m²,,Centralizzato,arredato,Viale Bligny,Navigli,Bocconi,45.4509,9.1927,HousingAnywhere,,10,https://www.immobiliare.it/annunci/127091469/,
126039097,"Stanza singola via Giuseppe Ripamonti, Milano",840,€ 840/mese,1,1,25 m²,,Autonomo,"aria condizionata, arredato",Via Giuseppe Ripamonti,"Ripamonti, Vigentino",Vigentino - Fatima,45.4289,9.2027,HousingAnywhere,,10,https://www.immobiliare.it/annunci/126039097/,
126038109,"Stanza singola piazza Argentina, Milano",1040,€ 1.040/mese,1,1,18 m²,,Centralizzato,"aria condizionata, arredato",Piazza Argentina,"Centrale, Repubblica",Buenos Aires,45.4839,9.2149,HousingAnywhere,,10,https://www.immobiliare.it/annunci/126038109/,
126037365,"Stanza singola via Monte Popera, Milano",880,€ 880/mese,1,1,21 m²,,Centralizzato,arredato,Via Monte Popera,"Ponte Lambro, Santa Giulia",Santa Giulia,45.4316,9.2472,HousingAnywhere,,10,https://www.immobiliare.it/annunci/126037365/,
125812313,"Stanza singola via Calatafimi, Milano",990,€ 990/mese,1,1,14 m²,,Centralizzato,"aria condizionata, arredato",Via Calatafimi,"Genova, Ticinese",Ticinese,45.4534,9.1838,HousingAnywhere,,10,https://www.immobiliare.it/annunci/125812313/,
125812311,"Stanza singola via Calatafimi, Milano",1140,€ 1.140/mese,1,1,16 m²,,Centralizzato,"aria condizionata, arredato",Via Calatafimi,"Genova, Ticinese",Ticinese,45.4534,9.1838,HousingAnywhere,,10,https://www.immobiliare.it/annunci/125812311/,
126038007,"Stanza singola via Leopoldo Cicognara, Milano",890,€ 890/mese,1,1,16 m²,,Autonomo,arredato,Via Leopoldo Cicognara,"Città Studi, Susa",Plebisciti - Susa,45.4684,9.2216,HousingAnywhere,,10,https://www.immobiliare.it/annunci/126038007/,
126037335,"Stanza singola via Rembrandt, Milano",850,€ 850/mese,1,1,13 m²,,Centralizzato,arredato,Via Rembrandt,"San Siro, Trenno",San Siro,45.4676,9.1357,HousingAnywhere,,10,https://www.immobiliare.it/annunci/126037335/,
125812279,"Stanza singola via Savona, Milano",990,€ 990/mese,1,1,14 m²,,Centralizzato,"aria condizionata, arredato",Via Savona,"Solari, Washington",Solari,45.455,9.1662,HousingAnywhere,,10,https://www.immobiliare.it/annunci/125812279/,
125812331,"Stanza singola via Don Giovanni Bosco, Milano",990,€ 990/mese,1,1,14 m²,,Centralizzato,arredato,Via Don Giovanni Bosco,"Porta Vittoria, Lodi",Lodi - Brenta,45.4429,9.215,HousingAnywhere,,10,https://www.immobiliare.it/annunci/125812331/,
119059955,"Stanza singola via Cipriano Facchinetti, Milano",900,€ 900/mese,1,1,17 m²,,Centralizzato,"aria condizionata, arredato",Via Cipriano Facchinetti,Forlanini,Quartiere Forlanini,45.4618,9.2406,HousingAnywhere,,10,https://www.immobiliare.it/annunci/119059955/,
126000235,"Stanza singola via Sesto Calende, Milano",860,€ 860/mese,1,1,16 m²,,Autonomo,arredato,Via Sesto Calende,"San Siro, Trenno",QT8,45.4842,9.1376,HousingAnywhere,,10,https://www.immobiliare.it/annunci/126000235/,
126038027,"Stanza singola via Cerva, Milano",990,€ 990/mese,1,1,10 m²,,Autonomo,"aria condizionata, arredato",Via Cerva,Centro,Borgogna - Largo Augusto,45.4639,9.1984,HousingAnywhere,,10,https://www.immobiliare.it/annunci/126038027/,
126038055,"Stanza singola corso Buenos Aires, Milano",940,€ 940/mese,1,1,11 m²,,Centralizzato,"aria condizionata, arredato",Corso Buenos Aires,"Centrale, Repubblica",Buenos Aires,45.4809,9.2113,HousingAnywhere,,10,https://www.immobiliare.it/annunci/126038055/,
127381535,"Stanza singola via Giovanni Battista Morgagni, Milano",899,€ 899/mese,1,1,10 m²,,Autonomo,arredato,Via Giovanni Battista Morgagni,"Centrale, Repubblica",Morgagni,45.4771,9.2106,HousingAnywhere,,10,https://www.immobiliare.it/annunci/127381535/,
126037301,"Stanza singola via Rembrandt, Milano",850,€ 850/mese,1,1,13 m²,,Centralizzato,arredato,Via Rembrandt,"San Siro, Trenno",San Siro,45.4676,9.1357,HousingAnywhere,,10,https://www.immobiliare.it/annunci/126037301/,
126038077,"Stanza singola via Plinio, Milano",890,€ 890/mese,1,1,12 m²,,Centralizzato,"aria condizionata, arredato",Via Plinio,"Città Studi, Susa",Città Studi,45.4746,9.222,HousingAnywhere,,10,https://www.immobiliare.it/annunci/126038077/,
126037895,"Stanza singola via Vettabbia, Milano",850,€ 850/mese,1,1,15 m²,,Centralizzato,arredato,Via Vettabbia,"Genova, Ticinese",Ticinese,45.4558,9.184,HousingAnywhere,,10,https://www.immobiliare.it/annunci/126037895/,
126037971,"Stanza multipla viale Regina Giovanna, Milano",1180,€ 1.180/mese,1,1,22 m²,,Centralizzato,arredato,Viale Regina Giovanna,"Porta Venezia, Indipendenza",Porta Venezia,45.4733,9.2139,HousingAnywhere,,10,https://www.immobiliare.it/annunci/126037971/,
127118749,"Stanza singola viale Bligny, Milano",1310,€ 1.310/mese,1,1,15 m²,,Centralizzato,arredato,Viale Bligny,Navigli,Bocconi,45.4509,9.1927,HousingAnywhere,,10,https://www.immobiliare.it/annunci/127118749/,
126042317,"Stanza singola viale Coni Zugna, Milano",990,€ 990/mese,1,1,18 m²,,Autonomo,arredato,Viale Coni Zugna,"Solari, Washington",Solari,45.4573,9.1693,HousingAnywhere,,10,https://www.immobiliare.it/annunci/126042317/,
124595557,"Stanza singola via Don Giovanni Bosco, Milano",840,€ 840/mese,1,1,14 m²,,Centralizzato,arredato,Via Don Giovanni Bosco,"Porta Vittoria, Lodi",Lodi - Brenta,45.4429,9.215,HousingAnywhere,,10,https://www.immobiliare.it/annunci/124595557/,
126035983,"Stanza singola corso Lodi, Milano",840,€ 840/mese,1,1,16 m²,,Centralizzato,arredato,Corso Lodi,"Corvetto, Rogoredo",Corvetto,45.4406,9.2235,HousingAnywhere,,10,https://www.immobiliare.it/annunci/126035983/,
125812285,"Stanza singola via del Don, Milano",940,€ 940/mese,1,1,12 m²,,Centralizzato,"aria condizionata, arredato",Via del Don,Centro,Carrobbio,45.4581,9.1847,HousingAnywhere,,10,https://www.immobiliare.it/annunci/125812285/,
126038023,"Stanza multipla viale Regina Giovanna, Milano",1040,€ 1.040/mese,1,1,29 m²,,Centralizzato,arredato,Viale Regina Giovanna,"Porta Venezia, Indipendenza",Porta Venezia,45.4733,9.2139,HousingAnywhere,,10,https://www.immobiliare.it/annunci/126038023/,
126042301,"Stanza singola via Tristano Calco, Milano",990,€ 990/mese,1,1,20 m²,,Autonomo,arredato,Via Tristano Calco,"Genova, Ticinese",San Vittore,45.4599,9.1677,HousingAnywhere,,10,https://www.immobiliare.it/annunci/126042301/,
126037903,"Stanza singola viale Papiniano, Milano",840,€ 840/mese,1,1,12 m²,,Centralizzato,arredato,Viale Papiniano,"Genova, Ticinese",Corso Genova,45.4579,9.1706,HousingAnywhere,,10,https://www.immobiliare.it/annunci/126037903/,
126037985,"Stanza multipla viale Carlo Troya, Milano",1090,€ 1.090/mese,1,1,15 m²,,Centralizzato,"aria condizionata, arredato",Viale Carlo Troya,"Napoli, Soderini",Piazza Napoli,45.4522,9.1541,HousingAnywhere,,10,https://www.immobiliare.it/annunci/126037985/,
127460340,"Stanza singola viale Bligny, Milano",1415,€ 1.415/mese,1,1,11 m²,,Centralizzato,arredato,Viale Bligny,Navigli,Bocconi,45.4509,9.1927,HousingAnywhere,,10,https://www.immobiliare.it/annunci/127460340/,
126039047,"Stanza singola via Panfilo Castaldi, Milano",970,€ 970/mese,1,1,10 m²,,Autonomo,arredato,Via Panfilo Castaldi,"Centrale, Repubblica",Repubblica,45.4779,9.2003,HousingAnywhere,,10,https://www.immobiliare.it/annunci/126039047/,
126037967,"Stanza multipla via Savona, Milano",1090,€ 1.090/mese,1,1,24 m²,,Centralizzato,"aria condizionata, arredato",Via Savona,"Famagosta, Barona",Giambellino,45.4496,9.1495,HousingAnywhere,,10,https://www.immobiliare.it/annunci/126037967/,
124565543,"Stanza singola via Luigi Mercantini, Milano",1200,€ 1.200/mese,1,1,9 m²,,Centralizzato,arredato,Via Luigi Mercantini,"Affori, Bovisa",Bovisa,45.5015,9.1632,HousingAnywhere,,10,https://www.immobiliare.it/annunci/124565543/,
126042275,"Stanza singola via Giovanni Boccaccio, Milano",965,€ 965/mese,1,1,12 m²,,Autonomo,"aria condizionata, arredato",Via Giovanni Boccaccio,"Arco della Pace, Arena, Pagano",Vincenzo Monti,45.4676,9.1674,HousingAnywhere,,10,https://www.immobiliare.it/annunci/126042275/,
111725991,"Stanza multipla via Filippo Brunelleschi, Milano",895,€ 895/mese,1,1,9 m²,,Centralizzato,"aria condizionata, arredato",Via Filippo Brunelleschi,"Famagosta, Barona",Giambellino,45.4487,9.1438,HousingAnywhere,,10,https://www.immobiliare.it/annunci/111725991/,
126413357,"Stanza singola viale Bligny, Milano",1310,€ 1.310/mese,1,1,14 m²,,Centralizzato,arredato,Viale Bligny,Navigli,Bocconi,45.4509,9.1927,HousingAnywhere,,10,https://www.immobiliare.it/annunci/126413357/,
118700533,"Stanza singola via Leo Longanesi, Milano",1250,€ 1.250/mese,1,1,20 m²,,Centralizzato,"aria condizionata, arredato",Via Leo Longanesi,"Porta Vittoria, Lodi",Lodi - Brenta,45.4459,9.2177,HousingAnywhere,,10,https://www.immobiliare.it/annunci/118700533/,
126038985,"Stanza singola via Guido Guarini Matteucci, Milano",850,€ 850/mese,1,1,15 m²,,Centralizzato,arredato,Via Guido Guarini Matteucci,"Bicocca, Niguarda",Ca' Granda,45.5056,9.1987,HousingAnywhere,,10,https://www.immobiliare.it/annunci/126038985/,
127647036,"Stanza in affitto in appartamento via Felice Casati, Milano",875,€ 875/mese,4,2,15 m²,3°,Autonomo,"fibra ottica, porta blindata, esposizione esterna, impianto tv centralizzato",Via Felice Casati,"Centrale, Repubblica",Repubblica,45.4793,9.20206,Spacest.com by Roomless,02 8974 1955,5,https://www.immobiliare.it/annunci/127647036/,
126511795,"Stanza singola viale Sabotino, Milano",1075,€ 1.075/mese,1,1,18 m²,,Centralizzato,arredato,Viale Sabotino,"Porta Romana, Cadore, Montenero",Porta Romana - Medaglie d'Oro,45.4509,9.1994,HousingAnywhere,,10,https://www.immobiliare.it/annunci/126511795/,
126038079,"Stanza singola via Plinio, Milano",840,€ 840/mese,1,1,12 m²,,Centralizzato,"aria condizionata, arredato",Via Plinio,"Città Studi, Susa",Città Studi,45.4746,9.222,HousingAnywhere,,10,https://www.immobiliare.it/annunci/126038079/,
121436036,"Stanza singola via Don Giovanni Bosco, Milano",870,€ 870/mese,1,1,9 m²,,Centralizzato,"aria condizionata, arredato",Via Don Giovanni Bosco,"Porta Vittoria, Lodi",Lodi - Brenta,45.4429,9.215,HousingAnywhere,,10,https://www.immobiliare.it/annunci/121436036/,
126037299,"Stanza singola via Rembrandt, Milano",850,€ 850/mese,1,1,13 m²,,Centralizzato,arredato,Via Rembrandt,"San Siro, Trenno",San Siro,45.4676,9.1357,HousingAnywhere,,10,https://www.immobiliare.it/annunci/126037299/,
123156067,"Stanza multipla via Generale Gustavo Fara, Milano",890,€ 890/mese,1,1,20 m²,,Autonomo,"aria condizionata, arredato",Via Generale Gustavo Fara,"Centrale, Repubblica",Centrale,45.4828,9.1981,HousingAnywhere,,10,https://www.immobiliare.it/annunci/123156067/,
126042283,"Stanza singola viale Coni Zugna, Milano",940,€ 940/mese,1,1,23 m²,,Autonomo,arredato,Viale Coni Zugna,"Solari, Washington",Solari,45.4573,9.1693,HousingAnywhere,,10,https://www.immobiliare.it/annunci/126042283/,
118700531,"Stanza singola via Leo Longanesi, Milano",1000,€ 1.000/mese,1,1,20 m²,,Centralizzato,arredato,Via Leo Longanesi,"Porta Vittoria, Lodi",Lodi - Brenta,45.4459,9.2177,HousingAnywhere,,10,https://www.immobiliare.it/annunci/118700531/,
125820471,"Stanza singola viale Beatrice d'Este, Milano",990,€ 990/mese,1,1,12 m²,,Centralizzato,"aria condizionata, arredato",Viale Beatrice d'Este,Navigli,Bocconi,45.4517,9.1929,HousingAnywhere,,10,https://www.immobiliare.it/annunci/125820471/,
126038071,"Stanza singola corso Lodi, Milano",890,€ 890/mese,1,1,13 m²,,Autonomo,"aria condizionata, arredato",Corso Lodi,"Porta Vittoria, Lodi",Lodi - Brenta,45.4451,9.2142,HousingAnywhere,,10,https://www.immobiliare.it/annunci/126038071/,
126038009,"Stanza singola via Leopoldo Cicognara, Milano",840,€ 840/mese,1,1,16 m²,,Autonomo,arredato,Via Leopoldo Cicognara,"Città Studi, Susa",Plebisciti - Susa,45.4684,9.2216,HousingAnywhere,,10,https://www.immobiliare.it/annunci/126038009/,
126038135,"Stanza singola piazza Argentina, Milano",840,€ 840/mese,1,1,8 m²,,Centralizzato,"aria condizionata, arredato",Piazza Argentina,"Centrale, Repubblica",Buenos Aires,45.4839,9.2149,HousingAnywhere,,10,https://www.immobiliare.it/annunci/126038135/,
126042467,"Stanza singola via Bernardo Rucellai, Milano",900,€ 900/mese,1,1,9 m²,,Autonomo,"aria condizionata, arredato",Via Bernardo Rucellai,"Precotto, Turro",Precotto,45.5125,9.2216,HousingAnywhere,,10,https://www.immobiliare.it/annunci/126042467/,
125820469,"Stanza singola viale Beatrice d'Este, Milano",1090,€ 1.090/mese,1,1,22 m²,,Centralizzato,"aria condizionata, arredato",Viale Beatrice d'Este,Navigli,Bocconi,45.4517,9.1929,HousingAnywhere,,10,https://www.immobiliare.it/annunci/125820469/,
127569804,"Stanza in affitto in appartamento via Leonardo Bistolfi, Milano",925,€ 925/mese,5+,3+,15 m²,1°,Autonomo,"fibra ottica, porta blindata, esposizione esterna, impianto tv centralizzato",Via Leonardo Bistolfi,"Udine, Lambrate",Lambrate,45.472,9.24519,Spacest.com by Roomless,02 8974 1955,5,https://www.immobiliare.it/annunci/127569804/,
127303389,"Stanza in affitto in appartamento via Leonardo Bistolfi, Milano",1010,€ 1.010/mese,5+,3+,15 m²,1°,Autonomo,"fibra ottica, porta blindata, esposizione esterna, impianto tv centralizzato",Via Leonardo Bistolfi,"Udine, Lambrate",Lambrate,45.472,9.24519,Spacest.com by Roomless,02 8974 1955,5,https://www.immobiliare.it/annunci/127303389/,
127118739,"Stanza singola via Olona, Milano",930,€ 930/mese,1,1,8 m²,,Centralizzato,arredato,Via Olona,"Genova, Ticinese",Corso Genova,45.4605,9.172,HousingAnywhere,,10,https://www.immobiliare.it/annunci/127118739/,
126042321,"Stanza singola via Giovanni Boccaccio, Milano",965,€ 965/mese,1,1,22 m²,,Autonomo,"aria condizionata, arredato",Via Giovanni Boccaccio,"Arco della Pace, Arena, Pagano",Vincenzo Monti,45.4676,9.1674,HousingAnywhere,,10,https://www.immobiliare.it/annunci/126042321/,
122756628,"Stanza singola viale Gian Galeazzo, Milano",1000,€ 1.000/mese,1,1,25 m²,,Centralizzato,"aria condizionata, arredato",Viale Gian Galeazzo,"Genova, Ticinese",Ticinese,45.4524,9.1842,HousingAnywhere,,10,https://www.immobiliare.it/annunci/122756628/,
126038029,"Stanza singola via Michelangelo Buonarroti, Milano",890,€ 890/mese,1,1,14 m²,,Autonomo,"aria condizionata, arredato",Via Michelangelo Buonarroti,"Solari, Washington",Vercelli - Wagner,45.4686,9.155,HousingAnywhere,,10,https://www.immobiliare.it/annunci/126038029/,
125773285,"Stanza singola viale Campania, Milano",840,€ 840/mese,1,1,19 m²,,Centralizzato,arredato,Viale Campania,"Città Studi, Susa",Plebisciti - Susa,45.466,9.2235,HousingAnywhere,,10,https://www.immobiliare.it/annunci/125773285/,
126037979,"Stanza singola via del Don, Milano",890,€ 890/mese,1,1,11 m²,,Centralizzato,"aria condizionata, arredato",Via del Don,Centro,Carrobbio,45.4581,9.1847,HousingAnywhere,,10,https://www.immobiliare.it/annunci/126037979/,
127303367,"Stanza in affitto in appartamento via Mario del Monaco, Milano",1110,€ 1.110/mese,1,1,15 m²,1°,Autonomo,"fibra ottica, porta blindata, esposizione esterna, impianto tv centralizzato",Via Mario del Monaco,"Affori, Bovisa",Quarto Oggiaro,45.5076,9.13731,Spacest.com by Roomless,02 8974 1955,16,https://www.immobiliare.it/annunci/127303367/,
127118751,"Stanza singola viale Bligny, Milano",1310,€ 1.310/mese,1,1,17 m²,,Centralizzato,arredato,Viale Bligny,Navigli,Bocconi,45.4509,9.1927,HousingAnywhere,,10,https://www.immobiliare.it/annunci/127118751/,
126038041,"Stanza singola via Donatello, Milano",890,€ 890/mese,1,1,14 m²,,Centralizzato,"aria condizionata, arredato",Via Donatello,"Città Studi, Susa",Città Studi,45.4802,9.22,HousingAnywhere,,10,https://www.immobiliare.it/annunci/126038041/,
126037597,"Stanza singola viale Famagosta, Milano",1020,€ 1.020/mese,1,1,14 m²,,Assente,arredato,Viale Famagosta,"Famagosta, Barona",Famagosta,45.4376,9.1629,HousingAnywhere,,10,https://www.immobiliare.it/annunci/126037597/,
125820371,"Stanza singola via Giuseppe Ripamonti, Milano",980,€ 980/mese,1,1,21 m²,,Centralizzato,"aria condizionata, arredato",Via Giuseppe Ripamonti,"Ripamonti, Vigentino",Vigentino - Fatima,45.4335,9.2012,HousingAnywhere,,10,https://www.immobiliare.it/annunci/125820371/,
126038001,"Stanza singola viale Beatrice d'Este, Milano",990,€ 990/mese,1,1,12 m²,,Centralizzato,"aria condizionata, arredato",Viale Beatrice d'Este,Navigli,Bocconi,45.4517,9.1929,HousingAnywhere,,10,https://www.immobiliare.it/annunci/126038001/,
127118753,"Stanza singola viale Bligny, Milano",1310,€ 1.310/mese,1,1,16 m²,,Centralizzato,arredato,Viale Bligny,Navigli,Bocconi,45.4509,9.1927,HousingAnywhere,,10,https://www.immobiliare.it/annunci/127118753/,
125812315,"Stanza singola via Calatafimi, Milano",1090,€ 1.090/mese,1,1,12 m²,,Centralizzato,"aria condizionata, arredato",Via Calatafimi,"Genova, Ticinese",Ticinese,45.4534,9.1838,HousingAnywhere,,10,https://www.immobiliare.it/annunci/125812315/,
126041231,"Stanza singola Alzaia Naviglio Pavese, Milano",880,€ 880/mese,1,1,18 m²,,Centralizzato,arredato,Alzaia Naviglio Pavese,Navigli,Navigli - Darsena,45.4476,9.1769,HousingAnywhere,,10,https://www.immobiliare.it/annunci/126041231/,
126038005,"Stanza singola viale Beatrice d'Este, Milano",990,€ 990/mese,1,1,12 m²,,Centralizzato,"aria condizionata, arredato",Viale Beatrice d'Este,Navigli,Bocconi,45.4517,9.1929,HousingAnywhere,,10,https://www.immobiliare.it/annunci/126038005/,
126021745,"Stanza doppia via Louis Pasteur 12, Milano",1200,€ 1.200/mese,5,1,120 m²,2°,Autonomo,"balcone, connessione ad internet, caminetto, giardino, lavatrice, lavastoviglie, microonde, con biancheria, tv, ingresso privato, armadi, cucina",Via Louis Pasteur,"Pasteur, Rovereto",Pasteur,45.4898,9.21949,Privato/Nessuna,,14,https://www.immobiliare.it/annunci/126021745/,
87582048,"Stanza doppia via Luigi Alamanni 18, Milano",500,€ 1.000/mese | € 500 a posto letto,4,1,90 m²,2°,Centralizzato,"connessione ad internet, ripostiglio, cucina, giardino, portineria, lavatrice, microonde, ascensore, ingresso privato, parquet, armadi, arredato",Via Luigi Alamanni,"Ripamonti, Vigentino",Vigentino - Fatima,45.4334,9.19856,Privato/Nessuna,,20,https://www.immobiliare.it/annunci/87582048/,
127004999,"Stanza singola via Emilio Morosini, Milano",900,€ 900/mese,4,2,110 m²,5°,Assente,"balcone, cucina, lavatrice, lavastoviglie, bagno in comune, aria condizionata, armadi",Via Emilio Morosini,"Porta Romana, Cadore, Montenero",Cadore,45.4583,9.2106,Immobiliare My House,02 8974 3566,34,https://www.immobiliare.it/annunci/127004999/,
112148131,"Stanza singola via Santa Maria Valle 7, Milano",850,€ 850/mese,5+,3+,24 m²,2°,Centralizzato,"ascensore, connessione ad internet, lavatrice, portineria, con biancheria, bagno privato, tv, armadi, cucina",Via Santa Maria Valle,Centro,Carrobbio,45.4596,9.18419,Privato/Nessuna,,8,https://www.immobiliare.it/annunci/112148131/,
120201568,"Stanza singola via Santa Maria Valle 7, Milano",850,€ 850/mese,5+,3+,24 m²,2°,Centralizzato,"ascensore, connessione ad internet, lavatrice, portineria, con biancheria, bagno privato, tv, armadi, cucina",Via Santa Maria Valle,Centro,Carrobbio,45.4596,9.18419,Privato/Nessuna,,7,https://www.immobiliare.it/annunci/120201568/,
122319702,"Stanza doppia via Giovanni Durando 21, Milano",1500,€ 1.500/mese,2,1,40 m²,3°,Assente,"giardino, palestra, cucina, sistema di allarme, connessione ad internet, lavatrice, microonde, portineria, con biancheria, bagno privato, aria condizionata, armadi",Via Giovanni Durando,"Affori, Bovisa",Bovisa,45.5054,9.1635,aparto italy,02 9994 8854,25,https://www.immobiliare.it/annunci/122319702/,
124624957,"Stanza singola piazzale Biancamano 1, Milano",1100,€ 1.100/mese,5+,3,18 m²,18°,Assente,"cucina, connessione ad internet, lavatrice, lavastoviglie, microonde, portineria, bagno in comune, aria condizionata, armadi",Piazzale Biancamano,"Arco della Pace, Arena, Pagano",Arena,45.4784,9.1807,Studio Bondioli,02 5964 9153,17,https://www.immobiliare.it/annunci/124624957/,
75098576,"Stanza doppia via Marcello Prestinari 14, Milano",850,€ 850/mese,5,3+,24 m²,1°,Assente,"ripostiglio, balcone, cucina, connessione ad internet, lavatrice, lavastoviglie, microonde, bagno privato, parquet, tv, aria condizionata, armadi",Via Marcello Prestinari,"Affori, Bovisa",Bovisa,45.5012,9.168,Lucky Group di Enrico Rocco Mecca,02 8736 2530,19,https://www.immobiliare.it/annunci/75098576/,
112432069,"Stanza in affitto in appartamento via Padova 32, Milano",900,€ 900/mese,2,1,45 m²,4°,Assente,"balcone, cucina, connessione ad internet, microonde, con biancheria, bagno privato, parquet, tv, aria condizionata, ingresso privato, armadi",Via Padova,"Pasteur, Rovereto",Pasteur,45.4886,9.22,GM Homestyle,02 3540 8960,29,https://www.immobiliare.it/annunci/112432069/,
122073348,"Stanza doppia via Giosuè Borsi 6, Milano",875,€ 875/mese,3,2,15 m²,4°,Assente,"ripostiglio, balcone, cucina, connessione ad internet, lavatrice, lavastoviglie, tv satellitare/pay tv, bagno privato, parquet, attacco telefonico, aria condizionata, ingresso privato, armadi",Via Giosuè Borsi,Navigli,Navigli - Darsena,45.4476,9.1761,Circle Real Estate srl,02 5964 9048,15,https://www.immobiliare.it/annunci/122073348/,
126189451,"Stanza singola via Plinio 3, Milano",850,€ 850/mese,2,2,16 m²,1°,Assente,"balcone, cucina, connessione ad internet, lavatrice, microonde, tv satellitare/pay tv, bagno privato, parquet, tv, aria condizionata, armadi",Via Plinio,"Centrale, Repubblica",Buenos Aires,45.4798,9.2117,Rtr Immobiliare Plinio,02 3540 9150,27,https://www.immobiliare.it/annunci/126189451/,
125435127,"Stanza doppia via Antonio Grossich 17, Milano",950,€ 950/mese,4,2,120 m²,12°,Assente,"ripostiglio, balcone, cucina, connessione ad internet, lavatrice, lavastoviglie, microonde, tv satellitare/pay tv, portineria, bagno in comune, parquet, attacco telefonico, tv, armadi",Via Antonio Grossich,"Città Studi, Susa",Città Studi,45.4824,9.2341,Studio Di Terlizzi,02 5964 7048,18,https://www.immobiliare.it/annunci/125435127/,
105930587,"Stanza singola via Manlio e Gioacchino Savare, 1, Milano",1100,€ 1.100/mese,5,2,20 m²,5°,Assente,"ripostiglio, balcone, cucina, connessione ad internet, lavatrice, lavastoviglie, microonde, portineria, bagno in comune, aria condizionata, armadi","Via Manlio e Gioacchino Savare, 1","Quadronno, Palestro, Guastalla",Guastalla,45.4628,9.2037,DS Real Estate,02 5964 6542,20,https://www.immobiliare.it/annunci/105930587/,
123776421,"Stanza singola via Procopio 1, Milano",1050,€ 1.050/mese,4,2,120 m²,5°,Assente,"giardino, palestra, balcone, terrazzo, connessione ad internet, lavatrice, lavastoviglie, microonde, tv satellitare/pay tv, portineria, bagno privato, aria condizionata, armadi",Via Procopio,"Solari, Washington",Washington,45.4564,9.154,DS Real Estate,02 5964 6542,10,https://www.immobiliare.it/annunci/123776421/,
75637544,"Stanza singola viale Coni Zugna 1, Milano",850,€ 850/mese,4,1,120 m²,3°,Assente,"ripostiglio, balcone, cucina, connessione ad internet, lavatrice, portineria, bagno in comune, parquet, aria condizionata, armadi",Viale Coni Zugna,"Solari, Washington",Dezza,45.4606,9.1643,House Gallery Di Laura Ricci,02 8295 5721,20,https://www.immobiliare.it/annunci/75637544/,
113789397,"Stanza singola viale Lazio 8, Milano",975,€ 975/mese,3,1,70 m²,5°,Assente,"ripostiglio, cucina, connessione ad internet, caminetto, lavatrice, microonde, portineria, bagno in comune, parquet, armadi",Viale Lazio,"Porta Romana, Cadore, Montenero",Porta Romana - Medaglie d'Oro,45.4556,9.2065,DS Real Estate,02 5964 6542,15,https://www.immobiliare.it/annunci/113789397/,
125929271,"Stanza singola via Manlio e Gioacchino Savaré 1, Milano",1000,€ 1.000/mese,5,2,15 m²,5°,Assente,"ripostiglio, balcone, cucina, connessione ad internet, lavatrice, lavastoviglie, microonde, portineria, bagno in comune, aria condizionata, armadi",Via Manlio e Gioacchino Savaré,"Quadronno, Palestro, Guastalla",Guastalla,45.4625,9.2035,DS Real Estate,02 5964 6542,11,https://www.immobiliare.it/annunci/125929271/,
126917355,"Stanza in affitto in appartamento viale Emilio Caldara, Milano",1010,€ 1.010/mese,5+,2,167 m²,"5°, con ascensore",Autonomo,"fibra ottica, porta blindata, esposizione esterna, impianto tv centralizzato",Viale Emilio Caldara,"Quadronno, Palestro, Guastalla",Quadronno - Crocetta,45.4535,9.20199,Spacest.com by Roomless,02 8974 1955,33,https://www.immobiliare.it/annunci/126917355/,
126917779,"Stanza in affitto in appartamento piazza Maria Adelaide di Savoia, Milano",950,€ 950/mese,5+,2,141 m²,"1°, con ascensore",Autonomo,"fibra ottica, porta blindata, esposizione esterna, impianto tv centralizzato",Piazza Maria Adelaide di Savoia,"Centrale, Repubblica",Morgagni,45.4734,9.21442,Spacest.com by Roomless,02 8974 1955,37,https://www.immobiliare.it/annunci/126917779/,
126916951,"Stanza in affitto in appartamento via Cosimo Del Fante, Milano",850,€ 850/mese,5+,2,143 m²,"1°, con ascensore",Autonomo,"fibra ottica, porta blindata, esposizione esterna, impianto tv centralizzato",Via Cosimo Del Fante,"Genova, Ticinese",Ticinese,45.4555,9.18524,Spacest.com by Roomless,02 8974 1955,29,https://www.immobiliare.it/annunci/126916951/,
126916745,"Stanza in affitto in appartamento viale Brianza, Milano",840,€ 840/mese,5,2,15 m²,4°,Autonomo,"fibra ottica, porta blindata, esposizione esterna, impianto tv centralizzato",Viale Brianza,"Centrale, Repubblica",Centrale,45.4889,9.20984,Spacest.com by Roomless,02 8974 1955,23,https://www.immobiliare.it/annunci/126916745/,
126915875,"Stanza in affitto in appartamento via Savona, Milano",1020,€ 1.020/mese,4,2,80 m²,"2°, con ascensore",Autonomo,"fibra ottica, porta blindata, esposizione esterna, impianto tv centralizzato",Via Savona,"Famagosta, Barona",Giambellino,45.4488,9.15228,Spacest.com by Roomless,02 8974 1955,13,https://www.immobiliare.it/annunci/126915875/,
126917875,"Stanza in affitto in appartamento via Antonio Bazzini, Milano",920,€ 920/mese,4,1,82 m²,2°,Autonomo,"fibra ottica, porta blindata, esposizione esterna, impianto tv centralizzato",Via Antonio Bazzini,"Città Studi, Susa",Città Studi,45.4831,9.22494,Spacest.com by Roomless,02 8974 1955,33,https://www.immobiliare.it/annunci/126917875/,
126917463,"Stanza in affitto in appartamento viale Emilio Caldara, Milano",1035,€ 1.035/mese,5+,3,200 m²,"3°, con ascensore",Autonomo,"fibra ottica, porta blindata, esposizione esterna, impianto tv centralizzato",Viale Emilio Caldara,"Porta Romana, Cadore, Montenero",Montenero,45.4572,9.20484,Spacest.com by Roomless,02 8974 1955,44,https://www.immobiliare.it/annunci/126917463/,
126917211,"Stanza in affitto in appartamento viale Coni Zugna, Milano",995,€ 995/mese,5+,2,136 m²,"1°, con ascensore",Autonomo,"fibra ottica, porta blindata, esposizione esterna, impianto tv centralizzato",Viale Coni Zugna,"Solari, Washington",Solari,45.459,9.1671,Spacest.com by Roomless,02 8974 1955,51,https://www.immobiliare.it/annunci/126917211/,
126042903,"Stanza singola via Fernanda Wittgens, Milano",844,€ 844/mese,1,1,14 m²,,Autonomo,"aria condizionata, arredato",Via Fernanda Wittgens,Centro,Carrobbio,45.4576,9.1841,HousingAnywhere,,9,https://www.immobiliare.it/annunci/126042903/,
127647020,"Stanza in affitto in appartamento viale Bligny, Milano",1245,€ 1.245/mese,4,1,60 m²,"1°, con ascensore",Autonomo,"fibra ottica, porta blindata, esposizione esterna, impianto tv centralizzato",Viale Bligny,Navigli,Bocconi,45.4508,9.19124,Spacest.com by Roomless,02 8974 1955,14,https://www.immobiliare.it/annunci/127647020/,
125982171,"Stanza singola via Andrea Palladio, Milano",850,€ 850/mese,1,1,35 m²,,Centralizzato,"aria condizionata, arredato",Via Andrea Palladio,"Porta Romana, Cadore, Montenero",Porta Romana - Medaglie d'Oro,45.4476,9.2004,HousingAnywhere,,9,https://www.immobiliare.it/annunci/125982171/,
122574382,"Stanza singola via Giuseppe Ripamonti, Milano",995,€ 995/mese,1,1,23 m²,,Centralizzato,"aria condizionata, arredato",Via Giuseppe Ripamonti,"Ripamonti, Vigentino",Vigentino - Fatima,45.4335,9.2012,HousingAnywhere,,9,https://www.immobiliare.it/annunci/122574382/,
126042255,"Stanza singola via Domenichino, Milano",840,€ 840/mese,1,1,23 m²,,Autonomo,arredato,Via Domenichino,"Fiera, Sempione, City Life, Portello",Amendola - Buonarroti,45.4731,9.1495,HousingAnywhere,,9,https://www.immobiliare.it/annunci/126042255/,
127646774,"Stanza in affitto in appartamento viale Bligny, Milano",1245,€ 1.245/mese,4,1,60 m²,"1°, con ascensore",Autonomo,"fibra ottica, porta blindata, esposizione esterna, impianto tv centralizzato",Viale Bligny,Navigli,Bocconi,45.4508,9.19124,Spacest.com by Roomless,02 8974 1955,14,https://www.immobiliare.it/annunci/127646774/,
126042289,"Stanza singola via Domenichino, Milano",940,€ 940/mese,1,1,14 m²,,Autonomo,arredato,Via Domenichino,"Fiera, Sempione, City Life, Portello",Amendola - Buonarroti,45.4731,9.1495,HousingAnywhere,,9,https://www.immobiliare.it/annunci/126042289/,
122756620,"Stanza singola viale Gian Galeazzo, Milano",1000,€ 1.000/mese,1,1,25 m²,,Centralizzato,arredato,Viale Gian Galeazzo,"Genova, Ticinese",Ticinese,45.4524,9.1842,HousingAnywhere,,9,https://www.immobiliare.it/annunci/122756620/,
107196703,"Stanza singola via Filippo Brunelleschi, Milano",895,€ 895/mese,1,1,9 m²,,Centralizzato,"aria condizionata, arredato",Via Filippo Brunelleschi,"Famagosta, Barona",Giambellino,45.4487,9.1438,HousingAnywhere,,9,https://www.immobiliare.it/annunci/107196703/,
127462814,"Stanza in affitto in appartamento via Bernardino Verro, Milano",1100,€ 1.100/mese,3,1,85 m²,1°,Assente,"fibra ottica, porta blindata, esposizione esterna, impianto tv centralizzato",Via Bernardino Verro,"Ripamonti, Vigentino",Ripamonti - Fondazione Prada,45.4378,9.193,Spacest.com by Roomless,02 8974 1955,6,https://www.immobiliare.it/annunci/127462814/,
126037905,"Stanza singola viale Papiniano, Milano",880,€ 880/mese,1,1,12 m²,,Centralizzato,arredato,Viale Papiniano,"Genova, Ticinese",Corso Genova,45.4579,9.1706,HousingAnywhere,,9,https://www.immobiliare.it/annunci/126037905/,
113938495,"Stanza singola corso Sempione, Milano",980,€ 980/mese,1,1,30 m²,,Centralizzato,"aria condizionata, arredato",Corso Sempione,"Fiera, Sempione, City Life, Portello",Sempione,45.4855,9.1604,HousingAnywhere,,9,https://www.immobiliare.it/annunci/113938495/,
124839225,"Stanza singola via Cassano d'Adda, Milano",940,€ 940/mese,1,1,20 m²,,Centralizzato,"aria condizionata, arredato",Via Cassano d'Adda,"Corvetto, Rogoredo",Corvetto,45.4386,9.2098,HousingAnywhere,,9,https://www.immobiliare.it/annunci/124839225/,
126042267,"Stanza singola via Michelangelo Buonarroti, Milano",965,€ 965/mese,1,1,10 m²,,Autonomo,"aria condizionata, arredato",Via Michelangelo Buonarroti,"Solari, Washington",Vercelli - Wagner,45.4689,9.1556,HousingAnywhere,,9,https://www.immobiliare.it/annunci/126042267/,
127569802,"Stanza in affitto in appartamento piazza Irnerio, Milano",930,€ 930/mese,3,1,90 m²,6°,Autonomo,"fibra ottica, porta blindata, esposizione esterna, balcone, impianto tv centralizzato",Piazza Irnerio,"Solari, Washington",Washington,45.4611,9.15286,Spacest.com by Roomless,02 8974 1955,12,https://www.immobiliare.it/annunci/127569802/,
127355931,"Stanza in affitto in appartamento corso Lodi, Milano",840,€ 840/mese,4,3,15 m²,1°,Autonomo,"fibra ottica, porta blindata, esposizione esterna, balcone, terrazzo, impianto tv centralizzato",Corso Lodi,"Corvetto, Rogoredo",Corvetto,45.4406,9.22354,Spacest.com by Roomless,02 8974 1955,28,https://www.immobiliare.it/annunci/127355931/,
127303353,"Stanza in affitto in appartamento Alzaia Naviglio Pavese, Milano",1100,€ 1.100/mese,3,2,78 m²,1°,Assente,"fibra ottica, porta blindata, esposizione esterna, impianto tv centralizzato",Alzaia Naviglio Pavese,"Famagosta, Barona",Famagosta,45.4395,9.17476,Spacest.com by Roomless,02 8974 1955,14,https://www.immobiliare.it/annunci/127303353/,
127105515,"Stanza in affitto in casa indipendente piazzale Biancamano, 1, Milano",900,€ 900/mese,1,3,35 m²,"4° piano, con ascensore",Centralizzato,"aria condizionata, porta blindata, balcone, arredato","piazzale Biancamano, 1","Arco della Pace, Arena, Pagano",Arena,45.4783,9.18053,Studio 15 Soluzioni Immobiliari Srl,02 3540 5769,25,https://www.immobiliare.it/annunci/127105515/,
107196699,"Stanza singola via Filippo Brunelleschi, Milano",895,€ 895/mese,1,1,9 m²,,Centralizzato,"aria condizionata, arredato",Via Filippo Brunelleschi,"Famagosta, Barona",Giambellino,45.4487,9.1438,HousingAnywhere,,8,https://www.immobiliare.it/annunci/107196699/,
125812297,"Stanza singola viale Tibaldi, Milano",890,€ 890/mese,1,1,9 m²,,Centralizzato,"aria condizionata, arredato",Viale Tibaldi,"Abbiategrasso, Chiesa Rossa",Pezzotti - Meda,45.4444,9.184,HousingAnywhere,,8,https://www.immobiliare.it/annunci/125812297/,
127490572,"Stanza in affitto in appartamento viale Coni Zugna, Milano",1280,€ 1.280/mese,3,3,15 m²,1°,Autonomo,"fibra ottica, porta blindata, esposizione esterna, impianto tv centralizzato",Viale Coni Zugna,"Solari, Washington",Solari,45.4573,9.16933,Spacest.com by Roomless,02 8974 1955,4,https://www.immobiliare.it/annunci/127490572/,
126982281,"Stanza singola via Medardo Rosso, Milano",870,€ 870/mese,1,1,18 m²,,Centralizzato,arredato,Via Medardo Rosso,"Cenisio, Sarpi, Isola",Isola,45.4904,9.1847,HousingAnywhere,,8,https://www.immobiliare.it/annunci/126982281/,
126242225,"Stanza singola corso Buenos Aires, Milano",840,€ 840/mese,1,1,14 m²,,Autonomo,"aria condizionata, arredato",Corso Buenos Aires,"Centrale, Repubblica",Buenos Aires,45.4811,9.2114,HousingAnywhere,,8,https://www.immobiliare.it/annunci/126242225/,
127356083,"Stanza in affitto in appartamento viale Coni Zugna, Milano",890,€ 890/mese,3,3,15 m²,1°,Autonomo,"fibra ottica, porta blindata, esposizione esterna, balcone, impianto tv centralizzato",Viale Coni Zugna,"Solari, Washington",Solari,45.4573,9.16933,Spacest.com by Roomless,02 8974 1955,4,https://www.immobiliare.it/annunci/127356083/,
126040411,"Stanza multipla via Gentilino, Milano",930,€ 930/mese,1,1,20 m²,,Centralizzato,arredato,Via Gentilino,Navigli,Corso San Gottardo,45.4491,9.1814,HousingAnywhere,,8,https://www.immobiliare.it/annunci/126040411/,
127356419,"Stanza in affitto in appartamento viale Coni Zugna, Milano",890,€ 890/mese,3,3,15 m²,1°,Autonomo,"fibra ottica, porta blindata, esposizione esterna, balcone, impianto tv centralizzato",Viale Coni Zugna,"Solari, Washington",Solari,45.4573,9.16933,Spacest.com by Roomless,02 8974 1955,4,https://www.immobiliare.it/annunci/127356419/,
126038051,"Stanza singola corso Buenos Aires, Milano",890,€ 890/mese,1,1,15 m²,,Autonomo,"aria condizionata, arredato",Corso Buenos Aires,"Centrale, Repubblica",Buenos Aires,45.4811,9.2114,HousingAnywhere,,8,https://www.immobiliare.it/annunci/126038051/,
127646592,"Stanza in affitto in appartamento viale Carlo Espinasse, Milano",1875,€ 1.875/mese,4,1,70 m²,1°,Autonomo,"fibra ottica, porta blindata, esposizione esterna, impianto tv centralizzato",Viale Carlo Espinasse,"Uptown, Cascina Merlata, Viale Certosa",Certosa,45.4945,9.14426,Spacest.com by Roomless,02 8974 1955,4,https://www.immobiliare.it/annunci/127646592/,
127356367,"Stanza in affitto in appartamento viale Coni Zugna, Milano",1280,€ 1.280/mese,3,3,15 m²,1°,Autonomo,"fibra ottica, porta blindata, esposizione esterna, impianto tv centralizzato",Viale Coni Zugna,"Solari, Washington",Solari,45.4573,9.16933,Spacest.com by Roomless,02 8974 1955,4,https://www.immobiliare.it/annunci/127356367/,
122519326,"Stanza singola via Bordighera, Milano",950,€ 950/mese,1,1,30 m²,,Centralizzato,"aria condizionata, arredato",Via Bordighera,"Famagosta, Barona",Famagosta,45.4399,9.1736,HousingAnywhere,,8,https://www.immobiliare.it/annunci/122519326/,
125812293,"Stanza singola viale Tibaldi, Milano",890,€ 890/mese,1,1,11 m²,,Centralizzato,"aria condizionata, arredato",Viale Tibaldi,"Abbiategrasso, Chiesa Rossa",Pezzotti - Meda,45.4444,9.184,HousingAnywhere,,8,https://www.immobiliare.it/annunci/125812293/,
126042545,"Stanza singola via Manlio e Gioacchino SavarÃ©, Milano",1170,€ 1.170/mese,1,1,12 m²,,Centralizzato,"aria condizionata, arredato",Via Manlio e Gioacchino SavarÃ©,"Quadronno, Palestro, Guastalla",Guastalla,45.4628,9.2037,HousingAnywhere,,8,https://www.immobiliare.it/annunci/126042545/,
126042323,"Stanza singola via Michelangelo Buonarroti, Milano",965,€ 965/mese,1,1,14 m²,,Autonomo,"aria condizionata, arredato",Via Michelangelo Buonarroti,"Solari, Washington",Vercelli - Wagner,45.4689,9.1556,HousingAnywhere,,8,https://www.immobiliare.it/annunci/126042323/,
125812299,"Stanza singola viale Tibaldi, Milano",990,€ 990/mese,1,1,18 m²,,Centralizzato,"aria condizionata, arredato",Viale Tibaldi,"Abbiategrasso, Chiesa Rossa",Pezzotti - Meda,45.4444,9.184,HousingAnywhere,,8,https://www.immobiliare.it/annunci/125812299/,
126040395,"Stanza singola via Bordighera, Milano",950,€ 950/mese,1,1,20 m²,,Centralizzato,"aria condizionata, arredato",Via Bordighera,"Famagosta, Barona",Famagosta,45.4399,9.1736,HousingAnywhere,,8,https://www.immobiliare.it/annunci/126040395/,
125812295,"Stanza singola viale Tibaldi, Milano",940,€ 940/mese,1,1,11 m²,,Centralizzato,"aria condizionata, arredato",Viale Tibaldi,"Abbiategrasso, Chiesa Rossa",Pezzotti - Meda,45.4444,9.184,HousingAnywhere,,8,https://www.immobiliare.it/annunci/125812295/,
121652160,"Stanza singola viale Coni Zugna, Milano",1180,€ 1.180/mese,1,1,30 m²,,Centralizzato,arredato,Viale Coni Zugna,"Solari, Washington",Solari,45.4573,9.1693,HousingAnywhere,,8,https://www.immobiliare.it/annunci/121652160/,
125812287,"Stanza singola viale Tibaldi, Milano",940,€ 940/mese,1,1,11 m²,,Centralizzato,"aria condizionata, arredato",Viale Tibaldi,"Abbiategrasso, Chiesa Rossa",Pezzotti - Meda,45.4444,9.184,HousingAnywhere,,8,https://www.immobiliare.it/annunci/125812287/,
127462872,"Stanza in affitto in appartamento via Giovanni Pezzotti, Milano",870,€ 870/mese,2,1,15 m²,5°,Autonomo,"fibra ottica, porta blindata, esposizione esterna, impianto tv centralizzato",Via Giovanni Pezzotti,"Abbiategrasso, Chiesa Rossa",Pezzotti - Meda,45.4405,9.18311,Spacest.com by Roomless,02 8974 1955,15,https://www.immobiliare.it/annunci/127462872/,
127355655,"Stanza in affitto in appartamento viale Carlo Espinasse, Milano",840,€ 840/mese,2,1,15 m²,1°,Autonomo,"fibra ottica, porta blindata, esposizione esterna, impianto tv centralizzato",Viale Carlo Espinasse,"Uptown, Cascina Merlata, Viale Certosa",Certosa,45.4989,9.14104,Spacest.com by Roomless,02 8974 1955,16,https://www.immobiliare.it/annunci/127355655/,
127384739,"Stanza in affitto in appartamento via Vigevano, Milano",1050,€ 1.050/mese,2,1,15 m²,"7°, con ascensore",Autonomo,"fibra ottica, porta blindata, esposizione esterna, impianto tv centralizzato",Via Vigevano,Navigli,Navigli - Darsena,45.4531,9.17257,Spacest.com by Roomless,02 8974 1955,17,https://www.immobiliare.it/annunci/127384739/,
127602440,"Stanza in affitto in appartamento via Gaspare Aselli, Milano",980,€ 980/mese,2,1,15 m²,"2°, con ascensore",Autonomo,"fibra ottica, porta blindata, esposizione esterna, impianto tv centralizzato",Via Gaspare Aselli,"Città Studi, Susa",Città Studi,45.4719,9.22992,Spacest.com by Roomless,02 8974 1955,19,https://www.immobiliare.it/annunci/127602440/,
127504704,"Stanza in affitto in appartamento viale Regina Margherita, Milano",1040,€ 1.040/mese,4,2,15 m²,1°,Autonomo,"fibra ottica, porta blindata, esposizione esterna, impianto tv centralizzato",Viale Regina Margherita,"Quadronno, Palestro, Guastalla",Guastalla,45.4603,9.20626,Spacest.com by Roomless,02 8974 1955,21,https://www.immobiliare.it/annunci/127504704/,
127275205,"Stanza in affitto in appartamento via Giovanni Pezzotti, Milano",840,€ 840/mese,2,1,15 m²,3°,Autonomo,"fibra ottica, porta blindata, esposizione esterna, impianto tv centralizzato",Via Giovanni Pezzotti,"Abbiategrasso, Chiesa Rossa",Pezzotti - Meda,45.4405,9.18311,Spacest.com by Roomless,02 8974 1955,17,https://www.immobiliare.it/annunci/127275205/,
127462868,"Stanza in affitto in appartamento via Renato Fucini, Milano",890,€ 890/mese,4,2,15 m²,1°,Autonomo,"fibra ottica, porta blindata, esposizione esterna, impianto tv centralizzato",Via Renato Fucini,"Città Studi, Susa",Città Studi,45.4783,9.22257,Spacest.com by Roomless,02 8974 1955,18,https://www.immobiliare.it/annunci/127462868/,
127384731,"Stanza in affitto in appartamento via Luciano Zuccoli, Milano",880,€ 880/mese,2,1,15 m²,1°,Autonomo,"fibra ottica, porta blindata, esposizione esterna, impianto tv centralizzato",Via Luciano Zuccoli,"Maggiolina, Istria",Cascina dei Pomi,45.4953,9.20834,Spacest.com by Roomless,02 8974 1955,14,https://www.immobiliare.it/annunci/127384731/,
127275201,"Stanza in affitto in appartamento via Francesco Brioschi, Milano",910,€ 910/mese,2,1,15 m²,1°,Autonomo,"fibra ottica, porta blindata, esposizione esterna, impianto tv centralizzato",Via Francesco Brioschi,"Abbiategrasso, Chiesa Rossa",Pezzotti - Meda,45.4398,9.18187,Spacest.com by Roomless,02 8974 1955,15,https://www.immobiliare.it/annunci/127275201/,
127490518,"Stanza in affitto in appartamento via Francesco Brioschi, Milano",940,€ 940/mese,2,1,15 m²,1°,Autonomo,"fibra ottica, porta blindata, esposizione esterna, impianto tv centralizzato",Via Francesco Brioschi,"Abbiategrasso, Chiesa Rossa",Pezzotti - Meda,45.438,9.18203,Spacest.com by Roomless,02 8974 1955,13,https://www.immobiliare.it/annunci/127490518/,
127602432,"Stanza in affitto in appartamento via Pellegrino Rossi, Milano",860,€ 860/mese,3,2,15 m²,3°,Autonomo,"fibra ottica, porta blindata, esposizione esterna, impianto tv centralizzato",Via Pellegrino Rossi,"Affori, Bovisa",Dergano,45.5079,9.17857,Spacest.com by Roomless,02 8974 1955,19,https://www.immobiliare.it/annunci/127602432/,
127490512,"Stanza in affitto in appartamento via Renato Fucini, Milano",990,€ 990/mese,4,2,15 m²,1°,Autonomo,"fibra ottica, porta blindata, esposizione esterna, impianto tv centralizzato",Via Renato Fucini,"Città Studi, Susa",Città Studi,45.4783,9.22257,Spacest.com by Roomless,02 8974 1955,18,https://www.immobiliare.it/annunci/127490512/,
127646864,"Stanza in affitto in appartamento piazza Monte Titano, Milano",920,€ 920/mese,2,1,15 m²,1°,Autonomo,"fibra ottica, porta blindata, esposizione esterna, impianto tv centralizzato",Piazza Monte Titano,"Udine, Lambrate",Udine,45.4864,9.23851,Spacest.com by Roomless,02 8974 1955,18,https://www.immobiliare.it/annunci/127646864/,
127513894,"Stanza in affitto in appartamento via Francesco Brioschi, Milano",990,€ 990/mese,2,1,15 m²,3°,Autonomo,"fibra ottica, porta blindata, esposizione esterna, impianto tv centralizzato",Via Francesco Brioschi,"Abbiategrasso, Chiesa Rossa",Pezzotti - Meda,45.438,9.18203,Spacest.com by Roomless,02 8974 1955,16,https://www.immobiliare.it/annunci/127513894/,
127490514,"Stanza in affitto in appartamento via Giovanni Pezzotti, Milano",980,€ 980/mese,2,1,15 m²,5°,Autonomo,"fibra ottica, porta blindata, esposizione esterna, impianto tv centralizzato",Via Giovanni Pezzotti,"Abbiategrasso, Chiesa Rossa",Pezzotti - Meda,45.4405,9.18311,Spacest.com by Roomless,02 8974 1955,14,https://www.immobiliare.it/annunci/127490514/,
127355649,"Stanza in affitto in appartamento via Ambrogio Binda, Milano",840,€ 840/mese,4,2,15 m²,1°,Autonomo,"fibra ottica, porta blindata, esposizione esterna, impianto tv centralizzato",Via Ambrogio Binda,"Famagosta, Barona",Barona,45.4409,9.15465,Spacest.com by Roomless,02 8974 1955,22,https://www.immobiliare.it/annunci/127355649/,
127646820,"Stanza in affitto in appartamento via Gaspare Aselli, Milano",980,€ 980/mese,2,1,15 m²,"2°, con ascensore",Autonomo,"fibra ottica, porta blindata, esposizione esterna, impianto tv centralizzato",Via Gaspare Aselli,"Città Studi, Susa",Città Studi,45.4719,9.22992,Spacest.com by Roomless,02 8974 1955,14,https://www.immobiliare.it/annunci/127646820/,
127303675,"Stanza in affitto in appartamento via Giovanni Pezzotti, Milano",840,€ 840/mese,2,1,15 m²,1°,Autonomo,"fibra ottica, porta blindata, esposizione esterna, impianto tv centralizzato",Via Giovanni Pezzotti,"Abbiategrasso, Chiesa Rossa",Pezzotti - Meda,45.4397,9.18299,Spacest.com by Roomless,02 8974 1955,17,https://www.immobiliare.it/annunci/127303675/,
127384779,"Stanza in affitto in appartamento corso Lodi, Milano",890,€ 890/mese,4,3,15 m²,1°,Autonomo,"fibra ottica, porta blindata, esposizione esterna, balcone, terrazzo, impianto tv centralizzato",Corso Lodi,"Corvetto, Rogoredo",Corvetto,45.4406,9.22354,Spacest.com by Roomless,02 8974 1955,22,https://www.immobiliare.it/annunci/127384779/,
127513946,"Stanza in affitto in appartamento via Renato Fucini, Milano",990,€ 990/mese,4,2,15 m²,1°,Autonomo,"fibra ottica, porta blindata, esposizione esterna, impianto tv centralizzato",Via Renato Fucini,"Città Studi, Susa",Città Studi,45.4783,9.22257,Spacest.com by Roomless,02 8974 1955,18,https://www.immobiliare.it/annunci/127513946/,
127462870,"Stanza in affitto in appartamento via Vigevano, Milano",1560,€ 1.560/mese,1,1,15 m²,1°,Autonomo,"fibra ottica, porta blindata, esposizione esterna, impianto tv centralizzato",Via Vigevano,Navigli,Navigli - Darsena,45.4528,9.17026,Spacest.com by Roomless,02 8974 1955,21,https://www.immobiliare.it/annunci/127462870/,
127303729,"Stanza in affitto in appartamento via Bernardino Biondelli, Milano",970,€ 970/mese,2,1,15 m²,1°,Autonomo,"fibra ottica, porta blindata, esposizione esterna, impianto tv centralizzato",Via Bernardino Biondelli,"Abbiategrasso, Chiesa Rossa",Pezzotti - Meda,45.4402,9.18881,Spacest.com by Roomless,02 8974 1955,22,https://www.immobiliare.it/annunci/127303729/,
127490508,"Stanza in affitto in appartamento via Carlo Darwin, Milano",1090,€ 1.090/mese,3,2,15 m²,1°,Autonomo,"fibra ottica, porta blindata, esposizione esterna, impianto tv centralizzato",Via Carlo Darwin,Navigli,Navigli - Darsena,45.4454,9.17548,Spacest.com by Roomless,02 8974 1955,17,https://www.immobiliare.it/annunci/127490508/,
127513890,"Stanza in affitto in appartamento via Giovanni Pezzotti, Milano",980,€ 980/mese,2,1,15 m²,1°,Autonomo,"fibra ottica, porta blindata, esposizione esterna, impianto tv centralizzato",Via Giovanni Pezzotti,"Abbiategrasso, Chiesa Rossa",Pezzotti - Meda,45.4397,9.18306,Spacest.com by Roomless,02 8974 1955,13,https://www.immobiliare.it/annunci/127513890/,
127462922,"Stanza in affitto in appartamento corso Lodi, Milano",890,€ 890/mese,4,3,15 m²,1°,Autonomo,"fibra ottica, porta blindata, esposizione esterna, balcone, terrazzo, impianto tv centralizzato",Corso Lodi,"Corvetto, Rogoredo",Corvetto,45.4406,9.22354,Spacest.com by Roomless,02 8974 1955,25,https://www.immobiliare.it/annunci/127462922/,
127602520,"Stanza in affitto in appartamento via Filippino Lippi, Milano",990,€ 990/mese,3,2,15 m²,1°,Autonomo,"fibra ottica, porta blindata, esposizione esterna, impianto tv centralizzato",Via Filippino Lippi,"Città Studi, Susa",Città Studi,45.4827,9.22107,Spacest.com by Roomless,02 8974 1955,19,https://www.immobiliare.it/annunci/127602520/,
127490510,"Stanza in affitto in appartamento via Francesco Brioschi, Milano",940,€ 940/mese,2,1,15 m²,1°,Autonomo,"fibra ottica, porta blindata, esposizione esterna, impianto tv centralizzato",Via Francesco Brioschi,"Abbiategrasso, Chiesa Rossa",Pezzotti - Meda,45.4397,9.18192,Spacest.com by Roomless,02 8974 1955,13,https://www.immobiliare.it/annunci/127490510/,
127275299,"Stanza in affitto in appartamento via Desiderio, Milano",850,€ 850/mese,4,1,110 m²,2°,Autonomo,"fibra ottica, porta blindata, esposizione esterna, impianto tv centralizzato",Via Desiderio,"Città Studi, Susa",Città Studi,45.4844,9.2326,Spacest.com by Roomless,02 8974 1955,29,https://www.immobiliare.it/annunci/127275299/,
127646836,"Stanza in affitto in appartamento via Luciano Zuccoli, Milano",840,€ 840/mese,2,1,15 m²,1°,Autonomo,"fibra ottica, porta blindata, esposizione esterna, impianto tv centralizzato",Via Luciano Zuccoli,"Maggiolina, Istria",Cascina dei Pomi,45.4953,9.20834,Spacest.com by Roomless,02 8974 1955,15,https://www.immobiliare.it/annunci/127646836/,
127355653,"Stanza in affitto in appartamento via Vigevano, Milano",1050,€ 1.050/mese,2,1,15 m²,"7°, con ascensore",Autonomo,"fibra ottica, porta blindata, esposizione esterna, impianto tv centralizzato",Via Vigevano,Navigli,Navigli - Darsena,45.4531,9.17257,Spacest.com by Roomless,02 8974 1955,17,https://www.immobiliare.it/annunci/127355653/,
127384735,"Stanza in affitto in appartamento via Coluccio Salutati, Milano",1040,€ 1.040/mese,4,2,15 m²,1°,Autonomo,"fibra ottica, porta blindata, esposizione esterna, impianto tv centralizzato",Via Coluccio Salutati,"Solari, Washington",Vercelli - Wagner,45.4635,9.15976,Spacest.com by Roomless,02 8974 1955,20,https://www.immobiliare.it/annunci/127384735/,
127326429,"Stanza in affitto in appartamento via Maniago, Milano",940,€ 940/mese,2,1,15 m²,1°,Autonomo,"fibra ottica, porta blindata, esposizione esterna, impianto tv centralizzato",Via Maniago,"Udine, Lambrate",Quartiere Feltre,45.4864,9.24053,Spacest.com by Roomless,02 8974 1955,22,https://www.immobiliare.it/annunci/127326429/,
127504582,"Stanza in affitto in appartamento via Desiderio, Milano",850,€ 850/mese,4,1,110 m²,2°,Autonomo,"fibra ottica, porta blindata, esposizione esterna, impianto tv centralizzato",Via Desiderio,"Città Studi, Susa",Città Studi,45.4844,9.2326,Spacest.com by Roomless,02 8974 1955,29,https://www.immobiliare.it/annunci/127504582/,
127303725,"Stanza in affitto in appartamento via Francesco Brioschi, Milano",840,€ 840/mese,2,1,15 m²,1°,Autonomo,"fibra ottica, porta blindata, esposizione esterna, impianto tv centralizzato",Via Francesco Brioschi,"Abbiategrasso, Chiesa Rossa",Pezzotti - Meda,45.4398,9.18187,Spacest.com by Roomless,02 8974 1955,15,https://www.immobiliare.it/annunci/127303725/,
127541668,"Stanza in affitto in appartamento via Pietro Cavalcabò, Milano",990,€ 990/mese,2,1,15 m²,1°,Autonomo,"fibra ottica, porta blindata, esposizione esterna, impianto tv centralizzato",Via Pietro Cavalcabò,"Solari, Washington",Washington,45.4616,9.15119,Spacest.com by Roomless,02 8974 1955,18,https://www.immobiliare.it/annunci/127541668/,
127504714,"Stanza in affitto in appartamento via Francesco Brioschi, Milano",880,€ 880/mese,2,1,15 m²,1°,Autonomo,"fibra ottica, porta blindata, esposizione esterna, impianto tv centralizzato",Via Francesco Brioschi,"Abbiategrasso, Chiesa Rossa",Pezzotti - Meda,45.438,9.18203,Spacest.com by Roomless,02 8974 1955,15,https://www.immobiliare.it/annunci/127504714/,
127414813,"Stanza in affitto in appartamento via Coluccio Salutati, Milano",1185,€ 1.185/mese,4,2,15 m²,1°,Autonomo,"fibra ottica, porta blindata, esposizione esterna, impianto tv centralizzato",Via Coluccio Salutati,"Solari, Washington",Vercelli - Wagner,45.4635,9.15976,Spacest.com by Roomless,02 8974 1955,20,https://www.immobiliare.it/annunci/127414813/,
127355651,"Stanza in affitto in appartamento via Ambrogio Binda, Milano",870,€ 870/mese,4,2,15 m²,1°,Autonomo,"fibra ottica, porta blindata, esposizione esterna, impianto tv centralizzato",Via Ambrogio Binda,"Famagosta, Barona",Barona,45.4409,9.15465,Spacest.com by Roomless,02 8974 1955,22,https://www.immobiliare.it/annunci/127355651/,
127317593,"Stanza in affitto in appartamento via Bernardino Biondelli, Milano",970,€ 970/mese,2,1,15 m²,1°,Autonomo,"fibra ottica, porta blindata, esposizione esterna, impianto tv centralizzato",Via Bernardino Biondelli,"Abbiategrasso, Chiesa Rossa",Pezzotti - Meda,45.4402,9.18881,Spacest.com by Roomless,02 8974 1955,23,https://www.immobiliare.it/annunci/127317593/,
127570284,"Stanza in affitto in appartamento via Filippino Lippi, Milano",960,€ 960/mese,3,2,15 m²,1°,Autonomo,"fibra ottica, porta blindata, esposizione esterna, impianto tv centralizzato",Via Filippino Lippi,"Città Studi, Susa",Città Studi,45.4827,9.22107,Spacest.com by Roomless,02 8974 1955,19,https://www.immobiliare.it/annunci/127570284/,
127504706,"Stanza in affitto in appartamento via Ambrogio Binda, Milano",860,€ 860/mese,4,2,15 m²,1°,Autonomo,"fibra ottica, porta blindata, esposizione esterna, impianto tv centralizzato",Via Ambrogio Binda,"Famagosta, Barona",Barona,45.4409,9.15465,Spacest.com by Roomless,02 8974 1955,22,https://www.immobiliare.it/annunci/127504706/,
127602524,"Stanza in affitto in appartamento via Luciano Zuccoli, Milano",880,€ 880/mese,2,1,15 m²,1°,Autonomo,"fibra ottica, porta blindata, esposizione esterna, impianto tv centralizzato",Via Luciano Zuccoli,"Maggiolina, Istria",Cascina dei Pomi,45.4953,9.20834,Spacest.com by Roomless,02 8974 1955,14,https://www.immobiliare.it/annunci/127602524/,
127303691,"Stanza in affitto in appartamento via Giovanni Pezzotti, Milano",980,€ 980/mese,2,1,15 m²,3°,Autonomo,"fibra ottica, porta blindata, esposizione esterna, impianto tv centralizzato",Via Giovanni Pezzotti,"Abbiategrasso, Chiesa Rossa",Pezzotti - Meda,45.4405,9.18311,Spacest.com by Roomless,02 8974 1955,17,https://www.immobiliare.it/annunci/127303691/,
127384741,"Stanza in affitto in appartamento via Giovanni Pezzotti, Milano",1650,€ 1.650/mese,1,1,15 m²,"6°, con ascensore",Autonomo,"fibra ottica, porta blindata, esposizione esterna, impianto tv centralizzato",Via Giovanni Pezzotti,"Abbiategrasso, Chiesa Rossa",Pezzotti - Meda,45.4405,9.18311,Spacest.com by Roomless,02 8974 1955,24,https://www.immobiliare.it/annunci/127384741/,
127384897,"Stanza in affitto in appartamento via Ronchi, Milano",870,€ 870/mese,3,2,15 m²,1°,Autonomo,"fibra ottica, porta blindata, esposizione esterna, impianto tv centralizzato",Via Ronchi,"Udine, Lambrate",Udine,45.4887,9.23712,Spacest.com by Roomless,02 8974 1955,29,https://www.immobiliare.it/annunci/127384897/,
127303727,"Stanza in affitto in appartamento via Luciano Zuccoli, Milano",840,€ 840/mese,2,1,15 m²,1°,Autonomo,"fibra ottica, porta blindata, esposizione esterna, impianto tv centralizzato",Via Luciano Zuccoli,"Maggiolina, Istria",Cascina dei Pomi,45.4953,9.20834,Spacest.com by Roomless,02 8974 1955,15,https://www.immobiliare.it/annunci/127303727/,
127570200,"Stanza in affitto in appartamento via Giovanni Pezzotti, Milano",840,€ 840/mese,2,1,15 m²,1°,Autonomo,"fibra ottica, porta blindata, esposizione esterna, impianto tv centralizzato",Via Giovanni Pezzotti,"Abbiategrasso, Chiesa Rossa",Pezzotti - Meda,45.4397,9.18306,Spacest.com by Roomless,02 8974 1955,12,https://www.immobiliare.it/annunci/127570200/,
127414861,"Stanza in affitto in appartamento via Cadore, Milano",1585,€ 1.585/mese,1,1,15 m²,1°,Autonomo,"fibra ottica, porta blindata, esposizione esterna, impianto tv centralizzato",Via Cadore,"Porta Romana, Cadore, Montenero",Cadore,45.4571,9.21241,Spacest.com by Roomless,02 8974 1955,14,https://www.immobiliare.it/annunci/127414861/,
127490556,"Stanza in affitto in appartamento corso Lodi, Milano",940,€ 940/mese,4,3,15 m²,1°,Autonomo,"fibra ottica, porta blindata, esposizione esterna, balcone, terrazzo, impianto tv centralizzato",Corso Lodi,"Corvetto, Rogoredo",Corvetto,45.4406,9.22354,Spacest.com by Roomless,02 8974 1955,27,https://www.immobiliare.it/annunci/127490556/,
127462826,"Stanza in affitto in appartamento via Maniago, Milano",890,€ 890/mese,2,1,15 m²,1°,Autonomo,"fibra ottica, porta blindata, esposizione esterna, impianto tv centralizzato",Via Maniago,"Udine, Lambrate",Quartiere Feltre,45.489,9.23998,Spacest.com by Roomless,02 8974 1955,16,https://www.immobiliare.it/annunci/127462826/,
127384881,"Stanza in affitto in appartamento via Renato Fucini, Milano",860,€ 860/mese,4,2,15 m²,1°,Autonomo,"fibra ottica, porta blindata, esposizione esterna, impianto tv centralizzato",Via Renato Fucini,"Città Studi, Susa",Città Studi,45.4783,9.22257,Spacest.com by Roomless,02 8974 1955,18,https://www.immobiliare.it/annunci/127384881/,
127646862,"Stanza in affitto in appartamento via Filippino Lippi, Milano",890,€ 890/mese,3,2,15 m²,1°,Autonomo,"fibra ottica, porta blindata, esposizione esterna, impianto tv centralizzato",Via Filippino Lippi,"Città Studi, Susa",Città Studi,45.4827,9.22107,Spacest.com by Roomless,02 8974 1955,19,https://www.immobiliare.it/annunci/127646862/,
127570168,"Stanza in affitto in appartamento via Maniago, Milano",880,€ 880/mese,2,1,15 m²,5°,Autonomo,"fibra ottica, porta blindata, esposizione esterna, impianto tv centralizzato",Via Maniago,"Udine, Lambrate",Quartiere Feltre,45.4895,9.23946,Spacest.com by Roomless,02 8974 1955,20,https://www.immobiliare.it/annunci/127570168/,
127504770,"Stanza in affitto in appartamento via Francesco Brioschi, Milano",990,€ 990/mese,2,1,15 m²,1°,Autonomo,"fibra ottica, porta blindata, esposizione esterna, impianto tv centralizzato",Via Francesco Brioschi,"Abbiategrasso, Chiesa Rossa",Pezzotti - Meda,45.4397,9.18192,Spacest.com by Roomless,02 8974 1955,13,https://www.immobiliare.it/annunci/127504770/,
127490446,"Stanza in affitto in appartamento via Maniago, Milano",890,€ 890/mese,2,1,15 m²,1°,Autonomo,"fibra ottica, porta blindata, esposizione esterna, impianto tv centralizzato",Via Maniago,"Udine, Lambrate",Quartiere Feltre,45.489,9.23998,Spacest.com by Roomless,02 8974 1955,15,https://www.immobiliare.it/annunci/127490446/,
127504708,"Stanza in affitto in appartamento via Luciano Zuccoli, Milano",840,€ 840/mese,2,1,15 m²,1°,Autonomo,"fibra ottica, porta blindata, esposizione esterna, impianto tv centralizzato",Via Luciano Zuccoli,"Maggiolina, Istria",Cascina dei Pomi,45.4953,9.20834,Spacest.com by Roomless,02 8974 1955,13,https://www.immobiliare.it/annunci/127504708/,
127462956,"Stanza in affitto in appartamento via Carlo Darwin, Milano",1290,€ 1.290/mese,3,2,15 m²,1°,Autonomo,"fibra ottica, porta blindata, esposizione esterna, impianto tv centralizzato",Via Carlo Darwin,Navigli,Navigli - Darsena,45.4454,9.17548,Spacest.com by Roomless,02 8974 1955,18,https://www.immobiliare.it/annunci/127462956/,
127317597,"Stanza in affitto in appartamento via Maniago, Milano",870,€ 870/mese,3,1,15 m²,"1°, con ascensore",Autonomo,"fibra ottica, porta blindata, esposizione esterna, impianto tv centralizzato",Via Maniago,"Udine, Lambrate",Quartiere Feltre,45.489,9.23998,Spacest.com by Roomless,02 8974 1955,15,https://www.immobiliare.it/annunci/127317597/,
125953403,"Stanza singola via Giovanni Paisiello, Milano",895,€ 895/mese,1,1,20 m²,,Autonomo,arredato,Via Giovanni Paisiello,"Città Studi, Susa",Città Studi,45.4816,9.2186,HousingAnywhere,,10,https://www.immobiliare.it/annunci/125953403/,
125820635,"Stanza singola viale Beatrice d'Este, Milano",965,€ 965/mese,1,1,11 m²,,Centralizzato,arredato,Viale Beatrice d'Este,Navigli,Bocconi,45.4519,9.1915,HousingAnywhere,,10,https://www.immobiliare.it/annunci/125820635/,
126041369,"Stanza singola via Cosimo del Fante, Milano",850,€ 850/mese,1,1,13 m²,,Centralizzato,arredato,Via Cosimo del Fante,"Genova, Ticinese",Ticinese,45.4554,9.1842,HousingAnywhere,,10,https://www.immobiliare.it/annunci/126041369/,
127460208,"Stanza singola via Temistocle Calzecchi, Milano",855,€ 855/mese,1,1,23 m²,,Centralizzato,arredato,Via Temistocle Calzecchi,"Città Studi, Susa",Città Studi,45.4718,9.2351,HousingAnywhere,,10,https://www.immobiliare.it/annunci/127460208/,
127460056,"Stanza singola viale Monza, Milano",880,€ 880/mese,1,1,21 m²,,Centralizzato,arredato,Viale Monza,"Pasteur, Rovereto",Rovereto,45.4973,9.2202,HousingAnywhere,,10,https://www.immobiliare.it/annunci/127460056/,
126041443,"Stanza singola viale Beatrice d'Este, Milano",1095,€ 1.095/mese,1,1,15 m²,,Centralizzato,arredato,Viale Beatrice d'Este,Navigli,Bocconi,45.4519,9.1915,HousingAnywhere,,10,https://www.immobiliare.it/annunci/126041443/,
125391577,"Stanza singola via Savona, Milano",1020,€ 1.020/mese,1,1,16 m²,,Assente,"aria condizionata, arredato",Via Savona,"Solari, Washington",Solari,45.4518,9.1565,HousingAnywhere,,10,https://www.immobiliare.it/annunci/125391577/,
127460118,"Stanza singola via Lipari, Milano",865,€ 865/mese,1,1,12 m²,,Centralizzato,arredato,Via Lipari,"Solari, Washington",Dezza,45.4611,9.1617,HousingAnywhere,,10,https://www.immobiliare.it/annunci/127460118/,
126440151,"Stanza singola via Caminadella, Milano",885,€ 885/mese,1,1,11 m²,,Autonomo,arredato,Via Caminadella,Centro,Sant'Ambrogio,45.4599,9.177,HousingAnywhere,,10,https://www.immobiliare.it/annunci/126440151/,
127272335,"Stanza singola via Desiderio, Milano",900,€ 900/mese,1,1,22 m²,,Centralizzato,arredato,Via Desiderio,"Città Studi, Susa",Città Studi,45.4846,9.2326,HousingAnywhere,,10,https://www.immobiliare.it/annunci/127272335/,
125799405,"Stanza singola via Cosimo del Fante, Milano",850,€ 850/mese,1,1,23 m²,,Centralizzato,arredato,Via Cosimo del Fante,"Genova, Ticinese",Ticinese,45.4554,9.1842,HousingAnywhere,,10,https://www.immobiliare.it/annunci/125799405/,
127042579,"Stanza singola viale Col di Lana, Milano",975,€ 975/mese,1,1,9 m²,,Centralizzato,arredato,Viale Col di Lana,"Genova, Ticinese",Ticinese,45.4521,9.1834,HousingAnywhere,,10,https://www.immobiliare.it/annunci/127042579/,
127460154,"Stanza singola via Melchiorre Gioia, Milano",875,€ 875/mese,1,1,19 m²,,Centralizzato,arredato,Via Melchiorre Gioia,"Centrale, Repubblica",Melchiorre Gioia,45.4861,9.1971,HousingAnywhere,,10,https://www.immobiliare.it/annunci/127460154/,
125599023,"Stanza singola via Giorgio Jan, Milano",840,€ 840/mese,1,1,15 m²,,Centralizzato,arredato,Via Giorgio Jan,"Centrale, Repubblica",Morgagni,45.4782,9.2111,HousingAnywhere,,10,https://www.immobiliare.it/annunci/125599023/,
125438329,"Stanza singola via Larga, Milano",965,€ 965/mese,1,1,17 m²,,Centralizzato,arredato,Via Larga,Centro,Duomo,45.4619,9.1929,HousingAnywhere,,10,https://www.immobiliare.it/annunci/125438329/,
127460036,"Stanza singola via Giuseppe Pecchio, Milano",860,€ 860/mese,1,1,22 m²,,Centralizzato,arredato,Via Giuseppe Pecchio,"Città Studi, Susa",Città Studi,45.4845,9.2171,HousingAnywhere,,10,https://www.immobiliare.it/annunci/127460036/,
123755165,"Stanza in affitto in appartamento via Tucidide, Milano",891,€ 891/mese,1,1,11 m²,,Centralizzato,"aria condizionata, arredato",Via Tucidide,"Udine, Lambrate",Ortica,45.4691,9.2482,HousingAnywhere,,10,https://www.immobiliare.it/annunci/123755165/,
126982243,"Stanza singola via Pola, Milano",890,€ 890/mese,1,1,19 m²,,Assente,arredato,Via Pola,"Cenisio, Sarpi, Isola",Isola,45.489,9.1934,HousingAnywhere,,10,https://www.immobiliare.it/annunci/126982243/,
126038111,"Stanza singola via Orti, Milano",990,€ 990/mese,1,1,11 m²,,Centralizzato,"aria condizionata, arredato",Via Orti,"Quadronno, Palestro, Guastalla",Quadronno - Crocetta,45.4551,9.2012,HousingAnywhere,,7,https://www.immobiliare.it/annunci/126038111/,
125392105,"Stanza singola via Carlo Boncompagni, Milano",850,€ 850/mese,1,1,18 m²,,Assente,"aria condizionata, arredato",Via Carlo Boncompagni,"Corvetto, Rogoredo",Corvetto,45.4385,9.2305,HousingAnywhere,,10,https://www.immobiliare.it/annunci/125392105/,
127460104,"Stanza singola via Antonio Bazzini, Milano",920,€ 920/mese,1,1,15 m²,,Centralizzato,arredato,Via Antonio Bazzini,"Città Studi, Susa",Città Studi,45.482,9.2251,HousingAnywhere,,10,https://www.immobiliare.it/annunci/127460104/,
127460078,"Stanza singola via Felice Bellotti, Milano",840,€ 840/mese,1,1,11 m²,,Centralizzato,arredato,Via Felice Bellotti,"Porta Venezia, Indipendenza",Piave - Tricolore,45.4707,9.2086,HousingAnywhere,,10,https://www.immobiliare.it/annunci/127460078/,
127381555,"Stanza singola viale Lucania, Milano",845,€ 845/mese,1,1,17 m²,,Centralizzato,arredato,Viale Lucania,"Porta Vittoria, Lodi",Bologna - Sulmona,45.4419,9.2243,HousingAnywhere,,10,https://www.immobiliare.it/annunci/127381555/,
127197715,"Stanza singola viale Emilio Caldara, Milano",1035,€ 1.035/mese,1,1,14 m²,,Centralizzato,arredato,Viale Emilio Caldara,"Porta Romana, Cadore, Montenero",Porta Romana - Medaglie d'Oro,45.4548,9.2031,HousingAnywhere,,10,https://www.immobiliare.it/annunci/127197715/,
126367641,"Stanza singola via San Marco, Milano",975,€ 975/mese,1,1,16 m²,,Autonomo,arredato,Via San Marco,"Garibaldi, Moscova, Porta Nuova",Turati,45.4762,9.1885,HousingAnywhere,,10,https://www.immobiliare.it/annunci/126367641/,
127460126,"Stanza singola via Giuseppe Pecchio, Milano",860,€ 860/mese,1,1,18 m²,,Centralizzato,arredato,Via Giuseppe Pecchio,"Città Studi, Susa",Città Studi,45.4845,9.2171,HousingAnywhere,,10,https://www.immobiliare.it/annunci/127460126/,
126242241,"Stanza singola viale Emilio Caldara, Milano",990,€ 990/mese,1,1,25 m²,,Centralizzato,arredato,Viale Emilio Caldara,"Porta Romana, Cadore, Montenero",Porta Romana - Medaglie d'Oro,45.4548,9.2031,HousingAnywhere,,10,https://www.immobiliare.it/annunci/126242241/,
127460028,"Stanza singola viale Brianza, Milano",875,€ 875/mese,1,1,17 m²,,Centralizzato,arredato,Viale Brianza,"Pasteur, Rovereto",Pasteur,45.4874,9.2137,HousingAnywhere,,10,https://www.immobiliare.it/annunci/127460028/,
125586453,"Stanza singola via Amatore Sciesa, Milano",1035,€ 1.035/mese,1,1,9 m²,,Centralizzato,"aria condizionata, arredato",Via Amatore Sciesa,"Porta Romana, Cadore, Montenero",Montenero,45.4604,9.2093,HousingAnywhere,,10,https://www.immobiliare.it/annunci/125586453/,
125820617,"Stanza singola via Conca del Naviglio, Milano",1035,€ 1.035/mese,1,1,13 m²,,Centralizzato,arredato,Via Conca del Naviglio,"Genova, Ticinese",Corso Genova,45.4565,9.1777,HousingAnywhere,,10,https://www.immobiliare.it/annunci/125820617/,
127460348,"Stanza singola viale Coni Zugna, Milano",995,€ 995/mese,1,1,14 m²,,Centralizzato,arredato,Viale Coni Zugna,"Solari, Washington",Solari,45.4579,9.1683,HousingAnywhere,,10,https://www.immobiliare.it/annunci/127460348/,
127166645,"Stanza singola via Giovanni Battista Boeri, Milano",905,€ 905/mese,1,1,14 m²,,Assente,arredato,Via Giovanni Battista Boeri,"Abbiategrasso, Chiesa Rossa",Pezzotti - Meda,45.4404,9.186,HousingAnywhere,,10,https://www.immobiliare.it/annunci/127166645/,
125820625,"Stanza singola viale Beatrice d'Este, Milano",945,€ 945/mese,1,1,9 m²,,Centralizzato,arredato,Viale Beatrice d'Este,Navigli,Bocconi,45.4519,9.1915,HousingAnywhere,,10,https://www.immobiliare.it/annunci/125820625/,
127460274,"Stanza singola via Gustavo Modena, Milano",920,€ 920/mese,1,1,15 m²,,Centralizzato,arredato,Via Gustavo Modena,"Porta Venezia, Indipendenza",Indipendenza,45.4708,9.2147,HousingAnywhere,,10,https://www.immobiliare.it/annunci/127460274/,
125391945,"Stanza singola via Nicola Antonio Porpora, Milano",895,€ 895/mese,1,1,24 m²,,Autonomo,arredato,Via Nicola Antonio Porpora,"Città Studi, Susa",Casoretto,45.4861,9.2257,HousingAnywhere,,10,https://www.immobiliare.it/annunci/125391945/,
127301297,"Stanza singola viale Tibaldi, Milano",975,€ 975/mese,1,1,20 m²,,Centralizzato,arredato,Viale Tibaldi,Navigli,Corso San Gottardo,45.4443,9.1824,HousingAnywhere,,10,https://www.immobiliare.it/annunci/127301297/,
127460144,"Stanza singola viale Renato Serra, Milano",845,€ 845/mese,1,1,18 m²,,Assente,arredato,Viale Renato Serra,"Fiera, Sempione, City Life, Portello",Monte Rosa - Lotto,45.4845,9.1436,HousingAnywhere,,10,https://www.immobiliare.it/annunci/127460144/,
126791901,"Stanza singola corso Vercelli, Milano",890,€ 890/mese,1,1,13 m²,,Centralizzato,arredato,Corso Vercelli,"Solari, Washington",Vercelli - Wagner,45.4663,9.1623,HousingAnywhere,,10,https://www.immobiliare.it/annunci/126791901/,
126041277,"Stanza singola via Carlo Pisacane, Milano",850,€ 850/mese,1,1,11 m²,,Centralizzato,arredato,Via Carlo Pisacane,"Porta Venezia, Indipendenza",Indipendenza,45.4718,9.2112,HousingAnywhere,,10,https://www.immobiliare.it/annunci/126041277/,
127460026,"Stanza singola via Pasquale Fornari, Milano",855,€ 855/mese,1,1,16 m²,,Centralizzato,arredato,Via Pasquale Fornari,"Bande Nere, Inganni",Gambara,45.462,9.1447,HousingAnywhere,,10,https://www.immobiliare.it/annunci/127460026/,
125812301,"Stanza singola via Giuseppe Meda, Milano",890,€ 890/mese,1,1,16 m²,,Centralizzato,"aria condizionata, arredato",Via Giuseppe Meda,"Abbiategrasso, Chiesa Rossa",Pezzotti - Meda,45.4412,9.1789,HousingAnywhere,,7,https://www.immobiliare.it/annunci/125812301/,
126080011,"Stanza singola via San Marco, Milano",975,€ 975/mese,1,1,26 m²,,Autonomo,arredato,Via San Marco,"Garibaldi, Moscova, Porta Nuova",Turati,45.4762,9.1885,HousingAnywhere,,10,https://www.immobiliare.it/annunci/126080011/,
126440147,"Stanza singola viale Bligny, Milano",1310,€ 1.310/mese,1,1,14 m²,,Centralizzato,arredato,Viale Bligny,Navigli,Bocconi,45.4509,9.1927,HousingAnywhere,,10,https://www.immobiliare.it/annunci/126440147/,
127460204,"Stanza singola via Vincenzo Foppa, Milano",855,€ 855/mese,1,1,19 m²,,Centralizzato,arredato,Via Vincenzo Foppa,"Solari, Washington",Solari,45.4575,9.16,HousingAnywhere,,10,https://www.immobiliare.it/annunci/127460204/,
126848771,"Stanza singola via Lattanzio, Milano",960,€ 960/mese,1,1,12 m²,,Assente,arredato,Via Lattanzio,"Porta Vittoria, Lodi",Lodi - Brenta,45.4511,9.2156,HousingAnywhere,,10,https://www.immobiliare.it/annunci/126848771/,
127460332,"Stanza singola via Giuditta Sidoli, Milano",870,€ 870/mese,1,1,16 m²,,Centralizzato,arredato,Via Giuditta Sidoli,"Città Studi, Susa",Plebisciti - Susa,45.4699,9.2214,HousingAnywhere,,10,https://www.immobiliare.it/annunci/127460332/,
127460324,"Stanza singola via Giovanni Battista Boeri, Milano",970,€ 970/mese,1,1,15 m²,,Assente,arredato,Via Giovanni Battista Boeri,"Abbiategrasso, Chiesa Rossa",Pezzotti - Meda,45.4404,9.186,HousingAnywhere,,10,https://www.immobiliare.it/annunci/127460324/,
127460314,"Stanza singola via Giuseppe Regaldi, Milano",890,€ 890/mese,1,1,16 m²,,Autonomo,arredato,Via Giuseppe Regaldi,"Affori, Bovisa",Affori,45.518,9.1733,HousingAnywhere,,10,https://www.immobiliare.it/annunci/127460314/,
127166635,"Stanza singola via Alberto Mario, Milano",870,€ 870/mese,1,1,19 m²,,Centralizzato,arredato,Via Alberto Mario,"Fiera, Sempione, City Life, Portello",Amendola - Buonarroti,45.4702,9.149,HousingAnywhere,,10,https://www.immobiliare.it/annunci/127166635/,
127460232,"Stanza singola via Felice Bellotti, Milano",850,€ 850/mese,1,1,17 m²,,Centralizzato,arredato,Via Felice Bellotti,"Porta Venezia, Indipendenza",Piave - Tricolore,45.4707,9.2086,HousingAnywhere,,10,https://www.immobiliare.it/annunci/127460232/,
127352387,"Stanza singola via Caminadella, Milano",885,€ 885/mese,1,1,11 m²,,Autonomo,arredato,Via Caminadella,Centro,Sant'Ambrogio,45.4599,9.177,HousingAnywhere,,10,https://www.immobiliare.it/annunci/127352387/,
127130815,"Stanza singola piazzetta Guastalla, Milano",970,€ 970/mese,1,1,17 m²,,Centralizzato,arredato,Piazzetta Guastalla,"Quadronno, Palestro, Guastalla",Guastalla,45.4614,9.1994,HousingAnywhere,,10,https://www.immobiliare.it/annunci/127130815/,
126042291,"Stanza singola via Michelangelo Buonarroti, Milano",865,€ 865/mese,1,1,18 m²,,Autonomo,"aria condizionata, arredato",Via Michelangelo Buonarroti,"Solari, Washington",Vercelli - Wagner,45.4689,9.1556,HousingAnywhere,,7,https://www.immobiliare.it/annunci/126042291/,
127229177,"Stanza singola corso di Porta Romana, Milano",1045,€ 1.045/mese,1,1,21 m²,,Centralizzato,arredato,Corso di Porta Romana,"Quadronno, Palestro, Guastalla",Quadronno - Crocetta,45.4563,9.1953,HousingAnywhere,,10,https://www.immobiliare.it/annunci/127229177/,
125846755,"Stanza singola viale Emilio Caldara, Milano",990,€ 990/mese,1,1,15 m²,,Centralizzato,arredato,Viale Emilio Caldara,"Porta Romana, Cadore, Montenero",Porta Romana - Medaglie d'Oro,45.4548,9.2031,HousingAnywhere,,10,https://www.immobiliare.it/annunci/125846755/,
125685023,"Stanza singola via Nicola Antonio Porpora, Milano",895,€ 895/mese,1,1,24 m²,,Autonomo,arredato,Via Nicola Antonio Porpora,"Città Studi, Susa",Casoretto,45.4861,9.2257,HousingAnywhere,,10,https://www.immobiliare.it/annunci/125685023/,
125392481,"Stanza singola via Saverio Mercadante, Milano",910,€ 910/mese,1,1,12 m²,,Centralizzato,arredato,Via Saverio Mercadante,"Centrale, Repubblica",Buenos Aires,45.4837,9.2126,HousingAnywhere,,10,https://www.immobiliare.it/annunci/125392481/,
125874439,"Stanza singola via Valenza, Milano",840,€ 840/mese,1,1,16 m²,,Centralizzato,arredato,Via Valenza,Navigli,Navigli - Darsena,45.4513,9.1691,HousingAnywhere,,10,https://www.immobiliare.it/annunci/125874439/,
125846745,"Stanza singola via Giuseppe Frua, Milano",855,€ 855/mese,1,1,15 m²,,Centralizzato,arredato,Via Giuseppe Frua,"Solari, Washington",Frua,45.4649,9.1498,HousingAnywhere,,10,https://www.immobiliare.it/annunci/125846745/,
125438351,"Stanza singola via Melchiorre Gioia, Milano",945,€ 945/mese,1,1,18 m²,,Centralizzato,arredato,Via Melchiorre Gioia,"Centrale, Repubblica",Melchiorre Gioia,45.4861,9.1971,HousingAnywhere,,10,https://www.immobiliare.it/annunci/125438351/,
127460174,"Stanza singola via Francesco Arese, Milano",900,€ 900/mese,1,1,22 m²,,Centralizzato,arredato,Via Francesco Arese,"Cenisio, Sarpi, Isola",Zara,45.4915,9.1899,HousingAnywhere,,10,https://www.immobiliare.it/annunci/127460174/,
126696015,"Stanza singola corso di Porta Vittoria, Milano",1095,€ 1.095/mese,1,1,14 m²,,Centralizzato,arredato,Corso di Porta Vittoria,"Quadronno, Palestro, Guastalla",Guastalla,45.4624,9.202,HousingAnywhere,,10,https://www.immobiliare.it/annunci/126696015/,
127009997,"Stanza singola corso Buenos Aires, Milano",920,€ 920/mese,1,1,16 m²,,Autonomo,arredato,Corso Buenos Aires,"Centrale, Repubblica",Buenos Aires,45.4801,9.2107,HousingAnywhere,,10,https://www.immobiliare.it/annunci/127009997/,
126848773,"Stanza singola viale Tibaldi, Milano",965,€ 965/mese,1,1,18 m²,,Centralizzato,arredato,Viale Tibaldi,Navigli,Corso San Gottardo,45.4443,9.1824,HousingAnywhere,,10,https://www.immobiliare.it/annunci/126848773/,
127229171,"Stanza singola viale Bligny, Milano",1310,€ 1.310/mese,1,1,15 m²,,Centralizzato,arredato,Viale Bligny,Navigli,Bocconi,45.4509,9.1927,HousingAnywhere,,10,https://www.immobiliare.it/annunci/127229171/,
126041415,"Stanza singola via Carlo Vittadini, Milano",960,€ 960/mese,1,1,12 m²,,Assente,arredato,Via Carlo Vittadini,Navigli,Bocconi,45.4492,9.1941,HousingAnywhere,,10,https://www.immobiliare.it/annunci/126041415/,
125820627,"Stanza singola viale Coni Zugna, Milano",995,€ 995/mese,1,1,13 m²,,Centralizzato,arredato,Viale Coni Zugna,"Solari, Washington",Solari,45.4579,9.1683,HousingAnywhere,,10,https://www.immobiliare.it/annunci/125820627/,
125392193,"Stanza singola via Spalato, Milano",895,€ 895/mese,1,1,9 m²,,Centralizzato,arredato,Via Spalato,"Cenisio, Sarpi, Isola",Isola,45.4882,9.1914,HousingAnywhere,,10,https://www.immobiliare.it/annunci/125392193/,
127460162,"Stanza singola via della Moscova, Milano",995,€ 995/mese,1,1,11 m²,,Autonomo,arredato,Via della Moscova,"Garibaldi, Moscova, Porta Nuova",Turati,45.4768,9.1895,HousingAnywhere,,10,https://www.immobiliare.it/annunci/127460162/,
126848779,"Stanza singola viale Col di Lana, Milano",975,€ 975/mese,1,1,10 m²,,Centralizzato,arredato,Viale Col di Lana,"Genova, Ticinese",Ticinese,45.4521,9.1834,HousingAnywhere,,10,https://www.immobiliare.it/annunci/126848779/,
127460134,"Stanza singola via Rodolfo Farneti, Milano",910,€ 910/mese,1,1,13 m²,,Centralizzato,arredato,Via Rodolfo Farneti,"Centrale, Repubblica",Buenos Aires,45.4792,9.2166,HousingAnywhere,,10,https://www.immobiliare.it/annunci/127460134/,
126041205,"Stanza singola via Spalato, Milano",895,€ 895/mese,1,1,12 m²,,Centralizzato,arredato,Via Spalato,"Cenisio, Sarpi, Isola",Isola,45.4882,9.1914,HousingAnywhere,,10,https://www.immobiliare.it/annunci/126041205/,
127229151,"Stanza singola via Verona, Milano",1065,€ 1.065/mese,1,1,17 m²,,Centralizzato,arredato,Via Verona,"Porta Romana, Cadore, Montenero",Porta Romana - Medaglie d'Oro,45.4499,9.2035,HousingAnywhere,,10,https://www.immobiliare.it/annunci/127229151/,
127301327,"Stanza singola via Giuseppe Regaldi, Milano",850,€ 850/mese,1,1,16 m²,,Autonomo,arredato,Via Giuseppe Regaldi,"Affori, Bovisa",Affori,45.518,9.1733,HousingAnywhere,,10,https://www.immobiliare.it/annunci/127301327/,
127460312,"Stanza singola via Angelo Maj, Milano",985,€ 985/mese,1,1,13 m²,,Centralizzato,arredato,Via Angelo Maj,"Porta Romana, Cadore, Montenero",Cadore,45.4541,9.2131,HousingAnywhere,,10,https://www.immobiliare.it/annunci/127460312/,
126041425,"Stanza singola via Carlo Pisacane, Milano",950,€ 950/mese,1,1,17 m²,,Assente,"aria condizionata, arredato",Via Carlo Pisacane,"Porta Venezia, Indipendenza",Indipendenza,45.4718,9.2112,HousingAnywhere,,10,https://www.immobiliare.it/annunci/126041425/,
125392143,"Stanza singola corso di Porta Romana, Milano",1025,€ 1.025/mese,1,1,11 m²,,Centralizzato,arredato,Corso di Porta Romana,"Quadronno, Palestro, Guastalla",Quadronno - Crocetta,45.4563,9.1953,HousingAnywhere,,10,https://www.immobiliare.it/annunci/125392143/,
127460210,"Stanza singola corso Vercelli, Milano",910,€ 910/mese,1,1,14 m²,,Centralizzato,arredato,Corso Vercelli,"Solari, Washington",Vercelli - Wagner,45.4663,9.1623,HousingAnywhere,,10,https://www.immobiliare.it/annunci/127460210/,
126041339,"Stanza singola via Lentasio, Milano",935,€ 935/mese,1,1,13 m²,,Centralizzato,arredato,Via Lentasio,Centro,Missori,45.458,9.1912,HousingAnywhere,,10,https://www.immobiliare.it/annunci/126041339/,
127460094,"Stanza singola via Antonio Canova, Milano",845,€ 845/mese,1,1,24 m²,,Centralizzato,arredato,Via Antonio Canova,"Arco della Pace, Arena, Pagano",Arco della Pace,45.476,9.1684,HousingAnywhere,,10,https://www.immobiliare.it/annunci/127460094/,
126041327,"Stanza singola piazzetta Guastalla, Milano",950,€ 950/mese,1,1,18 m²,,Centralizzato,arredato,Piazzetta Guastalla,"Quadronno, Palestro, Guastalla",Guastalla,45.4614,9.1994,HousingAnywhere,,10,https://www.immobiliare.it/annunci/126041327/,
125391545,"Stanza singola via Larga, Milano",1030,€ 1.030/mese,1,1,20 m²,,Centralizzato,arredato,Via Larga,Centro,Duomo,45.4619,9.1929,HousingAnywhere,,10,https://www.immobiliare.it/annunci/125391545/,
127460116,"Stanza singola viale Argonne, Milano",890,€ 890/mese,1,1,19 m²,,Centralizzato,arredato,Viale Argonne,"Città Studi, Susa",Argonne - Corsica,45.4684,9.2289,HousingAnywhere,,10,https://www.immobiliare.it/annunci/127460116/,
127460308,"Stanza singola via Giuseppe Regaldi, Milano",880,€ 880/mese,1,1,11 m²,,Autonomo,arredato,Via Giuseppe Regaldi,"Affori, Bovisa",Affori,45.518,9.1733,HousingAnywhere,,10,https://www.immobiliare.it/annunci/127460308/,
126413337,"Stanza singola viale Bligny, Milano",1415,€ 1.415/mese,1,1,12 m²,,Centralizzato,arredato,Viale Bligny,Navigli,Bocconi,45.4509,9.1927,HousingAnywhere,,10,https://www.immobiliare.it/annunci/126413337/,
127460328,"Stanza singola via Giovanni Battista Soresina, Milano",870,€ 870/mese,1,1,15 m²,,Centralizzato,arredato,Via Giovanni Battista Soresina,"Solari, Washington",Vercelli - Wagner,45.4648,9.1621,HousingAnywhere,,10,https://www.immobiliare.it/annunci/127460328/,
125846901,"Stanza singola via Lentasio, Milano",935,€ 935/mese,1,1,15 m²,,Centralizzato,arredato,Via Lentasio,Centro,Missori,45.458,9.1912,HousingAnywhere,,10,https://www.immobiliare.it/annunci/125846901/,
127412045,"Stanza singola viale Emilio Caldara, Milano",990,€ 990/mese,1,1,24 m²,,Centralizzato,arredato,Viale Emilio Caldara,"Porta Romana, Cadore, Montenero",Porta Romana - Medaglie d'Oro,45.4548,9.2031,HousingAnywhere,,10,https://www.immobiliare.it/annunci/127412045/,
125846787,"Stanza singola piazza Maria Adelaide di Savoia, Milano",895,€ 895/mese,1,1,12 m²,,Centralizzato,arredato,Piazza Maria Adelaide di Savoia,"Porta Venezia, Indipendenza",Indipendenza,45.4729,9.2147,HousingAnywhere,,10,https://www.immobiliare.it/annunci/125846787/,
125392099,"Stanza singola via Giuseppe Frua, Milano",855,€ 855/mese,1,1,15 m²,,Centralizzato,arredato,Via Giuseppe Frua,"Solari, Washington",Frua,45.4649,9.1498,HousingAnywhere,,10,https://www.immobiliare.it/annunci/125392099/,
126041291,"Stanza singola viale Emilio Caldara, Milano",1035,€ 1.035/mese,1,1,14 m²,,Centralizzato,arredato,Viale Emilio Caldara,"Porta Romana, Cadore, Montenero",Porta Romana - Medaglie d'Oro,45.4548,9.2031,HousingAnywhere,,10,https://www.immobiliare.it/annunci/126041291/,
127460020,"Stanza singola via Giuseppe Frua, Milano",870,€ 870/mese,1,1,10 m²,,Centralizzato,arredato,Via Giuseppe Frua,"Solari, Washington",Frua,45.4649,9.1498,HousingAnywhere,,10,https://www.immobiliare.it/annunci/127460020/,
127460198,"Stanza singola via San Fermo, Milano",950,€ 950/mese,1,1,18 m²,,Autonomo,arredato,Via San Fermo,"Garibaldi, Moscova, Porta Nuova",Turati,45.4762,9.1897,HousingAnywhere,,10,https://www.immobiliare.it/annunci/127460198/,
123755171,"Stanza in affitto in appartamento via Leonardo Bistolfi, Milano",913,€ 913/mese,1,1,15 m²,,Centralizzato,"aria condizionata, arredato",Via Leonardo Bistolfi,"Udine, Lambrate",Lambrate,45.4719,9.2455,HousingAnywhere,,10,https://www.immobiliare.it/annunci/123755171/,
125418729,"Stanza singola via Giuseppe Regaldi, Milano",840,€ 840/mese,1,1,11 m²,,Autonomo,arredato,Via Giuseppe Regaldi,"Affori, Bovisa",Affori,45.518,9.1733,HousingAnywhere,,10,https://www.immobiliare.it/annunci/125418729/,
125820633,"Stanza singola viale Beatrice d'Este, Milano",995,€ 995/mese,1,1,16 m²,,Centralizzato,arredato,Viale Beatrice d'Este,Navigli,Bocconi,45.4519,9.1915,HousingAnywhere,,10,https://www.immobiliare.it/annunci/125820633/,
127460268,"Stanza singola corso San Gottardo, Milano",955,€ 955/mese,1,1,17 m²,,Centralizzato,arredato,Corso San Gottardo,Navigli,Corso San Gottardo,45.4495,9.1798,HousingAnywhere,,10,https://www.immobiliare.it/annunci/127460268/,
127042551,"Stanza singola viale Col di Lana, Milano",995,€ 995/mese,1,1,13 m²,,Centralizzato,arredato,Viale Col di Lana,"Genova, Ticinese",Ticinese,45.4521,9.1834,HousingAnywhere,,10,https://www.immobiliare.it/annunci/127042551/,
127010019,"Stanza singola via Giuseppe Frua, Milano",870,€ 870/mese,1,1,17 m²,,Centralizzato,arredato,Via Giuseppe Frua,"Solari, Washington",Frua,45.4649,9.1498,HousingAnywhere,,10,https://www.immobiliare.it/annunci/127010019/,
127229167,"Stanza singola via Carmagnola, Milano",925,€ 925/mese,1,1,13 m²,,Centralizzato,arredato,Via Carmagnola,"Cenisio, Sarpi, Isola",Isola,45.4867,9.1869,HousingAnywhere,,10,https://www.immobiliare.it/annunci/127229167/,
125685027,"Stanza singola via Pasquale Fornari, Milano",855,€ 855/mese,1,1,16 m²,,Centralizzato,arredato,Via Pasquale Fornari,"Bande Nere, Inganni",Gambara,45.462,9.1447,HousingAnywhere,,10,https://www.immobiliare.it/annunci/125685027/,
127460226,"Stanza singola via Nicola Piccinni, Milano",905,€ 905/mese,1,1,14 m²,,Centralizzato,arredato,Via Nicola Piccinni,"Centrale, Repubblica",Buenos Aires,45.4824,9.2156,HousingAnywhere,,10,https://www.immobiliare.it/annunci/127460226/,
125622391,"Stanza singola via Arcivescovo Romilli, Milano",860,€ 860/mese,1,1,18 m²,,Centralizzato,arredato,Via Arcivescovo Romilli,"Corvetto, Rogoredo",Corvetto,45.439,9.2152,HousingAnywhere,,10,https://www.immobiliare.it/annunci/125622391/,
125820599,"Stanza singola via Guercino, Milano",900,€ 900/mese,1,1,14 m²,,Centralizzato,arredato,Via Guercino,"Cenisio, Sarpi, Isola",Paolo Sarpi,45.4803,9.1805,HousingAnywhere,,10,https://www.immobiliare.it/annunci/125820599/,
126041451,"Stanza singola via Ausonio, Milano",975,€ 975/mese,1,1,19 m²,,Autonomo,"aria condizionata, arredato",Via Ausonio,"Genova, Ticinese",Corso Genova,45.4594,9.1738,HousingAnywhere,,10,https://www.immobiliare.it/annunci/126041451/,
127166611,"Stanza singola viale Sabotino, Milano",995,€ 995/mese,1,1,12 m²,,Centralizzato,arredato,Viale Sabotino,"Porta Romana, Cadore, Montenero",Porta Romana - Medaglie d'Oro,45.4509,9.1994,HousingAnywhere,,10,https://www.immobiliare.it/annunci/127166611/,
126041285,"Stanza singola via Giovanni Spadolini, Milano",885,€ 885/mese,1,1,10 m²,,Centralizzato,arredato,Via Giovanni Spadolini,"Ripamonti, Vigentino",Ripamonti - Fondazione Prada,45.4432,9.1912,HousingAnywhere,,10,https://www.immobiliare.it/annunci/126041285/,
126469649,"Stanza singola viale Giovanni Suzzani, Milano",1000,€ 1.000/mese,1,1,14 m²,,Autonomo,"aria condizionata, arredato",Viale Giovanni Suzzani,"Bicocca, Niguarda",Bignami - Ponale,45.5263,9.2083,HousingAnywhere,,7,https://www.immobiliare.it/annunci/126469649/,
127460292,"Stanza singola via Rodolfo Farneti, Milano",930,€ 930/mese,1,1,13 m²,,Centralizzato,arredato,Via Rodolfo Farneti,"Centrale, Repubblica",Buenos Aires,45.4792,9.2166,HousingAnywhere,,10,https://www.immobiliare.it/annunci/127460292/,
127460050,"Stanza singola corso Lodi, Milano",905,€ 905/mese,1,1,22 m²,,Centralizzato,arredato,Corso Lodi,"Porta Vittoria, Lodi",Lodi - Brenta,45.4457,9.2131,HousingAnywhere,,10,https://www.immobiliare.it/annunci/127460050/,
127460234,"Stanza singola via Santa Sofia, Milano",905,€ 905/mese,1,1,12 m²,,Centralizzato,arredato,Via Santa Sofia,Centro,Missori,45.457,9.1903,HousingAnywhere,,10,https://www.immobiliare.it/annunci/127460234/,
126000255,"Stanza singola viale Emilio Caldara, Milano",1010,€ 1.010/mese,1,1,18 m²,,Centralizzato,arredato,Viale Emilio Caldara,"Porta Romana, Cadore, Montenero",Porta Romana - Medaglie d'Oro,45.4548,9.2031,HousingAnywhere,,10,https://www.immobiliare.it/annunci/126000255/,
127460122,"Stanza singola via Felice Bellotti, Milano",850,€ 850/mese,1,1,20 m²,,Centralizzato,arredato,Via Felice Bellotti,"Porta Venezia, Indipendenza",Piave - Tricolore,45.4707,9.2086,HousingAnywhere,,10,https://www.immobiliare.it/annunci/127460122/,
127352401,"Stanza singola piazza Sant'Agostino, Milano",875,€ 875/mese,1,1,17 m²,,Centralizzato,arredato,Piazza Sant'Agostino,"Genova, Ticinese",San Vittore,45.459,9.1703,HousingAnywhere,,10,https://www.immobiliare.it/annunci/127352401/,
125982023,"Stanza singola via Carlo Botta, Milano",905,€ 905/mese,1,1,12 m²,,Centralizzato,arredato,Via Carlo Botta,"Porta Romana, Cadore, Montenero",Porta Romana - Medaglie d'Oro,45.4539,9.205,HousingAnywhere,,10,https://www.immobiliare.it/annunci/125982023/,
126041383,"Stanza singola via Privata Reggio, Milano",875,€ 875/mese,1,1,23 m²,,Centralizzato,arredato,Via Privata Reggio,"Quadronno, Palestro, Guastalla",Quadronno - Crocetta,45.4564,9.2031,HousingAnywhere,,10,https://www.immobiliare.it/annunci/126041383/,
126848785,"Stanza singola via Alfonso Corti, Milano",855,€ 855/mese,1,1,22 m²,,Assente,arredato,Via Alfonso Corti,"Città Studi, Susa",Città Studi,45.4806,9.2311,HousingAnywhere,,10,https://www.immobiliare.it/annunci/126848785/,
127460066,"Stanza singola via Lattanzio, Milano",960,€ 960/mese,1,1,12 m²,,Assente,arredato,Via Lattanzio,"Porta Vittoria, Lodi",Lodi - Brenta,45.4511,9.2156,HousingAnywhere,,10,https://www.immobiliare.it/annunci/127460066/,
127460040,"Stanza singola via San Vincenzo, Milano",845,€ 845/mese,1,1,10 m²,,Centralizzato,arredato,Via San Vincenzo,"Genova, Ticinese",Corso Genova,45.4586,9.1747,HousingAnywhere,,10,https://www.immobiliare.it/annunci/127460040/,
126041221,"Stanza singola piazza Maria Adelaide di Savoia, Milano",950,€ 950/mese,1,1,16 m²,,Centralizzato,arredato,Piazza Maria Adelaide di Savoia,"Porta Venezia, Indipendenza",Indipendenza,45.4729,9.2147,HousingAnywhere,,10,https://www.immobiliare.it/annunci/126041221/,
127091467,"Stanza singola viale Bligny, Milano",1310,€ 1.310/mese,1,1,14 m²,,Centralizzato,"aria condizionata, arredato",Viale Bligny,Navigli,Bocconi,45.4509,9.1927,HousingAnywhere,,10,https://www.immobiliare.it/annunci/127091467/,
127460242,"Stanza singola via Bergamo, Milano",975,€ 975/mese,1,1,20 m²,,Centralizzato,arredato,Via Bergamo,"Porta Romana, Cadore, Montenero",Montenero,45.457,9.2078,HousingAnywhere,,10,https://www.immobiliare.it/annunci/127460242/,
127460214,"Stanza singola via Larga, Milano",1035,€ 1.035/mese,1,1,15 m²,,Centralizzato,arredato,Via Larga,Centro,Duomo,45.4619,9.1929,HousingAnywhere,,10,https://www.immobiliare.it/annunci/127460214/,
127460200,"Stanza singola via Angelo Mauri, Milano",870,€ 870/mese,1,1,14 m²,,Centralizzato,arredato,Via Angelo Mauri,"Solari, Washington",Vercelli - Wagner,45.4656,9.1612,HousingAnywhere,,10,https://www.immobiliare.it/annunci/127460200/,
125820587,"Stanza singola viale Tibaldi, Milano",850,€ 850/mese,1,1,9 m²,,Centralizzato,arredato,Viale Tibaldi,Navigli,Corso San Gottardo,45.4443,9.1824,HousingAnywhere,,10,https://www.immobiliare.it/annunci/125820587/,
127460098,"Stanza singola via Nino Oxilia, Milano",845,€ 845/mese,1,1,16 m²,,Assente,arredato,Via Nino Oxilia,"Pasteur, Rovereto",Pasteur,45.4929,9.2161,HousingAnywhere,,10,https://www.immobiliare.it/annunci/127460098/,
125391197,"Stanza singola via Andrea Maria AmpÃ¨re, Milano",880,€ 880/mese,1,1,13 m²,,Centralizzato,arredato,Via Andrea Maria AmpÃ¨re,"Città Studi, Susa",Città Studi,45.4844,9.2265,HousingAnywhere,,10,https://www.immobiliare.it/annunci/125391197/,
127042569,"Stanza singola via della Moscova, Milano",1040,€ 1.040/mese,1,1,11 m²,,Assente,"aria condizionata, arredato",Via della Moscova,"Garibaldi, Moscova, Porta Nuova",Turati,45.4768,9.1895,HousingAnywhere,,10,https://www.immobiliare.it/annunci/127042569/,
126041355,"Stanza singola viale Tibaldi, Milano",980,€ 980/mese,1,1,11 m²,,Centralizzato,arredato,Viale Tibaldi,Navigli,Corso San Gottardo,45.4443,9.1824,HousingAnywhere,,10,https://www.immobiliare.it/annunci/126041355/,
127012705,"Stanza in affitto in appartamento viale Tibaldi, Milano",975,€ 975/mese,5,1,94 m²,"7°, con ascensore",Autonomo,"fibra ottica, porta blindata, esposizione esterna, impianto tv centralizzato",Viale Tibaldi,"Abbiategrasso, Chiesa Rossa",Pezzotti - Meda,45.4433,9.17651,Spacest.com by Roomless,02 8974 1955,40,https://www.immobiliare.it/annunci/127012705/,
126917393,"Stanza in affitto in appartamento viale Tibaldi, Milano",965,€ 965/mese,5+,3,180 m²,2°,Autonomo,"fibra ottica, porta blindata, esposizione esterna, impianto tv centralizzato",Viale Tibaldi,"Abbiategrasso, Chiesa Rossa",Pezzotti - Meda,45.4441,9.1836,Spacest.com by Roomless,02 8974 1955,10,https://www.immobiliare.it/annunci/126917393/,
127018503,"Stanza in affitto in appartamento viale Col di Lana, Milano",990,€ 990/mese,5+,3,230 m²,"1°, con ascensore",Autonomo,"fibra ottica, porta blindata, esposizione esterna, impianto tv centralizzato",Viale Col di Lana,Navigli,Corso San Gottardo,45.4521,9.18266,Spacest.com by Roomless,02 8974 1955,51,https://www.immobiliare.it/annunci/127018503/,
126917837,"Stanza in affitto in appartamento via Pasquale Fornari, Milano",865,€ 865/mese,4,1,71 m²,"3°, con ascensore",Autonomo,"fibra ottica, porta blindata, esposizione esterna, impianto tv centralizzato",Via Pasquale Fornari,"Bande Nere, Inganni",Gambara,45.4621,9.14405,Spacest.com by Roomless,02 8974 1955,16,https://www.immobiliare.it/annunci/126917837/,
126917255,"Stanza in affitto in appartamento via Conca del Naviglio, Milano",1035,€ 1.035/mese,5+,3,138 m²,"1°, con ascensore",Autonomo,"fibra ottica, porta blindata, esposizione esterna, impianto tv centralizzato",Via Conca del Naviglio,"Genova, Ticinese",Ticinese,45.4555,9.17809,Spacest.com by Roomless,02 8974 1955,51,https://www.immobiliare.it/annunci/126917255/,
126916449,"Stanza in affitto in appartamento viale Bligny, Milano",1245,€ 1.245/mese,4,2,90 m²,"3°, con ascensore",Autonomo,"fibra ottica, porta blindata, esposizione esterna, impianto tv centralizzato",Viale Bligny,Navigli,Bocconi,45.4509,9.19128,Spacest.com by Roomless,02 8974 1955,10,https://www.immobiliare.it/annunci/126916449/,
126917859,"Stanza in affitto in appartamento via Ravizza, Milano",955,€ 955/mese,5+,3,166 m²,"1°, con ascensore",Autonomo,"fibra ottica, porta blindata, esposizione esterna, impianto tv centralizzato",Via Ravizza,"Fiera, Sempione, City Life, Portello",Amendola - Buonarroti,45.4702,9.14972,Spacest.com by Roomless,02 8974 1955,20,https://www.immobiliare.it/annunci/126917859/,
127012703,"Stanza in affitto in appartamento viale Coni Zugna, Milano",995,€ 995/mese,5+,2,136 m²,"1°, con ascensore",Autonomo,"fibra ottica, porta blindata, esposizione esterna, impianto tv centralizzato",Viale Coni Zugna,"Solari, Washington",Solari,45.459,9.1671,Spacest.com by Roomless,02 8974 1955,31,https://www.immobiliare.it/annunci/127012703/,
126917697,"Stanza in affitto in appartamento viale Bligny, Milano",1245,€ 1.245/mese,5,3+,126 m²,"1°, con ascensore",Autonomo,"fibra ottica, porta blindata, esposizione esterna, impianto tv centralizzato",Viale Bligny,Navigli,Bocconi,45.4508,9.19124,Spacest.com by Roomless,02 8974 1955,28,https://www.immobiliare.it/annunci/126917697/,
127012727,"Stanza in affitto in appartamento via Andrea Costa, Milano",860,€ 860/mese,4,1,103 m²,"1°, con ascensore",Autonomo,"fibra ottica, porta blindata, esposizione esterna, impianto tv centralizzato",Via Andrea Costa,"Pasteur, Rovereto",Pasteur,45.4885,9.22156,Spacest.com by Roomless,02 8974 1955,22,https://www.immobiliare.it/annunci/127012727/,
126917717,"Stanza in affitto in appartamento via Giuseppe Ripamonti, Milano",840,€ 840/mese,4,1,147 m²,4°,Autonomo,"fibra ottica, porta blindata, esposizione esterna, balcone, impianto tv centralizzato",Via Giuseppe Ripamonti,"Ripamonti, Vigentino",Vigentino - Fatima,45.4289,9.20273,Spacest.com by Roomless,02 8974 1955,23,https://www.immobiliare.it/annunci/126917717/,
126917485,"Stanza in affitto in appartamento piazzetta Guastalla, Milano",950,€ 950/mese,5+,3,15 m²,2°,Autonomo,"fibra ottica, porta blindata, esposizione esterna, impianto tv centralizzato",Piazzetta Guastalla,"Quadronno, Palestro, Guastalla",Guastalla,45.4613,9.19848,Spacest.com by Roomless,02 8974 1955,50,https://www.immobiliare.it/annunci/126917485/,
126917641,"Stanza in affitto in appartamento viale Emilio Caldara, Milano",990,€ 990/mese,5+,2,167 m²,"5°, con ascensore",Autonomo,"fibra ottica, porta blindata, esposizione esterna, impianto tv centralizzato",Viale Emilio Caldara,"Quadronno, Palestro, Guastalla",Quadronno - Crocetta,45.4535,9.20199,Spacest.com by Roomless,02 8974 1955,32,https://www.immobiliare.it/annunci/126917641/,
126917323,"Stanza in affitto in appartamento viale Bligny, Milano",1345,€ 1.345/mese,5,3+,126 m²,"2°, con ascensore",Autonomo,"fibra ottica, porta blindata, esposizione esterna, impianto tv centralizzato",Viale Bligny,Navigli,Bocconi,45.4508,9.19124,Spacest.com by Roomless,02 8974 1955,29,https://www.immobiliare.it/annunci/126917323/,
126917917,"Stanza in affitto in appartamento via Carlo Pisacane, Milano",850,€ 850/mese,5+,2,123 m²,"2°, con ascensore",Autonomo,"fibra ottica, porta blindata, esposizione esterna, impianto tv centralizzato",Via Carlo Pisacane,"Porta Venezia, Indipendenza",Indipendenza,45.4719,9.2113,Spacest.com by Roomless,02 8974 1955,22,https://www.immobiliare.it/annunci/126917917/,
126917913,"Stanza in affitto in appartamento via Giovanni Battista Boeri, Milano",970,€ 970/mese,5+,2,150 m²,1°,Autonomo,"fibra ottica, porta blindata, esposizione esterna, impianto tv centralizzato",Via Giovanni Battista Boeri,"Abbiategrasso, Chiesa Rossa",Pezzotti - Meda,45.4412,9.18542,Spacest.com by Roomless,02 8974 1955,10,https://www.immobiliare.it/annunci/126917913/,
126917467,"Stanza in affitto in appartamento viale Papiniano, Milano",900,€ 900/mese,5,2,127 m²,"2°, con ascensore",Autonomo,"fibra ottica, porta blindata, esposizione esterna, impianto tv centralizzato",Viale Papiniano,"Solari, Washington",Solari,45.4596,9.16704,Spacest.com by Roomless,02 8974 1955,30,https://www.immobiliare.it/annunci/126917467/,
126917777,"Stanza in affitto in appartamento via Andrea Solari, Milano",880,€ 880/mese,5+,2,138 m²,"1°, con ascensore",Autonomo,"fibra ottica, porta blindata, esposizione esterna, impianto tv centralizzato",Via Andrea Solari,"Solari, Washington",Solari,45.4529,9.15615,Spacest.com by Roomless,02 8974 1955,36,https://www.immobiliare.it/annunci/126917777/,
126917495,"Stanza in affitto in appartamento via Giovanni Spadolini, Milano",895,€ 895/mese,4,2,87 m²,3°,Autonomo,"fibra ottica, porta blindata, esposizione esterna, impianto tv centralizzato",Via Giovanni Spadolini,"Ripamonti, Vigentino",Ripamonti - Fondazione Prada,45.4429,9.19239,Spacest.com by Roomless,02 8974 1955,63,https://www.immobiliare.it/annunci/126917495/,
126917743,"Stanza in affitto in appartamento via Alzaia Naviglio Pavese, Milano",880,€ 880/mese,4,2,92 m²,"1°, con ascensore",Autonomo,"fibra ottica, porta blindata, esposizione esterna, impianto tv centralizzato",Via Alzaia Naviglio Pavese,Navigli,Navigli - Darsena,45.4468,9.17664,Spacest.com by Roomless,02 8974 1955,30,https://www.immobiliare.it/annunci/126917743/,
127018505,"Stanza in affitto in appartamento viale Col di Lana, Milano",945,€ 945/mese,5+,3,230 m²,"1°, con ascensore",Autonomo,"fibra ottica, porta blindata, esposizione esterna, impianto tv centralizzato",Viale Col di Lana,Navigli,Corso San Gottardo,45.4521,9.18266,Spacest.com by Roomless,02 8974 1955,42,https://www.immobiliare.it/annunci/127018505/,
126917219,"Stanza in affitto in appartamento viale Beatrice D'Este, Milano",945,€ 945/mese,5+,3+,15 m²,4°,Autonomo,"fibra ottica, porta blindata, esposizione esterna, impianto tv centralizzato",Viale Beatrice D'Este,Navigli,Bocconi,45.452,9.18768,Spacest.com by Roomless,02 8974 1955,95,https://www.immobiliare.it/annunci/126917219/,
126917911,"Stanza in affitto in appartamento via Carlo Pisacane, Milano",950,€ 950/mese,4,2,80 m²,"3°, con ascensore",Autonomo,"fibra ottica, porta blindata, esposizione esterna, impianto tv centralizzato",Via Carlo Pisacane,"Centrale, Repubblica",Morgagni,45.4736,9.21409,Spacest.com by Roomless,02 8974 1955,41,https://www.immobiliare.it/annunci/126917911/,
126917847,"Stanza in affitto in appartamento corso Lodi, Milano",905,€ 905/mese,3,1,69 m²,"1°, con ascensore",Autonomo,"fibra ottica, porta blindata, esposizione esterna, terrazzo, impianto tv centralizzato",Corso Lodi,"Porta Vittoria, Lodi",Lodi - Brenta,45.4444,9.21598,Spacest.com by Roomless,02 8974 1955,25,https://www.immobiliare.it/annunci/126917847/,
126984927,"Stanza in affitto in appartamento via Gustavo Modena, Milano",920,€ 920/mese,5+,2,132 m²,2°,Autonomo,"fibra ottica, porta blindata, esposizione esterna, impianto tv centralizzato",Via Gustavo Modena,"Porta Venezia, Indipendenza",Indipendenza,45.4706,9.21677,Spacest.com by Roomless,02 8974 1955,38,https://www.immobiliare.it/annunci/126984927/,
127460098,"Stanza singola via Nino Oxilia, Milano",845,€ 845/mese,1,1,16 m²,,Assente,arredato,Via Nino Oxilia,"Pasteur, Rovereto",Pasteur,45.4929,9.2161,HousingAnywhere,,10,https://www.immobiliare.it/annunci/127460098/,
125391197,"Stanza singola via Andrea Maria AmpÃ¨re, Milano",880,€ 880/mese,1,1,13 m²,,Centralizzato,arredato,Via Andrea Maria AmpÃ¨re,"Città Studi, Susa",Città Studi,45.4844,9.2265,HousingAnywhere,,10,https://www.immobiliare.it/annunci/125391197/,
127042569,"Stanza singola via della Moscova, Milano",1040,€ 1.040/mese,1,1,11 m²,,Assente,"aria condizionata, arredato",Via della Moscova,"Garibaldi, Moscova, Porta Nuova",Turati,45.4768,9.1895,HousingAnywhere,,10,https://www.immobiliare.it/annunci/127042569/,
126041355,"Stanza singola viale Tibaldi, Milano",980,€ 980/mese,1,1,11 m²,,Centralizzato,arredato,Viale Tibaldi,Navigli,Corso San Gottardo,45.4443,9.1824,HousingAnywhere,,10,https://www.immobiliare.it/annunci/126041355/,
125391393,"Stanza singola via Orti, Milano",995,€ 995/mese,1,1,11 m²,,Autonomo,arredato,Via Orti,"Quadronno, Palestro, Guastalla",Quadronno - Crocetta,45.455,9.1996,HousingAnywhere,,10,https://www.immobiliare.it/annunci/125391393/,
127460030,"Stanza singola via Giuseppe Frua, Milano",875,€ 875/mese,1,1,22 m²,,Centralizzato,arredato,Via Giuseppe Frua,"Solari, Washington",Frua,45.4649,9.1498,HousingAnywhere,,10,https://www.immobiliare.it/annunci/127460030/,
126042237,"Stanza multipla via Capo Palinuro, Milano",2250,€ 2.250/mese,1,1,20 m²,,Centralizzato,arredato,Via Capo Palinuro,"Famagosta, Barona",Tre Castelli - Faenza,45.4387,9.1522,HousingAnywhere,,10,https://www.immobiliare.it/annunci/126042237/,
127010001,"Stanza singola viale Tibaldi, Milano",975,€ 975/mese,1,1,21 m²,,Centralizzato,arredato,Viale Tibaldi,Navigli,Corso San Gottardo,45.4443,9.1824,HousingAnywhere,,10,https://www.immobiliare.it/annunci/127010001/,
127272331,"Stanza singola via Desiderio, Milano",920,€ 920/mese,1,1,23 m²,,Centralizzato,arredato,Via Desiderio,"Città Studi, Susa",Città Studi,45.4846,9.2326,HousingAnywhere,,10,https://www.immobiliare.it/annunci/127272331/,
126038021,"Stanza singola corso Buenos Aires, Milano",840,€ 840/mese,1,1,10 m²,,Autonomo,"aria condizionata, arredato",Corso Buenos Aires,"Centrale, Repubblica",Buenos Aires,45.4811,9.2114,HousingAnywhere,,7,https://www.immobiliare.it/annunci/126038021/,
127460258,"Stanza singola via Giovanni Pastorelli, Milano",855,€ 855/mese,1,1,19 m²,,Centralizzato,arredato,Via Giovanni Pastorelli,Navigli,Navigli - Darsena,45.4468,9.1612,HousingAnywhere,,10,https://www.immobiliare.it/annunci/127460258/,
127460070,"Stanza singola via Novegno, Milano",855,€ 855/mese,1,1,13 m²,,Centralizzato,arredato,Via Novegno,"Fiera, Sempione, City Life, Portello",Monte Rosa - Lotto,45.4771,9.1507,HousingAnywhere,,10,https://www.immobiliare.it/annunci/127460070/,
127460346,"Stanza singola viale Angelo Filippetti, Milano",975,€ 975/mese,1,1,17 m²,,Centralizzato,"aria condizionata, arredato",Viale Angelo Filippetti,"Porta Romana, Cadore, Montenero",Porta Romana - Medaglie d'Oro,45.452,9.1991,HousingAnywhere,,10,https://www.immobiliare.it/annunci/127460346/,
123755169,"Stanza in affitto in appartamento via Leonardo Bistolfi, Milano",902,€ 902/mese,1,1,10 m²,,Centralizzato,"aria condizionata, arredato",Via Leonardo Bistolfi,"Udine, Lambrate",Lambrate,45.4719,9.2455,HousingAnywhere,,10,https://www.immobiliare.it/annunci/123755169/,
126413329,"Stanza singola via Gardone, Milano",855,€ 855/mese,1,1,,,Centralizzato,arredato,Via Gardone,"Corvetto, Rogoredo",Corvetto,45.4391,9.2117,HousingAnywhere,,10,https://www.immobiliare.it/annunci/126413329/,
126041293,"Stanza singola via Friuli, Milano",1045,€ 1.045/mese,1,1,17 m²,,Assente,arredato,Via Friuli,"Porta Romana, Cadore, Montenero",Porta Romana - Medaglie d'Oro,45.4533,9.2125,HousingAnywhere,,10,https://www.immobiliare.it/annunci/126041293/,
125982027,"Stanza singola viale Emilio Caldara, Milano",1035,€ 1.035/mese,1,1,14 m²,,Centralizzato,arredato,Viale Emilio Caldara,"Porta Romana, Cadore, Montenero",Porta Romana - Medaglie d'Oro,45.4548,9.2031,HousingAnywhere,,10,https://www.immobiliare.it/annunci/125982027/,
126387259,"Stanza singola via Tiziano, Milano",945,€ 945/mese,1,1,21 m²,,Centralizzato,arredato,Via Tiziano,"Arco della Pace, Arena, Pagano",Pagano,45.4718,9.1576,HousingAnywhere,,10,https://www.immobiliare.it/annunci/126387259/,
126982231,"Stanza singola via Santa Sofia, Milano",995,€ 995/mese,1,1,32 m²,,Centralizzato,arredato,Via Santa Sofia,Centro,Missori,45.457,9.1903,HousingAnywhere,,10,https://www.immobiliare.it/annunci/126982231/,
126040389,"Stanza multipla via Bordighera, Milano",1070,€ 1.070/mese,1,1,15 m²,,Centralizzato,"aria condizionata, arredato",Via Bordighera,"Famagosta, Barona",Famagosta,45.4399,9.1736,HousingAnywhere,,10,https://www.immobiliare.it/annunci/126040389/,
125820629,"Stanza singola via Carlo Vittadini, Milano",990,€ 990/mese,1,1,16 m²,,Assente,arredato,Via Carlo Vittadini,Navigli,Bocconi,45.4492,9.1941,HousingAnywhere,,10,https://www.immobiliare.it/annunci/125820629/,
125820611,"Stanza singola via Tarquinio Prisco, Milano",940,€ 940/mese,1,1,19 m²,,Centralizzato,arredato,Via Tarquinio Prisco,"Genova, Ticinese",San Vittore,45.4598,9.1701,HousingAnywhere,,10,https://www.immobiliare.it/annunci/125820611/,
125599081,"Stanza singola via Montepulciano, Milano",895,€ 895/mese,1,1,15 m²,,Centralizzato,arredato,Via Montepulciano,"Centrale, Repubblica",Centrale,45.4864,9.2132,HousingAnywhere,,10,https://www.immobiliare.it/annunci/125599081/,
125391243,"Stanza singola via Carlo Valvassori Peroni, Milano",870,€ 870/mese,1,1,16 m²,,Centralizzato,arredato,Via Carlo Valvassori Peroni,"Città Studi, Susa",Città Studi,45.4789,9.2366,HousingAnywhere,,10,https://www.immobiliare.it/annunci/125391243/,
127229175,"Stanza singola viale Bligny, Milano",1310,€ 1.310/mese,1,1,14 m²,,Centralizzato,arredato,Viale Bligny,Navigli,Bocconi,45.4509,9.1927,HousingAnywhere,,10,https://www.immobiliare.it/annunci/127229175/,
126041409,"Stanza singola viale Tibaldi, Milano",965,€ 965/mese,1,1,17 m²,,Centralizzato,arredato,Viale Tibaldi,Navigli,Corso San Gottardo,45.4443,9.1824,HousingAnywhere,,10,https://www.immobiliare.it/annunci/126041409/,
127272339,"Stanza singola via Giuseppe Frua, Milano",845,€ 845/mese,1,1,10 m²,,Centralizzato,arredato,Via Giuseppe Frua,"Solari, Washington",Frua,45.4649,9.1498,HousingAnywhere,,10,https://www.immobiliare.it/annunci/127272339/,
127301295,"Stanza singola via Spalato, Milano",935,€ 935/mese,1,1,15 m²,,Centralizzato,arredato,Via Spalato,"Cenisio, Sarpi, Isola",Isola,45.4882,9.1914,HousingAnywhere,,10,https://www.immobiliare.it/annunci/127301295/,
127460120,"Stanza singola via Pasquale Fornari, Milano",865,€ 865/mese,1,1,11 m²,,Centralizzato,arredato,Via Pasquale Fornari,"Bande Nere, Inganni",Gambara,45.462,9.1447,HousingAnywhere,,10,https://www.immobiliare.it/annunci/127460120/,
126041403,"Stanza singola corso Magenta, Milano",995,€ 995/mese,1,1,12 m²,,Centralizzato,arredato,Corso Magenta,"Genova, Ticinese",San Vittore,45.4657,9.1729,HousingAnywhere,,10,https://www.immobiliare.it/annunci/126041403/,
125846767,"Stanza singola via Pisanello, Milano",890,€ 890/mese,1,1,13 m²,,Centralizzato,arredato,Via Pisanello,"Bande Nere, Inganni",Gambara,45.4664,9.1387,HousingAnywhere,,10,https://www.immobiliare.it/annunci/125846767/,
127460158,"Stanza singola via Andrea Solari, Milano",845,€ 845/mese,1,1,18 m²,,Centralizzato,arredato,Via Andrea Solari,"Solari, Washington",Solari,45.4552,9.1624,HousingAnywhere,,10,https://www.immobiliare.it/annunci/127460158/,
127091451,"Stanza singola via Amatore Sciesa, Milano",1035,€ 1.035/mese,1,1,11 m²,,Assente,arredato,Via Amatore Sciesa,"Porta Romana, Cadore, Montenero",Montenero,45.4604,9.2093,HousingAnywhere,,10,https://www.immobiliare.it/annunci/127091451/,
125622277,"Stanza singola via Conca del Naviglio, Milano",945,€ 945/mese,1,1,10 m²,,Centralizzato,arredato,Via Conca del Naviglio,"Genova, Ticinese",Corso Genova,45.4565,9.1777,HousingAnywhere,,10,https://www.immobiliare.it/annunci/125622277/,
125846893,"Stanza singola viale Monza, Milano",860,€ 860/mese,1,1,13 m²,,Centralizzato,"aria condizionata, arredato",Viale Monza,"Pasteur, Rovereto",Rovereto,45.4973,9.2202,HousingAnywhere,,10,https://www.immobiliare.it/annunci/125846893/,
127460252,"Stanza singola via Caradosso, Milano",995,€ 995/mese,1,1,10 m²,,Centralizzato,arredato,Via Caradosso,"Arco della Pace, Arena, Pagano",Vincenzo Monti,45.4667,9.1725,HousingAnywhere,,10,https://www.immobiliare.it/annunci/127460252/,
127460282,"Stanza singola via Paolo Bassi, Milano",850,€ 850/mese,1,1,16 m²,,Centralizzato,arredato,Via Paolo Bassi,"Cenisio, Sarpi, Isola",Zara,45.4954,9.1889,HousingAnywhere,,10,https://www.immobiliare.it/annunci/127460282/,
127460212,"Stanza singola via Giuseppe Pecchio, Milano",880,€ 880/mese,1,1,12 m²,,Centralizzato,arredato,Via Giuseppe Pecchio,"Città Studi, Susa",Città Studi,45.4845,9.2171,HousingAnywhere,,10,https://www.immobiliare.it/annunci/127460212/,
126848783,"Stanza singola via Ausonio, Milano",1005,€ 1.005/mese,1,1,13 m²,,Autonomo,"aria condizionata, arredato",Via Ausonio,"Genova, Ticinese",Corso Genova,45.4594,9.1738,HousingAnywhere,,10,https://www.immobiliare.it/annunci/126848783/,
125993207,"Stanza singola via Pietro Borsieri, Milano",890,€ 890/mese,1,1,15 m²,,Centralizzato,arredato,Via Pietro Borsieri,"Cenisio, Sarpi, Isola",Isola,45.489,9.189,HousingAnywhere,,10,https://www.immobiliare.it/annunci/125993207/,
107196783,"Stanza singola via Filippo Brunelleschi, Milano",895,€ 895/mese,1,1,9 m²,,Centralizzato,"aria condizionata, arredato",Via Filippo Brunelleschi,"Famagosta, Barona",Giambellino,45.4487,9.1438,HousingAnywhere,,7,https://www.immobiliare.it/annunci/107196783/,
125622373,"Stanza singola via Guercino, Milano",900,€ 900/mese,1,1,14 m²,,Centralizzato,arredato,Via Guercino,"Cenisio, Sarpi, Isola",Paolo Sarpi,45.4803,9.1805,HousingAnywhere,,10,https://www.immobiliare.it/annunci/125622373/,
125391333,"Stanza singola via Antonio Stradivari, Milano",920,€ 920/mese,1,1,23 m²,,Centralizzato,"aria condizionata, arredato",Via Antonio Stradivari,"Centrale, Repubblica",Buenos Aires,45.4842,9.216,HousingAnywhere,,10,https://www.immobiliare.it/annunci/125391333/,
126041209,"Stanza singola viale Tibaldi, Milano",875,€ 875/mese,1,1,13 m²,,Centralizzato,arredato,Viale Tibaldi,Navigli,Corso San Gottardo,45.4443,9.1824,HousingAnywhere,,10,https://www.immobiliare.it/annunci/126041209/,
126335215,"Stanza singola via Giuseppe Regaldi, Milano",840,€ 840/mese,1,1,10 m²,,Autonomo,arredato,Via Giuseppe Regaldi,"Affori, Bovisa",Affori,45.518,9.1733,HousingAnywhere,,10,https://www.immobiliare.it/annunci/126335215/,
123755151,"Stanza in affitto in appartamento via Tucidide, Milano",1012,€ 1.012/mese,1,1,15 m²,,Centralizzato,"aria condizionata, arredato",Via Tucidide,"Udine, Lambrate",Ortica,45.4691,9.2482,HousingAnywhere,,10,https://www.immobiliare.it/annunci/123755151/,
126696021,"Stanza singola piazza Maria Adelaide di Savoia, Milano",905,€ 905/mese,1,1,23 m²,,Centralizzato,arredato,Piazza Maria Adelaide di Savoia,"Porta Venezia, Indipendenza",Indipendenza,45.4729,9.2147,HousingAnywhere,,10,https://www.immobiliare.it/annunci/126696021/,
126655931,"Stanza singola via Valenza, Milano",840,€ 840/mese,1,1,17 m²,,Centralizzato,arredato,Via Valenza,Navigli,Navigli - Darsena,45.4513,9.1691,HousingAnywhere,,10,https://www.immobiliare.it/annunci/126655931/,
127412029,"Stanza singola viale Sondrio, Milano",845,€ 845/mese,1,1,13 m²,,Centralizzato,arredato,Viale Sondrio,"Cenisio, Sarpi, Isola",Isola,45.4904,9.1995,HousingAnywhere,,10,https://www.immobiliare.it/annunci/127412029/,
125846807,"Stanza singola viale Sarca, Milano",845,€ 845/mese,1,1,9 m²,,Centralizzato,arredato,Viale Sarca,"Bicocca, Niguarda",Ca' Granda,45.5035,9.2009,HousingAnywhere,,10,https://www.immobiliare.it/annunci/125846807/,
125812305,"Stanza singola via Giuseppe Meda, Milano",890,€ 890/mese,1,1,16 m²,,Centralizzato,"aria condizionata, arredato",Via Giuseppe Meda,"Abbiategrasso, Chiesa Rossa",Pezzotti - Meda,45.4412,9.1789,HousingAnywhere,,7,https://www.immobiliare.it/annunci/125812305/,
125953375,"Stanza singola via Giovanni Spadolini, Milano",895,€ 895/mese,1,1,14 m²,,Centralizzato,arredato,Via Giovanni Spadolini,"Ripamonti, Vigentino",Ripamonti - Fondazione Prada,45.4432,9.1912,HousingAnywhere,,10,https://www.immobiliare.it/annunci/125953375/,
127315705,"Stanza singola viale Lazio, Milano",1100,€ 1.100/mese,1,1,16 m²,,Assente,arredato,Viale Lazio,"Porta Romana, Cadore, Montenero",Porta Romana - Medaglie d'Oro,45.4554,9.2071,HousingAnywhere,,10,https://www.immobiliare.it/annunci/127315705/,
127042557,"Stanza singola viale Col di Lana, Milano",995,€ 995/mese,1,1,20 m²,,Centralizzato,arredato,Viale Col di Lana,"Genova, Ticinese",Ticinese,45.4521,9.1834,HousingAnywhere,,10,https://www.immobiliare.it/annunci/127042557/,
127460064,"Stanza singola via Carlo Imbonati, Milano",945,€ 945/mese,1,1,15 m²,,Autonomo,"aria condizionata, arredato",Via Carlo Imbonati,"Affori, Bovisa",Dergano,45.5013,9.1825,HousingAnywhere,,10,https://www.immobiliare.it/annunci/127460064/,
126367625,"Stanza singola via Lentasio, Milano",935,€ 935/mese,1,1,15 m²,,Centralizzato,arredato,Via Lentasio,Centro,Missori,45.458,9.1912,HousingAnywhere,,10,https://www.immobiliare.it/annunci/126367625/,
125390945,"Stanza singola via Lentasio, Milano",905,€ 905/mese,1,1,12 m²,,Centralizzato,arredato,Via Lentasio,Centro,Missori,45.458,9.1912,HousingAnywhere,,10,https://www.immobiliare.it/annunci/125390945/,
126041437,"Stanza singola piazzetta Guastalla, Milano",950,€ 950/mese,1,1,18 m²,,Centralizzato,arredato,Piazzetta Guastalla,"Quadronno, Palestro, Guastalla",Guastalla,45.4614,9.1994,HousingAnywhere,,10,https://www.immobiliare.it/annunci/126041437/,
125178741,"Stanza singola viale Giovanni Suzzani, Milano",1150,€ 1.150/mese,1,1,22 m²,,Centralizzato,"aria condizionata, arredato",Viale Giovanni Suzzani,"Bicocca, Niguarda",Bicocca,45.5159,9.2031,HousingAnywhere,,7,https://www.immobiliare.it/annunci/125178741/,
127460178,"Stanza singola via Giuseppe Frua, Milano",855,€ 855/mese,1,1,17 m²,,Centralizzato,arredato,Via Giuseppe Frua,"Solari, Washington",Frua,45.4649,9.1498,HousingAnywhere,,10,https://www.immobiliare.it/annunci/127460178/,
126042319,"Stanza singola via Michelangelo Buonarroti, Milano",965,€ 965/mese,1,1,20 m²,,Autonomo,"aria condizionata, arredato",Via Michelangelo Buonarroti,"Solari, Washington",Vercelli - Wagner,45.4689,9.1556,HousingAnywhere,,7,https://www.immobiliare.it/annunci/126042319/,
127460074,"Stanza singola via Carlo Valvassori Peroni, Milano",890,€ 890/mese,1,1,13 m²,,Centralizzato,arredato,Via Carlo Valvassori Peroni,"Città Studi, Susa",Città Studi,45.4789,9.2366,HousingAnywhere,,10,https://www.immobiliare.it/annunci/127460074/,
126041241,"Stanza singola corso di Porta Romana, Milano",1015,€ 1.015/mese,1,1,21 m²,,Centralizzato,arredato,Corso di Porta Romana,"Quadronno, Palestro, Guastalla",Quadronno - Crocetta,45.4563,9.1953,HousingAnywhere,,10,https://www.immobiliare.it/annunci/126041241/,
127460330,"Stanza singola via Antonio Bazzini, Milano",880,€ 880/mese,1,1,23 m²,,Centralizzato,arredato,Via Antonio Bazzini,"Città Studi, Susa",Città Studi,45.482,9.2251,HousingAnywhere,,10,https://www.immobiliare.it/annunci/127460330/,
127460304,"Stanza singola via Pasquale Fornari, Milano",870,€ 870/mese,1,1,17 m²,,Centralizzato,arredato,Via Pasquale Fornari,"Bande Nere, Inganni",Gambara,45.462,9.1447,HousingAnywhere,,10,https://www.immobiliare.it/annunci/127460304/,
127301317,"Stanza singola via Spalato, Milano",935,€ 935/mese,1,1,16 m²,,Centralizzato,arredato,Via Spalato,"Cenisio, Sarpi, Isola",Isola,45.4882,9.1914,HousingAnywhere,,10,https://www.immobiliare.it/annunci/127301317/,
127229149,"Stanza singola viale Sabotino, Milano",1045,€ 1.045/mese,1,1,24 m²,,Centralizzato,arredato,Viale Sabotino,"Porta Romana, Cadore, Montenero",Porta Romana - Medaglie d'Oro,45.4509,9.1994,HousingAnywhere,,10,https://www.immobiliare.it/annunci/127229149/,
126041283,"Stanza singola viale Emilio Caldara, Milano",1035,€ 1.035/mese,1,1,14 m²,,Centralizzato,arredato,Viale Emilio Caldara,"Porta Romana, Cadore, Montenero",Porta Romana - Medaglie d'Oro,45.4548,9.2031,HousingAnywhere,,10,https://www.immobiliare.it/annunci/126041283/,
127229143,"Stanza singola via Lattanzio, Milano",930,€ 930/mese,1,1,12 m²,,Assente,arredato,Via Lattanzio,"Porta Vittoria, Lodi",Lodi - Brenta,45.4511,9.2156,HousingAnywhere,,10,https://www.immobiliare.it/annunci/127229143/,
127229141,"Stanza singola viale Tibaldi, Milano",880,€ 880/mese,1,1,20 m²,,Centralizzato,arredato,Viale Tibaldi,Navigli,Corso San Gottardo,45.4443,9.1824,HousingAnywhere,,10,https://www.immobiliare.it/annunci/127229141/,
127460018,"Stanza singola corso Vercelli, Milano",910,€ 910/mese,1,1,16 m²,,Centralizzato,arredato,Corso Vercelli,"Solari, Washington",Vercelli - Wagner,45.4663,9.1623,HousingAnywhere,,10,https://www.immobiliare.it/annunci/127460018/,
113712799,"Stanza singola via Paolo Bassi, Milano",1700,€ 1.700/mese,1,1,35 m²,,Autonomo,"aria condizionata, arredato",Via Paolo Bassi,"Cenisio, Sarpi, Isola",Zara,45.4954,9.1889,HousingAnywhere,,8,https://www.immobiliare.it/annunci/113712799/,
127460344,"Stanza singola via Gustavo Modena, Milano",850,€ 850/mese,1,1,21 m²,,Centralizzato,arredato,Via Gustavo Modena,"Porta Venezia, Indipendenza",Indipendenza,45.4708,9.2147,HousingAnywhere,,9,https://www.immobiliare.it/annunci/127460344/,
126038043,"Stanza singola via Don Giovanni Bosco, Milano",990,€ 990/mese,1,1,18 m²,,Centralizzato,arredato,Via Don Giovanni Bosco,"Porta Vittoria, Lodi",Lodi - Brenta,45.4429,9.215,HousingAnywhere,,6,https://www.immobiliare.it/annunci/126038043/,
125351523,"Stanza singola via Orti, Milano",990,€ 990/mese,1,1,14 m²,,Centralizzato,"aria condizionata, arredato",Via Orti,"Quadronno, Palestro, Guastalla",Quadronno - Crocetta,45.4551,9.2012,HousingAnywhere,,6,https://www.immobiliare.it/annunci/125351523/,
126038045,"Stanza singola via Don Giovanni Bosco, Milano",840,€ 840/mese,1,1,18 m²,,Centralizzato,arredato,Via Don Giovanni Bosco,"Porta Vittoria, Lodi",Lodi - Brenta,45.4429,9.215,HousingAnywhere,,6,https://www.immobiliare.it/annunci/126038045/,
126038113,"Stanza singola via Orti, Milano",940,€ 940/mese,1,1,14 m²,,Centralizzato,"aria condizionata, arredato",Via Orti,"Quadronno, Palestro, Guastalla",Quadronno - Crocetta,45.4551,9.2012,HousingAnywhere,,6,https://www.immobiliare.it/annunci/126038113/,
125812307,"Stanza singola via Giuseppe Meda, Milano",890,€ 890/mese,1,1,16 m²,,Centralizzato,"aria condizionata, arredato",Via Giuseppe Meda,"Abbiategrasso, Chiesa Rossa",Pezzotti - Meda,45.4412,9.1789,HousingAnywhere,,6,https://www.immobiliare.it/annunci/125812307/,
127010021,"Stanza singola viale Coni Zugna, Milano",995,€ 995/mese,1,1,16 m²,,Centralizzato,arredato,Viale Coni Zugna,"Solari, Washington",Solari,45.4579,9.1683,HousingAnywhere,,9,https://www.immobiliare.it/annunci/127010021/,
127646642,"Stanza in affitto in appartamento via Vipacco, Milano",850,€ 850/mese,3,2,15 m²,6°,Assente,"fibra ottica, porta blindata, esposizione esterna, impianto tv centralizzato",Via Vipacco,"Precotto, Turro",Villa San Giovanni,45.5175,9.22541,Spacest.com by Roomless,02 8974 1955,17,https://www.immobiliare.it/annunci/127646642/,
127272343,"Stanza singola via Pasquale Fornari, Milano",855,€ 855/mese,1,1,16 m²,,Centralizzato,arredato,Via Pasquale Fornari,"Bande Nere, Inganni",Gambara,45.462,9.1447,HousingAnywhere,,9,https://www.immobiliare.it/annunci/127272343/,
126726105,"Stanza singola piazza Sant'Agostino, Milano",870,€ 870/mese,1,1,20 m²,,Centralizzato,arredato,Piazza Sant'Agostino,"Genova, Ticinese",San Vittore,45.459,9.1703,HousingAnywhere,,9,https://www.immobiliare.it/annunci/126726105/,
127303477,"Stanza in affitto in appartamento via Alvise Cadamosto, Milano",885,€ 885/mese,4,1,90 m²,4°,Assente,"fibra ottica, porta blindata, esposizione esterna, impianto tv centralizzato",Via Alvise Cadamosto,"Centrale, Repubblica",Morgagni,45.4765,9.20936,Spacest.com by Roomless,02 8974 1955,12,https://www.immobiliare.it/annunci/127303477/,
127091455,"Stanza singola viale Abruzzi, Milano",850,€ 850/mese,1,1,16 m²,,Centralizzato,arredato,Viale Abruzzi,"Città Studi, Susa",Città Studi,45.4827,9.2169,HousingAnywhere,,8,https://www.immobiliare.it/annunci/127091455/,
105012421,"Stanza multipla via Harar, Milano",900,€ 900/mese,1,1,10 m²,,Centralizzato,"aria condizionata, arredato",Via Harar,"San Siro, Trenno",San Siro,45.4763,9.1168,HousingAnywhere,,5,https://www.immobiliare.it/annunci/105012421/,
126042085,"Stanza singola via Guglielmo Corrado RÃ¶ntgen, Milano",850,€ 850/mese,1,1,10 m²,,Centralizzato,arredato,Via Guglielmo Corrado RÃ¶ntgen,Navigli,Bocconi,45.4497,9.1872,HousingAnywhere,,5,https://www.immobiliare.it/annunci/126042085/,
125612371,"Stanza singola via Giuseppe Bruschetti, Milano",870,€ 870/mese,1,1,13 m²,,Centralizzato,arredato,Via Giuseppe Bruschetti,"Maggiolina, Istria",Cascina dei Pomi,45.4924,9.2078,HousingAnywhere,,8,https://www.immobiliare.it/annunci/125612371/,
127460224,"Stanza singola via Andrea Solari, Milano",845,€ 845/mese,1,1,16 m²,,Centralizzato,arredato,Via Andrea Solari,"Solari, Washington",Solari,45.4552,9.1624,HousingAnywhere,,8,https://www.immobiliare.it/annunci/127460224/,
127460052,"Stanza singola via Andrea Solari, Milano",885,€ 885/mese,1,1,17 m²,,Centralizzato,arredato,Via Andrea Solari,"Solari, Washington",Solari,45.4552,9.1624,HousingAnywhere,,8,https://www.immobiliare.it/annunci/127460052/,
127460148,"Stanza singola via Francesco Arese, Milano",840,€ 840/mese,1,1,16 m²,,Centralizzato,arredato,Via Francesco Arese,"Cenisio, Sarpi, Isola",Zara,45.4915,9.1899,HousingAnywhere,,8,https://www.immobiliare.it/annunci/127460148/,
118950883,"Stanza in affitto in appartamento corso di Porta Romana, Milano",3400,€ 3.400/mese,1,1,60 m²,,Centralizzato,"aria condizionata, arredato",Corso di Porta Romana,"Quadronno, Palestro, Guastalla",Quadronno - Crocetta,45.4568,9.1956,HousingAnywhere,,10,https://www.immobiliare.it/annunci/118950883/,
126600577,"Stanza singola viale Tibaldi, Milano",905,€ 905/mese,1,1,9 m²,,Centralizzato,arredato,Viale Tibaldi,Navigli,Corso San Gottardo,45.4443,9.1824,HousingAnywhere,,7,https://www.immobiliare.it/annunci/126600577/,
118950877,"Stanza in affitto in appartamento corso Sempione, Milano",2250,€ 2.250/mese,1,1,50 m²,,Centralizzato,"aria condizionata, arredato",Corso Sempione,"Arco della Pace, Arena, Pagano",Arco della Pace,45.4777,9.1702,HousingAnywhere,,10,https://www.immobiliare.it/annunci/118950877/,
119339131,"Stanza in affitto in appartamento via Giuseppe Candiani, Milano",1900,€ 1.900/mese,1,1,50 m²,,Centralizzato,"aria condizionata, arredato",Via Giuseppe Candiani,"Affori, Bovisa",Bovisa,45.5037,9.1653,HousingAnywhere,,10,https://www.immobiliare.it/annunci/119339131/,
118950889,"Stanza in affitto in appartamento via Ambrogio Bergognone da Fossano, Milano",6200,€ 6.200/mese,3,1,140 m²,,Centralizzato,"aria condizionata, arredato",Via Ambrogio Bergognone da Fossano,"Solari, Washington",Solari,45.454,9.1639,HousingAnywhere,,10,https://www.immobiliare.it/annunci/118950889/,
119981748,"Stanza in affitto in appartamento viale Monza, Milano",1872,€ 1.872/mese,1,1,35 m²,,Autonomo,"aria condizionata, arredato",Viale Monza,"Precotto, Turro",Turro,45.5011,9.2212,HousingAnywhere,,10,https://www.immobiliare.it/annunci/119981748/,
113209393,"Stanza in affitto in appartamento viale Monza, Milano",1588,€ 1.588/mese,1,1,28 m²,,Autonomo,"aria condizionata, arredato",Viale Monza,"Precotto, Turro",Turro,45.5011,9.2212,HousingAnywhere,,10,https://www.immobiliare.it/annunci/113209393/,
123248629,"Stanza in affitto in appartamento via Nicola Palmieri, Milano",2500,€ 2.500/mese,1,1,40 m²,,Autonomo,"aria condizionata, arredato",Via Nicola Palmieri,"Abbiategrasso, Chiesa Rossa",Cermenate - Abbiategrasso,45.435,9.182,HousingAnywhere,,10,https://www.immobiliare.it/annunci/123248629/,
123755185,"Stanza in affitto in appartamento via Leonardo Bistolfi, Milano",1430,€ 1.430/mese,1,1,39 m²,,Centralizzato,"aria condizionata, arredato",Via Leonardo Bistolfi,"Udine, Lambrate",Lambrate,45.4719,9.2455,HousingAnywhere,,10,https://www.immobiliare.it/annunci/123755185/,
123724115,"Stanza in affitto in appartamento corso Garibaldi, Milano",2100,€ 2.100/mese,1,1,40 m²,,Centralizzato,"aria condizionata, arredato",Corso Garibaldi,"Garibaldi, Moscova, Porta Nuova",Moscova,45.48,9.1863,HousingAnywhere,,10,https://www.immobiliare.it/annunci/123724115/,
118950885,"Stanza in affitto in appartamento via Caccialepori, Milano",2650,€ 2.650/mese,1,1,40 m²,,Centralizzato,"aria condizionata, arredato",Via Caccialepori,"San Siro, Trenno",San Siro,45.4712,9.1419,HousingAnywhere,,10,https://www.immobiliare.it/annunci/118950885/,
112991399,"Stanza in affitto in appartamento via Gian Giacomo Mora, Milano",2700,€ 2.700/mese,1,1,47 m²,,Autonomo,"aria condizionata, arredato",Via Gian Giacomo Mora,Centro,Carrobbio,45.4588,9.18,HousingAnywhere,,9,https://www.immobiliare.it/annunci/112991399/,
127460272,"Stanza singola via Giovanni Pastorelli, Milano",935,€ 935/mese,1,1,15 m²,,Centralizzato,arredato,Via Giovanni Pastorelli,Navigli,Navigli - Darsena,45.4468,9.1612,HousingAnywhere,,6,https://www.immobiliare.it/annunci/127460272/,
127414589,"Stanza in affitto in appartamento via Privata Platone, Milano",845,€ 845/mese,3,2,110 m²,1°,Assente,"fibra ottica, porta blindata, esposizione esterna, impianto tv centralizzato",Via Privata Platone,"Precotto, Turro",Villa San Giovanni,45.5211,9.22919,Spacest.com by Roomless,02 8974 1955,5,https://www.immobiliare.it/annunci/127414589/,
126600553,"Stanza singola via Giuseppe Meda, Milano",850,€ 850/mese,1,1,23 m²,,Centralizzato,arredato,Via Giuseppe Meda,"Abbiategrasso, Chiesa Rossa",Pezzotti - Meda,45.4406,9.1786,HousingAnywhere,,6,https://www.immobiliare.it/annunci/126600553/,
115716575,"Stanza in affitto in appartamento viale Monza, Milano",1544,€ 1.544/mese,1,1,28 m²,,Autonomo,"aria condizionata, arredato",Viale Monza,"Precotto, Turro",Turro,45.5011,9.2212,HousingAnywhere,,9,https://www.immobiliare.it/annunci/115716575/,
127460260,"Stanza singola viale Renato Serra, Milano",890,€ 890/mese,1,1,18 m²,,Centralizzato,arredato,Viale Renato Serra,"San Siro, Trenno",Monte Stella,45.4846,9.1436,HousingAnywhere,,6,https://www.immobiliare.it/annunci/127460260/,
126041295,"Stanza singola viale Regina Giovanna, Milano",845,€ 845/mese,1,1,24 m²,,Centralizzato,arredato,Viale Regina Giovanna,"Porta Venezia, Indipendenza",Porta Venezia,45.4748,9.2107,HousingAnywhere,,6,https://www.immobiliare.it/annunci/126041295/,
126041371,"Stanza singola via Carlo Botta, Milano",995,€ 995/mese,1,1,15 m²,,Centralizzato,"aria condizionata, arredato",Via Carlo Botta,"Porta Romana, Cadore, Montenero",Porta Romana - Medaglie d'Oro,45.4539,9.205,HousingAnywhere,,6,https://www.immobiliare.it/annunci/126041371/,
126469601,"Stanza singola corso di Porta Romana, Milano",1045,€ 1.045/mese,1,1,17 m²,,Centralizzato,arredato,Corso di Porta Romana,"Quadronno, Palestro, Guastalla",Quadronno - Crocetta,45.4563,9.1953,HousingAnywhere,,6,https://www.immobiliare.it/annunci/126469601/,
125846887,"Stanza singola viale Romagna, Milano",900,€ 900/mese,1,1,,,Centralizzato,arredato,Viale Romagna,"Città Studi, Susa",Città Studi,45.474,9.2235,HousingAnywhere,,6,https://www.immobiliare.it/annunci/125846887/,
118558771,"Stanza in affitto in appartamento viale Monza, Milano",1696,€ 1.696/mese,1,1,32 m²,,Autonomo,"aria condizionata, arredato",Viale Monza,"Precotto, Turro",Turro,45.5011,9.2212,HousingAnywhere,,8,https://www.immobiliare.it/annunci/118558771/,
126600583,"Stanza singola via San Martino, Milano",1080,€ 1.080/mese,1,1,20 m²,,Assente,arredato,Via San Martino,"Quadronno, Palestro, Guastalla",Quadronno - Crocetta,45.4532,9.1888,HousingAnywhere,,5,https://www.immobiliare.it/annunci/126600583/,
125391335,"Stanza singola viale Lombardia, Milano",875,€ 875/mese,1,1,17 m²,,Centralizzato,arredato,Viale Lombardia,"Città Studi, Susa",Città Studi,45.486,9.2236,HousingAnywhere,,5,https://www.immobiliare.it/annunci/125391335/,
114833827,"Stanza in affitto in appartamento viale Monza, Milano",1612,€ 1.612/mese,1,1,32 m²,,Autonomo,"aria condizionata, arredato",Viale Monza,"Precotto, Turro",Turro,45.5011,9.2212,HousingAnywhere,,8,https://www.immobiliare.it/annunci/114833827/,
123837369,"Stanza in affitto in appartamento viale Monza, Milano",1632,€ 1.632/mese,1,1,32 m²,,Autonomo,"aria condizionata, arredato",Viale Monza,"Precotto, Turro",Turro,45.5011,9.2212,HousingAnywhere,,8,https://www.immobiliare.it/annunci/123837369/,
127138787,"Stanza singola corso di Porta Vittoria, Milano",1095,€ 1.095/mese,1,1,11 m²,,Centralizzato,arredato,Corso di Porta Vittoria,"Quadronno, Palestro, Guastalla",Guastalla,45.4624,9.202,HousingAnywhere,,5,https://www.immobiliare.it/annunci/127138787/,
126600571,"Stanza singola via NiccolÃ² Paganini, Milano",895,€ 895/mese,1,1,14 m²,,Centralizzato,arredato,Via NiccolÃ² Paganini,"Centrale, Repubblica",Buenos Aires,45.483,9.2165,HousingAnywhere,,5,https://www.immobiliare.it/annunci/126600571/,
124229705,"Stanza in affitto in appartamento viale Monza, Milano",1632,€ 1.632/mese,1,1,28 m²,,Autonomo,"aria condizionata, arredato",Viale Monza,"Precotto, Turro",Turro,45.5011,9.2212,HousingAnywhere,,6,https://www.immobiliare.it/annunci/124229705/,
110573783,"Stanza in affitto in appartamento via Rogoredo, Milano",1800,€ 1.800/mese,1,1,50 m²,,Centralizzato,arredato,Via Rogoredo,"Ponte Lambro, Santa Giulia",Santa Giulia,45.4318,9.2425,HousingAnywhere,,6,https://www.immobiliare.it/annunci/110573783/,
125812303,"Stanza singola viale Tibaldi, Milano",890,€ 890/mese,1,1,12 m²,,Centralizzato,"aria condizionata, arredato",Viale Tibaldi,"Abbiategrasso, Chiesa Rossa",Pezzotti - Meda,45.4444,9.184,HousingAnywhere,,2,https://www.immobiliare.it/annunci/125812303/,
124750495,"Stanza singola via Democrito, Milano",1020,€ 1.020/mese,1,1,11 m²,,Centralizzato,arredato,Via Democrito,"Cimiano, Crescenzago, Adriano",Cimiano,45.5024,9.2359,HousingAnywhere,,0,https://www.immobiliare.it/annunci/124750495/,
126037533,"Stanza singola via Democrito, Milano",1050,€ 1.050/mese,1,1,15 m²,,Centralizzato,arredato,Via Democrito,"Cimiano, Crescenzago, Adriano",Cimiano,45.5024,9.2359,HousingAnywhere,,0,https://www.immobiliare.it/annunci/126037533/,
126037607,"Stanza singola via Guido Guarini Matteucci, Milano",930,€ 930/mese,1,1,9 m²,,Centralizzato,arredato,Via Guido Guarini Matteucci,"Bicocca, Niguarda",Ca' Granda,45.5054,9.1989,HousingAnywhere,,0,https://www.immobiliare.it/annunci/126037607/,
125874399,"Stanza singola via Giulio e Corrado Venini, Milano",1210,€ 1.210/mese,1,1,21 m²,,Centralizzato,"aria condizionata, arredato",Via Giulio e Corrado Venini,"Pasteur, Rovereto",Pasteur,45.4894,9.2137,HousingAnywhere,,0,https://www.immobiliare.it/annunci/125874399/,
127039015,"Stanza singola via Molino delle Armi 5, Milano",880,€ 880/mese,3,2,85 m²,4°,Centralizzato,"terrazzo, lavastoviglie, lavatrice, portineria, connessione ad internet, ascensore, cucina",Via Molino delle Armi,"Genova, Ticinese",Ticinese,45.4563,9.18614,Privato/Nessuna,,10,https://www.immobiliare.it/annunci/127039015/,
118948439,"Stanza singola via Filippo Carcano 4, Milano",900,€ 900/mese,3,1,120 m²,3°,Centralizzato,"balcone, lavastoviglie, lavatrice, portineria, cucina",Via Filippo Carcano,"Fiera, Sempione, City Life, Portello",Monte Rosa - Lotto,45.4748,9.14812,Privato/Nessuna,,10,https://www.immobiliare.it/annunci/118948439/,
127245483,"Stanza singola viale Misurata 26, Milano",950,€ 950/mese,3,2,53 m²,3°,Centralizzato,"balcone, ascensore, lavatrice, lavastoviglie, portineria, bagno privato, armadi, cucina",Viale Misurata,"Napoli, Soderini",Tripoli - Soderini,45.4566,9.15147,Privato/Nessuna,,15,https://www.immobiliare.it/annunci/127245483/,
123128407,"Stanza singola via delle Leghe 23, Milano",850,€ 850/mese,3,1,20 m²,2°,Autonomo,"ascensore, connessione ad internet, ripostiglio, lavatrice, balcone, tv, con biancheria, armadi, cucina",Via delle Leghe,"Pasteur, Rovereto",Pasteur,45.4926,9.21708,Privato/Nessuna,,12,https://www.immobiliare.it/annunci/123128407/,
121586904,"Stanza singola via Giovanni Bertacchi 2, Milano",850,€ 850/mese,4,2,150 m²,3°,Centralizzato,"connessione ad internet, lavatrice, lavastoviglie, microonde, portineria, armadi, cucina",Via Giovanni Bertacchi,Navigli,Corso San Gottardo,45.4496,9.18022,Privato/Nessuna,,11,https://www.immobiliare.it/annunci/121586904/,
120829804,"Stanza singola via Antonio Tolomeo Trivulzio 4, Milano",1150,€ 1.150/mese,5,2,100 m²,2°,Centralizzato,"ascensore, ripostiglio, connessione ad internet, lavatrice, lavastoviglie, microonde, bagno privato, tv, armadi, cucina",Via Antonio Tolomeo Trivulzio,"Fiera, Sempione, City Life, Portello",De Angeli,45.4664,9.14773,Privato/Nessuna,,20,https://www.immobiliare.it/annunci/120829804/,
126599203,"Stanza doppia via Voghera 6, Milano",900,€ 900/mese,3,2,20 m²,1°,Autonomo,"connessione ad internet, ripostiglio, lavatrice, microonde, bagno privato, armadi, cucina",Via Voghera,"Solari, Washington",Solari,45.4541,9.1668,Privato/Nessuna,,9,https://www.immobiliare.it/annunci/126599203/,
112380405,"Stanza singola piazza Francesco Durante 24, Milano",850,€ 850/mese,3,1,,2°,Centralizzato,"sistema di allarme, connessione ad internet, ripostiglio, lavatrice, lavastoviglie, microonde, portineria, cucina",Piazza Francesco Durante,"Città Studi, Susa",Casoretto,45.4893,9.22427,Privato/Nessuna,,11,https://www.immobiliare.it/annunci/112380405/,
119161547,"Stanza singola via Federico Confalonieri 23, Milano",1250,€ 1.250/mese,2,1,12 m²,1°,Autonomo,"connessione ad internet, ripostiglio, lavatrice, lavastoviglie, microonde, portineria, bagno privato, ingresso privato, armadi, cucina",Via Federico Confalonieri,"Cenisio, Sarpi, Isola",Isola,45.4868,9.19242,Privato/Nessuna,,9,https://www.immobiliare.it/annunci/119161547/,
121380748,"Stanza doppia via Antonio Tolomeo Trivulzio 4, Milano",500,€ 1.000/mese | € 500 a posto letto,5,2,100 m²,2°,Centralizzato,"balcone, ascensore, connessione ad internet, ripostiglio, lavatrice, lavastoviglie, microonde, portineria, bagno privato, armadi, cucina",Via Antonio Tolomeo Trivulzio,"Fiera, Sempione, City Life, Portello",De Angeli,45.4664,9.14773,Privato/Nessuna,,19,https://www.immobiliare.it/annunci/121380748/,
112904565,"Stanza doppia via Medeghino 7, Milano",900,€ 900/mese,5,2,120 m²,4°,Centralizzato,"connessione ad internet, lavatrice, lavastoviglie, microonde, portineria, bagno privato, tv, ingresso privato, armadi, cucina",Via Medeghino,"Abbiategrasso, Chiesa Rossa",Chiesa Rossa,45.4325,9.18274,Privato/Nessuna,,3,https://www.immobiliare.it/annunci/112904565/,
123823235,"Stanza singola via Camillo Hajech 17, Milano",1100,€ 1.100/mese,2,1,28 m²,Piano terra,Centralizzato,"ripostiglio, lavatrice, microonde, bagno privato, armadi, cucina",Via Camillo Hajech,"Città Studi, Susa",Plebisciti - Susa,45.4635,9.21834,Privato/Nessuna,,14,https://www.immobiliare.it/annunci/123823235/,
114472607,"Stanza singola via Giorgio Stephenson 16, Milano",875,€ 875/mese,1,1,115 m²,2°,Autonomo,"balcone, ascensore, bagno privato, tv, ingresso privato, cucina",Via Giorgio Stephenson,"Affori, Bovisa",Quarto Oggiaro,45.5085,9.13103,Privato/Nessuna,,4,https://www.immobiliare.it/annunci/114472607/,
124340003,"Stanza singola via Melzo 8, Milano",1000,€ 1.000/mese,1,1,50 m²,6°,Centralizzato,"balcone, ascensore, connessione ad internet, lavatrice, microonde, portineria, bagno privato, ingresso privato, armadi, accesso per disabili, cucina",Via Melzo,"Porta Venezia, Indipendenza",Porta Venezia,45.4731,9.20981,Privato/Nessuna,,20,https://www.immobiliare.it/annunci/124340003/,
122307062,"Stanza singola via Bernardino Verro 48, Milano",1000,€ 1.000/mese,3,1,25 m²,2°,Autonomo,"connessione ad internet, lavatrice, lavastoviglie, microonde, armadi, cucina",Via Bernardino Verro,"Ripamonti, Vigentino",Ripamonti - Fondazione Prada,45.4378,9.19302,Privato/Nessuna,,6,https://www.immobiliare.it/annunci/122307062/,
105157773,"Stanza singola viale Toscana 13, Milano",1150,€ 1.150/mese,3,2,18 m²,1°,Autonomo,"sistema di allarme, connessione ad internet, palestra, portineria, lavastoviglie, lavatrice, microonde, giardino, ripostiglio, ascensore, armadi, bagno privato, cucina",Viale Toscana,"Ripamonti, Vigentino",Ripamonti - Fondazione Prada,45.4462,9.19598,Privato/Nessuna,,7,https://www.immobiliare.it/annunci/105157773/,
118602631,"Stanza doppia via Valtellina 40, Milano",1000,€ 1.000/mese,2,2,60 m²,3°,Centralizzato,"microonde, ascensore, bagno privato, tv, con biancheria, ingresso privato, armadi, cucina",Via Valtellina,"Cenisio, Sarpi, Isola",Farini,45.4933,9.18262,Privato/Nessuna,,14,https://www.immobiliare.it/annunci/118602631/,
123464973,"Stanza doppia via Antonio Bronzino 13, Milano",1000,€ 1.000/mese,5,3+,22 m²,Seminterrato,Autonomo,"ascensore, connessione ad internet, lavatrice, lavastoviglie, microonde, portineria, bagno privato, armadi, cucina",Via Antonio Bronzino,"Città Studi, Susa",Città Studi,45.4766,9.21935,Privato/Nessuna,,8,https://www.immobiliare.it/annunci/123464973/,
121369514,"Stanza singola viale Beatrice d'Este 46, Milano",970,€ 970/mese,3,2,23 m²,1°,Centralizzato,"balcone, sistema di allarme, connessione ad internet, ripostiglio, lavatrice, lavastoviglie, microonde, portineria, tv, ingresso privato, cucina",Viale Beatrice d'Este,Navigli,Bocconi,45.4517,9.19577,Privato/Nessuna,,8,https://www.immobiliare.it/annunci/121369514/,
120158480,"Stanza doppia via Edoardo Bassini 31, Milano",500,€ 1.000/mese | € 500 a posto letto,2,1,60 m²,3°,Centralizzato,"balcone, ascensore, connessione ad internet, ripostiglio, lavatrice, lavastoviglie, portineria, microonde, armadi, cucina",Via Edoardo Bassini,"Città Studi, Susa",Città Studi,45.4804,9.23406,Privato/Nessuna,,15,https://www.immobiliare.it/annunci/120158480/,
127108215,"Stanza doppia via Gentilino 13, Milano",600,€ 1.200/mese | € 600 a posto letto,2,1,18 m²,1°,Autonomo,"balcone, connessione ad internet, ripostiglio, lavatrice, lavastoviglie, microonde, armadi, cucina",Via Gentilino,Navigli,Corso San Gottardo,45.449,9.18118,Privato/Nessuna,,8,https://www.immobiliare.it/annunci/127108215/,
125716891,"Stanza doppia viale Regina Giovanna 39, Milano",900,€ 900/mese,3,2,17 m²,1°,Centralizzato,"ascensore, connessione ad internet, ripostiglio, lavatrice, lavastoviglie, microonde, portineria, con biancheria, bagno privato, armadi, cucina",Viale Regina Giovanna,"Porta Venezia, Indipendenza",Porta Venezia,45.4748,9.21076,Privato/Nessuna,,7,https://www.immobiliare.it/annunci/125716891/,
123284401,"Stanza singola corso Buenos Aires 41, Milano",850,€ 850/mese,4,2,140 m²,1°,Centralizzato,"balcone, ascensore, connessione ad internet, lavatrice, microonde, portineria, tv, armadi, cucina",Corso Buenos Aires,"Centrale, Repubblica",Buenos Aires,45.4802,9.21061,Privato/Nessuna,,20,https://www.immobiliare.it/annunci/123284401/,
126556321,"Stanza singola viale Bligny 15, Milano",900,€ 900/mese,4,1,11 m²,1°,Centralizzato,"balcone, ascensore, connessione ad internet, lavatrice, lavastoviglie, portineria, armadi, cucina",Viale Bligny,Navigli,Bocconi,45.451,9.1899,Privato/Nessuna,,15,https://www.immobiliare.it/annunci/126556321/,
127347583,"Stanza singola viale Tunisia 10, Milano",850,€ 850/mese,5,1,8 m²,4°,Centralizzato,"balcone, ascensore, sistema di allarme, connessione ad internet, ripostiglio, lavatrice, lavastoviglie, microonde, portineria, accesso per disabili, cucina",Viale Tunisia,"Centrale, Repubblica",Buenos Aires,45.4775,9.20538,Privato/Nessuna,,7,https://www.immobiliare.it/annunci/127347583/,
125013515,"Stanza singola viale Liguria 41, Milano",1150,€ 1.150/mese,1,1,40 m²,2°,Centralizzato,"ascensore, connessione ad internet, ripostiglio, bagno privato, ingresso privato, armadi, cucina",Viale Liguria,Navigli,Navigli - Darsena,45.444,9.17428,Privato/Nessuna,,7,https://www.immobiliare.it/annunci/125013515/,
87576722,"Stanza doppia via Pietro Pomponazzi 5, Milano",1300,€ 1.300/mese,2,1,,3° piano,Assente,"balcone, connessione ad internet, cucina, ripostiglio, lavastoviglie, lavatrice, microonde, armadi, tv, parquet, arredato",Via Pietro Pomponazzi,"Abbiategrasso, Chiesa Rossa",Pezzotti - Meda,45.4418,9.17996,Privato/Nessuna,,11,https://www.immobiliare.it/annunci/87576722/,
91997598,"Stanza doppia via Benevento 1, Milano",550,€ 1.100/mese | € 550 a posto letto,4,2,80 m²,Piano rialzato,Autonomo,"balcone, lavatrice, microonde, portineria, bagno privato, tv, armadi, cucina",Via Benevento,"Famagosta, Barona",Tre Castelli - Faenza,45.4376,9.15204,Privato/Nessuna,,10,https://www.immobiliare.it/annunci/91997598/,
117933759,"Stanza singola via Giuseppe Piolti de' Bianchi 22, Milano",880,€ 880/mese,3,1,,2°,Assente,cucina,Via Giuseppe Piolti de' Bianchi,"Città Studi, Susa",Plebisciti - Susa,45.4647,9.21996,Privato/Nessuna,,10,https://www.immobiliare.it/annunci/117933759/,
124791421,"Stanza doppia viale Regina Giovanna 39, Milano",900,€ 900/mese,5+,2,20 m²,1°,Centralizzato,"ascensore, connessione ad internet, lavatrice, lavastoviglie, microonde, portineria, con biancheria, bagno privato, armadi, cucina",Viale Regina Giovanna,"Centrale, Repubblica",Morgagni,45.4737,9.21384,Privato/Nessuna,,7,https://www.immobiliare.it/annunci/124791421/,
112739665,"Stanza doppia via Giovanni Pacini 40, Milano",550,€ 1.100/mese | € 550 a posto letto,3,1,80 m²,Piano rialzato,Centralizzato,"sistema di allarme, connessione ad internet, giardino, lavatrice, microonde, portineria, ascensore, con biancheria, tv, armadi, cucina",Via Giovanni Pacini,"Città Studi, Susa",Città Studi,45.4828,9.23117,Privato/Nessuna,,9,https://www.immobiliare.it/annunci/112739665/,
123316543,"Stanza doppia via Luigi Ornato 44, Milano",950,€ 950/mese,2,1,60 m²,3°,Centralizzato,"balcone, terrazzo, connessione ad internet, lavatrice, cucina",Via Luigi Ornato,"Bicocca, Niguarda",Niguarda,45.518,9.19207,Privato/Nessuna,,13,https://www.immobiliare.it/annunci/123316543/,
111918691,"Stanza singola piazza 6 Febbraio 24, Milano",900,€ 900/mese,3,2,110 m²,4°,Centralizzato,"balcone, connessione ad internet, ripostiglio, lavatrice, lavastoviglie, microonde, portineria, con biancheria, bagno privato, armadi, cucina",Piazza 6 Febbraio,"Fiera, Sempione, City Life, Portello",Sempione,45.478,9.16099,Privato/Nessuna,,16,https://www.immobiliare.it/annunci/111918691/,
125199077,"Stanza doppia via Vincenzo Foppa 11, Milano",1350,€ 1.350/mese,3,1,23 m²,5°,Centralizzato,"balcone, ascensore, connessione ad internet, lavatrice, bagno privato, armadi, ingresso privato, cucina",Via Vincenzo Foppa,"Solari, Washington",Solari,45.4584,9.16278,Privato/Nessuna,,18,https://www.immobiliare.it/annunci/125199077/,
108802105,"Stanza doppia via delle Primule 7, Milano",950,€ 950/mese,3,1,100 m²,Piano terra,Centralizzato,"lavatrice, microonde, armadi, cucina",Via delle Primule,"Bande Nere, Inganni",Lorenteggio,45.4515,9.13828,Privato/Nessuna,,13,https://www.immobiliare.it/annunci/108802105/,
122797656,"Stanza singola via Luigi Settembrini 52, Milano",850,€ 850/mese,5+,3,12 m²,3°,Centralizzato,"ascensore, connessione ad internet, lavastoviglie, microonde, lavatrice, portineria, tv, armadi, cucina",Via Luigi Settembrini,"Centrale, Repubblica",Buenos Aires,45.4841,9.20857,Privato/Nessuna,,15,https://www.immobiliare.it/annunci/122797656/,
111016159,"Stanza singola via Antonio Bordoni 8, Milano",840,€ 840/mese,5,1,25 m²,5°,Centralizzato,"ascensore, cucina",Via Antonio Bordoni,"Centrale, Repubblica",Melchiorre Gioia,45.4831,9.19605,Privato/Nessuna,,9,https://www.immobiliare.it/annunci/111016159/,
122543610,"Stanza doppia via Giovanni Pacini 40, Milano",550,€ 1.100/mese | € 550 a posto letto,3,1,80 m²,Piano rialzato,Centralizzato,"ascensore, connessione ad internet, giardino, lavatrice, microonde, portineria, con biancheria, tv, armadi, cucina",Via Giovanni Pacini,"Città Studi, Susa",Città Studi,45.4828,9.23117,Privato/Nessuna,,13,https://www.immobiliare.it/annunci/122543610/,
110002533,"Stanza singola via Vittorio Scialoia 9, Milano",850,€ 850/mese,2,1,15 m²,3°,Centralizzato,"balcone, connessione ad internet, lavatrice, microonde, portineria, con biancheria, bagno privato, tv, ingresso privato, armadi, accesso per disabili, bagno per disabili, cucina",Via Vittorio Scialoia,"Affori, Bovisa",Affori,45.5114,9.1788,Privato/Nessuna,,10,https://www.immobiliare.it/annunci/110002533/,
68464331,"Stanza doppia via Bernardo Davanzati 10, Milano",900,€ 900/mese,4,2,115 m²,Interrato (-1),Assente,"connessione ad internet, armadi, arredato",Via Bernardo Davanzati,"Affori, Bovisa",Dergano,45.5028,9.175,Privato/Nessuna,,1,https://www.immobiliare.it/annunci/68464331/,
111127451,"Stanza singola piazzale Loreto 1, Milano",850,€ 850/mese,4,2,25 m²,2°,Centralizzato,"balcone, ascensore, connessione ad internet, ripostiglio, lavatrice, bagno privato, armadi, cucina",Piazzale Loreto,"Centrale, Repubblica",Buenos Aires,45.4857,9.21649,Privato/Nessuna,,6,https://www.immobiliare.it/annunci/111127451/,
126835765,"Stanza singola corso Cristoforo Colombo 3, Milano",850,€ 850/mese,3,2,70 m²,5°,Autonomo,"ascensore, lavatrice, lavastoviglie, microonde, bagno privato, tv, armadi, cucina",Corso Cristoforo Colombo,Navigli,Navigli - Darsena,45.4546,9.17175,Privato/Nessuna,,6,https://www.immobiliare.it/annunci/126835765/,
114753557,"Stanza doppia via delle Ande 12, Milano",600,€ 1.200/mese | € 600 a posto letto,2,1,,5°,Centralizzato,"connessione ad internet, ripostiglio, lavatrice, lavastoviglie, microonde, portineria, armadi, cucina",Via delle Ande,"San Siro, Trenno",Gallaratese,45.495,9.12842,Privato/Nessuna,,6,https://www.immobiliare.it/annunci/114753557/,
125406279,"Stanza doppia piazza Giovanni Bausan 10, Milano",470,€ 940/mese | € 470 a posto letto,5,1,20 m²,2°,Centralizzato,"ascensore, ripostiglio, lavatrice, microonde, portineria, armadi, cucina",Piazza Giovanni Bausan,"Affori, Bovisa",Bovisa,45.5026,9.16536,Privato/Nessuna,,6,https://www.immobiliare.it/annunci/125406279/,
112470171,"Stanza doppia via Console Marcello 38, Milano",850,€ 850/mese,3,1,68 m²,3°,Centralizzato,"balcone, connessione ad internet, caminetto, giardino, lavatrice, lavastoviglie, tv, armadi, cucina",Via Console Marcello,"Affori, Bovisa",Bovisa,45.5023,9.14355,Privato/Nessuna,,6,https://www.immobiliare.it/annunci/112470171/,
118283575,"Stanza singola viale Tibaldi 66, Milano",850,€ 850/mese,2,1,15 m²,5°,Centralizzato,"balcone, ascensore, lavatrice, lavastoviglie, portineria, tv, armadi, cucina",Viale Tibaldi,"Abbiategrasso, Chiesa Rossa",Pezzotti - Meda,45.445,9.18572,Privato/Nessuna,,5,https://www.immobiliare.it/annunci/118283575/,
123556529,"Stanza doppia via Saverio Mercadante 3, Milano",750,€ 1.500/mese | € 750 a posto letto,4,1,80 m²,2°,Centralizzato,"balcone, ascensore, connessione ad internet, lavatrice, portineria, tv, armadi, cucina",Via Saverio Mercadante,"Centrale, Repubblica",Buenos Aires,45.4835,9.21127,Privato/Nessuna,,5,https://www.immobiliare.it/annunci/123556529/,
121879834,"Stanza doppia via dei Transiti 25, Milano",600,€ 1.200/mese | € 600 a posto letto,3,1,18 m²,1°,Autonomo,"balcone, ascensore, lavatrice, microonde, cucina",Via dei Transiti,"Pasteur, Rovereto",Pasteur,45.4909,9.21877,Privato/Nessuna,,5,https://www.immobiliare.it/annunci/121879834/,
122052008,"Stanza singola via Enrico Cosenz 54, Milano",850,€ 850/mese,3,1,85 m²,"2 piani: 6°, 12°",Centralizzato,"balcone, ascensore, ripostiglio, lavatrice, portineria, armadi, cucina",Via Enrico Cosenz,"Affori, Bovisa",Bovisa,45.5077,9.1614,Privato/Nessuna,,4,https://www.immobiliare.it/annunci/122052008/,
121529244,"Stanza singola via del Don 3, Milano",880,€ 880/mese,5+,2,17 m²,1°,Centralizzato,"lavatrice, portineria, lavastoviglie, ripostiglio, connessione ad internet, ascensore, armadi, cucina",Via del Don,Centro,Carrobbio,45.4582,9.18491,Privato/Nessuna,,5,https://www.immobiliare.it/annunci/121529244/,
126917931,"Stanza in affitto in appartamento via Caminadella, Milano",885,€ 885/mese,5+,2,110 m²,"1°, con ascensore",Autonomo,"fibra ottica, porta blindata, esposizione esterna, impianto tv centralizzato",Via Caminadella,Centro,Sant'Ambrogio,45.4602,9.17645,Spacest.com by Roomless,02 8974 1955,39,https://www.immobiliare.it/annunci/126917931/,
126917797,"Stanza in affitto in appartamento corso San Gottardo, Milano",955,€ 955/mese,4,2,115 m²,1°,Autonomo,"fibra ottica, porta blindata, esposizione esterna, impianto tv centralizzato",Corso San Gottardo,Navigli,Ascanio Sforza,45.4482,9.17953,Spacest.com by Roomless,02 8974 1955,39,https://www.immobiliare.it/annunci/126917797/,
126917795,"Stanza in affitto in appartamento via Melchiorre Gioia, Milano",875,€ 875/mese,4,1,95 m²,"7°, con ascensore",Autonomo,"fibra ottica, porta blindata, esposizione esterna, impianto tv centralizzato",Via Melchiorre Gioia,"Cenisio, Sarpi, Isola",Isola,45.4895,9.20056,Spacest.com by Roomless,02 8974 1955,24,https://www.immobiliare.it/annunci/126917795/,
126917603,"Stanza in affitto in appartamento via Spalato, Milano",895,€ 895/mese,5,2,15 m²,"2°, con ascensore",Autonomo,"fibra ottica, porta blindata, esposizione esterna, impianto tv centralizzato",Via Spalato,"Cenisio, Sarpi, Isola",Isola,45.4885,9.19293,Spacest.com by Roomless,02 8974 1955,37,https://www.immobiliare.it/annunci/126917603/,
126917257,"Stanza in affitto in appartamento viale Beatrice D'Este, Milano",960,€ 960/mese,5+,3+,15 m²,4°,Autonomo,"fibra ottica, porta blindata, esposizione esterna, impianto tv centralizzato",Viale Beatrice D'Este,Navigli,Bocconi,45.452,9.18768,Spacest.com by Roomless,02 8974 1955,95,https://www.immobiliare.it/annunci/126917257/,
126917095,"Stanza in affitto in appartamento piazza Sant'Agostino, Milano",875,€ 875/mese,5+,2,157 m²,"5°, con ascensore",Autonomo,"fibra ottica, porta blindata, esposizione esterna, impianto tv centralizzato",Piazza Sant'Agostino,"Genova, Ticinese",Corso Genova,45.4582,9.17012,Spacest.com by Roomless,02 8974 1955,45,https://www.immobiliare.it/annunci/126917095/,
126917857,"Stanza in affitto in appartamento via Novegno, Milano",855,€ 855/mese,5,2,15 m²,1°,Autonomo,"fibra ottica, porta blindata, esposizione esterna, impianto tv centralizzato",Via Novegno,"Fiera, Sempione, City Life, Portello",Monte Rosa - Lotto,45.4766,9.15044,Spacest.com by Roomless,02 8974 1955,34,https://www.immobiliare.it/annunci/126917857/,
126916683,"Stanza in affitto in appartamento via Giovanni Pascoli, Milano",885,€ 885/mese,4,2,15 m²,"2°, con ascensore",Autonomo,"fibra ottica, porta blindata, esposizione esterna, impianto tv centralizzato",Via Giovanni Pascoli,"Città Studi, Susa",Città Studi,45.4761,9.22417,Spacest.com by Roomless,02 8974 1955,28,https://www.immobiliare.it/annunci/126916683/,
126916613,"Stanza in affitto in appartamento via Lentasio, Milano",905,€ 905/mese,5+,3,184 m²,1°,Autonomo,"fibra ottica, porta blindata, esposizione esterna, impianto tv centralizzato",Via Lentasio,Centro,Missori,45.4577,9.19115,Spacest.com by Roomless,02 8974 1955,17,https://www.immobiliare.it/annunci/126916613/,
126917805,"Stanza in affitto in appartamento via Santa Sofia, Milano",905,€ 905/mese,5+,3,191 m²,"3°, con ascensore",Autonomo,"fibra ottica, porta blindata, esposizione esterna, impianto tv centralizzato",Via Santa Sofia,"Quadronno, Palestro, Guastalla",Quadronno - Crocetta,45.4565,9.18957,Spacest.com by Roomless,02 8974 1955,20,https://www.immobiliare.it/annunci/126917805/,
115974111,"Stanza doppia viale Col di Lana, Milano",900,€ 900/mese,3,2,15 m²,2°,Assente,"cucina, connessione ad internet, lavatrice, lavastoviglie, microonde, portineria, bagno in comune, tv, armadi",Viale Col di Lana,"Genova, Ticinese",Ticinese,45.4521,9.1835,Studio Casa Milano Ticinese,02 8974 7098,14,https://www.immobiliare.it/annunci/115974111/,
126984897,"Stanza in affitto in appartamento viale Bligny, Milano",1245,€ 1.245/mese,5+,3+,188 m²,"2°, con ascensore",Autonomo,"fibra ottica, porta blindata, esposizione esterna, impianto tv centralizzato",Viale Bligny,Navigli,Bocconi,45.4508,9.19124,Spacest.com by Roomless,02 8974 1955,26,https://www.immobiliare.it/annunci/126984897/,
126917609,"Stanza in affitto in appartamento via Privata Reggio, Milano",875,€ 875/mese,5+,2,202 m²,"4°, con ascensore",Autonomo,"fibra ottica, porta blindata, esposizione esterna, impianto tv centralizzato",Via Privata Reggio,"Quadronno, Palestro, Guastalla",Quadronno - Crocetta,45.4565,9.20264,Spacest.com by Roomless,02 8974 1955,38,https://www.immobiliare.it/annunci/126917609/,
126917599,"Stanza in affitto in appartamento viale Bligny, Milano",1345,€ 1.345/mese,5+,3+,188 m²,"2°, con ascensore",Autonomo,"fibra ottica, porta blindata, esposizione esterna, impianto tv centralizzato",Viale Bligny,Navigli,Bocconi,45.4508,9.19124,Spacest.com by Roomless,02 8974 1955,23,https://www.immobiliare.it/annunci/126917599/,
126917291,"Stanza in affitto in appartamento via Lentasio, Milano",935,€ 935/mese,5+,3,184 m²,1°,Autonomo,"fibra ottica, porta blindata, esposizione esterna, impianto tv centralizzato",Via Lentasio,Centro,Missori,45.4577,9.19115,Spacest.com by Roomless,02 8974 1955,27,https://www.immobiliare.it/annunci/126917291/,
126916605,"Stanza in affitto in appartamento via Comelico, Milano",860,€ 860/mese,5+,3+,414 m²,1°,Autonomo,"fibra ottica, porta blindata, esposizione esterna, impianto tv centralizzato",Via Comelico,"Porta Romana, Cadore, Montenero",Cadore,45.4553,9.21171,Spacest.com by Roomless,02 8974 1955,67,https://www.immobiliare.it/annunci/126916605/,
126917791,"Stanza in affitto in appartamento corso Magenta, Milano",990,€ 990/mese,4,1,15 m²,"2°, con ascensore",Autonomo,"fibra ottica, porta blindata, esposizione esterna, impianto tv centralizzato",Corso Magenta,"Arco della Pace, Arena, Pagano",Vincenzo Monti,45.4658,9.17372,Spacest.com by Roomless,02 8974 1955,31,https://www.immobiliare.it/annunci/126917791/,
126917699,"Stanza in affitto in appartamento via Guido Guarini Matteucci, Milano",850,€ 850/mese,5+,3,140 m²,1°,Autonomo,"fibra ottica, porta blindata, esposizione esterna, impianto tv centralizzato",Via Guido Guarini Matteucci,"Bicocca, Niguarda",Ca' Granda,45.5052,9.19938,Spacest.com by Roomless,02 8974 1955,22,https://www.immobiliare.it/annunci/126917699/,
126917593,"Stanza in affitto in appartamento via San Martino, Milano",1080,€ 1.080/mese,5+,2,140 m²,6°,Autonomo,"fibra ottica, porta blindata, esposizione esterna, impianto tv centralizzato",Via San Martino,"Genova, Ticinese",Ticinese,45.4533,9.17971,Spacest.com by Roomless,02 8974 1955,15,https://www.immobiliare.it/annunci/126917593/,
126917349,"Stanza in affitto in appartamento viale Monza, Milano",860,€ 860/mese,5+,3+,15 m²,2°,Autonomo,"fibra ottica, porta blindata, esposizione esterna, impianto tv centralizzato",Viale Monza,"Precotto, Turro",Gorla,45.5065,9.22306,Spacest.com by Roomless,02 8974 1955,18,https://www.immobiliare.it/annunci/126917349/,
126917119,"Stanza in affitto in appartamento via San Marco, Milano",975,€ 975/mese,5,1,131 m²,2°,Autonomo,"fibra ottica, porta blindata, esposizione esterna, impianto tv centralizzato",Via San Marco,"Garibaldi, Moscova, Porta Nuova",Turati,45.4754,9.18877,Spacest.com by Roomless,02 8974 1955,28,https://www.immobiliare.it/annunci/126917119/,
126917195,"Stanza in affitto in appartamento via Lattanzio, Milano",960,€ 960/mese,5,2,90 m²,5°,Autonomo,"fibra ottica, porta blindata, esposizione esterna, impianto tv centralizzato",Via Lattanzio,"Porta Vittoria, Lodi",Lodi - Brenta,45.4485,9.21396,Spacest.com by Roomless,02 8974 1955,21,https://www.immobiliare.it/annunci/126917195/,
126917927,"Stanza in affitto in appartamento viale Argonne, Milano",890,€ 890/mese,4,2,15 m²,"5°, con ascensore",Autonomo,"fibra ottica, porta blindata, esposizione esterna, impianto tv centralizzato",Viale Argonne,"Città Studi, Susa",Argonne - Corsica,45.4676,9.22762,Spacest.com by Roomless,02 8974 1955,38,https://www.immobiliare.it/annunci/126917927/,
126917631,"Stanza in affitto in appartamento via Lentasio, Milano",935,€ 935/mese,5+,3,184 m²,1°,Autonomo,"fibra ottica, porta blindata, esposizione esterna, impianto tv centralizzato",Via Lentasio,Centro,Missori,45.4577,9.19115,Spacest.com by Roomless,02 8974 1955,27,https://www.immobiliare.it/annunci/126917631/,
126917419,"Stanza in affitto in appartamento viale Tibaldi, Milano",965,€ 965/mese,5,2,115 m²,"6°, con ascensore",Autonomo,"fibra ottica, porta blindata, esposizione esterna, impianto tv centralizzato",Viale Tibaldi,"Abbiategrasso, Chiesa Rossa",Pezzotti - Meda,45.4433,9.17651,Spacest.com by Roomless,02 8974 1955,38,https://www.immobiliare.it/annunci/126917419/,
127134311,"Stanza singola via Salasco 7, Milano",900,€ 900/mese,5+,2,20 m²,3°,Centralizzato,"ascensore, connessione ad internet, lavatrice, microonde, portineria, ripostiglio, bagno privato, ingresso privato, armadi, cucina",Via Salasco,Navigli,Bocconi,45.4501,9.1923,Privato/Nessuna,,5,https://www.immobiliare.it/annunci/127134311/,
126570721,"Stanza singola via Nerino 12, Milano",850,€ 850/mese,4,2,15 m²,4°,Centralizzato,"ascensore, connessione ad internet, ripostiglio, lavatrice, lavastoviglie, microonde, cucina",Via Nerino,Centro,Carrobbio,45.4614,9.18366,Privato/Nessuna,,11,https://www.immobiliare.it/annunci/126570721/,
123663269,"Stanza doppia via Sant'Abbondio 1/a, Milano",990,€ 990/mese,2,1,55 m²,5°,Centralizzato,"balcone, ascensore, lavatrice, lavastoviglie, cucina",Via Sant'Abbondio,"Abbiategrasso, Chiesa Rossa",Chiesa Rossa,45.4264,9.17158,Privato/Nessuna,,9,https://www.immobiliare.it/annunci/123663269/,
110141171,"Stanza singola via Macedonio Melloni 6, Milano",850,€ 850/mese,5,1,21 m²,3°,Centralizzato,"connessione ad internet, ripostiglio, lavatrice, microonde, portineria, armadi, cucina",Via Macedonio Melloni,"Porta Venezia, Indipendenza",Piave - Tricolore,45.4665,9.20889,Privato/Nessuna,,6,https://www.immobiliare.it/annunci/110141171/,
109494441,"Stanza doppia via Tito Livio 12, Milano",540,€ 1.080/mese | € 540 a posto letto,3,1,,3°,Centralizzato,"balcone, ascensore, connessione ad internet, lavatrice, lavastoviglie, portineria, tv, armadi, cucina",Via Tito Livio,"Porta Vittoria, Lodi",Lodi - Brenta,45.4519,9.21598,Privato/Nessuna,,6,https://www.immobiliare.it/annunci/109494441/,
123165879,"Stanza doppia corso Lodi 102A, Milano",490,€ 980/mese | € 490 a posto letto,4,2,,3°,Centralizzato,"connessione ad internet, ripostiglio, lavatrice, lavastoviglie, microonde, portineria, armadi, cucina",Corso Lodi,"Corvetto, Rogoredo",Corvetto,45.4419,9.21989,Privato/Nessuna,,6,https://www.immobiliare.it/annunci/123165879/,
121185298,"Stanza singola via Macedonio Melloni 6, Milano",952,€ 952/mese,5+,2,21 m²,1°,Assente,"balcone, ascensore, connessione ad internet, ripostiglio, lavatrice, microonde, portineria, tv, ingresso privato, armadi, cucina",Via Macedonio Melloni,"Porta Venezia, Indipendenza",Piave - Tricolore,45.4665,9.20889,Privato/Nessuna,,4,https://www.immobiliare.it/annunci/121185298/,
124110459,"Stanza doppia via Laura Ciceri Visconti 14, Milano",950,€ 950/mese,3,2,19 m²,5°,Centralizzato,"balcone, ascensore, connessione ad internet, ripostiglio, lavatrice, lavastoviglie, microonde, bagno privato, armadi, cucina",Via Laura Ciceri Visconti,"Porta Vittoria, Lodi",Martini - Insubria,45.4542,9.22019,Privato/Nessuna,,6,https://www.immobiliare.it/annunci/124110459/,
117129975,"Stanza singola via Salasco 3, Milano",900,€ 900/mese,2,1,20 m²,6°,Centralizzato,"balcone, connessione ad internet, ripostiglio, lavatrice, portineria, armadi, cucina",Via Salasco,Navigli,Bocconi,45.45,9.19169,Privato/Nessuna,,7,https://www.immobiliare.it/annunci/117129975/,
122843730,"Stanza doppia via Luigi Mercantini 2, Milano",900,€ 900/mese,4,1,20 m²,6°,Centralizzato,"ripostiglio, lavatrice, lavastoviglie, microonde, ascensore, armadi, cucina",Via Luigi Mercantini,Centro,Duomo,45.4637,9.18813,Privato/Nessuna,,8,https://www.immobiliare.it/annunci/122843730/,
123390395,"Stanza doppia via Luigi Mercantini 2, Milano",450,€ 900/mese | € 450 a posto letto,2,1,100 m²,6°,Autonomo,"lavastoviglie, lavatrice, ascensore, cucina",Via Luigi Mercantini,"Affori, Bovisa",Bovisa,45.5022,9.1648,Privato/Nessuna,,4,https://www.immobiliare.it/annunci/123390395/,
112351399,"Stanza singola via Padova 217A, Milano",860,€ 860/mese,2,1,80 m²,7°,Centralizzato,"balcone, ripostiglio, lavatrice, lavastoviglie, portineria, ascensore, armadi, cucina",Via Padova,"Cimiano, Crescenzago, Adriano",Crescenzago,45.5046,9.24076,Privato/Nessuna,,8,https://www.immobiliare.it/annunci/112351399/,
124980671,"Stanza singola viale Edoardo Jenner 71, Milano",850,€ 850/mese,3,2,,1°,Autonomo,"balcone, connessione ad internet, ripostiglio, lavatrice, lavastoviglie, bagno privato, armadi, cucina",Viale Edoardo Jenner,"Cenisio, Sarpi, Isola",Farini,45.4964,9.17271,Privato/Nessuna,,10,https://www.immobiliare.it/annunci/124980671/,
110792223,"Stanza singola viale Emilio Caldara 9, Milano",880,€ 880/mese,5+,2,,5°,Centralizzato,"ascensore, connessione ad internet, ripostiglio, lavatrice, lavastoviglie, microonde, portineria, armadi, cucina",Viale Emilio Caldara,"Quadronno, Palestro, Guastalla",Quadronno - Crocetta,45.4534,9.20205,Privato/Nessuna,,4,https://www.immobiliare.it/annunci/110792223/,
122686732,"Stanza singola via Caccialepori 3, Milano",850,€ 850/mese,3,2,10 m²,1°,Autonomo,"connessione ad internet, ripostiglio, lavatrice, lavastoviglie, microonde, con biancheria, bagno privato, armadi, cucina",Via Caccialepori,"San Siro, Trenno",San Siro,45.4676,9.14377,Privato/Nessuna,,7,https://www.immobiliare.it/annunci/122686732/,
125815709,"Stanza doppia via Rimini 13, Milano",1000,€ 1.000/mese,4,1,80 m²,Piano rialzato,Centralizzato,"connessione ad internet, ripostiglio, lavatrice, lavastoviglie, microonde, tv, cucina",Via Rimini,"Famagosta, Barona",Famagosta,45.4405,9.17056,Privato/Nessuna,,4,https://www.immobiliare.it/annunci/125815709/,
125366331,"Stanza singola via Spalato 2, Milano",950,€ 950/mese,2,1,16 m²,Piano rialzato,Centralizzato,"ascensore, connessione ad internet, ripostiglio, lavatrice, bagno privato, armadi, cucina",Via Spalato,"Cenisio, Sarpi, Isola",Isola,45.4884,9.19293,Privato/Nessuna,,6,https://www.immobiliare.it/annunci/125366331/,
122498006,"Stanza doppia via Cardinale Ascanio Sforza, Milano",600,€ 1.200/mese | € 600 a posto letto,1,1,45 m²,1°,Centralizzato,"ascensore, giardino, lavatrice, portineria, armadi, bagno privato, cucina",Via Cardinale Ascanio Sforza,"Abbiategrasso, Chiesa Rossa",Pezzotti - Meda,45.4427,9.17606,Privato/Nessuna,,8,https://www.immobiliare.it/annunci/122498006/,
120896212,"Stanza doppia via Cola di Rienzo 24, Milano",850,€ 850/mese,4,2,15 m²,1°,Centralizzato,"connessione ad internet, ripostiglio, lavatrice, lavastoviglie, portineria, cucina",Via Cola di Rienzo,"Solari, Washington",Solari,45.4558,9.15867,Privato/Nessuna,,7,https://www.immobiliare.it/annunci/120896212/,
110193585,"Stanza doppia via Andrea Solari, Milano",850,€ 850/mese,5+,2,18 m²,"2 piani: Interrato (-5), 4°",Centralizzato,"ascensore, connessione ad internet, ripostiglio, lavatrice, lavastoviglie, microonde, cucina",Via Andrea Solari,"Solari, Washington",Solari,45.4555,9.16423,Privato/Nessuna,,0,https://www.immobiliare.it/annunci/110193585/,
89243407,"Stanza doppia via Ambrogio Binda 40, Milano",900,€ 900/mese,2,1,,1° piano,Assente,"balcone, connessione ad internet, cucina, giardino, lavatrice, microonde, armadi, tv, arredato",Via Ambrogio Binda,"Famagosta, Barona",Barona,45.4409,9.15432,Privato/Nessuna,,10,https://www.immobiliare.it/annunci/89243407/,
124483389,"Stanza doppia via Pericle 5, Milano",1000,€ 1.000/mese,2,1,,6°,Centralizzato,"ascensore, connessione ad internet, ripostiglio, giardino, lavatrice, microonde, portineria, cucina",Via Pericle,"Precotto, Turro",Precotto,45.5109,9.21893,Privato/Nessuna,,3,https://www.immobiliare.it/annunci/124483389/,
122657254,"Stanza doppia via Mauro Macchi 61, Milano",1450,€ 1.450/mese,1,1,52 m²,3°,Autonomo,"ascensore, lavatrice, microonde, connessione ad internet, sistema di allarme, bagno privato, tv, armadi, con biancheria, accesso per disabili, cucina",Via Mauro Macchi,"Centrale, Repubblica",Centrale,45.4863,9.20913,Privato/Nessuna,,9,https://www.immobiliare.it/annunci/122657254/,
125689145,"Stanza singola piazzale Medaglie d'Oro 1, Milano",1000,€ 1.000/mese,3,2,80 m²,2°,Centralizzato,"ascensore, connessione ad internet, lavatrice, lavastoviglie, microonde, portineria, ripostiglio, bagno privato, tv, armadi, con biancheria, cucina",Piazzale Medaglie d'Oro,"Porta Romana, Cadore, Montenero",Porta Romana - Medaglie d'Oro,45.4515,9.2028,Privato/Nessuna,,1,https://www.immobiliare.it/annunci/125689145/,
112198461,"Stanza singola via Boves 1, Milano",850,€ 850/mese,2,2,10 m²,1°,Centralizzato,"connessione ad internet, lavatrice, lavastoviglie, microonde, bagno privato, armadi, cucina",Via Boves,"Cimiano, Crescenzago, Adriano",Cimiano,45.4957,9.23687,Privato/Nessuna,,7,https://www.immobiliare.it/annunci/112198461/,
122878570,"Stanza doppia via Pietro Calvi 25, Milano",850,€ 850/mese,2,1,,2°,Centralizzato,"ascensore, ripostiglio, connessione ad internet, lavatrice, microonde, portineria, cucina",Via Pietro Calvi,"Porta Venezia, Indipendenza",Piave - Tricolore,45.4635,9.21045,Privato/Nessuna,,7,https://www.immobiliare.it/annunci/122878570/,
112101383,"Stanza tripla viale Coni Zugna 58, Milano",910,€ 2.730/mese | € 910 a posto letto,3,1,100 m²,3°,Assente,"terrazzo, balcone, ascensore, armadi, cucina",Viale Coni Zugna,Navigli,Navigli - Darsena,45.456,9.17101,Privato/Nessuna,,15,https://www.immobiliare.it/annunci/112101383/,
123092061,"Stanza singola via Giambellino 48, Milano",850,€ 850/mese,3,1,60 m²,Piano rialzato,Centralizzato,"ascensore, connessione ad internet, ripostiglio, lavatrice, microonde, portineria, tv, armadi, cucina",Via Giambellino,"Famagosta, Barona",Giambellino,45.4505,9.14749,Privato/Nessuna,,4,https://www.immobiliare.it/annunci/123092061/,
125662661,"Stanza doppia via Nicolò Barabino 7, Milano",450,€ 900/mese | € 450 a posto letto,4,1,85 m²,2°,Centralizzato,"ascensore, connessione ad internet, lavatrice, portineria, armadi, cucina",Via Nicolò Barabino,"Corvetto, Rogoredo",Corvetto,45.4338,9.22253,Privato/Nessuna,,1,https://www.immobiliare.it/annunci/125662661/,
123508103,"Stanza singola via Archimede 3, Milano",850,€ 850/mese,5,3,10 m²,3°,Autonomo,"balcone, ascensore, connessione ad internet, caminetto, ripostiglio, microonde, lavastoviglie, lavatrice, cucina",Via Archimede,"Porta Venezia, Indipendenza",Piave - Tricolore,45.4645,9.20805,Privato/Nessuna,,0,https://www.immobiliare.it/annunci/123508103/,
123181869,"Stanza singola viale Tibaldi 70, Milano",1180,€ 1.180/mese,2,2,12 m²,3°,Centralizzato,"ascensore, connessione ad internet, ripostiglio, lavatrice, lavastoviglie, microonde, portineria, bagno privato, tv, armadi, cucina",Viale Tibaldi,"Abbiategrasso, Chiesa Rossa",Pezzotti - Meda,45.4452,9.18634,Privato/Nessuna,,4,https://www.immobiliare.it/annunci/123181869/,
110292663,"Stanza singola via Giovanni da Procida 23, Milano",900,€ 900/mese,,,15 m²,3°,Centralizzato,"ascensore, lavatrice, lavastoviglie, portineria, ripostiglio",Via Giovanni da Procida,"Fiera, Sempione, City Life, Portello",Sempione,45.4802,9.16128,Privato/Nessuna,,9,https://www.immobiliare.it/annunci/110292663/,
111231483,"Stanza singola via del Turchino 19, Milano",1000,€ 1.000/mese,5+,3,20 m²,Piano terra,Autonomo,"connessione ad internet, ripostiglio, giardino, lavatrice, lavastoviglie, microonde, con biancheria, tv, armadi, cucina",Via del Turchino,"Porta Vittoria, Lodi",Molise - Cuoco,45.4521,9.22774,Privato/Nessuna,,0,https://www.immobiliare.it/annunci/111231483/,
127578826,"Stanza singola piazza 24 Maggio, Milano",950,€ 950/mese,3,1,80 m²,1°,Autonomo,"sistema di allarme, connessione ad internet, ripostiglio, lavatrice, lavastoviglie, microonde, armadi, cucina",Piazza 24 Maggio,"Genova, Ticinese",Ticinese,45.4524,9.18072,Privato/Nessuna,,1,https://www.immobiliare.it/annunci/127578826/,
123010485,"Stanza doppia via Orbetello 4, Milano",440,€ 880/mese | € 440 a posto letto,2,1,55 m²,3°,Centralizzato,"balcone, connessione ad internet, lavatrice, microonde, ripostiglio, bagno privato, armadi, cucina",Via Orbetello,"Cimiano, Crescenzago, Adriano",Crescenzago,45.502,9.24633,Privato/Nessuna,,0,https://www.immobiliare.it/annunci/123010485/,
124523657,"Stanza multipla via Palmi 18, Milano",2000,€ 2.000/mese,3,1,90 m²,5°,Centralizzato,"balcone, ascensore, connessione ad internet, ripostiglio, lavatrice, lavastoviglie, microonde, portineria, tv, armadi, bagno privato, con biancheria, ingresso privato, accesso per disabili, cucina",Via Palmi,"Bisceglie, Baggio, Olmi",Baggio,45.4592,9.09738,Privato/Nessuna,,0,https://www.immobiliare.it/annunci/124523657/,
121043418,"Stanza doppia viale Fulvio Testi, Milano",500,€ 1.000/mese | € 500 a posto letto,3,3,,2°,Centralizzato,"balcone, ascensore, lavatrice, portineria, microonde, bagno privato, tv, armadi, cucina",Viale Fulvio Testi,"Maggiolina, Istria",Maggiolina,45.5024,9.19852,Privato/Nessuna,,6,https://www.immobiliare.it/annunci/121043418/,
95580448,"Stanza singola piazza San Babila, Milano",1100,€ 1.100/mese | € 1.100 a posto letto,5,1,20 m²,3°,Centralizzato,"balcone, terrazzo, connessione ad internet, caminetto, ripostiglio, giardino, lavatrice, lavastoviglie, microonde, portineria, ascensore, armadi, tv, cucina",Piazza San Babila,Centro,San Babila,45.4669,9.19734,Privato/Nessuna,,0,https://www.immobiliare.it/annunci/95580448/,
124094409,"Stanza singola via Don Carlo Gnocchi 12, Milano",900,€ 900/mese,5+,2,17 m²,4°,Centralizzato,"ascensore, connessione ad internet, ripostiglio, giardino, lavatrice, lavastoviglie, microonde, portineria, armadi, accesso per disabili, cucina",Via Don Carlo Gnocchi,"San Siro, Trenno",San Siro,45.4728,9.12417,Privato/Nessuna,,6,https://www.immobiliare.it/annunci/124094409/,
124689723,"Stanza singola via Ercole Ferrario 6, Milano",850,€ 850/mese,3,2,100 m²,2°,Centralizzato,"balcone, terrazzo, connessione ad internet, ripostiglio, lavatrice, lavastoviglie, portineria, microonde, bagno privato, cucina",Via Ercole Ferrario,"Solari, Washington",Dezza,45.4619,9.16137,Privato/Nessuna,,7,https://www.immobiliare.it/annunci/124689723/,
120187408,"Stanza singola piazza Gian Lorenzo Bernini 4, Milano",1200,€ 1.200/mese,2,1,22 m²,4°,Centralizzato,"balcone, ascensore, lavatrice, lavastoviglie, portineria, tv, armadi, cucina",Piazza Gian Lorenzo Bernini,"Città Studi, Susa",Città Studi,45.479,9.22182,Privato/Nessuna,,1,https://www.immobiliare.it/annunci/120187408/,
125963983,"Stanza doppia via della Capinera 5, Milano",1000,€ 1.000/mese,2,1,11 m²,Piano rialzato,Centralizzato,"sistema di allarme, connessione ad internet, ripostiglio, giardino, lavatrice, lavastoviglie, microonde, portineria, armadi, bagno per disabili, cucina",Via della Capinera,"Bande Nere, Inganni",Inganni,45.4562,9.11938,Privato/Nessuna,,4,https://www.immobiliare.it/annunci/125963983/,
124087027,"Stanza doppia via Giambattista Vico 16, Milano",850,€ 850/mese,5+,3,25 m²,2°,Centralizzato,"connessione ad internet, caminetto, lavatrice, lavastoviglie, microonde, bagno privato, cucina",Via Giambattista Vico,"Genova, Ticinese",San Vittore,45.4627,9.16703,Privato/Nessuna,,4,https://www.immobiliare.it/annunci/124087027/,
110609913,"Stanza singola via Giuseppe Tartini 3A, Milano",870,€ 870/mese,,,32 m²,3°,Assente,"balcone, tv, bagno privato, ingresso privato, armadi",Via Giuseppe Tartini,"Affori, Bovisa",Dergano,45.5035,9.17583,Privato/Nessuna,,4,https://www.immobiliare.it/annunci/110609913/,
88159513,"Stanza tripla via Olgettina 60, Milano",1250,€ 1.250/mese,2,1,45 m²,"2 piani: Piano terra, Piano rialzato",Autonomo,"ingresso privato, cucina",Via Olgettina,"Cimiano, Crescenzago, Adriano",Cascina Gobba,45.5061,9.26785,Privato/Nessuna,,5,https://www.immobiliare.it/annunci/88159513/,
127240807,"Stanza singola viale Teodorico 4, Milano",950,€ 950/mese,3,2,100 m²,5°,Centralizzato,"balcone, ascensore, connessione ad internet, ripostiglio, lavatrice, lavastoviglie, microonde, portineria, bagno privato, armadi, cucina",Viale Teodorico,"Fiera, Sempione, City Life, Portello",Portello - Parco Vittoria,45.4872,9.15492,Privato/Nessuna,,0,https://www.immobiliare.it/annunci/127240807/,
125290765,"Stanza singola via Alberto Nota 20, Milano",850,€ 850/mese,4,2,20 m²,4°,Centralizzato,"terrazzo, ascensore, connessione ad internet, giardino, lavatrice, lavastoviglie, portineria, armadi, bagno privato, cucina",Via Alberto Nota,"Bicocca, Niguarda",Bicocca,45.5162,9.20774,Privato/Nessuna,,20,https://www.immobiliare.it/annunci/125290765/,
123173363,"Stanza singola via San Gregorio 45, Milano",950,€ 950/mese,,,16 m²,Piano terra,Centralizzato,"giardino, palestra, portineria, bagno per disabili",Via San Gregorio,"Centrale, Repubblica",Repubblica,45.4806,9.20214,Privato/Nessuna,,5,https://www.immobiliare.it/annunci/123173363/,
94034868,"Stanza doppia via degli Orombelli 12, Milano",900,€ 900/mese,,,75 m²,1°,Autonomo,"giardino, lavatrice",Via degli Orombelli,"Città Studi, Susa",Città Studi,45.4834,9.23557,Privato/Nessuna,,1,https://www.immobiliare.it/annunci/94034868/,
126417953,"Stanza doppia via Ancona 4, Milano",850,€ 850/mese,5+,2,10 m²,2°,Centralizzato,"connessione ad internet, lavatrice, lavastoviglie, microonde, bagno privato, cucina",Via Ancona,"Garibaldi, Moscova, Porta Nuova",Turati,45.4738,9.18691,Privato/Nessuna,,0,https://www.immobiliare.it/annunci/126417953/,
112662297,"Stanza singola viale Zara 112, Milano",900,€ 900/mese,1,1,30 m²,1°,Autonomo,"balcone, ascensore, lavatrice, armadi, cucina",Viale Zara,"Maggiolina, Istria",Maggiolina,45.4981,9.19639,Privato/Nessuna,,0,https://www.immobiliare.it/annunci/112662297/,
110633737,"Stanza singola via Solferino 2, Milano",1100,€ 1.100/mese,,,20 m²,3°,Centralizzato,"balcone, connessione ad internet, lavatrice, lavastoviglie, microonde, portineria, tv, ingresso privato, armadi, con biancheria, bagno privato, cucina",Via Solferino,"Garibaldi, Moscova, Porta Nuova",Turati,45.4731,9.18755,Privato/Nessuna,,2,https://www.immobiliare.it/annunci/110633737/,
89780585,"Stanza doppia largo La Foppa 2, Milano",1400,€ 1.400/mese,,,,,Assente,,Largo La Foppa,"Garibaldi, Moscova, Porta Nuova",Moscova,45.478,9.18485,Privato/Nessuna,,0,https://www.immobiliare.it/annunci/89780585/,
127655494,"Stanza doppia via Gentilino 13, Milano",1200,€ 1.200/mese,2,1,,1°,Autonomo,"balcone, connessione ad internet, ripostiglio, lavatrice, lavastoviglie, microonde, armadi, cucina",Via Gentilino,Navigli,Corso San Gottardo,45.4491,9.18172,Privato/Nessuna,,8,https://www.immobiliare.it/annunci/127655494/,
127652256,"Stanza singola via Antonio Fogazzaro, Milano",940,€ 940/mese,3,1,17 m²,2°,Autonomo,"balcone, ripostiglio, lavatrice, portineria, armadi, cucina",Via Antonio Fogazzaro,"Porta Romana, Cadore, Montenero",Montenero,45.4576,9.20915,Privato/Nessuna,,3,https://www.immobiliare.it/annunci/127652256/,
127562544,"Stanza singola via Rombon 34, Milano",850,€ 850/mese,3,1,20 m²,2°,Centralizzato,"ascensore, connessione ad internet, ripostiglio, lavatrice, lavastoviglie, microonde, portineria, armadi, cucina",Via Rombon,"Udine, Lambrate",Lambrate,45.4864,9.24142,Privato/Nessuna,,6,https://www.immobiliare.it/annunci/127562544/,
127502284,"Stanza singola via Panfilo Castaldi 25, Milano",950,€ 950/mese,,,15 m²,1°,Centralizzato,"connessione ad internet, lavastoviglie, lavatrice, microonde, portineria, armadi",Via Panfilo Castaldi,"Porta Venezia, Indipendenza",Porta Venezia,45.4768,9.20302,Privato/Nessuna,,6,https://www.immobiliare.it/annunci/127502284/,
126917223,"Stanza in affitto in appartamento via Conca del Naviglio, Milano",945,€ 945/mese,5+,3,138 m²,"1°, con ascensore",Autonomo,"fibra ottica, porta blindata, esposizione esterna, impianto tv centralizzato",Via Conca del Naviglio,"Genova, Ticinese",Ticinese,45.4555,9.17809,Spacest.com by Roomless,02 8974 1955,29,https://www.immobiliare.it/annunci/126917223/,
126916681,"Stanza in affitto in appartamento via Giuseppe Bruschetti, Milano",870,€ 870/mese,5+,3,127 m²,"5°, con ascensore",Autonomo,"fibra ottica, porta blindata, esposizione esterna, impianto tv centralizzato",Via Giuseppe Bruschetti,"Maggiolina, Istria",Cascina dei Pomi,45.4926,9.20803,Spacest.com by Roomless,02 8974 1955,37,https://www.immobiliare.it/annunci/126916681/,
126917789,"Stanza in affitto in appartamento piazza Sant'Agostino, Milano",870,€ 870/mese,5+,2,157 m²,"5°, con ascensore",Autonomo,"fibra ottica, porta blindata, esposizione esterna, impianto tv centralizzato",Piazza Sant'Agostino,"Genova, Ticinese",Corso Genova,45.4582,9.17012,Spacest.com by Roomless,02 8974 1955,28,https://www.immobiliare.it/annunci/126917789/,
126917063,"Stanza in affitto in appartamento via Tiziano, Milano",945,€ 945/mese,5+,2,149 m²,"1°, con ascensore",Autonomo,"fibra ottica, porta blindata, esposizione esterna, impianto tv centralizzato",Via Tiziano,"Arco della Pace, Arena, Pagano",Pagano,45.4719,9.15804,Spacest.com by Roomless,02 8974 1955,24,https://www.immobiliare.it/annunci/126917063/,
126917827,"Stanza in affitto in appartamento via Larga, Milano",1035,€ 1.035/mese,5+,3+,334 m²,"1°, con ascensore",Autonomo,"fibra ottica, porta blindata, esposizione esterna, impianto tv centralizzato",Via Larga,Centro,Duomo,45.4609,9.19095,Spacest.com by Roomless,02 8974 1955,73,https://www.immobiliare.it/annunci/126917827/,
126917241,"Stanza in affitto in appartamento via Valenza, Milano",840,€ 840/mese,5,2,15 m²,"1°, con ascensore",Autonomo,"fibra ottica, porta blindata, esposizione esterna, impianto tv centralizzato",Via Valenza,Navigli,Navigli - Darsena,45.4509,9.16878,Spacest.com by Roomless,02 8974 1955,43,https://www.immobiliare.it/annunci/126917241/,
126917905,"Stanza in affitto in appartamento via Giovanni Pastorelli, Milano",935,€ 935/mese,5,2,140 m²,"5°, con ascensore",Autonomo,"fibra ottica, porta blindata, esposizione esterna, impianto tv centralizzato",Via Giovanni Pastorelli,Navigli,Navigli - Darsena,45.4473,9.16227,Spacest.com by Roomless,02 8974 1955,24,https://www.immobiliare.it/annunci/126917905/,
126916287,"Stanza in affitto in appartamento via Carlo Pisacane, Milano",885,€ 885/mese,5+,2,123 m²,"2°, con ascensore",Autonomo,"fibra ottica, porta blindata, esposizione esterna, impianto tv centralizzato",Via Carlo Pisacane,"Porta Venezia, Indipendenza",Indipendenza,45.4719,9.2113,Spacest.com by Roomless,02 8974 1955,20,https://www.immobiliare.it/annunci/126916287/,
126917575,"Stanza in affitto in appartamento via Giovanni Spadolini, Milano",885,€ 885/mese,4,2,87 m²,3°,Autonomo,"fibra ottica, porta blindata, esposizione esterna, impianto tv centralizzato",Via Giovanni Spadolini,"Ripamonti, Vigentino",Ripamonti - Fondazione Prada,45.4429,9.19239,Spacest.com by Roomless,02 8974 1955,62,https://www.immobiliare.it/annunci/126917575/,
126917273,"Stanza in affitto in appartamento via Tarquinio Prisco, Milano",940,€ 940/mese,5+,2,156 m²,2°,Autonomo,"fibra ottica, porta blindata, esposizione esterna, impianto tv centralizzato",Via Tarquinio Prisco,"Genova, Ticinese",San Vittore,45.4596,9.16999,Spacest.com by Roomless,02 8974 1955,43,https://www.immobiliare.it/annunci/126917273/,
120427714,"Stanza singola via Principe Eugenio 25, Milano",1000,€ 1.000/mese,2,1,10 m²,Piano terra,Assente,"ripostiglio, cucina, connessione ad internet, lavatrice, lavastoviglie, microonde, bagno in comune, parquet, attacco telefonico, aria condizionata, ingresso privato",Via Principe Eugenio,"Cenisio, Sarpi, Isola",Cenisio,45.4901,9.1648,CASAVOSTRA - Agenzia SEMPIONE,02 8126 6782,18,https://www.immobiliare.it/annunci/120427714/,
126984909,"Stanza in affitto in appartamento via Cesare Da Sesto, Milano",1025,€ 1.025/mese,5,1,103 m²,"1°, con ascensore",Autonomo,"fibra ottica, porta blindata, esposizione esterna, impianto tv centralizzato",Via Cesare Da Sesto,"Genova, Ticinese",Corso Genova,45.4568,9.17417,Spacest.com by Roomless,02 8974 1955,21,https://www.immobiliare.it/annunci/126984909/,
126917803,"Stanza in affitto in appartamento via Carlo Imbonati, Milano",945,€ 945/mese,5,3+,15 m²,1°,Autonomo,"fibra ottica, porta blindata, esposizione esterna, impianto tv centralizzato",Via Carlo Imbonati,"Affori, Bovisa",Dergano,45.5012,9.1821,Spacest.com by Roomless,02 8974 1955,21,https://www.immobiliare.it/annunci/126917803/,
126917339,"Stanza in affitto in appartamento via Carlo Vittadini, Milano",990,€ 990/mese,5+,2,140 m²,5°,Autonomo,"fibra ottica, porta blindata, esposizione esterna, impianto tv centralizzato",Via Carlo Vittadini,Navigli,Bocconi,45.4503,9.19392,Spacest.com by Roomless,02 8974 1955,11,https://www.immobiliare.it/annunci/126917339/,
126916965,"Stanza in affitto in appartamento via Spalato, Milano",895,€ 895/mese,5,2,15 m²,"2°, con ascensore",Autonomo,"fibra ottica, porta blindata, esposizione esterna, impianto tv centralizzato",Via Spalato,"Cenisio, Sarpi, Isola",Isola,45.4885,9.19293,Spacest.com by Roomless,02 8974 1955,23,https://www.immobiliare.it/annunci/126916965/,
126917513,"Stanza in affitto in appartamento viale Beatrice D'Este, Milano",1095,€ 1.095/mese,5+,3+,15 m²,4°,Autonomo,"fibra ottica, porta blindata, esposizione esterna, impianto tv centralizzato",Viale Beatrice D'Este,Navigli,Bocconi,45.452,9.18768,Spacest.com by Roomless,02 8974 1955,95,https://www.immobiliare.it/annunci/126917513/,
126917379,"Stanza in affitto in appartamento viale Emilio Caldara, Milano",1035,€ 1.035/mese,5+,3,200 m²,"3°, con ascensore",Autonomo,"fibra ottica, porta blindata, esposizione esterna, impianto tv centralizzato",Viale Emilio Caldara,"Porta Romana, Cadore, Montenero",Montenero,45.4572,9.20484,Spacest.com by Roomless,02 8974 1955,45,https://www.immobiliare.it/annunci/126917379/,
126958603,"Stanza in affitto in appartamento viale Emilio Caldara, Milano",990,€ 990/mese,5+,2,167 m²,"5°, con ascensore",Autonomo,"fibra ottica, porta blindata, esposizione esterna, impianto tv centralizzato",Viale Emilio Caldara,"Quadronno, Palestro, Guastalla",Quadronno - Crocetta,45.4535,9.20199,Spacest.com by Roomless,02 8974 1955,33,https://www.immobiliare.it/annunci/126958603/,
126917183,"Stanza in affitto in appartamento via Amatore Sciesa, Milano",1030,€ 1.030/mese,5,1,87 m²,2°,Autonomo,"fibra ottica, porta blindata, esposizione esterna, impianto tv centralizzato",VIA AMATORE SCIESA,"Porta Romana, Cadore, Montenero",Montenero,45.4613,9.20963,Spacest.com by Roomless,02 8974 1955,19,https://www.immobiliare.it/annunci/126917183/,
126916447,"Stanza in affitto in appartamento viale Bligny, Milano",1245,€ 1.245/mese,4,2,90 m²,"3°, con ascensore",Autonomo,"fibra ottica, porta blindata, esposizione esterna, impianto tv centralizzato",Viale Bligny,Navigli,Bocconi,45.4509,9.19128,Spacest.com by Roomless,02 8974 1955,10,https://www.immobiliare.it/annunci/126916447/,
126917049,"Stanza in affitto in appartamento viale Emilio Caldara, Milano",1035,€ 1.035/mese,5+,3,200 m²,"3°, con ascensore",Autonomo,"fibra ottica, porta blindata, esposizione esterna, impianto tv centralizzato",Viale Emilio Caldara,"Porta Romana, Cadore, Montenero",Montenero,45.4572,9.20484,Spacest.com by Roomless,02 8974 1955,28,https://www.immobiliare.it/annunci/126917049/,
126917525,"Stanza in affitto in appartamento via Cosimo Del Fante, Milano",850,€ 850/mese,5+,2,143 m²,"2°, con ascensore",Autonomo,"fibra ottica, porta blindata, esposizione esterna, impianto tv centralizzato",Via Cosimo Del Fante,"Genova, Ticinese",Ticinese,45.4555,9.18524,Spacest.com by Roomless,02 8974 1955,17,https://www.immobiliare.it/annunci/126917525/,
127018509,"Stanza in affitto in appartamento viale Col di Lana, Milano",995,€ 995/mese,5+,3,230 m²,"1°, con ascensore",Autonomo,"fibra ottica, porta blindata, esposizione esterna, impianto tv centralizzato",Viale Col di Lana,Navigli,Corso San Gottardo,45.4521,9.18266,Spacest.com by Roomless,02 8974 1955,74,https://www.immobiliare.it/annunci/127018509/,
126916309,"Stanza in affitto in appartamento via Carlo Valvassori Peroni, Milano",870,€ 870/mese,5,1,110 m²,"2°, con ascensore",Autonomo,"fibra ottica, porta blindata, esposizione esterna, impianto tv centralizzato",Via Carlo Valvassori Peroni,"Città Studi, Susa",Città Studi,45.482,9.23671,Spacest.com by Roomless,02 8974 1955,25,https://www.immobiliare.it/annunci/126916309/,
126917895,"Stanza in affitto in appartamento via Francesco Arese, Milano",900,€ 900/mese,5+,2,210 m²,"1°, con ascensore",Autonomo,"fibra ottica, porta blindata, esposizione esterna, impianto tv centralizzato",Via Francesco Arese,"Cenisio, Sarpi, Isola",Zara,45.4917,9.19063,Spacest.com by Roomless,02 8974 1955,34,https://www.immobiliare.it/annunci/126917895/,
126917469,"Stanza in affitto in appartamento via Paolo Bassi, Milano",900,€ 900/mese,5,2,94 m²,"1°, con ascensore",Autonomo,"fibra ottica, porta blindata, esposizione esterna, impianto tv centralizzato",Via Paolo Bassi,"Cenisio, Sarpi, Isola",Zara,45.4956,9.18968,Spacest.com by Roomless,02 8974 1955,28,https://www.immobiliare.it/annunci/126917469/,
126917401,"Stanza in affitto in appartamento piazza Maria Adelaide di Savoia, Milano",930,€ 930/mese,5+,2,141 m²,"1°, con ascensore",Autonomo,"fibra ottica, porta blindata, esposizione esterna, impianto tv centralizzato",Piazza Maria Adelaide di Savoia,"Centrale, Repubblica",Morgagni,45.4734,9.21442,Spacest.com by Roomless,02 8974 1955,58,https://www.immobiliare.it/annunci/126917401/,
126915581,"Stanza in affitto in appartamento via San Senatore, Milano",900,€ 900/mese,4,1,15 m²,3°,Autonomo,"fibra ottica, porta blindata, esposizione esterna, impianto tv centralizzato",Via San Senatore,Centro,Missori,45.4584,9.18969,Spacest.com by Roomless,02 8974 1955,20,https://www.immobiliare.it/annunci/126915581/,
126917121,"Stanza in affitto in appartamento via Gardone, Milano",850,€ 850/mese,2,1,15 m²,"1°, con ascensore",Autonomo,"fibra ottica, porta blindata, esposizione esterna, impianto tv centralizzato",Via Gardone,"Corvetto, Rogoredo",Corvetto,45.4397,9.21399,Spacest.com by Roomless,02 8974 1955,45,https://www.immobiliare.it/annunci/126917121/,
126916797,"Stanza in affitto in appartamento via Melchiorre Gioia, Milano",945,€ 945/mese,4,1,120 m²,"3°, con ascensore",Autonomo,"fibra ottica, porta blindata, esposizione esterna, impianto tv centralizzato",Via Melchiorre Gioia,"Centrale, Repubblica",Melchiorre Gioia,45.4862,9.19755,Spacest.com by Roomless,02 8974 1955,43,https://www.immobiliare.it/annunci/126916797/,
126917653,"Stanza in affitto in appartamento viale Tibaldi, Milano",875,€ 875/mese,5,1,90 m²,"2°, con ascensore",Autonomo,"fibra ottica, porta blindata, esposizione esterna, impianto tv centralizzato",Viale Tibaldi,"Abbiategrasso, Chiesa Rossa",Pezzotti - Meda,45.4433,9.17651,Spacest.com by Roomless,02 8974 1955,13,https://www.immobiliare.it/annunci/126917653/,
126917879,"Stanza in affitto in appartamento via Friuli, Milano",1045,€ 1.045/mese,5,2,90 m²,1°,Autonomo,"fibra ottica, porta blindata, esposizione esterna, impianto tv centralizzato",Via Friuli,"Porta Romana, Cadore, Montenero",Porta Romana - Medaglie d'Oro,45.4491,9.20709,Spacest.com by Roomless,02 8974 1955,19,https://www.immobiliare.it/annunci/126917879/,
126917867,"Stanza in affitto in appartamento via Pordenone, Milano",840,€ 840/mese,5,2,15 m²,"2°, con ascensore",Autonomo,"fibra ottica, porta blindata, esposizione esterna, impianto tv centralizzato",Via Pordenone,"Udine, Lambrate",Udine,45.4901,9.23447,Spacest.com by Roomless,02 8974 1955,34,https://www.immobiliare.it/annunci/126917867/,
126917549,"Stanza in affitto in appartamento viale Sabotino, Milano",1070,€ 1.070/mese,5,2,138 m²,"4°, con ascensore",Autonomo,"fibra ottica, porta blindata, esposizione esterna, impianto tv centralizzato",Viale Sabotino,"Porta Romana, Cadore, Montenero",Porta Romana - Medaglie d'Oro,45.4512,9.19951,Spacest.com by Roomless,02 8974 1955,33,https://www.immobiliare.it/annunci/126917549/,
126917855,"Stanza in affitto in appartamento via Francesco Arese, Milano",865,€ 865/mese,5+,2,203 m²,"1°, con ascensore",Autonomo,"fibra ottica, porta blindata, esposizione esterna, impianto tv centralizzato",Via Francesco Arese,"Cenisio, Sarpi, Isola",Zara,45.4917,9.19063,Spacest.com by Roomless,02 8974 1955,39,https://www.immobiliare.it/annunci/126917855/,
126917465,"Stanza in affitto in appartamento via Valenza, Milano",840,€ 840/mese,5,2,15 m²,"1°, con ascensore",Autonomo,"fibra ottica, porta blindata, esposizione esterna, impianto tv centralizzato",Via Valenza,Navigli,Navigli - Darsena,45.4509,9.16878,Spacest.com by Roomless,02 8974 1955,46,https://www.immobiliare.it/annunci/126917465/,
126917263,"Stanza in affitto in appartamento viale Beatrice D'Este, Milano",990,€ 990/mese,5+,3+,15 m²,4°,Autonomo,"fibra ottica, porta blindata, esposizione esterna, impianto tv centralizzato",Viale Beatrice D'Este,Navigli,Bocconi,45.452,9.18768,Spacest.com by Roomless,02 8974 1955,53,https://www.immobiliare.it/annunci/126917263/,
126916633,"Stanza in affitto in appartamento via Conca del Naviglio, Milano",945,€ 945/mese,5+,3,138 m²,"1°, con ascensore",Autonomo,"fibra ottica, porta blindata, esposizione esterna, impianto tv centralizzato",Via Conca del Naviglio,"Genova, Ticinese",Ticinese,45.4555,9.17809,Spacest.com by Roomless,02 8974 1955,27,https://www.immobiliare.it/annunci/126916633/,
126917873,"Stanza in affitto in appartamento via Pontaccio, Milano",945,€ 945/mese,5+,2,138 m²,"1°, con ascensore",Autonomo,"fibra ottica, porta blindata, esposizione esterna, impianto tv centralizzato",Via Pontaccio,Centro,Brera,45.472,9.18437,Spacest.com by Roomless,02 8974 1955,13,https://www.immobiliare.it/annunci/126917873/,
126917421,"Stanza in affitto in appartamento piazzetta Guastalla, Milano",950,€ 950/mese,5+,3,15 m²,2°,Autonomo,"fibra ottica, porta blindata, esposizione esterna, impianto tv centralizzato",Piazzetta Guastalla,"Quadronno, Palestro, Guastalla",Guastalla,45.4613,9.19848,Spacest.com by Roomless,02 8974 1955,49,https://www.immobiliare.it/annunci/126917421/,
127666080,"Stanza singola via Michelangelo Buonarroti 15, Milano",900,€ 900/mese,3,1,70 m²,5°,Assente,"balcone, connessione ad internet, lavatrice, lavastoviglie, portineria, bagno in comune, parquet, aria condizionata, armadi",Via Michelangelo Buonarroti,"Solari, Washington",Vercelli - Wagner,45.4686,9.155,DS Real Estate,02 5964 6542,18,https://www.immobiliare.it/annunci/127666080/,
126917519,"Stanza in affitto in appartamento viale Beatrice D'Este, Milano",990,€ 990/mese,5+,3+,15 m²,4°,Autonomo,"fibra ottica, porta blindata, esposizione esterna, impianto tv centralizzato",Viale Beatrice D'Este,Navigli,Bocconi,45.452,9.18768,Spacest.com by Roomless,02 8974 1955,54,https://www.immobiliare.it/annunci/126917519/,
126917239,"Stanza in affitto in appartamento corso di Porta Romana, Milano",1045,€ 1.045/mese,5+,2,134 m²,"2°, con ascensore",Autonomo,"fibra ottica, porta blindata, esposizione esterna, impianto tv centralizzato",Corso di Porta Romana,"Quadronno, Palestro, Guastalla",Quadronno - Crocetta,45.4542,9.1986,Spacest.com by Roomless,02 8974 1955,46,https://www.immobiliare.it/annunci/126917239/,
126916765,"Stanza in affitto in appartamento via Pordenone, Milano",870,€ 870/mese,5,2,15 m²,"2°, con ascensore",Autonomo,"fibra ottica, porta blindata, esposizione esterna, impianto tv centralizzato",Via Pordenone,"Udine, Lambrate",Udine,45.4901,9.23447,Spacest.com by Roomless,02 8974 1955,19,https://www.immobiliare.it/annunci/126916765/,
126917357,"Stanza in affitto in appartamento corso Porta Vittoria, Milano",1095,€ 1.095/mese,5,1,121 m²,"2°, con ascensore",Autonomo,"fibra ottica, porta blindata, esposizione esterna, impianto tv centralizzato",Corso Porta Vittoria,"Quadronno, Palestro, Guastalla",Guastalla,45.4621,9.2045,Spacest.com by Roomless,02 8974 1955,28,https://www.immobiliare.it/annunci/126917357/,
126915461,"Stanza in affitto in appartamento viale Campania, Milano",840,€ 840/mese,5,2,130 m²,1°,Autonomo,"fibra ottica, porta blindata, esposizione esterna, impianto tv centralizzato",Viale Campania,"Città Studi, Susa",Plebisciti - Susa,45.4648,9.2235,Spacest.com by Roomless,02 8974 1955,10,https://www.immobiliare.it/annunci/126915461/,
126917265,"Stanza in affitto in appartamento viale Bligny, Milano",1245,€ 1.245/mese,5,3+,126 m²,"2°, con ascensore",Autonomo,"fibra ottica, porta blindata, esposizione esterna, impianto tv centralizzato",Viale Bligny,Navigli,Bocconi,45.4508,9.19124,Spacest.com by Roomless,02 8974 1955,27,https://www.immobiliare.it/annunci/126917265/,
127665196,"Stanza singola piazza 24 Maggio 6, Milano",950,€ 950/mese,3,1,15 m²,1°,Assente,"ripostiglio, cucina, connessione ad internet, lavatrice, lavastoviglie, microonde, bagno in comune, tv, aria condizionata, armadi",Piazza 24 Maggio,"Genova, Ticinese",Ticinese,45.4532,9.1796,Milano Locazioni,02 8974 1933,15,https://www.immobiliare.it/annunci/127665196/,
126915477,"Stanza in affitto in appartamento via Leopoldo Cicognara, Milano",840,€ 840/mese,5+,1,15 m²,5°,Autonomo,"fibra ottica, porta blindata, esposizione esterna, balcone, impianto tv centralizzato",Via Leopoldo Cicognara,"Città Studi, Susa",Plebisciti - Susa,45.4683,9.2219,Spacest.com by Roomless,02 8974 1955,14,https://www.immobiliare.it/annunci/126915477/,
126915479,"Stanza in affitto in appartamento via Leopoldo Cicognara, Milano",840,€ 840/mese,5+,1,15 m²,5°,Autonomo,"fibra ottica, porta blindata, esposizione esterna, balcone, impianto tv centralizzato",Via Leopoldo Cicognara,"Città Studi, Susa",Plebisciti - Susa,45.4683,9.2219,Spacest.com by Roomless,02 8974 1955,14,https://www.immobiliare.it/annunci/126915479/,
126917639,"Stanza in affitto in appartamento viale Romagna, Milano",900,€ 900/mese,4,2,15 m²,"4°, con ascensore",Autonomo,"fibra ottica, porta blindata, esposizione esterna, impianto tv centralizzato",Viale Romagna,"Città Studi, Susa",Città Studi,45.4796,9.22398,Spacest.com by Roomless,02 8974 1955,6,https://www.immobiliare.it/annunci/126917639/,
126917921,"Stanza in affitto in appartamento viale Regina Giovanna, Milano",845,€ 845/mese,5,2,15 m²,"3°, con ascensore",Autonomo,"fibra ottica, porta blindata, esposizione esterna, impianto tv centralizzato",Viale Regina Giovanna,"Porta Venezia, Indipendenza",Porta Venezia,45.4732,9.21385,Spacest.com by Roomless,02 8974 1955,10,https://www.immobiliare.it/annunci/126917921/,
122937616,"Stanza singola via Andrea Maffei, Milano",850,€ 850/mese,4,2,110 m²,3°,Assente,"ripostiglio, balcone, cucina, connessione ad internet, lavatrice, lavastoviglie, portineria, bagno in comune, parquet, attacco telefonico, aria condizionata, armadi",Via Andrea Maffei,"Porta Romana, Cadore, Montenero",Montenero,45.4575,9.2079,Trova La Tua Casa Servizi Immobiliari,02 5964 6095,10,https://www.immobiliare.it/annunci/122937616/,
125811087,"Stanza singola via Generale Gustavo Fara 13, Milano",855,€ 855/mese,5,2,140 m²,4°,Assente,"ripostiglio, giardino, balcone, terrazzo, cucina, connessione ad internet, lavatrice, lavastoviglie, portineria, parquet, aria condizionata, armadi",Via Generale Gustavo Fara,"Centrale, Repubblica",Centrale,45.4831,9.198,Anna Zamboni,02 4422 0213,25,https://www.immobiliare.it/annunci/125811087/,
127551190,"Stanza singola corso di Porta Romana 57, Milano",1000,€ 1.000/mese,1,1,25 m²,1°,Assente,"cucina, connessione ad internet, lavastoviglie, microonde, tv satellitare/pay tv, bagno in comune, aria condizionata",Corso di Porta Romana,"Quadronno, Palestro, Guastalla",Quadronno - Crocetta,45.4568,9.1948,Monforte Abitare,02 8126 0214,5,https://www.immobiliare.it/annunci/127551190/,
127602182,"Stanza in affitto in appartamento via Privata Tobruk, Milano",1030,€ 1.030/mese,5+,3+,584 m²,1°,Autonomo,"fibra ottica, porta blindata, esposizione esterna, balcone, impianto tv centralizzato",Via Privata Tobruk,"Napoli, Soderini",Tripoli - Soderini,45.4559,9.15149,Spacest.com by Roomless,02 8974 1955,16,https://www.immobiliare.it/annunci/127602182/,
127541638,"Stanza in affitto in appartamento via Conca del Naviglio, Milano",860,€ 860/mese,5+,3,138 m²,"1°, con ascensore",Autonomo,"fibra ottica, porta blindata, esposizione esterna, impianto tv centralizzato",Via Conca del Naviglio,"Genova, Ticinese",Ticinese,45.4555,9.17809,Spacest.com by Roomless,02 8974 1955,31,https://www.immobiliare.it/annunci/127541638/,
127356271,"Stanza in affitto in appartamento via Caminadella, Milano",885,€ 885/mese,5+,2,110 m²,"1°, con ascensore",Autonomo,"fibra ottica, porta blindata, esposizione esterna, impianto tv centralizzato",Via Caminadella,Centro,Sant'Ambrogio,45.4602,9.17645,Spacest.com by Roomless,02 8974 1955,38,https://www.immobiliare.it/annunci/127356271/,
127646736,"Stanza in affitto in appartamento viale Lazio, Milano",1100,€ 1.100/mese,5,2,120 m²,4°,Autonomo,"fibra ottica, porta blindata, esposizione esterna, impianto tv centralizzato",Viale Lazio,"Porta Romana, Cadore, Montenero",Montenero,45.4567,9.20531,Spacest.com by Roomless,02 8974 1955,11,https://www.immobiliare.it/annunci/127646736/,
127541700,"Stanza in affitto in appartamento via Pasquale Fornari, Milano",865,€ 865/mese,4,1,71 m²,"3°, con ascensore",Autonomo,"fibra ottica, porta blindata, esposizione esterna, impianto tv centralizzato",Via Pasquale Fornari,"Bande Nere, Inganni",Gambara,45.4621,9.14405,Spacest.com by Roomless,02 8974 1955,12,https://www.immobiliare.it/annunci/127541700/,
127490338,"Stanza in affitto in appartamento viale Col di Lana, Milano",945,€ 945/mese,5+,3,230 m²,"1°, con ascensore",Autonomo,"fibra ottica, porta blindata, esposizione esterna, impianto tv centralizzato",Viale Col di Lana,Navigli,Corso San Gottardo,45.4521,9.18266,Spacest.com by Roomless,02 8974 1955,42,https://www.immobiliare.it/annunci/127490338/,
127414789,"Stanza in affitto in appartamento viale Sabotino, Milano",1070,€ 1.070/mese,5,2,138 m²,"4°, con ascensore",Autonomo,"fibra ottica, porta blindata, esposizione esterna, impianto tv centralizzato",Viale Sabotino,"Porta Romana, Cadore, Montenero",Porta Romana - Medaglie d'Oro,45.4512,9.19951,Spacest.com by Roomless,02 8974 1955,32,https://www.immobiliare.it/annunci/127414789/,
127275057,"Stanza in affitto in appartamento piazza Sant'Agostino, Milano",875,€ 875/mese,5+,2,157 m²,"5°, con ascensore",Autonomo,"fibra ottica, porta blindata, esposizione esterna, impianto tv centralizzato",Piazza Sant'Agostino,"Genova, Ticinese",Corso Genova,45.4582,9.17012,Spacest.com by Roomless,02 8974 1955,27,https://www.immobiliare.it/annunci/127275057/,
127513624,"Stanza in affitto in appartamento via Privata Tobruk, Milano",1015,€ 1.015/mese,5+,3+,584 m²,1°,Autonomo,"fibra ottica, porta blindata, esposizione esterna, impianto tv centralizzato",Via Privata Tobruk,"Napoli, Soderini",Tripoli - Soderini,45.4559,9.15149,Spacest.com by Roomless,02 8974 1955,16,https://www.immobiliare.it/annunci/127513624/,
127462920,"Stanza in affitto in appartamento via Pordenone, Milano",850,€ 850/mese,5,2,15 m²,"2°, con ascensore",Autonomo,"fibra ottica, porta blindata, esposizione esterna, impianto tv centralizzato",Via Pordenone,"Udine, Lambrate",Udine,45.4901,9.23447,Spacest.com by Roomless,02 8974 1955,20,https://www.immobiliare.it/annunci/127462920/,
127602258,"Stanza in affitto in appartamento viale Brianza, Milano",840,€ 840/mese,5,2,15 m²,4°,Autonomo,"fibra ottica, porta blindata, esposizione esterna, impianto tv centralizzato",Viale Brianza,"Centrale, Repubblica",Centrale,45.4889,9.20984,Spacest.com by Roomless,02 8974 1955,23,https://www.immobiliare.it/annunci/127602258/,
127570496,"Stanza in affitto in appartamento via Privata Reggio, Milano",875,€ 875/mese,5+,2,202 m²,"4°, con ascensore",Autonomo,"fibra ottica, porta blindata, esposizione esterna, impianto tv centralizzato",Via Privata Reggio,"Quadronno, Palestro, Guastalla",Quadronno - Crocetta,45.4565,9.20264,Spacest.com by Roomless,02 8974 1955,39,https://www.immobiliare.it/annunci/127570496/,
127541702,"Stanza in affitto in appartamento corso San Gottardo, Milano",955,€ 955/mese,4,1,98 m²,"2°, con ascensore",Autonomo,"fibra ottica, porta blindata, esposizione esterna, impianto tv centralizzato",Corso San Gottardo,Navigli,Corso San Gottardo,45.4469,9.17967,Spacest.com by Roomless,02 8974 1955,17,https://www.immobiliare.it/annunci/127541702/,
127232197,"Stanza in affitto in appartamento viale Sabotino, Milano",1045,€ 1.045/mese,5,2,110 m²,"3°, con ascensore",Autonomo,"fibra ottica, porta blindata, esposizione esterna, impianto tv centralizzato",Viale Sabotino,"Porta Romana, Cadore, Montenero",Porta Romana - Medaglie d'Oro,45.451,9.1979,Spacest.com by Roomless,02 8974 1955,25,https://www.immobiliare.it/annunci/127232197/,
127570282,"Stanza in affitto in appartamento via Nino Oxilia, Milano",845,€ 845/mese,5+,2,140 m²,3°,Autonomo,"fibra ottica, porta blindata, esposizione esterna, impianto tv centralizzato",Via Nino Oxilia,"Pasteur, Rovereto",Pasteur,45.4916,9.21173,Spacest.com by Roomless,02 8974 1955,35,https://www.immobiliare.it/annunci/127570282/,
127490538,"Stanza in affitto in appartamento via Pordenone, Milano",870,€ 870/mese,5,2,15 m²,"2°, con ascensore",Autonomo,"fibra ottica, porta blindata, esposizione esterna, impianto tv centralizzato",Via Pordenone,"Udine, Lambrate",Udine,45.4901,9.23447,Spacest.com by Roomless,02 8974 1955,19,https://www.immobiliare.it/annunci/127490538/,
127355819,"Stanza in affitto in appartamento via Lipari, Milano",865,€ 865/mese,5,2,126 m²,1°,Autonomo,"fibra ottica, porta blindata, esposizione esterna, impianto tv centralizzato",Via Lipari,"Solari, Washington",Dezza,45.461,9.16101,Spacest.com by Roomless,02 8974 1955,29,https://www.immobiliare.it/annunci/127355819/,
127355413,"Stanza in affitto in appartamento piazza Sant'Agostino, Milano",875,€ 875/mese,5+,2,157 m²,"5°, con ascensore",Autonomo,"fibra ottica, porta blindata, esposizione esterna, impianto tv centralizzato",Piazza Sant'Agostino,"Genova, Ticinese",Corso Genova,45.4582,9.17012,Spacest.com by Roomless,02 8974 1955,25,https://www.immobiliare.it/annunci/127355413/,
127414875,"Stanza in affitto in appartamento via Caradosso, Milano",995,€ 995/mese,5,2,113 m²,4°,Autonomo,"fibra ottica, porta blindata, esposizione esterna, impianto tv centralizzato",Via Caradosso,"Arco della Pace, Arena, Pagano",Vincenzo Monti,45.4671,9.17255,Spacest.com by Roomless,02 8974 1955,21,https://www.immobiliare.it/annunci/127414875/,
127317265,"Stanza in affitto in appartamento via Privata Tobruk, Milano",1070,€ 1.070/mese,5+,3+,584 m²,1°,Autonomo,"fibra ottica, porta blindata, esposizione esterna, balcone, impianto tv centralizzato",Via Privata Tobruk,"Napoli, Soderini",Tripoli - Soderini,45.4559,9.15149,Spacest.com by Roomless,02 8974 1955,18,https://www.immobiliare.it/annunci/127317265/,
127460168,"Stanza singola via Francesco Arese, Milano",865,€ 865/mese,1,1,21 m²,,Centralizzato,arredato,Via Francesco Arese,"Cenisio, Sarpi, Isola",Zara,45.4915,9.1899,HousingAnywhere,,10,https://www.immobiliare.it/annunci/127460168/,
125392371,"Stanza singola via Carlo Pisacane, Milano",885,€ 885/mese,1,1,17 m²,,Centralizzato,arredato,Via Carlo Pisacane,"Porta Venezia, Indipendenza",Indipendenza,45.4718,9.2112,HousingAnywhere,,10,https://www.immobiliare.it/annunci/125392371/,
125391117,"Stanza singola viale Argonne, Milano",850,€ 850/mese,1,1,21 m²,,Centralizzato,arredato,Viale Argonne,"Città Studi, Susa",Argonne - Corsica,45.4684,9.2289,HousingAnywhere,,10,https://www.immobiliare.it/annunci/125391117/,
127166647,"Stanza singola via Bartolomeo Eustachi, Milano",865,€ 865/mese,1,1,19 m²,,Autonomo,arredato,Via Bartolomeo Eustachi,"Centrale, Repubblica",Morgagni,45.4762,9.2148,HousingAnywhere,,10,https://www.immobiliare.it/annunci/127166647/,
126041405,"Stanza singola viale Beatrice d'Este, Milano",995,€ 995/mese,1,1,20 m²,,Centralizzato,arredato,Viale Beatrice d'Este,Navigli,Bocconi,45.4519,9.1915,HousingAnywhere,,10,https://www.immobiliare.it/annunci/126041405/,
125820615,"Stanza singola via Conca del Naviglio, Milano",945,€ 945/mese,1,1,12 m²,,Centralizzato,arredato,Via Conca del Naviglio,"Genova, Ticinese",Corso Genova,45.4565,9.1777,HousingAnywhere,,10,https://www.immobiliare.it/annunci/125820615/,
126041381,"Stanza singola via Giuseppe Frua, Milano",855,€ 855/mese,1,1,15 m²,,Centralizzato,arredato,Via Giuseppe Frua,"Solari, Washington",Frua,45.4649,9.1498,HousingAnywhere,,10,https://www.immobiliare.it/annunci/126041381/,
126041351,"Stanza singola via Paolo Bassi, Milano",900,€ 900/mese,1,1,17 m²,,Centralizzato,arredato,Via Paolo Bassi,"Cenisio, Sarpi, Isola",Zara,45.4954,9.1889,HousingAnywhere,,10,https://www.immobiliare.it/annunci/126041351/,
127460136,"Stanza singola via Macedonio Melloni, Milano",900,€ 900/mese,1,1,10 m²,,Centralizzato,arredato,Via Macedonio Melloni,"Porta Venezia, Indipendenza",Indipendenza,45.4666,9.216,HousingAnywhere,,10,https://www.immobiliare.it/annunci/127460136/,
125391177,"Stanza singola piazza Maria Adelaide di Savoia, Milano",930,€ 930/mese,1,1,15 m²,,Centralizzato,arredato,Piazza Maria Adelaide di Savoia,"Porta Venezia, Indipendenza",Indipendenza,45.4729,9.2147,HousingAnywhere,,10,https://www.immobiliare.it/annunci/125391177/,
127324199,"Stanza singola via Amatore Sciesa, Milano",1045,€ 1.045/mese,1,1,15 m²,,Assente,arredato,Via Amatore Sciesa,"Porta Romana, Cadore, Montenero",Montenero,45.4604,9.2093,HousingAnywhere,,10,https://www.immobiliare.it/annunci/127324199/,
127412047,"Stanza singola corso Buenos Aires, Milano",945,€ 945/mese,1,1,20 m²,,Centralizzato,arredato,Corso Buenos Aires,"Centrale, Repubblica",Buenos Aires,45.4801,9.2107,HousingAnywhere,,10,https://www.immobiliare.it/annunci/127412047/,
125863959,"Stanza in affitto in casa indipendente via Galeno , 18, Milano",850,€ 850/mese,1,1,20 m²,"1° piano, con ascensore",Autonomo,"aria condizionata, porta blindata, arredato","Via Galeno , 18","Precotto, Turro",Villa San Giovanni,45.5199,9.22574,Studio 15 Soluzioni Immobiliari Srl,02 3540 5769,14,https://www.immobiliare.it/annunci/125863959/,
127412049,"Stanza singola viale Daniele Ranzoni, Milano",870,€ 870/mese,1,1,21 m²,,Centralizzato,arredato,Viale Daniele Ranzoni,"San Siro, Trenno",San Siro,45.4695,9.1454,HousingAnywhere,,10,https://www.immobiliare.it/annunci/127412049/,
127042573,"Stanza singola via Carlo Imbonati, Milano",900,€ 900/mese,1,1,10 m²,,Autonomo,"aria condizionata, arredato",Via Carlo Imbonati,"Affori, Bovisa",Dergano,45.5013,9.1825,HousingAnywhere,,10,https://www.immobiliare.it/annunci/127042573/,
127460054,"Stanza singola via Carlo Ravizza, Milano",955,€ 955/mese,1,1,34 m²,,Centralizzato,arredato,Via Carlo Ravizza,"Fiera, Sempione, City Life, Portello",De Angeli,45.4694,9.1499,HousingAnywhere,,10,https://www.immobiliare.it/annunci/127460054/,
125532077,"Stanza singola viale Brianza, Milano",840,€ 840/mese,1,1,18 m²,,Centralizzato,arredato,Viale Brianza,"Pasteur, Rovereto",Pasteur,45.4874,9.2137,HousingAnywhere,,10,https://www.immobiliare.it/annunci/125532077/,
125392397,"Stanza singola via Comelico, Milano",860,€ 860/mese,1,1,11 m²,,Autonomo,arredato,Via Comelico,"Porta Romana, Cadore, Montenero",Cadore,45.4546,9.2136,HousingAnywhere,,10,https://www.immobiliare.it/annunci/125392397/,
127460248,"Stanza singola via Carlo Botta, Milano",935,€ 935/mese,1,1,18 m²,,Centralizzato,arredato,Via Carlo Botta,"Porta Romana, Cadore, Montenero",Porta Romana - Medaglie d'Oro,45.4539,9.205,HousingAnywhere,,10,https://www.immobiliare.it/annunci/127460248/,
127272333,"Stanza singola via Guglielmo RÃ¶ntgen, Milano",1015,€ 1.015/mese,1,1,12 m²,,Centralizzato,arredato,Via Guglielmo RÃ¶ntgen,Navigli,Bocconi,45.4503,9.1872,HousingAnywhere,,10,https://www.immobiliare.it/annunci/127272333/,
127460092,"Stanza singola via Felice Bellotti, Milano",850,€ 850/mese,1,1,14 m²,,Centralizzato,arredato,Via Felice Bellotti,"Porta Venezia, Indipendenza",Piave - Tricolore,45.4707,9.2086,HousingAnywhere,,10,https://www.immobiliare.it/annunci/127460092/,
127460254,"Stanza singola via Larga, Milano",965,€ 965/mese,1,1,17 m²,,Centralizzato,arredato,Via Larga,Centro,Duomo,45.4619,9.1929,HousingAnywhere,,10,https://www.immobiliare.it/annunci/127460254/,
125392037,"Stanza singola piazza Sant'Agostino, Milano",875,€ 875/mese,1,1,16 m²,,Centralizzato,arredato,Piazza Sant'Agostino,"Genova, Ticinese",San Vittore,45.459,9.1703,HousingAnywhere,,10,https://www.immobiliare.it/annunci/125392037/,
125392369,"Stanza singola via Carlo Pisacane, Milano",885,€ 885/mese,1,1,19 m²,,Centralizzato,arredato,Via Carlo Pisacane,"Porta Venezia, Indipendenza",Indipendenza,45.4718,9.2112,HousingAnywhere,,10,https://www.immobiliare.it/annunci/125392369/,
127166625,"Stanza singola viale Emilio Caldara, Milano",990,€ 990/mese,1,1,22 m²,,Centralizzato,arredato,Viale Emilio Caldara,"Porta Romana, Cadore, Montenero",Porta Romana - Medaglie d'Oro,45.4548,9.2031,HousingAnywhere,,10,https://www.immobiliare.it/annunci/127166625/,
