id,title,price_value,price_formatted,rooms,bathrooms,surface,floor,heating,features,address,macrozone,microzone,latitude,longitude,agency_name,phone_number,photo_count,url,description
122313818,"Stanza singola via Pietro Teulié 12, Milano",590,€ 590/mese,5+,2,196 m²,5°,Assente,"cucina, lavatrice, bagno in comune, attacco telefonico",Via Pietro Teulié,Navigli,Corso San Gottardo,45.4508,9.1861,Welcome Home,02 8974 7773,31,https://www.immobiliare.it/annunci/122313818/,"Stanza arredata in appartamento ristrutturato – Zona Bocconi/Navigli – ALL INCLUSIVE Tutto incluso 750€ mensili PROMO SENZA SPESE DI AGENZIA!  CALL US WE SPEAK: ENGLISH - SPANISH -PORTUGUÊS  Affittasi nuova stanza  in appartamento completamente ristrutturato e arredato, situato al 5° piano con ascensore di un elegante stabile in Via Teuliè, a pochi passi dall’Università Bocconi e dai Navigli.  L’appartamento, di 194 mq, è composto da 5 camere da letto, 2 bagni , cucina / zona living e tutti i comfort necessari per una convivenza comoda e funzionale. L’ambiente è moderno, luminoso e ben organiz"
125282299,"Stanza doppia viale delle Rimembranze di Lambrate 2a, Milano",600,€ 600/mese,2,1,60 m²,1°,Assente,"balcone, terrazzo, cucina, connessione ad internet, lavatrice, lavastoviglie, microonde, tv satellitare/pay tv, bagno in comune, attacco telefonico, aria condizionata, armadi",Viale delle Rimembranze di Lambrate,"Udine, Lambrate",Lambrate,45.4821,9.239,Gabetti Franchising Merate,039 240 2939,20,https://www.immobiliare.it/annunci/125282299/,"Milano - Lambrate, in prestigiosa minipalazzina rivestita in marmo di Carrara con vialetto d'ingresso pedonale coperto da pensilina ed un ampio vano scala ben illuminato, proponiamo in locazione una camera matrimoniale di 12,50 mq completamente arredata. Sono presenti un armadio a sei ante, un letto con materasso e cuscini, due comodini ed una scrivania con sedia posizionata sotto la finestra con tre specchiature ed esposizione a sud nella parte interna dell'edificio. La pavimentazione è in parquet ed è presente l'aria condizionata. Gli ambienti sono riscaldati mediante un sistema centrale con"
127581310,"Stanza singola via Grigna 10, Milano",620,€ 620/mese,4,1,79 m²,5°,Assente,"cucina, lavatrice, bagno in comune, attacco telefonico, armadi",Via Grigna,"Uptown, Cascina Merlata, Viale Certosa",Ghisolfa - Mac Mahon,45.493,9.1572,Welcome Home,02 8974 7773,13,https://www.immobiliare.it/annunci/127581310/,"PROMO SENZA SPESE DI AGENZIA!  CALL US WE SPEAK: ENGLISH - SPANISH - PORTUGUESE  Scopri questa moderna stanza arredata, situata al quinto piano di un elegante condominio, appena ristrutturato e pronto ad accoglierti! Con un ampio letto matrimoniale, un grande armadio e una scrivania, questo spazio è perfetto per studenti e giovani professionisti.  L'appartamento in condivisione è situato in una zona tranquilla, ben servita da mezzi pubblici, supermercati, bar e ristoranti. Goditi la comodità di avere tutto a portata di mano! Il riscaldamento centralizzato e l'aria condizionata garantiscono un "
126636491,"Stanza singola viale Cassala 11, Milano",590,€ 590/mese,5+,2,204 m²,5°,Assente,"balcone, cucina, lavatrice, bagno in comune, attacco telefonico, armadi",Viale Cassala,Navigli,Navigli - Darsena,45.4469,9.159,Welcome Home,02 8974 7773,12,https://www.immobiliare.it/annunci/126636491/,"PROMO SENZA SPESE DI AGENZIA! CALL US WE SPEAK: ENGLISH - SPANISH -PORTUGUÊS  Scopri questa fantastica stanza arredata e moderna, situata al 5° piano di un edificio tranquillo. Con un ampio letto matrimoniale, un grande armadio e una scrivania con comodini, questo spazio è perfetto per studenti e professionisti. La casa offre ingresso e due bagni, garantendo comodità e privacy per tutti gli inquilini. La cucina abitabile è completamente attrezzata con frigorifero e forno, ideale per preparare i tuoi pasti preferiti.  A soli pochi passi dalla fermata della metropolitana M2 Verde Romolo, i colle"
126805389,"Stanza singola via Ruggero Leoncavallo 17, Milano",590,€ 590/mese,4,1,72 m²,1°,Assente,"giardino, cucina, lavatrice, portineria, bagno in comune, attacco telefonico, aria condizionata, armadi",Via Ruggero Leoncavallo,"Pasteur, Rovereto",Parco Trotter,45.4909,9.2246,Welcome Home,02 8974 7773,34,https://www.immobiliare.it/annunci/126805389/,"**Stanza in Affitto a Milano - Co-living Città Studi Lambrate** PROMO SENZA SPESE DI AGENZIA!  CALL US WE SPEAK: ENGLISH - SPANISH - PORTUGUÊS  Scopri questa fantastica stanza in co-living matrimoniale, situata nel cuore di Città Studi! Questo bellissimo 4 locali, appena ristrutturato, offre un'atmosfera giovane e moderna, perfetta per chi cerca un ambiente stimolante e amichevole. La stanza è completamente arredata e si trova al primo piano di un condominio signorile, dotato di riscaldamento autonomo e ascensore.  L'appartamento si compone di una cucina abitabile/soggiorno che si affaccia su "
127540570,"Stanza singola via Giovanni Ambrogio De Predis 7, Milano",700,€ 700/mese,3,1,65 m²,2°,Assente,"cucina, connessione ad internet, lavatrice, microonde, portineria, bagno in comune, parquet, aria condizionata, armadi",Via Giovanni Ambrogio De Predis,"Uptown, Cascina Merlata, Viale Certosa",Certosa,45.4967,9.1518,Studio6Erre,02 8736 4208,29,https://www.immobiliare.it/annunci/127540570/,"via de predis 7 - politecnico bovisa  in un appartamento completamente ristrutturato studio6erre propone in affitto una camera matrimoniale uso singola di ampie dimensioni estremamente confortevole!  nei costi sono compresi il wifi, le pulizie due volte al mese, il riscaldamento la manutenzione. a parte ci sono i costi delle bollette della luce e della tari divise tra gli inquilini. nell'appartamento e' presente aria condizionata in tutte le stanze, lavatrice ed asciugatrice, macchinetta nespresso e friggitrice ad aria. la camera è collocata in un appartamento di  65mq posto al secondo piano s"
127209807,"Stanza singola via Mauro Macchi 91, Milano",650,€ 650/mese,4,1,103 m²,3°,Assente,"balcone, cucina, lavatrice, bagno in comune, attacco telefonico, armadi",Via Mauro Macchi,"Pasteur, Rovereto",Pasteur,45.4892,9.2122,Welcome Home,02 8974 7773,22,https://www.immobiliare.it/annunci/127209807/,"Stanza Singola arredata via Mauro Macchi 91 PROMO SENZA SPESE DI AGENZIA! CALL US WE SPEAK: ENGLISH - SPANISH - POURTOGUESE.  Scopri questa splendida stanza matrimoniale, completamente ristrutturata e arredata con stile. Situata al terzo piano di un palazzo con ascensore, offre un ambiente accogliente e moderno, ideale per giovani lavoratori e studenti tra i 18 e i 33 anni.  La stanza è dotata di armadi, comodini e scrivania, perfetta per chi cerca un rifugio tranquillo in città.  La posizione è invidiabile: a soli 8 minuti a piedi dalla fermata della metro M2 Verde di Loreto e Caiazzo, con tr"
126273839,"Stanza singola viale Renato Serra 7, Milano",590,€ 590/mese,4,1,81 m²,7°,Assente,"balcone, cucina, lavatrice, bagno in comune, attacco telefonico, armadi",Viale Renato Serra,"San Siro, Trenno",Monte Stella,45.4855,9.1439,Welcome Home,02 8974 7773,24,https://www.immobiliare.it/annunci/126273839/,"**Stanza in Affitto - Nuovo e Luminoso Appartamento in Condivisione** PROMO SENZA SPESE DI AGENZIA!  Scopri questa fantastica stanza in un ampio appartamento di 4 locali, situato al settimo piano di un elegante condominio. L'appartamento è ristrutturato e completamente arredato, pronto ad accoglierti con tutti i comfort necessari. La stanza è dotata di un letto matrimoniale, un ampio armadio e una scrivania, perfetta per studiare o lavorare in smart working.   L'ampio salone, luminoso e accogliente, offre un ampio balcone che regala una bellissima vista.  La cucina è attrezzata con frigorifero"
127216991,"Stanza singola via André-Marie Ampère 126, Milano",590,€ 590/mese,5+,2,155 m²,6°,Assente,"balcone, terrazzo, cucina, lavatrice, bagno in comune, attacco telefonico, armadi",Via André-Marie Ampère,"Città Studi, Susa",Casoretto,45.4885,9.2265,Welcome Home,02 8974 7773,17,https://www.immobiliare.it/annunci/127216991/,"**Stanza in Affitto a Milano - Vicino al Politecnico, CITTA' STUDI/LAMBRATE! ** PROMO SENZA SPESE DI AGENZIA. CALL US WE SPEAK: ENGLISH - SPANISH -PORTUGUÊS Cerchi una stanza arredata in un appartamento condiviso? Questa è l'opportunità che fa per te! Situata al sesto piano di un edificio moderno, questa stanza è perfetta per studenti o giovani professionisti tra i 18 e i 33 anni. Dotata di un comodo letto alla francese, armadio spazioso, scrivania e comodini, è pronta per essere abitata da subito.  L’appartamento, che ospita in totale sette inquilini, offre un luminoso e ampio soggiorno/cucin"
127242765,"Stanza singola via Valsugana 6A, Milano",590,€ 590/mese,4,1,80 m²,3°,Assente,"cucina, lavatrice, bagno in comune, attacco telefonico, armadi",Via Valsugana,"Ripamonti, Vigentino",Ripamonti - Fondazione Prada,45.4438,9.2101,Welcome Home,02 8974 7773,13,https://www.immobiliare.it/annunci/127242765/,"CALL US WE SPEAK: ENGLISH - SPANISH - POURTOGUESE PROMO SENZA SPESE DI AGENZIA!  Scopri questa ampia e luminosa stanza in affitto, situata in un elegante condominio a soli 10 minuti dal Duomo! Questa stanza è completamente arredata e dotata di un comodo letto matrimoniale, un ampio armadio, scrivania e comodini e aria condizionata. L'appartamento dispone di una cucina abitabile con sgabuzzino e un bagno, mentre il riscaldamento centralizzato assicura un ambiente confortevole durante tutto l'anno. Al momento le 3 stanze di questo appartamento sono tutte disponibili!  La cucina a vista sul soggi"
123344905,"Stanza singola via Cavriana, Milano",598,€ 598/mese,4,2,85 m²,1°,Assente,"balcone, cucina, connessione ad internet, lavatrice, lavastoviglie, microonde, portineria, bagno in comune, tv, aria condizionata, armadi",Via Cavriana,"Udine, Lambrate",Ortica,45.469,9.2463,Homizy,02 9994 9560,12,https://www.immobiliare.it/annunci/123344905/,"Immagina di varcare la soglia della tua nuova stanza, già arredata con un comodo letto matrimoniale, una scrivania luminosa e un armadio capiente, pronta ad accogliere ogni tuo momento di riposo e concentrazione. Il bagno, condiviso con un solo altro coinquilino, è sempre pulito e perfettamente funzionale, mentre Wi-Fi ultraveloce e utenze incluse ti liberano da ogni stress di gestione. Appena fuori dalla tua porta, la cucina open-space e il living ti aspettano per cene e serate di relax con i tuoi coinquilini. Nell'edifcio, inoltre, trovi un’area coworking, spazi fitness, un rooftop garden, l"
127387537,"Stanza singola via Pietro Cavalcabò 3, Milano",620,€ 620/mese,4,1,99 m²,2°,Assente,"cucina, lavatrice, bagno in comune, attacco telefonico, armadi",Via Pietro Cavalcabò,"Solari, Washington",Washington,45.4618,9.1516,Welcome Home,02 8974 7773,14,https://www.immobiliare.it/annunci/127387537/,"CALL US WE SPEAK: ENGLISH - SPANISH -PORTUGUÊS PROMO SENZA SPESE DI AGENZIA.  Scopri questa stanza arredata con gusto, ideale per chi cerca un ambiente accogliente e funzionale. Situata al 2° piano di un condominio signorile, offre un ampio letto matrimoniale, un armadio spazioso e una scrivania perfetta per studiare o lavorare. Gli ospiti possono godere di un ingresso ampio e di un soggiorno/cucina completamente attrezzata con elettrodomestici moderni, ideale per preparare deliziosi pasti.  La posizione è strategica: in una zona tranquilla ma ben servita da mezzi pubblici, supermercati, bar e"
124541193,"Stanza singola via Cavriana, Milano",598,€ 598/mese,4,3,,4° piano,Assente,"balcone, terrazzo, cucina, sistema di allarme, connessione ad internet, lavatrice, lavastoviglie, microonde, portineria, bagno in comune, tv, aria condizionata, armadi",Via Cavriana,"Udine, Lambrate",Ortica,45.4692,9.2462,Homizy,02 9994 9560,8,https://www.immobiliare.it/annunci/124541193/,"Immagina di varcare la soglia della tua nuova stanza, già arredata con un comodo letto matrimoniale, una scrivania luminosa e un armadio capiente, pronta ad accogliere ogni tuo momento di riposo e concentrazione. Il bagno, condiviso con un solo altro coinquilino, è sempre pulito e perfettamente funzionale, mentre Wi-Fi ultraveloce e utenze incluse ti liberano da ogni stress di gestione. Appena fuori dalla tua porta, la cucina open-space e il living ti aspettano per cene e serate di relax con i tuoi coinquilini.  Nell'edifcio, inoltre, trovi un’area coworking, spazi fitness, un rooftop garden, "
126065329,"Stanza singola piazzale Udine, Milano",700,€ 700/mese,4,2,140 m²,5°,Assente,"ripostiglio, giardino, balcone, terrazzo, cucina, connessione ad internet, lavatrice, lavastoviglie, microonde, portineria, bagno privato, parquet, tv, aria condizionata, armadi",Piazzale Udine,"Udine, Lambrate",Udine,45.4908,9.237,Centro Casa Costruzioni,02 5964 5283,17,https://www.immobiliare.it/annunci/126065329/,"PER RIMANERE AGGIORNATI SULLE NOSTRE STANZE CERCATECI SU INSTAGRAM (theluxuryrooms)  Centro casa costruzioni propone in affitto stanza in appartamento in condivisione completamente ristrutturata.  Contesto signorile e adiacente alla fermata della metro M2 Udine.  Per studenti e giovani lavoratori. Prezzo €700 al mese, CON BAGNO PRIVATO. Nelle immediate vicinanze dello stabile sono presenti negozi, scuole, palestre, uffici, centri commerciali e Università.  Per ulteriori informazioni contattaci allo 022610340. CENTRO CASA COSTRUZIONI PER RIMANERE AGGIORNATI SULLE NOSTRE STANZE CERCATECI SU INST"
123705547,"Stanza singola piazzale Udine, Milano",700,€ 700/mese,3,2,120 m²,4°,Assente,"ripostiglio, balcone, cucina, connessione ad internet, lavatrice, lavastoviglie, microonde, bagno in comune, attacco telefonico, tv, aria condizionata, armadi",Piazzale Udine,"Udine, Lambrate",Udine,45.4908,9.237,Centro Casa Costruzioni,02 5964 5283,7,https://www.immobiliare.it/annunci/123705547/,"Se vuoi vedere le nostre meravigliose stanze seguici su ( theluxuryrooms )  Esplora il Tuo Nuovo Stile di Vita:  Comfort e Convenienza in una Location di Prestigio!  Entra nel mondo del comfort con Centro Casa Costruzioni!  Offriamo una stanza in affitto in un appartamento completamente ristrutturato, immerso in un contesto signorile e adiacente alla fermata della metro M2 Udine.  Per studenti e giovani lavoratori.  Con un prezzo competitivo di €700 al mese, avrai accesso a un ambiente moderno e accogliente, perfetto per vivere al meglio la tua esperienza cittadina.  A pochi minuti dall'Univer"
122375986,"Stanza multipla via Bonaventura Zumbini, Milano",625,€ 625/mese,1,1,22 m²,,Centralizzato,arredato,Via Bonaventura Zumbini,"Famagosta, Barona",Barona,45.4414,9.1583,HousingAnywhere,,10,https://www.immobiliare.it/annunci/122375986/,"Shared Room Bed in an ensuite TWIN bedroom available in a large residential building in the Navigli/Romolo area of Milan, just a few stops from the very city centre.  The residence is located a stone's throw from the Navigli, in the Romolo area and a few rides from the center of Milan. A place where hospitality and hotel services are integrated, creating a living space that responds to the needs of the city, according to the principle by which the sharing of resources multiplies and strengthens opportunities.  The structure includes over 80 rooms and covers 4,500 square meters. It is organized"
127069891,"Stanza singola via Osoppo 9, Milano",600,€ 600/mese,4,2,14 m²,1°,Assente,"ripostiglio, balcone, cucina, connessione ad internet, lavatrice, lavastoviglie, portineria, bagno in comune, aria condizionata",Via Osoppo,"San Siro, Trenno",San Siro,45.4692,9.1436,Be.Ba. Case,02 8974 7756,22,https://www.immobiliare.it/annunci/127069891/,
127658490,"Stanza singola viale Monza 43, Milano",670,€ 670/mese,3,1,80 m²,2°,Assente,"balcone, cucina, lavatrice, lavastoviglie, portineria, bagno in comune, parquet, aria condizionata, armadi",Viale Monza,"Pasteur, Rovereto",Pasteur,45.4905,9.2178,Rezen,351 651 1387,48,https://www.immobiliare.it/annunci/127658490/,
126807801,"Stanza singola piazzale Loreto, Milano",670,€ 670/mese,3,1,80 m²,2°,Assente,"ripostiglio, balcone, cucina, lavatrice, lavastoviglie, portineria, bagno in comune, parquet, aria condizionata, armadi",Piazzale Loreto,"Città Studi, Susa",Città Studi,45.486,9.2168,Rezen,351 651 1387,47,https://www.immobiliare.it/annunci/126807801/,
127553380,"Stanza singola via Raffaello Giolli 11, Milano",700,€ 700/mese,5+,2,130 m²,5°,Assente,"ripostiglio, balcone, cucina, connessione ad internet, lavatrice, microonde, bagno in comune, parquet, aria condizionata, armadi",Via Raffaello Giolli,"Bicocca, Niguarda",Bignami - Ponale,45.5252,9.2101,Studio6Erre,02 8736 4208,26,https://www.immobiliare.it/annunci/127553380/,
127540580,"Stanza singola via Jacopino da Tradate 8, Milano",700,€ 700/mese,3,1,60 m²,2°,Assente,"ripostiglio, giardino, cucina, connessione ad internet, lavatrice, microonde, portineria, bagno in comune, parquet, aria condizionata, armadi",Via Jacopino da Tradate,"Uptown, Cascina Merlata, Viale Certosa",Certosa,45.4954,9.1516,Studio6Erre,02 8736 4208,22,https://www.immobiliare.it/annunci/127540580/,
127540624,"Stanza singola viale Giovanni Suzzani 280, Milano",700,€ 700/mese,,3,125 m²,3°,Assente,"ripostiglio, balcone, cucina, connessione ad internet, lavatrice, lavastoviglie, microonde, bagno in comune, parquet, aria condizionata, armadi",Viale Giovanni Suzzani,"Bicocca, Niguarda",Bignami - Ponale,45.5265,9.2094,Studio6Erre,02 8736 4208,48,https://www.immobiliare.it/annunci/127540624/,
125858751,"Stanza singola via Guglielmo Corrado Röntgen, Milano",600,€ 600/mese,4,1,16 m²,2°,Assente,"ripostiglio, balcone, cucina, lavatrice, lavastoviglie, microonde, bagno in comune, aria condizionata, armadi",Via Guglielmo Corrado Röntgen,Navigli,Bocconi,45.451,9.1874,Drago Immobiliare,02 3540 8950,48,https://www.immobiliare.it/annunci/125858751/,
122661114,"Stanza singola via Val Passiria, Milano",600,€ 600/mese,3,1,85 m²,7°,Assente,"ripostiglio, balcone, cucina, connessione ad internet, lavatrice, lavastoviglie, portineria, bagno in comune, armadi",Via Val Passiria,"Porta Vittoria, Lodi",Bologna - Sulmona,45.4409,9.227,Io Casa,02 8974 4152,11,https://www.immobiliare.it/annunci/122661114/,
126062955,"Stanza doppia via Elio Adriano 98, Milano",600,€ 600/mese,4,2,160 m²,4°,Assente,"ripostiglio, balcone, terrazzo, cucina, sistema di allarme, connessione ad internet, lavatrice, lavastoviglie, microonde, tv satellitare/pay tv, portineria, bagno in comune, attacco telefonico, tv, armadi",Via Elio Adriano,"Cimiano, Crescenzago, Adriano",Quartiere Adriano,45.5163,9.2448,Agenzia Immobiliare Fondocasa Milano Udine,02 5964 2839,16,https://www.immobiliare.it/annunci/126062955/,
114647975,"Stanza singola via Camillo Giussani 9, Milano",610,€ 610/mese,4,1,90 m²,5°,Assente,"balcone, lavatrice, lavastoviglie, microonde, bagno in comune, aria condizionata",Via Camillo Giussani,"Famagosta, Barona",Tre Castelli - Faenza,45.4404,9.1377,Immuni SRL,06 5326 7486,7,https://www.immobiliare.it/annunci/114647975/,
127554306,"Stanza in affitto in appartamento via Negroli, 8, 20133 Milano Italia, Milano",600,€ 600/mese,4,1,20 m²,"3°, con ascensore",Centralizzato,"cancello elettrico, fibra ottica, videocitofono, impianto di allarme, porta blindata, balcone, impianto tv con parabola satellitare, arredato, esposizione doppia","Via Negroli, 8, 20133 Milano MI, Italia","Città Studi, Susa",Argonne - Corsica,45.4629,9.23323,Dhome Real Estate srl,02 8736 4215,19,https://www.immobiliare.it/annunci/127554306/,
127554996,"Stanza doppia viale Murillo, Milano",700,€ 700/mese,3,1,90 m²,1°,Assente,"balcone, terrazzo, cucina, connessione ad internet, lavatrice, lavastoviglie, microonde, portineria, bagno in comune, tv, armadi",Viale Murillo,"San Siro, Trenno",San Siro,45.4736,9.1438,Real Estate Milano di Tagliavia Mirko,02 8126 0963,15,https://www.immobiliare.it/annunci/127554996/,
124895169,"Stanza singola via Pergine 3, Milano",630,€ 630/mese,4,2,120 m²,7°,Assente,"balcone, cucina, lavatrice, microonde, portineria, bagno in comune, armadi",Via Pergine,"San Siro, Trenno",Monte Stella,45.4879,9.1388,QT8 Immobiliare S.N.C. di Sandra Innocenti & C.,02 8974 1152,18,https://www.immobiliare.it/annunci/124895169/,
126714265,"Stanza singola via Leopoldo Marchetti 1, Milano",625,€ 625/mese,3,1,74 m²,4°,Assente,"ripostiglio, balcone, cucina, connessione ad internet, lavatrice, microonde, portineria, bagno in comune, attacco telefonico, aria condizionata, armadi",Via Leopoldo Marchetti,"Abbiategrasso, Chiesa Rossa",Pezzotti - Meda,45.4393,9.187,A Casa Di Imma | Real Estate,02 8126 0735,14,https://www.immobiliare.it/annunci/126714265/,
127289513,"Stanza doppia via Tertulliano 60, Milano",600,€ 600/mese,3,1,18 m²,1°,Assente,"balcone, lavatrice, lavastoviglie, microonde, bagno in comune",Via Tertulliano,"Porta Vittoria, Lodi",Lodi - Brenta,45.4484,9.2207,Affiliato Tecnocasa: PROGETTO MILANO SRL,02 9475 9713,20,https://www.immobiliare.it/annunci/127289513/,
127136987,"Stanza singola via Melchiorre Gioia 171, Milano",630,€ 630/mese,3,1,12 m²,6°,Assente,"ripostiglio, balcone, cucina, connessione ad internet, lavatrice, lavastoviglie, portineria, bagno in comune, parquet, attacco telefonico, tv, aria condizionata, armadi",Via Melchiorre Gioia,"Maggiolina, Istria",Maggiolina,45.4958,9.2075,Studio Cagliero,331 529 5865,24,https://www.immobiliare.it/annunci/127136987/,
127296165,"Stanza singola via Mar Nero 21, Milano",660,€ 660/mese,3,1,16 m²,Piano rialzato,Centralizzato,"ascensore, connessione ad internet, ripostiglio, giardino, lavatrice, lavastoviglie, microonde, portineria, tv, armadi, cucina",Via Mar Nero,"Bisceglie, Baggio, Olmi",Bisceglie,45.4579,9.10549,Privato/Nessuna,,9,https://www.immobiliare.it/annunci/127296165/,
126779791,"Stanza singola via Don Giuseppe Andreoli 27, Milano",600,€ 600/mese,3,1,73 m²,2°,Assente,"cucina, connessione ad internet, lavatrice, lavastoviglie, microonde, tv satellitare/pay tv, bagno in comune, armadi",Via Don Giuseppe Andreoli,"Affori, Bovisa",Bovisa,45.5034,9.1615,Like Home,02 5964 6537,25,https://www.immobiliare.it/annunci/126779791/,
127220589,"Stanza singola via Mario Borsa 8, Milano",630,€ 630/mese,4,1,96 m²,2°,Assente,"balcone, cucina, connessione ad internet, lavatrice, tv satellitare/pay tv, bagno in comune, armadi",Via Mario Borsa,"San Siro, Trenno",Gallaratese,45.5005,9.1051,Like Home,02 5964 6537,31,https://www.immobiliare.it/annunci/127220589/,
126917383,"Stanza in affitto in appartamento corso di Porta Romana, Milano",660,€ 660/mese,4,1,91 m²,6°,Autonomo,"fibra ottica, porta blindata, esposizione esterna, balcone, impianto tv centralizzato",Corso di Porta Romana,"Quadronno, Palestro, Guastalla",Quadronno - Crocetta,45.4542,9.1986,Spacest.com by Roomless,02 8974 1955,43,https://www.immobiliare.it/annunci/126917383/,
126916635,"Stanza in affitto in appartamento via Plinio, Milano",630,€ 630/mese,5+,2,15 m²,"1°, con ascensore",Autonomo,"fibra ottica, porta blindata, esposizione esterna, impianto tv centralizzato",Via Plinio,"Città Studi, Susa",Città Studi,45.4753,9.22085,Spacest.com by Roomless,02 8974 1955,28,https://www.immobiliare.it/annunci/126916635/,
126916035,"Stanza in affitto in appartamento via Alfonso Corti, Milano",650,€ 650/mese,5+,2,170 m²,"4°, con ascensore",Autonomo,"fibra ottica, porta blindata, esposizione esterna, impianto tv centralizzato",Via Alfonso Corti,"Città Studi, Susa",Città Studi,45.4809,9.23376,Spacest.com by Roomless,02 8974 1955,82,https://www.immobiliare.it/annunci/126916035/,
126984905,"Stanza in affitto in appartamento via Giovanni Schiaparelli, Milano",630,€ 630/mese,5,2,119 m²,1°,Autonomo,"fibra ottica, porta blindata, esposizione esterna, impianto tv centralizzato",Via Giovanni Schiaparelli,"Centrale, Repubblica",Centrale,45.4905,9.20305,Spacest.com by Roomless,02 8974 1955,25,https://www.immobiliare.it/annunci/126984905/,
126984915,"Stanza in affitto in appartamento via Vincenzo Foppa, Milano",650,€ 650/mese,4,1,67 m²,"1°, con ascensore",Autonomo,"fibra ottica, porta blindata, esposizione esterna, impianto tv centralizzato",Via Vincenzo Foppa,"Solari, Washington",Dezza,45.4575,9.1592,Spacest.com by Roomless,02 8974 1955,26,https://www.immobiliare.it/annunci/126984915/,
126917133,"Stanza in affitto in appartamento viale Sondrio, Milano",630,€ 630/mese,5+,3,15 m²,"6°, con ascensore",Autonomo,"fibra ottica, porta blindata, esposizione esterna, impianto tv centralizzato",Viale Sondrio,"Cenisio, Sarpi, Isola",Isola,45.4901,9.19945,Spacest.com by Roomless,02 8974 1955,53,https://www.immobiliare.it/annunci/126917133/,
126917769,"Stanza in affitto in appartamento viale Molise, Milano",615,€ 615/mese,5+,3,217 m²,"8°, con ascensore",Autonomo,"fibra ottica, porta blindata, esposizione esterna, impianto tv centralizzato",Viale Molise,"Porta Vittoria, Lodi",Martini - Insubria,45.4583,9.22348,Spacest.com by Roomless,02 8974 1955,73,https://www.immobiliare.it/annunci/126917769/,
126984917,"Stanza in affitto in appartamento via Pasquale Fornari, Milano",620,€ 620/mese,5,1,91 m²,"2°, con ascensore",Autonomo,"fibra ottica, porta blindata, esposizione esterna, impianto tv centralizzato",Via Pasquale Fornari,"Bande Nere, Inganni",Gambara,45.4633,9.14358,Spacest.com by Roomless,02 8974 1955,27,https://www.immobiliare.it/annunci/126984917/,
126938227,"Stanza in affitto in appartamento corso di Porta Romana, Milano",590,€ 590/mese,5,2,144 m²,1°,Autonomo,"fibra ottica, porta blindata, esposizione esterna, balcone, impianto tv centralizzato",Corso di Porta Romana,"Quadronno, Palestro, Guastalla",Quadronno - Crocetta,45.4542,9.19862,Spacest.com by Roomless,02 8974 1955,12,https://www.immobiliare.it/annunci/126938227/,
126917115,"Stanza in affitto in appartamento corso Vercelli, Milano",675,€ 675/mese,5+,2,137 m²,"2°, con ascensore",Autonomo,"fibra ottica, porta blindata, esposizione esterna, impianto tv centralizzato",Corso Vercelli,"Solari, Washington",Vercelli - Wagner,45.4663,9.16153,Spacest.com by Roomless,02 8974 1955,72,https://www.immobiliare.it/annunci/126917115/,
126915525,"Stanza in affitto in appartamento via Privata Giovanni Meli, Milano",665,€ 665/mese,4,1,90 m²,4°,Autonomo,"fibra ottica, porta blindata, esposizione esterna, balcone, impianto tv centralizzato",Via Privata Giovanni Meli,"Cimiano, Crescenzago, Adriano",Crescenzago,45.5053,9.24038,Spacest.com by Roomless,02 8974 1955,22,https://www.immobiliare.it/annunci/126915525/,
126916615,"Stanza in affitto in appartamento via Pasquale Fornari, Milano",630,€ 630/mese,4,1,82 m²,"2°, con ascensore",Autonomo,"fibra ottica, porta blindata, esposizione esterna, impianto tv centralizzato",Via Pasquale Fornari,"Bande Nere, Inganni",Gambara,45.4628,9.14359,Spacest.com by Roomless,02 8974 1955,31,https://www.immobiliare.it/annunci/126916615/,
126917665,"Stanza in affitto in appartamento via Giuseppe Pecchio, Milano",655,€ 655/mese,5+,3,172 m²,"2°, con ascensore",Autonomo,"fibra ottica, porta blindata, esposizione esterna, impianto tv centralizzato",Via Giuseppe Pecchio,"Città Studi, Susa",Città Studi,45.4843,9.21853,Spacest.com by Roomless,02 8974 1955,12,https://www.immobiliare.it/annunci/126917665/,
126917655,"Stanza in affitto in appartamento viale Sondrio, Milano",630,€ 630/mese,5+,3,15 m²,"6°, con ascensore",Autonomo,"fibra ottica, porta blindata, esposizione esterna, impianto tv centralizzato",Viale Sondrio,"Cenisio, Sarpi, Isola",Isola,45.4901,9.19945,Spacest.com by Roomless,02 8974 1955,42,https://www.immobiliare.it/annunci/126917655/,
126917723,"Stanza in affitto in appartamento largo Cavalieri di Malta, Milano",685,€ 685/mese,5+,3,190 m²,"9°, con ascensore",Autonomo,"fibra ottica, porta blindata, esposizione esterna, impianto tv centralizzato",Largo Cavalieri di Malta,"Bande Nere, Inganni",Lorenteggio,45.4538,9.13827,Spacest.com by Roomless,02 8974 1955,39,https://www.immobiliare.it/annunci/126917723/,
126917517,"Stanza in affitto in appartamento via Giovanni Battista Soresina, Milano",665,€ 665/mese,4,2,15 m²,"2°, con ascensore",Autonomo,"fibra ottica, porta blindata, esposizione esterna, impianto tv centralizzato",Via Giovanni Battista Soresina,"Solari, Washington",Vercelli - Wagner,45.4653,9.16221,Spacest.com by Roomless,02 8974 1955,32,https://www.immobiliare.it/annunci/126917517/,
126917515,"Stanza in affitto in appartamento via Felice Bellotti, Milano",645,€ 645/mese,5+,3,161 m²,"2°, con ascensore",Autonomo,"fibra ottica, porta blindata, esposizione esterna, impianto tv centralizzato",Via Felice Bellotti,"Porta Venezia, Indipendenza",Piave - Tricolore,45.4708,9.20835,Spacest.com by Roomless,02 8974 1955,35,https://www.immobiliare.it/annunci/126917515/,
126917483,"Stanza in affitto in appartamento via Vincenzo Rabolini, Milano",605,€ 605/mese,5,1,124 m²,1°,Autonomo,"fibra ottica, porta blindata, esposizione esterna, impianto tv centralizzato",Via Vincenzo Rabolini,"Bicocca, Niguarda",Ca' Granda,45.5051,9.20137,Spacest.com by Roomless,02 8974 1955,73,https://www.immobiliare.it/annunci/126917483/,
126916641,"Stanza in affitto in appartamento via Privata San Martiniano, Milano",615,€ 615/mese,5+,3,151 m²,"2°, con ascensore",Autonomo,"fibra ottica, porta blindata, esposizione esterna, impianto tv centralizzato",Via Privata San Martiniano,"Corvetto, Rogoredo",Corvetto,45.4372,9.21509,Spacest.com by Roomless,02 8974 1955,37,https://www.immobiliare.it/annunci/126916641/,
126915529,"Stanza in affitto in appartamento via Privata Umberto Fracchia, Milano",675,€ 675/mese,5,1,100 m²,1°,Autonomo,"fibra ottica, porta blindata, esposizione esterna, balcone, impianto tv centralizzato",Via Privata Umberto Fracchia,"Maggiolina, Istria",Maggiolina,45.4997,9.20184,Spacest.com by Roomless,02 8974 1955,22,https://www.immobiliare.it/annunci/126915529/,
126917623,"Stanza in affitto in appartamento via Valsugana, Milano",615,€ 615/mese,5,2,15 m²,"8°, con ascensore",Autonomo,"fibra ottica, porta blindata, esposizione esterna, impianto tv centralizzato",Via Valsugana,"Ripamonti, Vigentino",Ripamonti - Fondazione Prada,45.4441,9.21026,Spacest.com by Roomless,02 8974 1955,35,https://www.immobiliare.it/annunci/126917623/,
126917163,"Stanza in affitto in appartamento via Orti, Milano",590,€ 590/mese,5+,2,164 m²,4°,Autonomo,"fibra ottica, porta blindata, esposizione esterna, impianto tv centralizzato",Via Orti,"Quadronno, Palestro, Guastalla",Quadronno - Crocetta,45.4555,9.20183,Spacest.com by Roomless,02 8974 1955,15,https://www.immobiliare.it/annunci/126917163/,
126916985,"Stanza in affitto in appartamento viale Sarca, Milano",635,€ 635/mese,3,2,15 m²,"2°, con ascensore",Autonomo,"fibra ottica, porta blindata, esposizione esterna, impianto tv centralizzato",Viale Sarca,"Bicocca, Niguarda",Ca' Granda,45.5058,9.20256,Spacest.com by Roomless,02 8974 1955,22,https://www.immobiliare.it/annunci/126916985/,
126916187,"Stanza in affitto in appartamento viale Legioni Romane, Milano",600,€ 600/mese,5,2,105 m²,1°,Autonomo,"fibra ottica, porta blindata, esposizione esterna, impianto tv centralizzato",Viale Legioni Romane,"Bande Nere, Inganni",Bande Nere,45.4597,9.13124,Spacest.com by Roomless,02 8974 1955,10,https://www.immobiliare.it/annunci/126916187/,
126917635,"Stanza in affitto in appartamento via Anco Marzio, Milano",630,€ 630/mese,5,2,15 m²,"1°, con ascensore",Autonomo,"fibra ottica, porta blindata, esposizione esterna, impianto tv centralizzato",Via Anco Marzio,"Genova, Ticinese",San Vittore,45.4602,9.1703,Spacest.com by Roomless,02 8974 1955,17,https://www.immobiliare.it/annunci/126917635/,
126917267,"Stanza in affitto in appartamento viale Sondrio, Milano",630,€ 630/mese,5+,3,15 m²,"6°, con ascensore",Autonomo,"fibra ottica, porta blindata, esposizione esterna, impianto tv centralizzato",Viale Sondrio,"Cenisio, Sarpi, Isola",Isola,45.4901,9.19945,Spacest.com by Roomless,02 8974 1955,31,https://www.immobiliare.it/annunci/126917267/,
126916463,"Stanza in affitto in appartamento via Pasquale Fornari, Milano",665,€ 665/mese,4,1,89 m²,"2°, con ascensore",Autonomo,"fibra ottica, porta blindata, esposizione esterna, impianto tv centralizzato",Via Pasquale Fornari,"Bande Nere, Inganni",Gambara,45.4633,9.14358,Spacest.com by Roomless,02 8974 1955,30,https://www.immobiliare.it/annunci/126916463/,
126917629,"Stanza in affitto in appartamento via Volterra, Milano",695,€ 695/mese,5,1,127 m²,"5°, con ascensore",Autonomo,"fibra ottica, porta blindata, esposizione esterna, impianto tv centralizzato",Via Volterra,"Solari, Washington",Washington,45.4621,9.1525,Spacest.com by Roomless,02 8974 1955,35,https://www.immobiliare.it/annunci/126917629/,
126917333,"Stanza in affitto in appartamento via Gustavo Fara, Milano",620,€ 620/mese,5,2,15 m²,"10°, con ascensore",Autonomo,"fibra ottica, porta blindata, esposizione esterna, impianto tv centralizzato",Via Gustavo Fara,"Centrale, Repubblica",Melchiorre Gioia,45.486,9.19897,Spacest.com by Roomless,02 8974 1955,37,https://www.immobiliare.it/annunci/126917333/,
126917271,"Stanza in affitto in appartamento via dei Ciclamini, Milano",690,€ 690/mese,5,2,15 m²,2°,Autonomo,"fibra ottica, porta blindata, esposizione esterna, impianto tv centralizzato",Via dei Ciclamini,"Bande Nere, Inganni",Primaticcio,45.457,9.1275,Spacest.com by Roomless,02 8974 1955,17,https://www.immobiliare.it/annunci/126917271/,
126917055,"Stanza in affitto in appartamento via Giuseppe Regaldi, Milano",600,€ 600/mese,5+,2,113 m²,"1°, con ascensore",Autonomo,"fibra ottica, porta blindata, esposizione esterna, impianto tv centralizzato",Via Giuseppe Regaldi,"Affori, Bovisa",Affori,45.5173,9.17352,Spacest.com by Roomless,02 8974 1955,48,https://www.immobiliare.it/annunci/126917055/,
126917043,"Stanza in affitto in appartamento via Giorgio Jan, Milano",635,€ 635/mese,5+,3,206 m²,"1°, con ascensore",Autonomo,"fibra ottica, porta blindata, esposizione esterna, impianto tv centralizzato",Via Giorgio Jan,"Centrale, Repubblica",Morgagni,45.4778,9.21042,Spacest.com by Roomless,02 8974 1955,27,https://www.immobiliare.it/annunci/126917043/,
126915541,"Stanza in affitto in appartamento via Pellegrino Rossi, Milano",695,€ 695/mese,5+,2,110 m²,7°,Autonomo,"fibra ottica, porta blindata, esposizione esterna, balcone, impianto tv centralizzato",Via Pellegrino Rossi,"Affori, Bovisa",Affori,45.513,9.17477,Spacest.com by Roomless,02 8974 1955,33,https://www.immobiliare.it/annunci/126915541/,
126917823,"Stanza in affitto in appartamento viale Legioni Romane, Milano",685,€ 685/mese,5+,3,171 m²,2°,Autonomo,"fibra ottica, porta blindata, esposizione esterna, impianto tv centralizzato",Viale Legioni Romane,"Bande Nere, Inganni",Bande Nere,45.4597,9.13124,Spacest.com by Roomless,02 8974 1955,13,https://www.immobiliare.it/annunci/126917823/,
126916663,"Stanza in affitto in appartamento via Temistocle Calzecchi, Milano",630,€ 630/mese,5,2,127 m²,"2°, con ascensore",Autonomo,"fibra ottica, porta blindata, esposizione esterna, impianto tv centralizzato",Via Temistocle Calzecchi,"Città Studi, Susa",Città Studi,45.4724,9.2349,Spacest.com by Roomless,02 8974 1955,31,https://www.immobiliare.it/annunci/126916663/,
126917091,"Stanza in affitto in appartamento via Carlo Botta, Milano",685,€ 685/mese,5+,2,15 m²,"1°, con ascensore",Autonomo,"fibra ottica, porta blindata, esposizione esterna, impianto tv centralizzato",Via Carlo Botta,"Porta Romana, Cadore, Montenero",Porta Romana - Medaglie d'Oro,45.4527,9.20376,Spacest.com by Roomless,02 8974 1955,13,https://www.immobiliare.it/annunci/126917091/,
126916769,"Stanza in affitto in appartamento via Giovanni Cagliero, Milano",600,€ 600/mese,5+,2,141 m²,"8°, con ascensore",Autonomo,"fibra ottica, porta blindata, esposizione esterna, impianto tv centralizzato",Via Giovanni Cagliero,"Maggiolina, Istria",Maggiolina,45.4958,9.20232,Spacest.com by Roomless,02 8974 1955,67,https://www.immobiliare.it/annunci/126916769/,
126917689,"Stanza in affitto in appartamento via Giuseppe Pecchio, Milano",670,€ 670/mese,5+,3,172 m²,"2°, con ascensore",Autonomo,"fibra ottica, porta blindata, esposizione esterna, impianto tv centralizzato",Via Giuseppe Pecchio,"Città Studi, Susa",Città Studi,45.4843,9.21853,Spacest.com by Roomless,02 8974 1955,12,https://www.immobiliare.it/annunci/126917689/,
126917377,"Stanza in affitto in appartamento largo Giovanni Battista Scalabrini, Milano",595,€ 595/mese,5,2,118 m²,"6°, con ascensore",Autonomo,"fibra ottica, porta blindata, esposizione esterna, impianto tv centralizzato",Largo Giovanni Battista Scalabrini,"Famagosta, Barona",Giambellino,45.4501,9.14046,Spacest.com by Roomless,02 8974 1955,22,https://www.immobiliare.it/annunci/126917377/,
126916895,"Stanza in affitto in appartamento piazza Maria Adelaide di Savoia, Milano",685,€ 685/mese,4,1,127 m²,"5°, con ascensore",Autonomo,"fibra ottica, porta blindata, esposizione esterna, impianto tv centralizzato",Piazza Maria Adelaide di Savoia,"Centrale, Repubblica",Morgagni,45.4734,9.21442,Spacest.com by Roomless,02 8974 1955,36,https://www.immobiliare.it/annunci/126916895/,
126917767,"Stanza in affitto in appartamento via Verbano, Milano",625,€ 625/mese,5+,2,173 m²,3°,Autonomo,"fibra ottica, porta blindata, esposizione esterna, impianto tv centralizzato",Via Verbano,"Porta Vittoria, Lodi",Lodi - Brenta,45.4426,9.21396,Spacest.com by Roomless,02 8974 1955,87,https://www.immobiliare.it/annunci/126917767/,
126917709,"Stanza in affitto in appartamento via Carlo Marx, Milano",645,€ 645/mese,5+,2,150 m²,3°,Autonomo,"fibra ottica, porta blindata, esposizione esterna, impianto tv centralizzato",Via Carlo Marx,"Bisceglie, Baggio, Olmi",Quarto Cagnino,45.4725,9.11141,Spacest.com by Roomless,02 8974 1955,25,https://www.immobiliare.it/annunci/126917709/,
126917685,"Stanza in affitto in appartamento via Giuseppe Pecchio, Milano",655,€ 655/mese,5+,3,172 m²,"2°, con ascensore",Autonomo,"fibra ottica, porta blindata, esposizione esterna, impianto tv centralizzato",Via Giuseppe Pecchio,"Città Studi, Susa",Città Studi,45.4843,9.21853,Spacest.com by Roomless,02 8974 1955,12,https://www.immobiliare.it/annunci/126917685/,
126917453,"Stanza in affitto in appartamento corso Vercelli, Milano",685,€ 685/mese,5,2,130 m²,"1°, con ascensore",Autonomo,"fibra ottica, porta blindata, esposizione esterna, impianto tv centralizzato",Corso Vercelli,"Solari, Washington",Vercelli - Wagner,45.4663,9.16153,Spacest.com by Roomless,02 8974 1955,25,https://www.immobiliare.it/annunci/126917453/,
127018495,"Stanza in affitto in appartamento viale Col di Lana, Milano",590,€ 590/mese,5+,3,230 m²,"1°, con ascensore",Autonomo,"fibra ottica, porta blindata, esposizione esterna, impianto tv centralizzato",Viale Col di Lana,Navigli,Corso San Gottardo,45.4521,9.18266,Spacest.com by Roomless,02 8974 1955,73,https://www.immobiliare.it/annunci/127018495/,
126917565,"Stanza in affitto in appartamento via Giorgio Briano, Milano",630,€ 630/mese,4,1,80 m²,4°,Autonomo,"fibra ottica, porta blindata, esposizione esterna, impianto tv centralizzato",Via Giorgio Briano,"Abbiategrasso, Chiesa Rossa",Pezzotti - Meda,45.4387,9.18289,Spacest.com by Roomless,02 8974 1955,16,https://www.immobiliare.it/annunci/126917565/,
126917117,"Stanza in affitto in appartamento via Casoretto, Milano",590,€ 590/mese,5+,2,161 m²,3°,Autonomo,"fibra ottica, porta blindata, esposizione esterna, impianto tv centralizzato",Via Casoretto,"Città Studi, Susa",Casoretto,45.4889,9.22939,Spacest.com by Roomless,02 8974 1955,25,https://www.immobiliare.it/annunci/126917117/,
126917023,"Stanza in affitto in appartamento via Salvatore Barzilai, Milano",635,€ 635/mese,5+,2,131 m²,"8°, con ascensore",Autonomo,"fibra ottica, porta blindata, esposizione esterna, impianto tv centralizzato",Via Salvatore Barzilai,"Bande Nere, Inganni",Lorenteggio,45.4523,9.13914,Spacest.com by Roomless,02 8974 1955,21,https://www.immobiliare.it/annunci/126917023/,
126916959,"Stanza in affitto in appartamento via Privata San Martiniano, Milano",615,€ 615/mese,5+,3,151 m²,"4°, con ascensore",Autonomo,"fibra ottica, porta blindata, esposizione esterna, impianto tv centralizzato",Via Privata San Martiniano,"Corvetto, Rogoredo",Corvetto,45.4371,9.21564,Spacest.com by Roomless,02 8974 1955,37,https://www.immobiliare.it/annunci/126916959/,
123366843,"Stanza singola piazza Giovanni Bausan, Milano",600,€ 600/mese,3,2,100 m²,4°,Assente,"balcone, terrazzo, connessione ad internet, lavatrice, portineria, bagno privato, aria condizionata, armadi",Piazza Giovanni Bausan,"Affori, Bovisa",Bovisa,45.5024,9.1651,Simo Immobiliare,02 5964 5269,10,https://www.immobiliare.it/annunci/123366843/,
126958597,"Stanza in affitto in appartamento piazza Ventiquattro Maggio, Milano",675,€ 675/mese,5,2,138 m²,"1°, con ascensore",Autonomo,"fibra ottica, porta blindata, esposizione esterna, impianto tv centralizzato",Piazza Ventiquattro Maggio,Navigli,Ascanio Sforza,45.4521,9.17892,Spacest.com by Roomless,02 8974 1955,18,https://www.immobiliare.it/annunci/126958597/,
126917061,"Stanza in affitto in appartamento viale Legioni Romane, Milano",685,€ 685/mese,5+,3,171 m²,4°,Autonomo,"fibra ottica, porta blindata, esposizione esterna, impianto tv centralizzato",Viale Legioni Romane,"Bande Nere, Inganni",Bande Nere,45.4597,9.13124,Spacest.com by Roomless,02 8974 1955,15,https://www.immobiliare.it/annunci/126917061/,
126917757,"Stanza in affitto in appartamento viale Legioni Romane, Milano",655,€ 655/mese,5+,3,171 m²,2°,Autonomo,"fibra ottica, porta blindata, esposizione esterna, impianto tv centralizzato",Viale Legioni Romane,"Bande Nere, Inganni",Bande Nere,45.4597,9.13124,Spacest.com by Roomless,02 8974 1955,13,https://www.immobiliare.it/annunci/126917757/,
126917667,"Stanza in affitto in appartamento via Carlo Imbonati, Milano",685,€ 685/mese,5+,3+,15 m²,1°,Autonomo,"fibra ottica, porta blindata, esposizione esterna, impianto tv centralizzato",Via Carlo Imbonati,"Affori, Bovisa",Dergano,45.5012,9.18211,Spacest.com by Roomless,02 8974 1955,35,https://www.immobiliare.it/annunci/126917667/,
126916685,"Stanza in affitto in appartamento via Giovanni Cagliero, Milano",600,€ 600/mese,5+,2,141 m²,"8°, con ascensore",Autonomo,"fibra ottica, porta blindata, esposizione esterna, impianto tv centralizzato",Via Giovanni Cagliero,"Maggiolina, Istria",Maggiolina,45.4958,9.20232,Spacest.com by Roomless,02 8974 1955,67,https://www.immobiliare.it/annunci/126916685/,
126916673,"Stanza in affitto in appartamento via Montepulciano, Milano",680,€ 680/mese,5,2,121 m²,"5°, con ascensore",Autonomo,"fibra ottica, porta blindata, esposizione esterna, impianto tv centralizzato",VIA MONTEPULCIANO,"Centrale, Repubblica",Centrale,45.4869,9.21353,Spacest.com by Roomless,02 8974 1955,34,https://www.immobiliare.it/annunci/126916673/,
126915533,"Stanza in affitto in appartamento via Rho, Milano",610,€ 610/mese,5+,2,140 m²,2°,Autonomo,"fibra ottica, porta blindata, esposizione esterna, balcone, impianto tv centralizzato",Via Rho,"Maggiolina, Istria",Cascina dei Pomi,45.4994,9.21297,Spacest.com by Roomless,02 8974 1955,24,https://www.immobiliare.it/annunci/126915533/,
126917369,"Stanza in affitto in appartamento via Alessandro Astesani, Milano",600,€ 600/mese,5+,2,121 m²,"2°, con ascensore",Autonomo,"fibra ottica, porta blindata, esposizione esterna, impianto tv centralizzato",Via Alessandro Astesani,"Affori, Bovisa",Affori,45.5222,9.16838,Spacest.com by Roomless,02 8974 1955,41,https://www.immobiliare.it/annunci/126917369/,
126917337,"Stanza in affitto in appartamento via Pordenone, Milano",615,€ 615/mese,5,2,15 m²,"2°, con ascensore",Autonomo,"fibra ottica, porta blindata, esposizione esterna, impianto tv centralizzato",Via Pordenone,"Udine, Lambrate",Udine,45.4901,9.23447,Spacest.com by Roomless,02 8974 1955,19,https://www.immobiliare.it/annunci/126917337/,
126917259,"Stanza in affitto in appartamento via Gustavo Modena, Milano",630,€ 630/mese,4,1,104 m²,"1°, con ascensore",Autonomo,"fibra ottica, porta blindata, esposizione esterna, impianto tv centralizzato",Via Gustavo Modena,"Città Studi, Susa",Plebisciti - Susa,45.471,9.21759,Spacest.com by Roomless,02 8974 1955,35,https://www.immobiliare.it/annunci/126917259/,
126917003,"Stanza in affitto in appartamento via Raimondo Franchetti, Milano",610,€ 610/mese,5+,2,152 m²,4°,Autonomo,"fibra ottica, porta blindata, esposizione esterna, impianto tv centralizzato",Via Raimondo Franchetti,"Centrale, Repubblica",Repubblica,45.4795,9.19969,Spacest.com by Roomless,02 8974 1955,16,https://www.immobiliare.it/annunci/126917003/,
126916949,"Stanza in affitto in appartamento via Pietro Borsieri, Milano",675,€ 675/mese,5,3,15 m²,6°,Autonomo,"fibra ottica, porta blindata, esposizione esterna, impianto tv centralizzato",Via Pietro Borsieri,"Cenisio, Sarpi, Isola",Isola,45.4897,9.18932,Spacest.com by Roomless,02 8974 1955,31,https://www.immobiliare.it/annunci/126916949/,
126917747,"Stanza in affitto in appartamento largo Cavalieri di Malta, Milano",590,€ 590/mese,4,1,81 m²,"1°, con ascensore",Autonomo,"fibra ottica, porta blindata, esposizione esterna, impianto tv centralizzato",Largo Cavalieri di Malta,"Bande Nere, Inganni",Lorenteggio,45.4541,9.13777,Spacest.com by Roomless,02 8974 1955,22,https://www.immobiliare.it/annunci/126917747/,
126915527,"Stanza in affitto in appartamento via Padova, Milano",630,€ 630/mese,5+,2,140 m²,1°,Autonomo,"fibra ottica, porta blindata, esposizione esterna, balcone, impianto tv centralizzato",Via Padova,"Cimiano, Crescenzago, Adriano",Crescenzago,45.5038,9.24052,Spacest.com by Roomless,02 8974 1955,19,https://www.immobiliare.it/annunci/126915527/,
112965541,"Stanza singola via Bruno Cesana 10, Milano",600,€ 600/mese,3,1,82 m²,6°,Assente,"ripostiglio, balcone, cucina, lavatrice, lavastoviglie, portineria, bagno in comune, aria condizionata",Via Bruno Cesana,"Cimiano, Crescenzago, Adriano",Cimiano,45.4978,9.2348,Michilin Roberto,02 5964 9241,15,https://www.immobiliare.it/annunci/112965541/,
126917571,"Stanza in affitto in appartamento viale Renato Serra, Milano",640,€ 640/mese,5,1,100 m²,3°,Autonomo,"fibra ottica, porta blindata, esposizione esterna, impianto tv centralizzato",Viale Renato Serra,"San Siro, Trenno",Monte Stella,45.4855,9.13976,Spacest.com by Roomless,02 8974 1955,15,https://www.immobiliare.it/annunci/126917571/,
126917481,"Stanza in affitto in appartamento via Pasquale Fornari, Milano",615,€ 615/mese,4,1,59 m²,5°,Autonomo,"fibra ottica, porta blindata, esposizione esterna, impianto tv centralizzato",Via Pasquale Fornari,"Bande Nere, Inganni",Gambara,45.4623,9.14434,Spacest.com by Roomless,02 8974 1955,27,https://www.immobiliare.it/annunci/126917481/,
126917433,"Stanza in affitto in appartamento via Privata San Martiniano, Milano",615,€ 615/mese,5+,3,151 m²,"5°, con ascensore",Autonomo,"fibra ottica, porta blindata, esposizione esterna, impianto tv centralizzato",Via Privata S. Martiniano,"Corvetto, Rogoredo",Corvetto,45.4371,9.21564,Spacest.com by Roomless,02 8974 1955,37,https://www.immobiliare.it/annunci/126917433/,
126917017,"Stanza in affitto in appartamento via Cesare Battisti, Milano",615,€ 615/mese,5+,2,160 m²,3°,Autonomo,"fibra ottica, porta blindata, esposizione esterna, impianto tv centralizzato",Via Cesare Battisti,"Quadronno, Palestro, Guastalla",Guastalla,45.463,9.20011,Spacest.com by Roomless,02 8974 1955,17,https://www.immobiliare.it/annunci/126917017/,
126915535,"Stanza in affitto in appartamento via Rho, Milano",660,€ 660/mese,5+,2,140 m²,2°,Autonomo,"fibra ottica, porta blindata, esposizione esterna, balcone, impianto tv centralizzato",Via Rho,"Maggiolina, Istria",Cascina dei Pomi,45.4994,9.21297,Spacest.com by Roomless,02 8974 1955,20,https://www.immobiliare.it/annunci/126915535/,
126916819,"Stanza in affitto in appartamento via Monte Ceneri, Milano",600,€ 600/mese,5,2,98 m²,"1°, con ascensore",Autonomo,"fibra ottica, porta blindata, esposizione esterna, impianto tv centralizzato",Via Monte Ceneri,"Uptown, Cascina Merlata, Viale Certosa",Certosa,45.4906,9.15181,Spacest.com by Roomless,02 8974 1955,24,https://www.immobiliare.it/annunci/126916819/,
126916777,"Stanza in affitto in appartamento via Antonio Stradivari, Milano",700,€ 700/mese,5+,3+,235 m²,"3°, con ascensore",Autonomo,"fibra ottica, porta blindata, esposizione esterna, impianto tv centralizzato",Via Antonio Stradivari,"Centrale, Repubblica",Buenos Aires,45.4842,9.2155,Spacest.com by Roomless,02 8974 1955,50,https://www.immobiliare.it/annunci/126916777/,
124776613,"Stanza singola via Ripamonti, 288, Milano",630,€ 630/mese,2,1,65 m²,3°,Centralizzato,"cucina, bagno in comune, aria condizionata, cancello elettrico, fibra ottica, esposizione esterna, arredato","Via Ripamonti, 288","Ripamonti, Vigentino",Vigentino - Fatima,45.4266,9.2032,Affiliato Primacasa - Fast House S.r.l.,02 5964 8791,15,https://www.immobiliare.it/annunci/124776613/,
126915511,"Stanza in affitto in appartamento via Giuseppe Candiani, Milano",685,€ 685/mese,5+,1,100 m²,1°,Autonomo,"fibra ottica, porta blindata, esposizione esterna, balcone, impianto tv centralizzato",Via Giuseppe Candiani,"Affori, Bovisa",Bovisa,45.5038,9.1657,Spacest.com by Roomless,02 8974 1955,28,https://www.immobiliare.it/annunci/126915511/,
126917381,"Stanza in affitto in appartamento via Saverio Mercadante, Milano",690,€ 690/mese,5,2,113 m²,"1°, con ascensore",Autonomo,"fibra ottica, porta blindata, esposizione esterna, impianto tv centralizzato",Via Saverio Mercadante,"Centrale, Repubblica",Buenos Aires,45.4841,9.21355,Spacest.com by Roomless,02 8974 1955,28,https://www.immobiliare.it/annunci/126917381/,
126917031,"Stanza in affitto in appartamento via Vincenzo Foppa, Milano",630,€ 630/mese,4,1,67 m²,"1°, con ascensore",Autonomo,"fibra ottica, porta blindata, esposizione esterna, impianto tv centralizzato",Via Vincenzo Foppa,"Solari, Washington",Dezza,45.4575,9.1592,Spacest.com by Roomless,02 8974 1955,18,https://www.immobiliare.it/annunci/126917031/,
126915629,"Stanza in affitto in appartamento via Porro Lambertenghi, Milano",595,€ 595/mese,5,1,127 m²,"4°, con ascensore",Autonomo,"fibra ottica, porta blindata, esposizione esterna, impianto tv centralizzato",Via Porro Lambertenghi,"Cenisio, Sarpi, Isola",Isola,45.4889,9.18815,Spacest.com by Roomless,02 8974 1955,32,https://www.immobiliare.it/annunci/126915629/,
126917733,"Stanza in affitto in appartamento via Salvatore Barzilai, Milano",665,€ 665/mese,5,1,87 m²,"7°, con ascensore",Autonomo,"fibra ottica, porta blindata, esposizione esterna, impianto tv centralizzato",Via Salvatore Barzilai,"Bande Nere, Inganni",Lorenteggio,45.4517,9.14007,Spacest.com by Roomless,02 8974 1955,46,https://www.immobiliare.it/annunci/126917733/,
126915733,"Stanza in affitto in appartamento via Amatore Sciesa, Milano",605,€ 605/mese,5,1,87 m²,2°,Autonomo,"fibra ottica, porta blindata, esposizione esterna, impianto tv centralizzato",VIA AMATORE SCIESA,"Porta Romana, Cadore, Montenero",Montenero,45.4613,9.20963,Spacest.com by Roomless,02 8974 1955,35,https://www.immobiliare.it/annunci/126915733/,
126915547,"Stanza in affitto in appartamento via Eugenio Donadoni, Milano",630,€ 630/mese,5,1,100 m²,1°,Autonomo,"fibra ottica, porta blindata, esposizione esterna, balcone, impianto tv centralizzato",Via Eugenio Donadoni,"San Siro, Trenno",Gallaratese,45.4902,9.11939,Spacest.com by Roomless,02 8974 1955,17,https://www.immobiliare.it/annunci/126915547/,
126916507,"Stanza in affitto in appartamento via Pasquale Fornari, Milano",650,€ 650/mese,4,1,82 m²,"2°, con ascensore",Autonomo,"fibra ottica, porta blindata, esposizione esterna, impianto tv centralizzato",Via Pasquale Fornari,"Bande Nere, Inganni",Gambara,45.4628,9.14359,Spacest.com by Roomless,02 8974 1955,29,https://www.immobiliare.it/annunci/126916507/,
126917415,"Stanza in affitto in appartamento via Bartolomeo D'Alviano, Milano",630,€ 630/mese,5,2,106 m²,1°,Autonomo,"fibra ottica, porta blindata, esposizione esterna, impianto tv centralizzato",Via Bartolomeo D'Alviano,"Bande Nere, Inganni",Lorenteggio,45.4534,9.14086,Spacest.com by Roomless,02 8974 1955,42,https://www.immobiliare.it/annunci/126917415/,
126917367,"Stanza in affitto in appartamento via Andrea Maria Ampère, Milano",670,€ 670/mese,5+,2,161 m²,7°,Autonomo,"fibra ottica, porta blindata, esposizione esterna, impianto tv centralizzato",Via Andrea Maria Ampère,"Città Studi, Susa",Città Studi,45.4829,9.22631,Spacest.com by Roomless,02 8974 1955,17,https://www.immobiliare.it/annunci/126917367/,
126916887,"Stanza in affitto in appartamento via Gustavo Modena, Milano",660,€ 660/mese,5,1,127 m²,1°,Autonomo,"fibra ottica, porta blindata, esposizione esterna, impianto tv centralizzato",Via Gustavo Modena,"Porta Venezia, Indipendenza",Indipendenza,45.4706,9.21677,Spacest.com by Roomless,02 8974 1955,30,https://www.immobiliare.it/annunci/126916887/,
126917139,"Stanza in affitto in appartamento via Privata San Martiniano, Milano",610,€ 610/mese,5+,3,151 m²,"5°, con ascensore",Autonomo,"fibra ottica, porta blindata, esposizione esterna, impianto tv centralizzato",Via Privata S. Martiniano,"Corvetto, Rogoredo",Corvetto,45.4371,9.21564,Spacest.com by Roomless,02 8974 1955,37,https://www.immobiliare.it/annunci/126917139/,
126916915,"Stanza in affitto in appartamento via Francesco Arese, Milano",635,€ 635/mese,5+,2,210 m²,"1°, con ascensore",Autonomo,"fibra ottica, porta blindata, esposizione esterna, impianto tv centralizzato",Via Francesco Arese,"Cenisio, Sarpi, Isola",Zara,45.4917,9.19063,Spacest.com by Roomless,02 8974 1955,28,https://www.immobiliare.it/annunci/126916915/,
126916869,"Stanza in affitto in appartamento via Nicola Antonio Porpora, Milano",680,€ 680/mese,5,2,91 m²,"4°, con ascensore",Autonomo,"fibra ottica, porta blindata, esposizione esterna, impianto tv centralizzato",Via Nicola Antonio Porpora,"Città Studi, Susa",Casoretto,45.4862,9.22744,Spacest.com by Roomless,02 8974 1955,28,https://www.immobiliare.it/annunci/126916869/,
126916593,"Stanza in affitto in appartamento via Giuseppe Regaldi, Milano",635,€ 635/mese,3,1,55 m²,"1°, con ascensore",Autonomo,"fibra ottica, porta blindata, esposizione esterna, impianto tv centralizzato",Via Giuseppe Regaldi,"Affori, Bovisa",Affori,45.5174,9.17351,Spacest.com by Roomless,02 8974 1955,36,https://www.immobiliare.it/annunci/126916593/,
126916555,"Stanza in affitto in appartamento viale Tunisia, Milano",625,€ 625/mese,5+,3,174 m²,"4°, con ascensore",Autonomo,"fibra ottica, porta blindata, esposizione esterna, impianto tv centralizzato",Viale Tunisia,"Porta Venezia, Indipendenza",Porta Venezia,45.4773,9.20508,Spacest.com by Roomless,02 8974 1955,15,https://www.immobiliare.it/annunci/126916555/,
126917669,"Stanza in affitto in appartamento viale Monza, Milano",670,€ 670/mese,5,2,109 m²,"5°, con ascensore",Autonomo,"fibra ottica, porta blindata, esposizione esterna, impianto tv centralizzato",Viale Monza,"Pasteur, Rovereto",Pasteur,45.4889,9.21775,Spacest.com by Roomless,02 8974 1955,26,https://www.immobiliare.it/annunci/126917669/,
126917455,"Stanza in affitto in appartamento via Macedonio Melloni, Milano",685,€ 685/mese,5+,2,133 m²,"1°, con ascensore",Autonomo,"fibra ottica, porta blindata, esposizione esterna, impianto tv centralizzato",Via Macedonio Melloni,"Porta Venezia, Indipendenza",Piave - Tricolore,45.4664,9.2089,Spacest.com by Roomless,02 8974 1955,12,https://www.immobiliare.it/annunci/126917455/,
126917039,"Stanza in affitto in appartamento via Giuseppe Frua, Milano",650,€ 650/mese,5+,3,148 m²,"8°, con ascensore",Autonomo,"fibra ottica, porta blindata, esposizione esterna, impianto tv centralizzato",Via Giuseppe Frua,"Solari, Washington",Frua,45.4653,9.14888,Spacest.com by Roomless,02 8974 1955,44,https://www.immobiliare.it/annunci/126917039/,
126916051,"Stanza in affitto in appartamento via Giuseppe Candiani, Milano",680,€ 680/mese,5+,1,100 m²,1°,Autonomo,"fibra ottica, porta blindata, esposizione esterna, balcone, impianto tv centralizzato",Via Giuseppe Candiani,"Affori, Bovisa",Bovisa,45.5038,9.1657,Spacest.com by Roomless,02 8974 1955,30,https://www.immobiliare.it/annunci/126916051/,
126984911,"Stanza in affitto in appartamento via Privata Moncalvo, Milano",630,€ 630/mese,4,1,75 m²,"2°, con ascensore",Autonomo,"fibra ottica, porta blindata, esposizione esterna, impianto tv centralizzato",Via Privata Moncalvo,"Bande Nere, Inganni",Gambara,45.463,9.14258,Spacest.com by Roomless,02 8974 1955,25,https://www.immobiliare.it/annunci/126984911/,
126917461,"Stanza in affitto in appartamento viale San Gimignano, Milano",655,€ 655/mese,5,2,149 m²,"7°, con ascensore",Autonomo,"fibra ottica, porta blindata, esposizione esterna, terrazzo, impianto tv centralizzato",Viale San Gimignano,"Bande Nere, Inganni",Lorenteggio,45.4531,9.1364,Spacest.com by Roomless,02 8974 1955,77,https://www.immobiliare.it/annunci/126917461/,
126917545,"Stanza in affitto in appartamento corso Vercelli, Milano",690,€ 690/mese,5,2,130 m²,"1°, con ascensore",Autonomo,"fibra ottica, porta blindata, esposizione esterna, impianto tv centralizzato",Corso Vercelli,"Solari, Washington",Vercelli - Wagner,45.4663,9.16153,Spacest.com by Roomless,02 8974 1955,23,https://www.immobiliare.it/annunci/126917545/,
126917105,"Stanza in affitto in appartamento via Privata Procopio, Milano",605,€ 605/mese,5,1,103 m²,"1°, con ascensore",Autonomo,"fibra ottica, porta blindata, esposizione esterna, impianto tv centralizzato",Via Privata Procopio,"Solari, Washington",Washington,45.4562,9.1534,Spacest.com by Roomless,02 8974 1955,33,https://www.immobiliare.it/annunci/126917105/,
126916891,"Stanza in affitto in appartamento via Pasquale Fornari, Milano",630,€ 630/mese,4,1,59 m²,5°,Autonomo,"fibra ottica, porta blindata, esposizione esterna, impianto tv centralizzato",Via Pasquale Fornari,"Bande Nere, Inganni",Gambara,45.4623,9.14434,Spacest.com by Roomless,02 8974 1955,30,https://www.immobiliare.it/annunci/126916891/,
126916661,"Stanza in affitto in appartamento via Don Carlo Gnocchi, Milano",690,€ 690/mese,5,2,15 m²,5°,Autonomo,"fibra ottica, porta blindata, esposizione esterna, impianto tv centralizzato",Via Don Carlo Gnocchi,"San Siro, Trenno",San Siro,45.4707,9.12737,Spacest.com by Roomless,02 8974 1955,12,https://www.immobiliare.it/annunci/126916661/,
126917679,"Stanza in affitto in appartamento via Achille Zezon, Milano",595,€ 595/mese,5,2,15 m²,"3°, con ascensore",Autonomo,"fibra ottica, porta blindata, esposizione esterna, impianto tv centralizzato",Via Achille Zezon,"Centrale, Repubblica",Centrale,45.4837,9.20015,Spacest.com by Roomless,02 8974 1955,16,https://www.immobiliare.it/annunci/126917679/,
126916351,"Stanza in affitto in appartamento viale Sabotino, Milano",620,€ 620/mese,5,2,138 m²,"4°, con ascensore",Autonomo,"fibra ottica, porta blindata, esposizione esterna, impianto tv centralizzato",Viale Sabotino,"Porta Romana, Cadore, Montenero",Porta Romana - Medaglie d'Oro,45.4512,9.19951,Spacest.com by Roomless,02 8974 1955,31,https://www.immobiliare.it/annunci/126916351/,
126915561,"Stanza in affitto in appartamento viale Giovanni da Cermenate, Milano",665,€ 665/mese,5+,2,150 m²,1°,Autonomo,"fibra ottica, porta blindata, esposizione esterna, balcone, impianto tv centralizzato",Viale Giovanni da Cermenate,"Abbiategrasso, Chiesa Rossa",Pezzotti - Meda,45.438,9.18104,Spacest.com by Roomless,02 8974 1955,17,https://www.immobiliare.it/annunci/126915561/,
126915463,"Stanza in affitto in appartamento via Savona, Milano",690,€ 690/mese,5+,2,160 m²,1°,Autonomo,"fibra ottica, porta blindata, esposizione esterna, impianto tv centralizzato",Via Savona,"Famagosta, Barona",Giambellino,45.4496,9.14954,Spacest.com by Roomless,02 8974 1955,18,https://www.immobiliare.it/annunci/126915463/,
127012723,"Stanza in affitto in appartamento viale Legioni Romane, Milano",655,€ 655/mese,5+,3,171 m²,2°,Autonomo,"fibra ottica, porta blindata, esposizione esterna, impianto tv centralizzato",Viale Legioni Romane,"Bande Nere, Inganni",Bande Nere,45.4597,9.13124,Spacest.com by Roomless,02 8974 1955,22,https://www.immobiliare.it/annunci/127012723/,
127012709,"Stanza in affitto in appartamento via Giuseppe Frua, Milano",665,€ 665/mese,5,2,104 m²,"3°, con ascensore",Autonomo,"fibra ottica, porta blindata, esposizione esterna, impianto tv centralizzato",Via Giuseppe Frua,"Solari, Washington",Frua,45.4651,9.14874,Spacest.com by Roomless,02 8974 1955,37,https://www.immobiliare.it/annunci/127012709/,
126917799,"Stanza in affitto in appartamento via Leone Tolstoi, Milano",700,€ 700/mese,5+,3,209 m²,"7°, con ascensore",Autonomo,"fibra ottica, porta blindata, esposizione esterna, impianto tv centralizzato",Via Leone Tolstoi,"Napoli, Soderini",Tripoli - Soderini,45.4545,9.14926,Spacest.com by Roomless,02 8974 1955,80,https://www.immobiliare.it/annunci/126917799/,
126917737,"Stanza in affitto in appartamento via Salvatore Barzilai, Milano",590,€ 590/mese,5,1,74 m²,"2°, con ascensore",Autonomo,"fibra ottica, porta blindata, esposizione esterna, impianto tv centralizzato",Via Salvatore Barzilai,"Bande Nere, Inganni",Lorenteggio,45.4525,9.14113,Spacest.com by Roomless,02 8974 1955,21,https://www.immobiliare.it/annunci/126917737/,
126917731,"Stanza in affitto in appartamento via Salvatore Barzilai, Milano",680,€ 680/mese,5,1,88 m²,"1°, con ascensore",Autonomo,"fibra ottica, porta blindata, esposizione esterna, terrazzo, impianto tv centralizzato",Via Salvatore Barzilai,"Bande Nere, Inganni",Lorenteggio,45.4526,9.1396,Spacest.com by Roomless,02 8974 1955,53,https://www.immobiliare.it/annunci/126917731/,
126916645,"Stanza in affitto in appartamento via Pantigliate, Milano",675,€ 675/mese,5+,3,203 m²,3°,Autonomo,"fibra ottica, porta blindata, esposizione esterna, impianto tv centralizzato",Via Pantigliate,"Bande Nere, Inganni",Bande Nere,45.4594,9.13161,Spacest.com by Roomless,02 8974 1955,14,https://www.immobiliare.it/annunci/126916645/,
126917423,"Stanza in affitto in appartamento viale Ca' Granda, Milano",595,€ 595/mese,4,2,15 m²,3°,Autonomo,"fibra ottica, porta blindata, esposizione esterna, impianto tv centralizzato",Viale Ca' Granda,"Bicocca, Niguarda",Ca' Granda,45.5068,9.19976,Spacest.com by Roomless,02 8974 1955,24,https://www.immobiliare.it/annunci/126917423/,
126917037,"Stanza in affitto in appartamento via Privata San Martiniano, Milano",590,€ 590/mese,4,1,75 m²,"1°, con ascensore",Autonomo,"fibra ottica, porta blindata, esposizione esterna, impianto tv centralizzato",Via Privata S. Martiniano,"Corvetto, Rogoredo",Corvetto,45.437,9.21553,Spacest.com by Roomless,02 8974 1955,35,https://www.immobiliare.it/annunci/126917037/,
126917843,"Stanza in affitto in appartamento largo Cavalieri di Malta, Milano",690,€ 690/mese,4,1,81 m²,"1°, con ascensore",Autonomo,"fibra ottica, porta blindata, esposizione esterna, impianto tv centralizzato",Largo Cavalieri di Malta,"Bande Nere, Inganni",Lorenteggio,45.4541,9.13777,Spacest.com by Roomless,02 8974 1955,11,https://www.immobiliare.it/annunci/126917843/,
126917675,"Stanza in affitto in appartamento via Giuseppe Bruschetti, Milano",675,€ 675/mese,4,1,105 m²,"2°, con ascensore",Autonomo,"fibra ottica, porta blindata, esposizione esterna, impianto tv centralizzato",Via Giuseppe Bruschetti,"Maggiolina, Istria",Cascina dei Pomi,45.4926,9.20803,Spacest.com by Roomless,02 8974 1955,30,https://www.immobiliare.it/annunci/126917675/,
126916667,"Stanza in affitto in appartamento via Giuseppe Regaldi, Milano",635,€ 635/mese,3,1,55 m²,"2°, con ascensore",Autonomo,"fibra ottica, porta blindata, esposizione esterna, impianto tv centralizzato",Via Giuseppe Regaldi,"Affori, Bovisa",Affori,45.5174,9.17352,Spacest.com by Roomless,02 8974 1955,41,https://www.immobiliare.it/annunci/126916667/,
126915531,"Stanza in affitto in appartamento via Privata Umberto Fracchia, Milano",695,€ 695/mese,5,1,100 m²,1°,Autonomo,"fibra ottica, porta blindata, esposizione esterna, balcone, impianto tv centralizzato",Via Privata Umberto Fracchia,"Maggiolina, Istria",Maggiolina,45.4997,9.20184,Spacest.com by Roomless,02 8974 1955,22,https://www.immobiliare.it/annunci/126915531/,
126915521,"Stanza in affitto in appartamento via Gavirate, Milano",675,€ 675/mese,5+,2,150 m²,3°,Autonomo,"fibra ottica, porta blindata, esposizione esterna, balcone, impianto tv centralizzato",Via Gavirate,"San Siro, Trenno",San Siro,45.4765,9.13943,Spacest.com by Roomless,02 8974 1955,23,https://www.immobiliare.it/annunci/126915521/,
126917007,"Stanza in affitto in appartamento via Giovanni Pacini, Milano",590,€ 590/mese,5+,2,166 m²,7°,Autonomo,"fibra ottica, porta blindata, esposizione esterna, balcone, impianto tv centralizzato",Via Giovanni Pacini,"Città Studi, Susa",Città Studi,45.4846,9.23541,Spacest.com by Roomless,02 8974 1955,18,https://www.immobiliare.it/annunci/126917007/,
126917849,"Stanza in affitto in appartamento via Don Carlo Gnocchi, Milano",660,€ 660/mese,5,2,124 m²,"1°, con ascensore",Autonomo,"fibra ottica, porta blindata, esposizione esterna, impianto tv centralizzato",Via Don Carlo Gnocchi,"San Siro, Trenno",San Siro,45.4743,9.12369,Spacest.com by Roomless,02 8974 1955,40,https://www.immobiliare.it/annunci/126917849/,
126917449,"Stanza in affitto in appartamento via Felice Bellotti, Milano",635,€ 635/mese,5+,3,161 m²,"2°, con ascensore",Autonomo,"fibra ottica, porta blindata, esposizione esterna, impianto tv centralizzato",Via Felice Bellotti,"Porta Venezia, Indipendenza",Piave - Tricolore,45.4708,9.20835,Spacest.com by Roomless,02 8974 1955,20,https://www.immobiliare.it/annunci/126917449/,
127012701,"Stanza in affitto in appartamento corso Buenos Aires, Milano",700,€ 700/mese,5,1,104 m²,1°,Autonomo,"fibra ottica, porta blindata, esposizione esterna, impianto tv centralizzato",Corso Buenos Aires,"Centrale, Repubblica",Buenos Aires,45.4813,9.21128,Spacest.com by Roomless,02 8974 1955,10,https://www.immobiliare.it/annunci/127012701/,
126917725,"Stanza in affitto in appartamento via Bartolomeo D'Alviano, Milano",655,€ 655/mese,5+,2,125 m²,1°,Autonomo,"fibra ottica, porta blindata, esposizione esterna, impianto tv centralizzato",Via Bartolomeo D'Alviano,"Bande Nere, Inganni",Lorenteggio,45.4543,9.14068,Spacest.com by Roomless,02 8974 1955,18,https://www.immobiliare.it/annunci/126917725/,
126917617,"Stanza in affitto in appartamento via Moncalvo, Milano",615,€ 615/mese,3,1,15 m²,"3°, con ascensore",Autonomo,"fibra ottica, porta blindata, esposizione esterna, impianto tv centralizzato",Via Moncalvo,"Bande Nere, Inganni",Gambara,45.463,9.14251,Spacest.com by Roomless,02 8974 1955,27,https://www.immobiliare.it/annunci/126917617/,
126917199,"Stanza in affitto in appartamento viale Monte Santo, Milano",630,€ 630/mese,5+,3,161 m²,"3°, con ascensore",Autonomo,"fibra ottica, porta blindata, esposizione esterna, impianto tv centralizzato",Viale Monte Santo,"Garibaldi, Moscova, Porta Nuova",Porta Nuova,45.4799,9.19407,Spacest.com by Roomless,02 8974 1955,64,https://www.immobiliare.it/annunci/126917199/,
126917057,"Stanza in affitto in appartamento via dei Fontanili, Milano",610,€ 610/mese,5+,3+,445 m²,1°,Autonomo,"fibra ottica, porta blindata, esposizione esterna, impianto tv centralizzato",Via dei Fontanili,"Ripamonti, Vigentino",Ripamonti - Fondazione Prada,45.4425,9.18863,Spacest.com by Roomless,02 8974 1955,87,https://www.immobiliare.it/annunci/126917057/,
126916617,"Stanza in affitto in appartamento viale Argonne, Milano",645,€ 645/mese,4,2,15 m²,"5°, con ascensore",Autonomo,"fibra ottica, porta blindata, esposizione esterna, impianto tv centralizzato",Viale Argonne,"Città Studi, Susa",Argonne - Corsica,45.4676,9.22762,Spacest.com by Roomless,02 8974 1955,38,https://www.immobiliare.it/annunci/126916617/,
126917547,"Stanza in affitto in appartamento via Salvatore Barzilai, Milano",685,€ 685/mese,5,1,74 m²,"6°, con ascensore",Autonomo,"fibra ottica, porta blindata, esposizione esterna, impianto tv centralizzato",Via Salvatore Barzilai,"Bande Nere, Inganni",Lorenteggio,45.4525,9.14113,Spacest.com by Roomless,02 8974 1955,19,https://www.immobiliare.it/annunci/126917547/,
126917395,"Stanza in affitto in appartamento via Ulisse Salis, Milano",630,€ 630/mese,5,2,115 m²,1°,Autonomo,"fibra ottica, porta blindata, esposizione esterna, impianto tv centralizzato",Via Ulisse Salis,"Affori, Bovisa",Affori,45.5131,9.17526,Spacest.com by Roomless,02 8974 1955,18,https://www.immobiliare.it/annunci/126917395/,
126917321,"Stanza in affitto in appartamento via Giuseppe Frua, Milano",610,€ 610/mese,5+,3,148 m²,"2°, con ascensore",Autonomo,"fibra ottica, porta blindata, esposizione esterna, impianto tv centralizzato",Via Giuseppe Frua,"Solari, Washington",Frua,45.4653,9.14888,Spacest.com by Roomless,02 8974 1955,41,https://www.immobiliare.it/annunci/126917321/,
126917141,"Stanza in affitto in appartamento via Giuseppe Frua, Milano",610,€ 610/mese,5+,3,148 m²,"2°, con ascensore",Autonomo,"fibra ottica, porta blindata, esposizione esterna, impianto tv centralizzato",Via Giuseppe Frua,"Solari, Washington",Frua,45.4653,9.14888,Spacest.com by Roomless,02 8974 1955,55,https://www.immobiliare.it/annunci/126917141/,
127018501,"Stanza in affitto in appartamento via Verbano, Milano",695,€ 695/mese,5+,2,173 m²,3°,Autonomo,"fibra ottica, porta blindata, esposizione esterna, impianto tv centralizzato",Via Verbano,"Porta Vittoria, Lodi",Lodi - Brenta,45.4426,9.21396,Spacest.com by Roomless,02 8974 1955,45,https://www.immobiliare.it/annunci/127018501/,
126917633,"Stanza in affitto in appartamento via Temistocle Calzecchi, Milano",650,€ 650/mese,5,2,127 m²,"2°, con ascensore",Autonomo,"fibra ottica, porta blindata, esposizione esterna, impianto tv centralizzato",Via Temistocle Calzecchi,"Città Studi, Susa",Città Studi,45.4724,9.2349,Spacest.com by Roomless,02 8974 1955,58,https://www.immobiliare.it/annunci/126917633/,
126917871,"Stanza in affitto in appartamento largo Cavalieri di Malta, Milano",635,€ 635/mese,5+,3,196 m²,"9°, con ascensore",Autonomo,"fibra ottica, porta blindata, esposizione esterna, impianto tv centralizzato",Largo Cavalieri di Malta,"Bande Nere, Inganni",Lorenteggio,45.4543,9.13826,Spacest.com by Roomless,02 8974 1955,57,https://www.immobiliare.it/annunci/126917871/,
126917137,"Stanza in affitto in appartamento via Don Carlo Gnocchi, Milano",680,€ 680/mese,5+,2,156 m²,"5°, con ascensore",Autonomo,"fibra ottica, porta blindata, esposizione esterna, impianto tv centralizzato",Via Don Carlo Gnocchi,"San Siro, Trenno",San Siro,45.4749,9.12364,Spacest.com by Roomless,02 8974 1955,27,https://www.immobiliare.it/annunci/126917137/,
126916947,"Stanza in affitto in appartamento via Bir Acheim, Milano",600,€ 600/mese,5,2,94 m²,1°,Autonomo,"fibra ottica, porta blindata, esposizione esterna, impianto tv centralizzato",Via Bir Acheim,"Affori, Bovisa",Bovisasca,45.5171,9.15399,Spacest.com by Roomless,02 8974 1955,25,https://www.immobiliare.it/annunci/126916947/,
126916829,"Stanza in affitto in appartamento via Arcivescovo Romilli, Milano",650,€ 650/mese,3,1,70 m²,1°,Autonomo,"fibra ottica, porta blindata, esposizione esterna, impianto tv centralizzato",Via Arcivescovo Romilli,"Corvetto, Rogoredo",Corvetto,45.4387,9.21317,Spacest.com by Roomless,02 8974 1955,25,https://www.immobiliare.it/annunci/126916829/,
127478236,"Stanza singola via Tertulliano, 60, Milano",700,€ 700/mese,3,1,72 m²,"1°, con ascensore",Centralizzato,"cucina, lavatrice, portineria, bagno in comune, fibra ottica, videocitofono, esposizione esterna, arredato","Via Tertulliano, 60","Porta Vittoria, Lodi",Lodi - Brenta,45.4485,9.2208,Affiliato Primacasa - Fast House S.r.l.,02 5964 8791,18,https://www.immobiliare.it/annunci/127478236/,
126239801,"Stanza singola via Freikofel 19, Milano",600,€ 600/mese,3,1,80 m²,5°,Centralizzato,"balcone, ascensore, connessione ad internet, ripostiglio, lavatrice, lavastoviglie, microonde, armadi, tv, cucina",Via Freikofel,"Ponte Lambro, Santa Giulia",Santa Giulia,45.4321,9.24531,Privato/Nessuna,,7,https://www.immobiliare.it/annunci/126239801/,
126916379,"Stanza in affitto in appartamento corso Porta Vittoria, Milano",600,€ 600/mese,5,1,121 m²,"2°, con ascensore",Autonomo,"fibra ottica, porta blindata, esposizione esterna, impianto tv centralizzato",Corso Porta Vittoria,"Quadronno, Palestro, Guastalla",Guastalla,45.4621,9.2045,Spacest.com by Roomless,02 8974 1955,39,https://www.immobiliare.it/annunci/126916379/,
126592875,"Stanza singola via Padova 213, Milano",650,€ 650/mese,3,1,20 m²,4°,Assente,"balcone, cucina, connessione ad internet, lavatrice, microonde, portineria, bagno in comune",Via Padova,"Cimiano, Crescenzago, Adriano",Crescenzago,45.5042,9.2404,Che Casa,02 8974 5553,9,https://www.immobiliare.it/annunci/126592875/,
126432307,"Stanza doppia via Rimini 25, Milano",650,€ 650/mese,3,1,80 m²,2°,Assente,"terrazzo, cucina, lavatrice, microonde, tv satellitare/pay tv, portineria, parquet",Via Rimini,"Famagosta, Barona",Famagosta,45.4406,9.1704,Affiliato Tecnocasa: PROGETTO MILANO 3 SRL,02 5964 6521,21,https://www.immobiliare.it/annunci/126432307/,
125967055,"Stanza singola via Cividale del Friuli 15, Milano",600,€ 600/mese,5+,2,18 m²,"2 piani: Piano terra, 8°",Autonomo,"terrazzo, lavatrice, lavastoviglie, portineria, giardino, connessione ad internet, ascensore, armadi, con biancheria, cucina",Via Cividale del Friuli,"Bisceglie, Baggio, Olmi",Baggio,45.4588,9.10053,Privato/Nessuna,,4,https://www.immobiliare.it/annunci/125967055/,
121414784,"Stanza singola viale Monza 127, Milano",700,€ 700/mese,3,2,13 m²,7°,Assente,"balcone, cucina, lavatrice, bagno privato",Viale Monza,"Precotto, Turro",Turro,45.4992,9.2204,Bevacqua Immobiliare,02 5964 7189,8,https://www.immobiliare.it/annunci/121414784/,
121565698,"Stanza singola via Carlo Fornara 3, Milano",600,€ 600/mese,3,2,90 m²,Piano rialzato,Assente,"ripostiglio, cucina, lavatrice, bagno in comune, armadi",Via Carlo Fornara,"Bande Nere, Inganni",Bande Nere,45.4609,9.1314,Studio servizi Immobiliari,02 8973 5791,12,https://www.immobiliare.it/annunci/121565698/,
126916845,"Stanza in affitto in appartamento viale Brianza, Milano",615,€ 615/mese,5+,2,15 m²,4°,Autonomo,"fibra ottica, porta blindata, esposizione esterna, impianto tv centralizzato",Viale Brianza,"Pasteur, Rovereto",Pasteur,45.4874,9.21404,Spacest.com by Roomless,02 8974 1955,9,https://www.immobiliare.it/annunci/126916845/,
127484098,"Stanza singola via Pismonte, Milano",680,€ 680/mese,5,2,120 m²,1°,Assente,"cucina, connessione ad internet, bagno in comune, armadi",Via Pismonte,"Corvetto, Rogoredo",Corvetto,45.4363,9.2155,Ag. Imm. Olimpia Magnifici,06 9762 4711,7,https://www.immobiliare.it/annunci/127484098/,
114342433,"Stanza singola via Ronchi 18, Milano",650,€ 650/mese,3,1,15 m²,1°,Assente,"ripostiglio, balcone, cucina, lavatrice, microonde, tv satellitare/pay tv, portineria, bagno in comune, tv, armadi",Via Ronchi,"Udine, Lambrate",Udine,45.4879,9.2373,Agenzia Immobiliare Fondocasa Milano Udine,02 5964 2839,16,https://www.immobiliare.it/annunci/114342433/,
116113271,"Stanza singola piazza Giovanni Bausan 10, Milano",695,€ 695/mese,5+,3+,180 m²,1°,Assente,"balcone, cucina, connessione ad internet, lavatrice, lavastoviglie, microonde, portineria, bagno in comune, armadi",Piazza Giovanni Bausan,"Affori, Bovisa",Bovisa,45.5026,9.1653,Ricerche Immobiliari,02 5964 7021,10,https://www.immobiliare.it/annunci/116113271/,
126917809,"Stanza in affitto in appartamento via Vincenzo Giordano Orsini, Milano",690,€ 690/mese,4,1,70 m²,"3°, con ascensore",Autonomo,"fibra ottica, porta blindata, esposizione esterna, impianto tv centralizzato",Via Vincenzo Giordano Orsini,"Bande Nere, Inganni",Bande Nere,45.4628,9.13388,Spacest.com by Roomless,02 8974 1955,18,https://www.immobiliare.it/annunci/126917809/,
126917863,"Stanza in affitto in appartamento viale Legioni Romane, Milano",700,€ 700/mese,5+,3,171 m²,4°,Autonomo,"fibra ottica, porta blindata, esposizione esterna, impianto tv centralizzato",Viale Legioni Romane,"Bande Nere, Inganni",Bande Nere,45.4597,9.13124,Spacest.com by Roomless,02 8974 1955,9,https://www.immobiliare.it/annunci/126917863/,
126716987,"Stanza singola viale Ca' Granda 29, Milano",600,€ 600/mese,5+,2,130 m²,9°,Assente,"ripostiglio, cucina, lavatrice, bagno in comune, tv, armadi",Viale Ca' Granda,"Bicocca, Niguarda",Ca' Granda,45.5081,9.1925,Homa Società Cooperativa,0832 160 3201,11,https://www.immobiliare.it/annunci/126716987/,
126916657,"Stanza in affitto in appartamento via Felice Casati, Milano",630,€ 630/mese,4,2,15 m²,3°,Autonomo,"fibra ottica, porta blindata, esposizione esterna, impianto tv centralizzato",Via Felice Casati,"Centrale, Repubblica",Repubblica,45.4793,9.20206,Spacest.com by Roomless,02 8974 1955,9,https://www.immobiliare.it/annunci/126916657/,
126917361,"Stanza in affitto in appartamento via Lepanto, Milano",595,€ 595/mese,5+,2,121 m²,"1°, con ascensore",Autonomo,"fibra ottica, porta blindata, esposizione esterna, impianto tv centralizzato",Via Lepanto,"Maggiolina, Istria",Maggiolina,45.4985,9.20299,Spacest.com by Roomless,02 8974 1955,22,https://www.immobiliare.it/annunci/126917361/,
127012707,"Stanza in affitto in appartamento via Giovanni Battista Pergolesi, Milano",590,€ 590/mese,5+,2,200 m²,5°,Autonomo,"fibra ottica, porta blindata, esposizione esterna, impianto tv centralizzato",Via Giovanni Battista Pergolesi,"Centrale, Repubblica",Buenos Aires,45.4848,9.21089,Spacest.com by Roomless,02 8974 1955,22,https://www.immobiliare.it/annunci/127012707/,
122922916,"Stanza singola via Palmanova 75, Milano",700,€ 700/mese,5,2,130 m²,6°,Assente,"balcone, cucina, connessione ad internet, lavatrice, lavastoviglie, microonde, tv satellitare/pay tv, portineria, tv, aria condizionata, armadi",Via Palmanova,"Cimiano, Crescenzago, Adriano",Cimiano,45.4988,9.239,Centro Casa Costruzioni,02 261 3500,23,https://www.immobiliare.it/annunci/122922916/,
126917403,"Stanza in affitto in appartamento via Rodolfo Farneti, Milano",690,€ 690/mese,5+,3,161 m²,4°,Autonomo,"fibra ottica, porta blindata, esposizione esterna, terrazzo, impianto tv centralizzato",Via Rodolfo Farneti,"Centrale, Repubblica",Buenos Aires,45.4795,9.21552,Spacest.com by Roomless,02 8974 1955,53,https://www.immobiliare.it/annunci/126917403/,
127476730,"Stanza singola via Laurana 2, Milano",600,€ 600/mese,4,1,90 m²,4°,Centralizzato,"connessione ad internet, lavatrice, lavastoviglie, microonde, tv satellitare/pay tv, portineria, bagno in comune, parquet, impianto tv con parabola satellitare, arredato",Via Laurana,"Maggiolina, Istria",Istria,45.4995,9.1961,Era Fides  - Mediazioni immobiliari,02 3540 6973,13,https://www.immobiliare.it/annunci/127476730/,
124364409,"Stanza singola via Giuseppina Lazzaroni 4, Milano",650,€ 650/mese,5,2,120 m²,5°,Assente,"ripostiglio, balcone, cucina, sistema di allarme, connessione ad internet, lavatrice, lavastoviglie, microonde, bagno in comune, attacco telefonico, tv, aria condizionata, armadi",Via Giuseppina Lazzaroni,"Centrale, Repubblica",Centrale,45.4865,9.2009,Centro Casa Costruzioni,02 5964 5283,24,https://www.immobiliare.it/annunci/124364409/,
125691147,"Stanza singola via Val di Bondo 9, Milano",650,€ 650/mese,,1,80 m²,Piano rialzato,Assente,"cucina, lavatrice, microonde, portineria, bagno in comune, tv, armadi",Via Val di Bondo,"Affori, Bovisa",Comasina,45.5238,9.1612,Mecca Immobili di Daniele Mecca,02 3540 8145,13,https://www.immobiliare.it/annunci/125691147/,
126916917,"Stanza in affitto in appartamento via Angelo de Vincenti, Milano",630,€ 630/mese,5+,3,15 m²,1°,Autonomo,"fibra ottica, porta blindata, esposizione esterna, impianto tv centralizzato",Via Angelo de Vincenti,"San Siro, Trenno",San Siro,45.4777,9.14164,Spacest.com by Roomless,02 8974 1955,8,https://www.immobiliare.it/annunci/126916917/,
126917659,"Stanza in affitto in appartamento via Copernico, Milano",685,€ 685/mese,5+,2,253 m²,"1°, con ascensore",Autonomo,"fibra ottica, porta blindata, esposizione esterna, impianto tv centralizzato",Via Copernico,"Centrale, Repubblica",Centrale,45.4911,9.20441,Spacest.com by Roomless,02 8974 1955,8,https://www.immobiliare.it/annunci/126917659/,
127154205,"Stanza in affitto in appartamento via Sant'Ampellio 5, Milano",690,€ 690/mese,2,1,67 m²,1°,Assente,"ripostiglio, balcone, cucina, connessione ad internet, lavatrice, lavastoviglie, microonde, portineria, bagno in comune, aria condizionata, armadi",Via Sant'Ampellio,"Abbiategrasso, Chiesa Rossa",Pezzotti - Meda,45.4387,9.1844,Gabetti Franchising Milano - Meda,02 3540 7064,15,https://www.immobiliare.it/annunci/127154205/,
125661303,"Stanza in affitto in appartamento via Cesare Battisti 15, Milano",700,€ 700/mese,5,2,10 m²,3°,Assente,"cucina, connessione ad internet, lavatrice, microonde, portineria, bagno in comune, aria condizionata, armadi",Via Cesare Battisti,"Quadronno, Palestro, Guastalla",Guastalla,45.4629,9.2003,Casaltia,02 8127 8319,11,https://www.immobiliare.it/annunci/125661303/,
94333562,"Stanza doppia viale Carlo Espinasse, Milano",650,€ 650/mese,4,1,110 m²,Seminterrato,Assente,"ripostiglio, cucina, connessione ad internet, microonde, portineria, bagno in comune, attacco telefonico, tv, armadi",Viale Carlo Espinasse,"Uptown, Cascina Merlata, Viale Certosa",Certosa,45.4942,9.1444,Panorama Immobiliare Certosa,02 5964 6125,21,https://www.immobiliare.it/annunci/94333562/,
108875413,"Stanza singola corso Lodi 114, Milano",650,€ 650/mese,3,1,80 m²,4°,Assente,"balcone, cucina, connessione ad internet, lavatrice, lavastoviglie, microonde, bagno in comune, parquet, aria condizionata, armadi",Corso Lodi,"Corvetto, Rogoredo",Corvetto,45.4409,9.222,DS Real Estate,02 5964 6542,11,https://www.immobiliare.it/annunci/108875413/,
126917585,"Stanza in affitto in appartamento via Francesco Nava, Milano",625,€ 625/mese,3,1,15 m²,2°,Autonomo,"fibra ottica, porta blindata, esposizione esterna, impianto tv centralizzato",Via Francesco Nava,"Cenisio, Sarpi, Isola",Zara,45.4949,9.19043,Spacest.com by Roomless,02 8974 1955,9,https://www.immobiliare.it/annunci/126917585/,
106119073,"Stanza singola via Ludovico Cavaleri 4, Milano",600,€ 600/mese,3,1,85 m²,3°,Assente,"ripostiglio, giardino, balcone, cucina, lavatrice, portineria, bagno in comune, armadi",Via Ludovico Cavaleri,"Bande Nere, Inganni",Bande Nere,45.4613,9.1331,Studio servizi Immobiliari,02 8973 5791,16,https://www.immobiliare.it/annunci/106119073/,
126837581,"Stanza singola viale Giovanni da Cermenate 64, Milano",675,€ 675/mese,3,1,60 m²,8°,Assente,"ripostiglio, balcone, cucina, lavatrice, lavastoviglie, bagno in comune, aria condizionata, armadi",Viale Giovanni da Cermenate,"Abbiategrasso, Chiesa Rossa",Cermenate - Abbiategrasso,45.4372,9.183,Gabetti Franchising Milano - Meda,02 3540 7064,8,https://www.immobiliare.it/annunci/126837581/,
126917567,"Stanza in affitto in appartamento via Giovanni Pastorelli, Milano",650,€ 650/mese,4,1,88 m²,"1°, con ascensore",Autonomo,"fibra ottica, porta blindata, esposizione esterna, impianto tv centralizzato",Via Giovanni Pastorelli,Navigli,Navigli - Darsena,45.4464,9.16077,Spacest.com by Roomless,02 8974 1955,7,https://www.immobiliare.it/annunci/126917567/,
118875265,"Stanza singola viale Edoardo Jenner 10, Milano",600,€ 600/mese,5+,3,230 m²,8°,Assente,"ripostiglio, balcone, cucina, connessione ad internet, lavatrice, microonde, bagno in comune, tv, aria condizionata, armadi",Viale Edoardo Jenner,"Affori, Bovisa",Dergano,45.4975,9.1831,Homa Società Cooperativa,0832 160 3201,9,https://www.immobiliare.it/annunci/118875265/,
125922555,"Stanza doppia via Renzo e Lucia, Milano",630,€ 630/mese,2,1,45 m²,Piano rialzato,Assente,"cucina, lavatrice, microonde, tv satellitare/pay tv, portineria, bagno in comune, tv, armadi",Via Renzo e Lucia,"Famagosta, Barona",Cantalupa - San Paolo,45.4365,9.1719,Bonzano Real Estate,02 3540 7951,14,https://www.immobiliare.it/annunci/125922555/,
126916219,"Stanza in affitto in appartamento viale Abruzzi, Milano",645,€ 645/mese,5,2,102 m²,"1°, con ascensore",Autonomo,"fibra ottica, porta blindata, esposizione esterna, impianto tv centralizzato",Viale Abruzzi,"Città Studi, Susa",Città Studi,45.4847,9.2173,Spacest.com by Roomless,02 8974 1955,7,https://www.immobiliare.it/annunci/126916219/,
126917589,"Stanza in affitto in appartamento via Privata Parenzo, Milano",590,€ 590/mese,4,2,90 m²,3°,Autonomo,"fibra ottica, porta blindata, esposizione esterna, impianto tv centralizzato",Via Privata Parenzo,"Famagosta, Barona",Tre Castelli - Faenza,45.442,9.13738,Spacest.com by Roomless,02 8974 1955,7,https://www.immobiliare.it/annunci/126917589/,
126131483,"Stanza singola via Guglielmo Guintellino 13, Milano",650,€ 650/mese,2,1,60 m²,2°,Assente,"cucina, connessione ad internet, lavatrice, lavastoviglie, tv satellitare/pay tv, bagno in comune, aria condizionata, armadi",Via Guglielmo Guintellino,"Famagosta, Barona",Tre Castelli - Faenza,45.4441,9.1432,ML intermediazioni immobiliari,02 5964 9047,20,https://www.immobiliare.it/annunci/126131483/,
126916871,"Stanza in affitto in appartamento via Pasquale Fornari, Milano",645,€ 645/mese,4,1,81 m²,"1°, con ascensore",Autonomo,"fibra ottica, porta blindata, esposizione esterna, impianto tv centralizzato",Via Pasquale Fornari,"Bande Nere, Inganni",Gambara,45.4622,9.14405,Spacest.com by Roomless,02 8974 1955,15,https://www.immobiliare.it/annunci/126916871/,
126917637,"Stanza in affitto in appartamento via Giuseppe Frua, Milano",630,€ 630/mese,5+,3,148 m²,"2°, con ascensore",Autonomo,"fibra ottica, porta blindata, esposizione esterna, impianto tv centralizzato",Via Giuseppe Frua,"Solari, Washington",Frua,45.4653,9.14888,Spacest.com by Roomless,02 8974 1955,38,https://www.immobiliare.it/annunci/126917637/,
126270107,"Stanza in affitto in appartamento via Raffaello Giolli 26, Milano",600,€ 600/mese,1,2,16 m²,"3° piano, con ascensore",Centralizzato,"fibra ottica, porta blindata, esposizione esterna, impianto tv centralizzato",Via Raffaello Giolli,"Bicocca, Niguarda",Bignami - Ponale,45.5271,9.2108,TEMPOCASA Milano Bicocca,02 3540 6858,14,https://www.immobiliare.it/annunci/126270107/,
127550346,"Stanza singola via Rimini, 25, Milano",650,€ 650/mese,2,1,15 m²,1°,Centralizzato,"ripostiglio, balcone, cucina, connessione ad internet, lavatrice, portineria, fibra ottica, porta blindata","Via Rimini, 25","Famagosta, Barona",Famagosta,45.4406,9.1704,Studio Carlo Torre srl,02 8973 7717,23,https://www.immobiliare.it/annunci/127550346/,
125711397,"Stanza singola via Mosè Bianchi 94, Milano",700,€ 700/mese,5+,3,150 m²,1°,Assente,"cucina, connessione ad internet, lavatrice, lavastoviglie, microonde, bagno in comune, aria condizionata, armadi",Via Mosè Bianchi,"Fiera, Sempione, City Life, Portello",Monte Rosa - Lotto,45.4755,9.1454,Casteller real estate agency srl,0461 171 5830,7,https://www.immobiliare.it/annunci/125711397/,
126537035,"Stanza singola via Tommaso Gulli 3, Milano",600,€ 600/mese,5+,2,15 m²,2°,Centralizzato,"balcone, ascensore, connessione ad internet, lavastoviglie, lavatrice, ripostiglio, armadi, cucina",Via Tommaso Gulli,"Bande Nere, Inganni",Piazzale Siena,45.4652,9.13552,Privato/Nessuna,,11,https://www.immobiliare.it/annunci/126537035/,
126182797,"Stanza singola via Padova 282, Milano",650,€ 650/mese,4,2,132 m²,2°,Assente,"balcone, cucina, lavatrice, lavastoviglie, tv satellitare/pay tv, portineria, bagno in comune, parquet",Via Padova,"Cimiano, Crescenzago, Adriano",Crescenzago,45.5082,9.2462,CFC Immobiliare Pacini,02 8974 4586,28,https://www.immobiliare.it/annunci/126182797/,
126916115,"Stanza in affitto in appartamento via Antonio Canova, Milano",640,€ 640/mese,5+,2,200 m²,3°,Autonomo,"fibra ottica, porta blindata, esposizione esterna, impianto tv centralizzato",Via Antonio Canova,"Arco della Pace, Arena, Pagano",Arco della Pace,45.4776,9.16864,Spacest.com by Roomless,02 8974 1955,12,https://www.immobiliare.it/annunci/126916115/,
127158513,"Stanza singola via Cesare Saldini 30, Milano",610,€ 610/mese,5+,3,9 m²,2°,Centralizzato,"ascensore, connessione ad internet, ripostiglio, lavatrice, lavastoviglie, portineria, armadi, cucina",Via Cesare Saldini,"Città Studi, Susa",Città Studi,45.4723,9.22738,Privato/Nessuna,,13,https://www.immobiliare.it/annunci/127158513/,
127157725,"Stanza doppia via Cesare Battisti, Milano",599,€ 599/mese,5,2,160 m²,3°,Assente,"cucina, lavatrice, microonde, bagno in comune, armadi",Via Cesare Battisti,"Quadronno, Palestro, Guastalla",Guastalla,45.4629,9.1999,Casaltia,02 8127 8319,15,https://www.immobiliare.it/annunci/127157725/,
105804609,"Stanza singola via Dalmazia 10, Milano",650,€ 650/mese,4,2,120 m²,1°,Assente,"ripostiglio, balcone, cucina, connessione ad internet, lavatrice, lavastoviglie, microonde, bagno in comune, tv, aria condizionata, armadi",Via Dalmazia,Forlanini,Quartiere Forlanini,45.4584,9.2451,Domum,02 5964 2019,15,https://www.immobiliare.it/annunci/105804609/,
126917045,"Stanza in affitto in appartamento via Adeodato Ressi, Milano",635,€ 635/mese,5,2,15 m²,"5°, con ascensore",Autonomo,"fibra ottica, porta blindata, esposizione esterna, impianto tv centralizzato",Via Adeodato Ressi,"Maggiolina, Istria",Maggiolina,45.4962,9.20583,Spacest.com by Roomless,02 8974 1955,10,https://www.immobiliare.it/annunci/126917045/,
125405199,"Stanza singola via Comasina 83, Milano",650,€ 650/mese,,1,85 m²,2°,Assente,"ripostiglio, balcone, cucina, lavatrice, microonde, portineria, bagno in comune, tv, ingresso privato, armadi",Via Comasina,"Affori, Bovisa",Comasina,45.529,9.1629,Mecca Immobili di Daniele Mecca,02 3540 8145,8,https://www.immobiliare.it/annunci/125405199/,
126570803,"Stanza singola largo Promessi Sposi, Milano",700,€ 700/mese,3,2,15 m²,2°,Centralizzato,"balcone, ascensore, ripostiglio, giardino, lavatrice, lavastoviglie, portineria, cucina",Largo Promessi Sposi,"Famagosta, Barona",Cantalupa - San Paolo,45.435,9.17327,Privato/Nessuna,,10,https://www.immobiliare.it/annunci/126570803/,
107610887,"Stanza singola via Vipacco 4, Milano",700,€ 700/mese,3,2,75 m²,6°,Assente,"ripostiglio, balcone, cucina, connessione ad internet, lavatrice, lavastoviglie, microonde, tv satellitare/pay tv, portineria, bagno privato, bagno in comune, tv, aria condizionata, ingresso privato, armadi",Via Vipacco,"Precotto, Turro",Villa San Giovanni,45.5175,9.2254,Fratelli Immobiliare S.A.S.,02 8736 9753,12,https://www.immobiliare.it/annunci/107610887/,
125433543,"Stanza in affitto in appartamento via Ruggero Bonghi 12, Milano",700,€ 700/mese,4,1,126 m²,4°,Assente,"cucina, connessione ad internet, lavatrice, portineria, bagno in comune, armadi",Via Ruggero Bonghi,"Abbiategrasso, Chiesa Rossa",Pezzotti - Meda,45.4407,9.1805,Gabetti Franchising Milano - Meda,02 3540 7064,17,https://www.immobiliare.it/annunci/125433543/,
125433639,"Stanza in affitto in appartamento via Ruggero Bonghi 12, Milano",700,€ 700/mese,4,1,126 m²,4°,Assente,"cucina, connessione ad internet, lavatrice, portineria, bagno in comune, armadi",Via Ruggero Bonghi,"Abbiategrasso, Chiesa Rossa",Pezzotti - Meda,45.4407,9.1805,Gabetti Franchising Milano - Meda,02 3540 7064,19,https://www.immobiliare.it/annunci/125433639/,
126727421,"Stanza in affitto in appartamento viale monza 39, Milano",600,€ 600/mese,4,1,110 m²,"2° piano, con ascensore",Centralizzato,"balcone, impianto tv con parabola satellitare, arredato",viale monza,"Pasteur, Rovereto",Pasteur,45.4901,9.2177,RE/MAX Class 4,02 8126 0236,15,https://www.immobiliare.it/annunci/126727421/,
126916675,"Stanza in affitto in appartamento viale Lombardia, Milano",670,€ 670/mese,3,1,15 m²,"3°, con ascensore",Autonomo,"fibra ottica, porta blindata, esposizione esterna, impianto tv centralizzato",Viale Lombardia,"Città Studi, Susa",Casoretto,45.4868,9.22375,Spacest.com by Roomless,02 8974 1955,5,https://www.immobiliare.it/annunci/126916675/,
126916807,"Stanza in affitto in appartamento via Arbe, Milano",640,€ 640/mese,4,2,103 m²,2°,Autonomo,"fibra ottica, porta blindata, esposizione esterna, impianto tv centralizzato",Via Arbe,"Maggiolina, Istria",Maggiolina,45.4953,9.19646,Spacest.com by Roomless,02 8974 1955,12,https://www.immobiliare.it/annunci/126916807/,
127038981,"Stanza in affitto in casa indipendente viale Gran Sasso, 10, Milano",700,€ 700/mese,1,1,80 m²,4°,Assente,porta blindata,"Viale Gran Sasso, 10","Città Studi, Susa",Città Studi,45.483,9.21802,Zappyrent.com,02 8973 5897,8,https://www.immobiliare.it/annunci/127038981/,
126917143,"Stanza in affitto in appartamento via Nicolò Paganini, Milano",675,€ 675/mese,5,2,112 m²,2°,Autonomo,"fibra ottica, porta blindata, esposizione esterna, impianto tv centralizzato",Via Nicolò Paganini,"Centrale, Repubblica",Buenos Aires,45.4836,9.21537,Spacest.com by Roomless,02 8974 1955,5,https://www.immobiliare.it/annunci/126917143/,
127333511,"Stanza doppia via Fra' Riccardo Pampuri 6, Milano",600,€ 600/mese,3,1,16 m²,3°,Assente,"cucina, connessione ad internet, lavatrice, microonde, bagno in comune, armadi",Via Fra' Riccardo Pampuri,"Ripamonti, Vigentino",Vigentino - Fatima,45.4257,9.2021,Alba Immobili,02 5964 5037,12,https://www.immobiliare.it/annunci/127333511/,
122343350,"Stanza singola via Arbe 55, Milano",600,€ 600/mese,5,1,120 m²,1°,Assente,"balcone, cucina, connessione ad internet, lavatrice, microonde, bagno in comune, tv, armadi",Via Arbe,"Maggiolina, Istria",Maggiolina,45.4995,9.1985,Homa Società Cooperativa,0832 160 3201,7,https://www.immobiliare.it/annunci/122343350/,
124736489,"Stanza in affitto in appartamento viale delle Rimembranze di Lambrate 13/B, Milano",650,€ 650/mese,4,1,100 m²,1°,Assente,"ripostiglio, cucina, connessione ad internet, microonde, bagno in comune",Viale delle Rimembranze di Lambrate 13/B,"Udine, Lambrate",Lambrate,45.4829,9.2414,TEMPOCASA Milano Lambrate,02 8295 2126,18,https://www.immobiliare.it/annunci/124736489/,
127306593,"Stanza singola viale Fulvio Testi 87, Milano",700,€ 700/mese,3,1,80 m²,1°,Assente,"giardino, balcone, cucina, lavatrice, lavastoviglie, portineria, aria condizionata",Viale Fulvio Testi,"Bicocca, Niguarda",Prato Centenaro,45.5096,9.202,Servizi Immobiliari S.N.C. di Pietro Bodei & C.,02 3540 6349,24,https://www.immobiliare.it/annunci/127306593/,
125840677,"Stanza in affitto in appartamento via Crescenzago 34, Milano",640,€ 640/mese,5,2,100 m²,"7°, con ascensore",Centralizzato,"ripostiglio, balcone, cucina, connessione ad internet, lavatrice, lavastoviglie, microonde, bagno in comune, attacco telefonico, tv, aria condizionata, armadi, fibra ottica, videocitofono, porta blindata, esposizione esterna, impianto tv centralizzato, arredato",Via Crescenzago,"Udine, Lambrate",Quartiere Feltre,45.489,9.242,TEMPOCASA Milano Udine,02 9475 8067,19,https://www.immobiliare.it/annunci/125840677/,
127136167,"Stanza singola via Carlo Bianconi, Milano",670,€ 670/mese,4,1,,Piano terra,Centralizzato,"giardino, lavatrice, lavastoviglie, microonde, accesso per disabili, cucina",Via Carlo Bianconi,"Ripamonti, Vigentino",Vigentino - Fatima,45.4346,9.20381,Privato/Nessuna,,10,https://www.immobiliare.it/annunci/127136167/,
119920598,"Stanza singola via Caccialepori 7, Milano",600,€ 600/mese,3,1,65 m²,1°,Autonomo,"connessione ad internet, microonde, lavatrice, cucina",Via Caccialepori,"San Siro, Trenno",San Siro,45.4679,9.14356,Privato/Nessuna,,19,https://www.immobiliare.it/annunci/119920598/,
124764233,"Stanza singola via Giuseppe Ripamonti, Milano",650,€ 650/mese,3,1,65 m²,3°,Assente,"ripostiglio, cucina, connessione ad internet, lavatrice, microonde, tv satellitare/pay tv, portineria, armadi",Via Giuseppe Ripamonti,"Ripamonti, Vigentino",Ripamonti - Fondazione Prada,45.4407,9.1997,Capitani Immobiliare Srl,02 8973 7724,3,https://www.immobiliare.it/annunci/124764233/,
125433197,"Stanza in affitto in appartamento via Ruggero Bonghi 12, Milano",700,€ 700/mese,4,1,126 m²,4°,Assente,"cucina, connessione ad internet, lavatrice, portineria, bagno in comune",Via Ruggero Bonghi,"Abbiategrasso, Chiesa Rossa",Pezzotti - Meda,45.4407,9.1805,Gabetti Franchising Milano - Meda,02 3540 7064,17,https://www.immobiliare.it/annunci/125433197/,
126360827,"Stanza singola viale Evaristo Stefini 2, Milano",600,€ 600/mese,4,2,110 m²,4°,Assente,"cucina, lavatrice, portineria, bagno in comune, armadi",Viale Evaristo Stefini,"Maggiolina, Istria",Maggiolina,45.4951,9.2014,Bocconi Flat,02 8973 7704,20,https://www.immobiliare.it/annunci/126360827/,
114183563,"Stanza doppia via Giuseppe Bruschetti 19, Milano",650,€ 650/mese,4,3,105 m²,Piano rialzato,Assente,"ripostiglio, cucina, sistema di allarme, connessione ad internet, lavatrice, lavastoviglie, microonde, tv satellitare/pay tv, bagno privato, tv, aria condizionata, armadi",Via Giuseppe Bruschetti,"Maggiolina, Istria",Cascina dei Pomi,45.4922,9.2083,The Property Player Real Estate,039 930 0473,11,https://www.immobiliare.it/annunci/114183563/,
125356003,"Stanza singola piazzale Lugano 9, Milano",600,€ 600/mese,3,1,100 m²,3°,Centralizzato,"balcone, ascensore, connessione ad internet, lavatrice, lavastoviglie, portineria, armadi, bagno privato, cucina",Piazzale Lugano,"Affori, Bovisa",Bovisa,45.4986,9.16526,Privato/Nessuna,,10,https://www.immobiliare.it/annunci/125356003/,
126916703,"Stanza in affitto in appartamento via Giovanni Paisiello, Milano",680,€ 680/mese,5,2,116 m²,"2°, con ascensore",Autonomo,"fibra ottica, porta blindata, esposizione esterna, impianto tv centralizzato",Via Giovanni Paisiello,"Città Studi, Susa",Città Studi,45.4813,9.21741,Spacest.com by Roomless,02 8974 1955,27,https://www.immobiliare.it/annunci/126916703/,
114370569,"Stanza singola piazzale Segrino, Milano",600,€ 600/mese,2,1,20 m²,5°,Assente,"balcone, connessione ad internet, bagno in comune",Piazzale Segrino,"Cenisio, Sarpi, Isola",Zara,45.4904,9.1894,Immobiliare Piola,039 240 3287,8,https://www.immobiliare.it/annunci/114370569/,
126956367,"Stanza singola Bisceglie, Milano",600,€ 600/mese,2,1,70 m²,1°,Centralizzato,"ascensore, connessione ad internet, ripostiglio, lavatrice, microonde, portineria, giardino, con biancheria, tv, armadi, ingresso privato, cucina",Via Mar Nero,"Bisceglie, Baggio, Olmi",Bisceglie,45.4575,9.10465,Privato/Nessuna,,20,https://www.immobiliare.it/annunci/126956367/,
124537541,"Stanza singola viale Legioni Romane 26, Milano",600,€ 600/mese,3,1,90 m²,5°,Centralizzato,"ascensore, balcone, lavatrice, portineria, giardino, ripostiglio, tv, armadi, cucina",Viale Legioni Romane,"Bande Nere, Inganni",Bande Nere,45.4604,9.13254,Privato/Nessuna,,14,https://www.immobiliare.it/annunci/124537541/,
80664697,"Stanza singola via Jean Jaurès 6, Milano",650,€ 650/mese,3,1,90 m²,Piano rialzato,Centralizzato,"cucina, ripostiglio, ascensore, giardino, lavatrice, microonde, connessione ad internet, armadi, arredato",Via Jean Jaurès,"Precotto, Turro",Turro,45.5015,9.22068,Privato/Nessuna,,12,https://www.immobiliare.it/annunci/80664697/,
126190037,"Stanza singola via Ronchi 18, Milano",680,€ 680/mese,3,1,70 m²,1°,Assente,"ripostiglio, balcone, cucina, lavatrice, microonde, tv satellitare/pay tv, portineria, bagno in comune, attacco telefonico, tv, armadi",Via Ronchi,"Udine, Lambrate",Udine,45.4879,9.2373,Agenzia Immobiliare Fondocasa Milano Udine,02 5964 2839,9,https://www.immobiliare.it/annunci/126190037/,
126838329,"Stanza singola via Luigi Ornato 7, Milano",600,€ 600/mese,5+,2,100 m²,3°,Assente,"balcone, cucina, connessione ad internet, lavatrice, bagno in comune, tv, armadi",Via Luigi Ornato,"Bicocca, Niguarda",Niguarda,45.5154,9.191,Homa Società Cooperativa,0832 160 3201,6,https://www.immobiliare.it/annunci/126838329/,
121666442,"Stanza singola via Donna Prassede 12, Milano",650,€ 650/mese,4,2,89 m²,6°,Assente,"ripostiglio, balcone, terrazzo, cucina, lavatrice, lavastoviglie, microonde, bagno in comune, tv, armadi",Via Donna Prassede,"Famagosta, Barona",Cantalupa - San Paolo,45.4307,9.169,MediaMi Real Estate Company,02 5964 1374,15,https://www.immobiliare.it/annunci/121666442/,
116226137,"Stanza doppia via Latisana 6, Milano",700,€ 700/mese,3,1,80 m²,4°,Assente,"giardino, balcone, cucina, lavatrice, portineria, tv, armadi",Via Latisana,"Maggiolina, Istria",Istria,45.5027,9.1975,Studio Primo,02 5964 8651,11,https://www.immobiliare.it/annunci/116226137/,
126858429,"Stanza doppia viale Giovanni Suzzani 92, Milano",600,€ 600/mese,1,1,70 m²,5°,Assente,"giardino, cucina, lavatrice, tv satellitare/pay tv, portineria, bagno in comune, tv, aria condizionata, armadi",Viale Giovanni Suzzani,"Bicocca, Niguarda",Prato Centenaro,45.5109,9.2005,Immobiliare Pianeta Casa,02 8736 2617,18,https://www.immobiliare.it/annunci/126858429/,
127104439,"Stanza singola via Carlo Marochetti 9, Milano",650,€ 650/mese,4,2,130 m²,5°,Assente,"ripostiglio, balcone, cucina, connessione ad internet, lavatrice, lavastoviglie, microonde, portineria, bagno in comune, parquet, attacco telefonico, tv, aria condizionata, armadi",Via Carlo Marochetti,"Corvetto, Rogoredo",Corvetto,45.4393,9.2261,ATP Immobiliare,02 8973 5850,9,https://www.immobiliare.it/annunci/127104439/,
125718335,"Stanza singola via Nicola Antonio Porpora 7, Milano",700,€ 700/mese,2,1,60 m²,2°,Assente,"ripostiglio, balcone, cucina, connessione ad internet, lavatrice, lavastoviglie, portineria, bagno in comune, parquet, attacco telefonico, aria condizionata, armadi",Via Nicola Antonio Porpora,"Città Studi, Susa",Città Studi,45.4861,9.219,Prestige Solutions,02 8126 0360,26,https://www.immobiliare.it/annunci/125718335/,
113384565,"Stanza singola via Gerolamo Forni 72, Milano",650,€ 650/mese,3,2,15 m²,6°,Assente,"balcone, cucina, connessione ad internet, lavatrice, portineria, bagno privato, parquet, armadi",Via Gerolamo Forni,"Affori, Bovisa",Comasina,45.5269,9.166,Expertise Re,039 974 6155,13,https://www.immobiliare.it/annunci/113384565/,
125539107,"Stanza singola via Francesco Brioschi 7, Milano",680,€ 680/mese,4,1,90 m²,1°,Assente,"cucina, connessione ad internet, lavatrice, tv satellitare/pay tv, bagno in comune, tv, armadi",Via Francesco Brioschi,Navigli,Corso San Gottardo,45.4469,9.1806,Milano Houses,02 3540 9284,23,https://www.immobiliare.it/annunci/125539107/,
127540574,"Stanza singola via Giovanni Ambrogio De Predis 7, Milano",700,€ 700/mese,3,1,60 m²,2°,Assente,"ripostiglio, giardino, cucina, connessione ad internet, lavatrice, microonde, portineria, bagno in comune, aria condizionata, armadi",Via Giovanni Ambrogio De Predis,"Uptown, Cascina Merlata, Viale Certosa",Certosa,45.4967,9.1518,Studio6Erre,02 8736 4208,23,https://www.immobiliare.it/annunci/127540574/,
127556714,"Stanza singola piazzale Veronica Gambara 9, Milano",690,€ 690/mese,4,2,100 m²,Piano rialzato,Assente,"cucina, connessione ad internet, lavatrice, bagno in comune, tv, aria condizionata, armadi",Piazzale Veronica Gambara,"Bande Nere, Inganni",Gambara,45.4644,9.1422,Fassi - Case che Valgono,02 8736 2520,32,https://www.immobiliare.it/annunci/127556714/,
126568395,"Stanza singola via Francesco De Sanctis 4, Milano",700,€ 700/mese,,,70 m²,5°,Centralizzato,"balcone, connessione ad internet, ripostiglio, lavatrice, lavastoviglie, tv",Via Francesco De Sanctis,"Abbiategrasso, Chiesa Rossa",Cermenate - Abbiategrasso,45.4362,9.18012,Privato/Nessuna,,11,https://www.immobiliare.it/annunci/126568395/,
126133025,"Stanza singola via Pietro Custodi 3, Milano",600,€ 600/mese,4,2,15 m²,2°,Assente,"ripostiglio, balcone, cucina, connessione ad internet, lavatrice, portineria",Via Pietro Custodi,Navigli,Corso San Gottardo,45.4515,9.1821,Servigo Real Estate - Agenzia Milano,02 8974 3015,13,https://www.immobiliare.it/annunci/126133025/,
118406887,"Stanza singola via Marcello Prestinari 3, Milano",610,€ 610/mese,5,2,110 m²,1°,Centralizzato,"balcone, ascensore, connessione ad internet, portineria, lavatrice, lavastoviglie, microonde, armadi, cucina",Via Marcello Prestinari,"Affori, Bovisa",Bovisa,45.5006,9.1665,Privato/Nessuna,,15,https://www.immobiliare.it/annunci/118406887/,
125986615,"Stanza singola piazzale Udine 8, Milano",670,€ 670/mese,5,2,25 m²,5°,Centralizzato,"ascensore, connessione ad internet, caminetto, ripostiglio, giardino, lavatrice, microonde, portineria, armadi, ingresso privato, cucina",Piazzale Udine,"Udine, Lambrate",Udine,45.4913,9.2374,Privato/Nessuna,,20,https://www.immobiliare.it/annunci/125986615/,
120854130,"Stanza singola via Vincenzo Rabolini 7, Milano",600,€ 600/mese,3,2,142 m²,5°,Assente,"ripostiglio, balcone, cucina, connessione ad internet, lavatrice, lavastoviglie, tv satellitare/pay tv, portineria, bagno privato, parquet, tv, aria condizionata, armadi",Via Vincenzo Rabolini,"Bicocca, Niguarda",Ca' Granda,45.505,9.2015,Immobiliare De Stefano,02 8127 3788,17,https://www.immobiliare.it/annunci/120854130/,
110920539,"Stanza singola via Garegnano 8, Milano",700,€ 700/mese,5,3+,140 m²,2 piani: da 2° a 3°,Autonomo,"balcone, terrazzo, connessione ad internet, giardino, caminetto, ripostiglio, lavatrice, lavastoviglie, bagno privato, armadi, cucina",Via Garegnano,"Uptown, Cascina Merlata, Viale Certosa",Musocco,45.501,9.12926,Privato/Nessuna,,20,https://www.immobiliare.it/annunci/110920539/,
126372035,"Stanza singola via Giovanni Battista Morgagni 37, Milano",600,€ 600/mese,5,2,15 m²,2°,Centralizzato,"balcone, ascensore, connessione ad internet, lavatrice, microonde, armadi, cucina",Via Giovanni Battista Morgagni,"Centrale, Repubblica",Morgagni,45.4785,9.21222,Privato/Nessuna,,3,https://www.immobiliare.it/annunci/126372035/,
122991570,"Stanza doppia via Mario Borsa 65, Milano",700,€ 700/mese,3,3,108 m²,6°,Centralizzato,"balcone, ascensore, connessione ad internet, microonde, lavatrice, armadi, tv, cucina",Via Mario Borsa,"San Siro, Trenno",Gallaratese,45.5035,9.09609,Privato/Nessuna,,20,https://www.immobiliare.it/annunci/122991570/,
126033041,"Stanza in affitto in appartamento via Pigello Portinari 2, Milano",650,€ 650/mese,1,1,20 m²,"2° piano, con ascensore",Centralizzato,"cucina, connessione ad internet, lavatrice, bagno in comune, tv, aria condizionata, armadi",Via Pigello Portinari,"Bicocca, Niguarda",Greco - Segnano,45.5026,9.2102,RE/MAX Plan 3,02 8736 4354,19,https://www.immobiliare.it/annunci/126033041/,
93760550,"Stanza singola via Sant'Alessandro Sauli 9, Milano",700,€ 700/mese,2,1,25 m²,3°,Centralizzato,"balcone, ascensore, ripostiglio, lavatrice, portineria, armadi, cucina",Via Sant'Alessandro Sauli,"Pasteur, Rovereto",Pasteur,45.491,9.21689,Privato/Nessuna,,8,https://www.immobiliare.it/annunci/93760550/,
127152971,"Stanza doppia via Riva di Trento 16, Milano",650,€ 650/mese,3,1,16 m²,1°,Centralizzato,"connessione ad internet, lavatrice, lavastoviglie, balcone, cucina",Via Riva di Trento,"Corvetto, Rogoredo",Corvetto,45.4379,9.2137,Privato/Nessuna,,5,https://www.immobiliare.it/annunci/127152971/,
127532880,"Stanza doppia viale Mar Jonio 9, Milano",350,€ 700/mese | € 350 a posto letto,2,1,44 m²,1°,Centralizzato,"balcone, ripostiglio, lavatrice, lavastoviglie, bagno privato, ingresso privato, armadi, tv, cucina",Viale Mar Jonio,"San Siro, Trenno",San Siro,45.475,9.1373,Privato/Nessuna,,6,https://www.immobiliare.it/annunci/127532880/,
120995876,"Stanza in affitto in appartamento via Eugenio Carpi 38, Milano",600,€ 600/mese,,,155 m²,1°,Autonomo,"aria condizionata, fibra ottica, esposizione esterna, impianto tv centralizzato, arredato",Via Eugenio Carpi 38,"Città Studi, Susa",Casoretto,45.4886,9.23323,Giovenzana Studio Immobiliare S.A.S.,02 3540 8929,43,https://www.immobiliare.it/annunci/120995876/,
120407848,"Stanza in affitto in appartamento via Eugenio Carpi 38, Milano",600,€ 600/mese,,,155 m²,2°,Autonomo,"aria condizionata, fibra ottica, esposizione esterna, impianto tv centralizzato, arredato",Via Eugenio Carpi 38,"Città Studi, Susa",Casoretto,45.4886,9.23323,Giovenzana Studio Immobiliare S.A.S.,02 3540 8929,48,https://www.immobiliare.it/annunci/120407848/,
127614336,"Stanza singola Alzaia Naviglio Pavese 254, Milano",650,€ 650/mese,2,1,16 m²,Piano terra,Autonomo,"connessione ad internet, lavatrice, bagno privato, tv, ingresso privato, armadi, cucina",Alzaia Naviglio Pavese,"Famagosta, Barona",Cantalupa - San Paolo,45.4273,9.16983,Privato/Nessuna,,20,https://www.immobiliare.it/annunci/127614336/,
127502142,"Stanza doppia via Pompeo Mariani 6, Milano",700,€ 700/mese,2,1,60 m²,2°,Autonomo,cucina,Via Pompeo Mariani,"Cimiano, Crescenzago, Adriano",Ponte Nuovo,45.5107,9.23214,Privato/Nessuna,,12,https://www.immobiliare.it/annunci/127502142/,
126384921,"Stanza singola corso Buenos Aires 77, Milano",650,€ 650/mese,5,3+,120 m²,4°,Assente,"ripostiglio, balcone, cucina, lavatrice, microonde, tv satellitare/pay tv, portineria, bagno privato, tv, aria condizionata, armadi",Corso Buenos Aires,"Centrale, Repubblica",Buenos Aires,45.4852,9.2155,Maxre.it,02 8736 4247,29,https://www.immobiliare.it/annunci/126384921/,
126956067,"Stanza singola Bisceglie, Milano",600,€ 600/mese,2,1,70 m²,1°,Centralizzato,"connessione ad internet, ripostiglio, lavatrice, microonde, portineria, ascensore, giardino, tv, armadi, cucina",Via Mar Nero,"Bisceglie, Baggio, Olmi",Bisceglie,45.4575,9.10491,Privato/Nessuna,,20,https://www.immobiliare.it/annunci/126956067/,
126921113,"Stanza singola via Francesco De Sanctis 51, Milano",600,€ 600/mese,3,1,20 m²,1°,Assente,"cucina, lavatrice, aria condizionata",Via Francesco De Sanctis,"Abbiategrasso, Chiesa Rossa",Cermenate - Abbiategrasso,45.4362,9.1814,Lincs Estate Srl,02 3540 8952,12,https://www.immobiliare.it/annunci/126921113/,
126021613,"Stanza in affitto in appartamento via Corrado II il Salico, Milano",700,€ 700/mese,1,1,22 m²,1° piano,Autonomo,"cancello elettrico, fibra ottica, esposizione interna, impianto tv centralizzato, arredato",via Corrado II il Salico,"Ripamonti, Vigentino",Ripamonti - Fondazione Prada,45.4413,9.19221,FirstHome,02 3540 6614,23,https://www.immobiliare.it/annunci/126021613/,
126916693,"Stanza in affitto in appartamento via Fratelli Fraschini, Milano",595,€ 595/mese,5+,3,136 m²,3°,Autonomo,"fibra ottica, porta blindata, esposizione esterna, impianto tv centralizzato",Via Fratelli Fraschini,"Abbiategrasso, Chiesa Rossa",Gratosoglio,45.4173,9.17974,Spacest.com by Roomless,02 8974 1955,32,https://www.immobiliare.it/annunci/126916693/,
126476399,"Stanza singola Turro, Milano",700,€ 700/mese,3,1,20 m²,4°,Assente,"balcone, aria condizionata",Viale Monza 120,"Precotto, Turro",Turro,45.5005,9.2212,TEMPOCASA Milano Turro Gorla,02 5964 6397,33,https://www.immobiliare.it/annunci/126476399/,
122929046,"Stanza doppia viale Giovanni Suzzani 12, Milano",650,€ 650/mese,5,1,24 m²,1°,Centralizzato,"terrazzo, ascensore, connessione ad internet, ripostiglio, lavatrice, lavastoviglie, microonde, tv, armadi, cucina",Viale Giovanni Suzzani,"Bicocca, Niguarda",Ca' Granda,45.5052,9.19737,Privato/Nessuna,,6,https://www.immobiliare.it/annunci/122929046/,
125670025,"Stanza doppia via Grivola 9, Milano",650,€ 650/mese,3,1,14 m²,3°,Assente,"ripostiglio, balcone, terrazzo, cucina, lavatrice, bagno in comune",Via Grivola,"Bicocca, Niguarda",Niguarda,45.5177,9.1935,Il Punto Realty S.R.L.,02 3655 2528,22,https://www.immobiliare.it/annunci/125670025/,
126310029,"Stanza in affitto in casa indipendente piazzale Biancamano, 1, Milano",610,€ 610/mese,1,3,14 m²,"3° piano, con ascensore",Centralizzato,"aria condizionata, porta blindata, balcone, arredato","piazzale Biancamano, 1","Arco della Pace, Arena, Pagano",Arena,45.4783,9.18053,Studio 15 Soluzioni Immobiliari Srl,02 3540 5769,18,https://www.immobiliare.it/annunci/126310029/,
127295955,"Stanza singola via Eugenio Carpi 4, Milano",700,€ 700/mese,3,2,20 m²,6°,Centralizzato,"balcone, ascensore, connessione ad internet, ripostiglio, lavatrice, lavastoviglie, microonde, portineria, armadi, cucina",Via Eugenio Carpi,"Città Studi, Susa",Casoretto,45.4863,9.23361,Privato/Nessuna,,10,https://www.immobiliare.it/annunci/127295955/,
127400907,"Stanza singola via Tito Livio 35, Milano",625,€ 625/mese,,,15 m²,4°,Assente,"balcone, cucina, connessione ad internet, lavatrice, microonde, tv satellitare/pay tv, bagno in comune, tv, armadi",Via Tito Livio,"Porta Vittoria, Lodi",Martini - Insubria,45.4506,9.22,Investitalia,02 5964 3746,9,https://www.immobiliare.it/annunci/127400907/,
126958595,"Stanza in affitto in appartamento viale Legioni Romane, Milano",700,€ 700/mese,5+,3,171 m²,3°,Autonomo,"fibra ottica, porta blindata, esposizione esterna, impianto tv centralizzato",Viale Legioni Romane,"Bande Nere, Inganni",Bande Nere,45.4597,9.13124,Spacest.com by Roomless,02 8974 1955,7,https://www.immobiliare.it/annunci/126958595/,
127103035,"Stanza singola via Temperanza 5, Milano",675,€ 675/mese,4,1,18 m²,3°,Autonomo,"caminetto, connessione ad internet, ripostiglio, lavatrice, lavastoviglie, microonde, ascensore, ingresso privato, armadi, accesso per disabili, bagno per disabili, cucina",Via Temperanza,"Pasteur, Rovereto",Pasteur,45.4902,9.22038,Privato/Nessuna,,18,https://www.immobiliare.it/annunci/127103035/,
114265387,"Stanza singola viale Monza 177, Milano",700,€ 700/mese,2,,33 m²,5°,Assente,"balcone, cucina, connessione ad internet, lavatrice, microonde, portineria, bagno in comune, armadi",Viale Monza,"Precotto, Turro",Gorla,45.504,9.2219,Studio Habitat,02 9994 8936,10,https://www.immobiliare.it/annunci/114265387/,
126951027,"Stanza in affitto in appartamento via Giovanni Paisiello, Milano",590,€ 590/mese,4,1,86 m²,"3°, con ascensore",Autonomo,"fibra ottica, porta blindata, esposizione esterna, impianto tv centralizzato",Via Giovanni Paisiello,"Città Studi, Susa",Città Studi,45.4813,9.21732,Spacest.com by Roomless,02 8974 1955,8,https://www.immobiliare.it/annunci/126951027/,
127160285,"Stanza singola viale Lombardia 12, Milano",700,€ 700/mese,4,1,20 m²,3°,Centralizzato,"balcone, ascensore, connessione ad internet, lavatrice, microonde, portineria, armadi, cucina",Viale Lombardia,"Città Studi, Susa",Città Studi,45.4821,9.22378,Privato/Nessuna,,8,https://www.immobiliare.it/annunci/127160285/,
124195993,"Stanza singola via Gerolamo Forni 48, Milano",620,€ 620/mese,4,1,30 m²,4°,Centralizzato,"ascensore, connessione ad internet, ripostiglio, lavatrice, lavastoviglie, microonde, portineria, cucina",Via Gerolamo Forni,"Affori, Bovisa",Comasina,45.5257,9.16673,Privato/Nessuna,,8,https://www.immobiliare.it/annunci/124195993/,
110970033,"Stanza singola via Sangallo 9, Milano",700,€ 700/mese,3,1,90 m²,2°,Assente,"balcone, cucina, connessione ad internet, lavatrice, microonde, bagno in comune, aria condizionata, armadi",Via Sangallo,"Città Studi, Susa",Città Studi,45.47,9.229,Punto Casa Consulenze Immobiliari s.r.l.,02 3540 6588,8,https://www.immobiliare.it/annunci/110970033/,
127484216,"Stanza singola via Andrea Pellizzone 13, Milano",690,€ 690/mese,1,1,9 m²,1°,Assente,"terrazzo, cucina, connessione ad internet, lavatrice, lavastoviglie, microonde, portineria, bagno privato",Via Andrea Pellizzone,"Città Studi, Susa",Città Studi,45.469,9.2261,Ratti Real Estate,02 8127 3521,4,https://www.immobiliare.it/annunci/127484216/,
127514028,"Stanza in affitto in appartamento via Soperga, Milano",625,€ 625/mese,5,2,115 m²,"3°, con ascensore",Autonomo,"fibra ottica, porta blindata, esposizione esterna, impianto tv centralizzato",VIA SOPERGA,"Pasteur, Rovereto",Pasteur,45.4913,9.21277,Spacest.com by Roomless,02 8974 1955,16,https://www.immobiliare.it/annunci/127514028/,
127462746,"Stanza in affitto in appartamento via Privata Poggibonsi, Milano",670,€ 670/mese,5,2,15 m²,"5°, con ascensore",Autonomo,"fibra ottica, porta blindata, esposizione esterna, impianto tv centralizzato",Via Privata Poggibonsi,"Bande Nere, Inganni",Gambara,45.4666,9.13984,Spacest.com by Roomless,02 8974 1955,28,https://www.immobiliare.it/annunci/127462746/,
127384313,"Stanza in affitto in appartamento via Padova, Milano",630,€ 630/mese,5+,2,140 m²,1°,Autonomo,"fibra ottica, porta blindata, esposizione esterna, balcone, impianto tv centralizzato",Via Padova,"Cimiano, Crescenzago, Adriano",Crescenzago,45.5038,9.24052,Spacest.com by Roomless,02 8974 1955,19,https://www.immobiliare.it/annunci/127384313/,
127201251,"Stanza in affitto in appartamento via Nicola Piccinni, Milano",685,€ 685/mese,4,2,92 m²,"4°, con ascensore",Autonomo,"fibra ottica, porta blindata, esposizione esterna, impianto tv centralizzato",Via Nicola Piccinni,"Centrale, Repubblica",Buenos Aires,45.4827,9.21566,Spacest.com by Roomless,02 8974 1955,18,https://www.immobiliare.it/annunci/127201251/,
127602604,"Stanza in affitto in appartamento via Valsugana, Milano",615,€ 615/mese,5,2,15 m²,"8°, con ascensore",Autonomo,"fibra ottica, porta blindata, esposizione esterna, impianto tv centralizzato",Via Valsugana,"Ripamonti, Vigentino",Ripamonti - Fondazione Prada,45.4441,9.21026,Spacest.com by Roomless,02 8974 1955,20,https://www.immobiliare.it/annunci/127602604/,
127602164,"Stanza in affitto in appartamento via Eugenio Donadoni, Milano",630,€ 630/mese,5,1,100 m²,1°,Autonomo,"fibra ottica, porta blindata, esposizione esterna, balcone, impianto tv centralizzato",Via Eugenio Donadoni,"San Siro, Trenno",Gallaratese,45.4902,9.11939,Spacest.com by Roomless,02 8974 1955,17,https://www.immobiliare.it/annunci/127602164/,
127569768,"Stanza in affitto in appartamento via Monzambano, Milano",630,€ 630/mese,2,1,67 m²,1°,Autonomo,"fibra ottica, porta blindata, esposizione esterna, impianto tv centralizzato",Via Monzambano,"Affori, Bovisa",Dergano,45.5046,9.18644,Spacest.com by Roomless,02 8974 1955,12,https://www.immobiliare.it/annunci/127569768/,
127541548,"Stanza in affitto in appartamento via Giovanni Schiaparelli, Milano",630,€ 630/mese,5,2,119 m²,1°,Autonomo,"fibra ottica, porta blindata, esposizione esterna, impianto tv centralizzato",Via Giovanni Schiaparelli,"Centrale, Repubblica",Centrale,45.4905,9.20305,Spacest.com by Roomless,02 8974 1955,25,https://www.immobiliare.it/annunci/127541548/,
127514030,"Stanza in affitto in appartamento via dei Fontanili, Milano",595,€ 595/mese,5+,3+,445 m²,1°,Autonomo,"fibra ottica, porta blindata, esposizione esterna, impianto tv centralizzato",Via dei Fontanili,"Ripamonti, Vigentino",Ripamonti - Fondazione Prada,45.4425,9.18863,Spacest.com by Roomless,02 8974 1955,45,https://www.immobiliare.it/annunci/127514030/,
127513784,"Stanza in affitto in appartamento via Giotto, Milano",640,€ 640/mese,5+,2,175 m²,7°,Autonomo,"fibra ottica, porta blindata, esposizione esterna, balcone, impianto tv centralizzato",Via Giotto,"Solari, Washington",Vercelli - Wagner,45.4674,9.15891,Spacest.com by Roomless,02 8974 1955,18,https://www.immobiliare.it/annunci/127513784/,
127462800,"Stanza in affitto in appartamento corso Vercelli, Milano",690,€ 690/mese,5,2,130 m²,"1°, con ascensore",Autonomo,"fibra ottica, porta blindata, esposizione esterna, impianto tv centralizzato",Corso Vercelli,"Solari, Washington",Vercelli - Wagner,45.4663,9.16153,Spacest.com by Roomless,02 8974 1955,22,https://www.immobiliare.it/annunci/127462800/,
127414853,"Stanza in affitto in appartamento via Angelo de Gasperis, Milano",680,€ 680/mese,5+,2,90 m²,1°,Autonomo,"fibra ottica, porta blindata, esposizione esterna, impianto tv centralizzato",Via Angelo de Gasperis,"Bicocca, Niguarda",Ca' Granda,45.5074,9.19424,Spacest.com by Roomless,02 8974 1955,21,https://www.immobiliare.it/annunci/127414853/,
127326275,"Stanza in affitto in appartamento via Mauro Macchi, Milano",615,€ 615/mese,5+,2,138 m²,3°,Autonomo,"fibra ottica, porta blindata, esposizione esterna, impianto tv centralizzato",Via Mauro Macchi,"Centrale, Repubblica",Centrale,45.4811,9.20398,Spacest.com by Roomless,02 8974 1955,26,https://www.immobiliare.it/annunci/127326275/,
127121123,"Stanza in affitto in appartamento viale Nazario Sauro, Milano",590,€ 590/mese,5+,3,15 m²,"2°, con ascensore",Autonomo,"fibra ottica, porta blindata, esposizione esterna, impianto tv centralizzato",Viale Nazario Sauro,"Maggiolina, Istria",Maggiolina,45.4915,9.19756,Spacest.com by Roomless,02 8974 1955,26,https://www.immobiliare.it/annunci/127121123/,
127602366,"Stanza in affitto in appartamento via Nicola Piccinni, Milano",685,€ 685/mese,4,2,92 m²,"4°, con ascensore",Autonomo,"fibra ottica, porta blindata, esposizione esterna, impianto tv centralizzato",Via Nicola Piccinni,"Centrale, Repubblica",Buenos Aires,45.4827,9.21566,Spacest.com by Roomless,02 8974 1955,18,https://www.immobiliare.it/annunci/127602366/,
127541690,"Stanza in affitto in appartamento via Salvatore Barzilai, Milano",665,€ 665/mese,5,1,87 m²,"7°, con ascensore",Autonomo,"fibra ottica, porta blindata, esposizione esterna, impianto tv centralizzato",Via Salvatore Barzilai,"Bande Nere, Inganni",Lorenteggio,45.4517,9.14007,Spacest.com by Roomless,02 8974 1955,26,https://www.immobiliare.it/annunci/127541690/,
127541396,"Stanza in affitto in appartamento viale Tunisia, Milano",625,€ 625/mese,5+,3,174 m²,"4°, con ascensore",Autonomo,"fibra ottica, porta blindata, esposizione esterna, impianto tv centralizzato",Viale Tunisia,"Porta Venezia, Indipendenza",Porta Venezia,45.4773,9.20508,Spacest.com by Roomless,02 8974 1955,15,https://www.immobiliare.it/annunci/127541396/,
127504632,"Stanza in affitto in appartamento via Pasquale Fornari, Milano",615,€ 615/mese,4,1,59 m²,5°,Autonomo,"fibra ottica, porta blindata, esposizione esterna, impianto tv centralizzato",Via Pasquale Fornari,"Bande Nere, Inganni",Gambara,45.4623,9.14434,Spacest.com by Roomless,02 8974 1955,27,https://www.immobiliare.it/annunci/127504632/,
127602346,"Stanza in affitto in appartamento via Bartolomeo D'Alviano, Milano",685,€ 685/mese,5,1,79 m²,1°,Autonomo,"fibra ottica, porta blindata, esposizione esterna, impianto tv centralizzato",Via Bartolomeo D'Alviano,"Bande Nere, Inganni",Lorenteggio,45.4547,9.14028,Spacest.com by Roomless,02 8974 1955,23,https://www.immobiliare.it/annunci/127602346/,
127541588,"Stanza in affitto in appartamento viale Carlo Espinasse, Milano",600,€ 600/mese,4,1,82 m²,"3°, con ascensore",Autonomo,"fibra ottica, porta blindata, esposizione esterna, impianto tv centralizzato",Viale Carlo Espinasse,"Uptown, Cascina Merlata, Viale Certosa",Certosa,45.4945,9.14426,Spacest.com by Roomless,02 8974 1955,14,https://www.immobiliare.it/annunci/127541588/,
127490416,"Stanza in affitto in appartamento via Angelo Mauri, Milano",665,€ 665/mese,5+,2,140 m²,"1°, con ascensore",Autonomo,"fibra ottica, porta blindata, esposizione esterna, impianto tv centralizzato",Via Angelo Mauri,"Solari, Washington",Vercelli - Wagner,45.4658,9.16159,Spacest.com by Roomless,02 8974 1955,14,https://www.immobiliare.it/annunci/127490416/,
127462658,"Stanza in affitto in appartamento viale Tibaldi, Milano",645,€ 645/mese,4,1,75 m²,1°,Autonomo,"fibra ottica, porta blindata, esposizione esterna, impianto tv centralizzato",Viale Tibaldi,"Abbiategrasso, Chiesa Rossa",Pezzotti - Meda,45.4434,9.17731,Spacest.com by Roomless,02 8974 1955,14,https://www.immobiliare.it/annunci/127462658/,
127355609,"Stanza in affitto in appartamento via Carlo Imbonati, Milano",685,€ 685/mese,5+,3+,15 m²,1°,Autonomo,"fibra ottica, porta blindata, esposizione esterna, impianto tv centralizzato",Via Carlo Imbonati,"Affori, Bovisa",Dergano,45.5012,9.18211,Spacest.com by Roomless,02 8974 1955,35,https://www.immobiliare.it/annunci/127355609/,
127317247,"Stanza in affitto in appartamento via Privata Umberto Fracchia, Milano",695,€ 695/mese,5,1,100 m²,1°,Autonomo,"fibra ottica, porta blindata, esposizione esterna, balcone, impianto tv centralizzato",Via Privata Umberto Fracchia,"Maggiolina, Istria",Maggiolina,45.4997,9.20184,Spacest.com by Roomless,02 8974 1955,22,https://www.immobiliare.it/annunci/127317247/,
127037491,"Stanza singola piazza Schiavone 8, Milano",620,€ 620/mese,2,1,65 m²,8°,Assente,"ripostiglio, cucina, lavatrice, lavastoviglie, microonde, bagno in comune, attacco telefonico, aria condizionata, armadi",Piazza Schiavone,"Affori, Bovisa",Bovisa,45.5,9.1649,Simo Immobiliare,02 5964 5269,25,https://www.immobiliare.it/annunci/127037491/,
127304009,"Stanza in affitto in appartamento viale Legioni Romane, Milano",600,€ 600/mese,5,2,105 m²,1°,Autonomo,"fibra ottica, porta blindata, esposizione esterna, impianto tv centralizzato",Viale Legioni Romane,"Bande Nere, Inganni",Bande Nere,45.4597,9.13124,Spacest.com by Roomless,02 8974 1955,10,https://www.immobiliare.it/annunci/127304009/,
127602338,"Stanza in affitto in appartamento via Valsugana, Milano",615,€ 615/mese,5,2,15 m²,"8°, con ascensore",Autonomo,"fibra ottica, porta blindata, esposizione esterna, impianto tv centralizzato",Via Valsugana,"Ripamonti, Vigentino",Ripamonti - Fondazione Prada,45.4441,9.21026,Spacest.com by Roomless,02 8974 1955,20,https://www.immobiliare.it/annunci/127602338/,
127570032,"Stanza in affitto in appartamento via Vincenzo Foppa, Milano",630,€ 630/mese,4,1,67 m²,"1°, con ascensore",Autonomo,"fibra ottica, porta blindata, esposizione esterna, impianto tv centralizzato",Via Vincenzo Foppa,"Solari, Washington",Dezza,45.4575,9.1592,Spacest.com by Roomless,02 8974 1955,18,https://www.immobiliare.it/annunci/127570032/,
127541532,"Stanza in affitto in appartamento corso Vercelli, Milano",675,€ 675/mese,5+,2,137 m²,"2°, con ascensore",Autonomo,"fibra ottica, porta blindata, esposizione esterna, impianto tv centralizzato",Corso Vercelli,"Solari, Washington",Vercelli - Wagner,45.4663,9.16153,Spacest.com by Roomless,02 8974 1955,41,https://www.immobiliare.it/annunci/127541532/,
127513724,"Stanza in affitto in appartamento via Gustavo Modena, Milano",660,€ 660/mese,5,1,127 m²,1°,Autonomo,"fibra ottica, porta blindata, esposizione esterna, impianto tv centralizzato",Via Gustavo Modena,"Porta Venezia, Indipendenza",Indipendenza,45.4706,9.21677,Spacest.com by Roomless,02 8974 1955,17,https://www.immobiliare.it/annunci/127513724/,
127356093,"Stanza in affitto in appartamento via Francesco Caracciolo, Milano",610,€ 610/mese,5+,3,250 m²,1°,Autonomo,"fibra ottica, porta blindata, esposizione esterna, impianto tv centralizzato",Via Francesco Caracciolo,"Uptown, Cascina Merlata, Viale Certosa",Ghisolfa - Mac Mahon,45.4925,9.16275,Spacest.com by Roomless,02 8974 1955,40,https://www.immobiliare.it/annunci/127356093/,
127141351,"Stanza in affitto in appartamento via Giuseppe Bruschetti, Milano",670,€ 670/mese,4,1,81 m²,"1°, con ascensore",Autonomo,"fibra ottica, porta blindata, esposizione esterna, impianto tv centralizzato",Via Giuseppe Bruschetti,"Maggiolina, Istria",Cascina dei Pomi,45.4926,9.20803,Spacest.com by Roomless,02 8974 1955,32,https://www.immobiliare.it/annunci/127141351/,
127570250,"Stanza in affitto in appartamento via Sant'Anatalone, Milano",645,€ 645/mese,2,1,96 m²,1°,Autonomo,"fibra ottica, porta blindata, esposizione esterna, impianto tv centralizzato",Via Sant'Anatalone,"Bande Nere, Inganni",Inganni,45.4474,9.12519,Spacest.com by Roomless,02 8974 1955,16,https://www.immobiliare.it/annunci/127570250/,
127513922,"Stanza in affitto in appartamento via Salvatore Barzilai, Milano",665,€ 665/mese,5,1,87 m²,"7°, con ascensore",Autonomo,"fibra ottica, porta blindata, esposizione esterna, impianto tv centralizzato",Via Salvatore Barzilai,"Bande Nere, Inganni",Lorenteggio,45.4517,9.14007,Spacest.com by Roomless,02 8974 1955,26,https://www.immobiliare.it/annunci/127513922/,
127355703,"Stanza in affitto in appartamento via Intra, Milano",680,€ 680/mese,5+,2,140 m²,1°,Autonomo,"fibra ottica, porta blindata, esposizione esterna, impianto tv centralizzato",Via Intra,"Maggiolina, Istria",Maggiolina,45.5017,9.19935,Spacest.com by Roomless,02 8974 1955,16,https://www.immobiliare.it/annunci/127355703/,
127141335,"Stanza in affitto in appartamento piazza Sant'Agostino, Milano",645,€ 645/mese,5+,2,157 m²,4°,Autonomo,"fibra ottica, porta blindata, esposizione esterna, balcone, impianto tv centralizzato",Piazza Sant'Agostino,"Genova, Ticinese",Corso Genova,45.4582,9.17012,Spacest.com by Roomless,02 8974 1955,24,https://www.immobiliare.it/annunci/127141335/,
127317709,"Stanza in affitto in appartamento via Salvatore Barzilai, Milano",700,€ 700/mese,5,1,88 m²,"6°, con ascensore",Autonomo,"fibra ottica, porta blindata, esposizione esterna, impianto tv centralizzato",Via Salvatore Barzilai,"Bande Nere, Inganni",Lorenteggio,45.4523,9.13914,Spacest.com by Roomless,02 8974 1955,20,https://www.immobiliare.it/annunci/127317709/,
127569782,"Stanza in affitto in appartamento viale Enrico Forlanini, Milano",690,€ 690/mese,4,1,65 m²,1°,Autonomo,"fibra ottica, porta blindata, esposizione esterna, balcone, impianto tv centralizzato",Viale Enrico Forlanini,Forlanini,Quartiere Forlanini,45.4618,9.24356,Spacest.com by Roomless,02 8974 1955,22,https://www.immobiliare.it/annunci/127569782/,
127504536,"Stanza in affitto in appartamento via Gustavo Modena, Milano",645,€ 645/mese,5,1,127 m²,1°,Autonomo,"fibra ottica, porta blindata, esposizione esterna, impianto tv centralizzato",Via Gustavo Modena,"Porta Venezia, Indipendenza",Indipendenza,45.4706,9.21677,Spacest.com by Roomless,02 8974 1955,18,https://www.immobiliare.it/annunci/127504536/,
127385139,"Stanza in affitto in appartamento via Angelo Mauri, Milano",665,€ 665/mese,5+,2,140 m²,"1°, con ascensore",Autonomo,"fibra ottica, porta blindata, esposizione esterna, impianto tv centralizzato",Via Angelo Mauri,"Solari, Washington",Vercelli - Wagner,45.4658,9.16159,Spacest.com by Roomless,02 8974 1955,14,https://www.immobiliare.it/annunci/127385139/,
127384569,"Stanza in affitto in appartamento via Sant'Anatalone, Milano",620,€ 620/mese,2,1,96 m²,1°,Autonomo,"fibra ottica, porta blindata, esposizione esterna, impianto tv centralizzato",Via Sant'Anatalone,"Bande Nere, Inganni",Inganni,45.4474,9.12519,Spacest.com by Roomless,02 8974 1955,20,https://www.immobiliare.it/annunci/127384569/,
127355579,"Stanza in affitto in appartamento via Andrea Solari, Milano",640,€ 640/mese,5+,2,138 m²,"1°, con ascensore",Autonomo,"fibra ottica, porta blindata, esposizione esterna, impianto tv centralizzato",Via Andrea Solari,"Solari, Washington",Solari,45.4529,9.15615,Spacest.com by Roomless,02 8974 1955,24,https://www.immobiliare.it/annunci/127355579/,
127303699,"Stanza in affitto in appartamento via Ettore Ponti, Milano",650,€ 650/mese,5,2,80 m²,1°,Autonomo,"fibra ottica, porta blindata, esposizione esterna, impianto tv centralizzato",Via Ettore Ponti,"Famagosta, Barona",Barona,45.4422,9.15399,Spacest.com by Roomless,02 8974 1955,11,https://www.immobiliare.it/annunci/127303699/,
127504688,"Stanza in affitto in appartamento via Ettore Ponti, Milano",625,€ 625/mese,4,2,15 m²,1°,Autonomo,"fibra ottica, porta blindata, esposizione esterna, impianto tv centralizzato",Via Ettore Ponti,"Famagosta, Barona",Barona,45.4421,9.154,Spacest.com by Roomless,02 8974 1955,13,https://www.immobiliare.it/annunci/127504688/,
127355515,"Stanza in affitto in appartamento via dei Ciclamini, Milano",690,€ 690/mese,5,2,15 m²,2°,Autonomo,"fibra ottica, porta blindata, esposizione esterna, impianto tv centralizzato",Via dei Ciclamini,"Bande Nere, Inganni",Primaticcio,45.457,9.1275,Spacest.com by Roomless,02 8974 1955,10,https://www.immobiliare.it/annunci/127355515/,
127326467,"Stanza in affitto in appartamento via Innocenzo Isimbardi, Milano",600,€ 600/mese,5,2,15 m²,1°,Autonomo,"fibra ottica, porta blindata, esposizione esterna, impianto tv centralizzato",Via Innocenzo Isimbardi,"Abbiategrasso, Chiesa Rossa",Cermenate - Abbiategrasso,45.4343,9.18072,Spacest.com by Roomless,02 8974 1955,30,https://www.immobiliare.it/annunci/127326467/,
127326335,"Stanza in affitto in appartamento via Pordenone, Milano",615,€ 615/mese,5,2,15 m²,"2°, con ascensore",Autonomo,"fibra ottica, porta blindata, esposizione esterna, impianto tv centralizzato",Via Pordenone,"Udine, Lambrate",Udine,45.4901,9.23447,Spacest.com by Roomless,02 8974 1955,19,https://www.immobiliare.it/annunci/127326335/,
127317493,"Stanza in affitto in appartamento via Giorgio Briano, Milano",620,€ 620/mese,4,1,90 m²,1°,Autonomo,"fibra ottica, porta blindata, esposizione esterna, impianto tv centralizzato",Via Giorgio Briano,"Abbiategrasso, Chiesa Rossa",Pezzotti - Meda,45.4387,9.18289,Spacest.com by Roomless,02 8974 1955,34,https://www.immobiliare.it/annunci/127317493/,
127141333,"Stanza in affitto in appartamento via Orti, Milano",600,€ 600/mese,5+,2,197 m²,1°,Autonomo,"fibra ottica, porta blindata, esposizione esterna, impianto tv centralizzato",Via Orti,"Quadronno, Palestro, Guastalla",Quadronno - Crocetta,45.4555,9.20183,Spacest.com by Roomless,02 8974 1955,16,https://www.immobiliare.it/annunci/127141333/,
127646784,"Stanza in affitto in appartamento via Valsugana, Milano",595,€ 595/mese,5,2,15 m²,"8°, con ascensore",Autonomo,"fibra ottica, porta blindata, esposizione esterna, impianto tv centralizzato",Via Valsugana,"Ripamonti, Vigentino",Ripamonti - Fondazione Prada,45.4441,9.21026,Spacest.com by Roomless,02 8974 1955,21,https://www.immobiliare.it/annunci/127646784/,
127602418,"Stanza in affitto in appartamento via Sant'Anatalone, Milano",700,€ 700/mese,2,1,96 m²,1°,Autonomo,"fibra ottica, porta blindata, esposizione esterna, impianto tv centralizzato",Via Sant'Anatalone,"Bande Nere, Inganni",Inganni,45.4474,9.12519,Spacest.com by Roomless,02 8974 1955,17,https://www.immobiliare.it/annunci/127602418/,
127513942,"Stanza in affitto in appartamento via Luigi Mercantini, Milano",700,€ 700/mese,4,1,55 m²,1°,Autonomo,"fibra ottica, porta blindata, esposizione esterna, impianto tv centralizzato",Via Luigi Mercantini,"Affori, Bovisa",Bovisa,45.5015,9.16316,Spacest.com by Roomless,02 8974 1955,17,https://www.immobiliare.it/annunci/127513942/,
127414835,"Stanza in affitto in appartamento via Giuseppe Bruschetti, Milano",675,€ 675/mese,4,1,105 m²,"2°, con ascensore",Autonomo,"fibra ottica, porta blindata, esposizione esterna, impianto tv centralizzato",Via Giuseppe Bruschetti,"Maggiolina, Istria",Cascina dei Pomi,45.4926,9.20803,Spacest.com by Roomless,02 8974 1955,19,https://www.immobiliare.it/annunci/127414835/,
127303363,"Stanza in affitto in appartamento via Privata Giovanni Meli, Milano",665,€ 665/mese,4,1,90 m²,4°,Autonomo,"fibra ottica, porta blindata, esposizione esterna, balcone, impianto tv centralizzato",Via Privata Giovanni Meli,"Cimiano, Crescenzago, Adriano",Crescenzago,45.5053,9.24038,Spacest.com by Roomless,02 8974 1955,22,https://www.immobiliare.it/annunci/127303363/,
127275119,"Stanza in affitto in appartamento via Felice Bellotti, Milano",635,€ 635/mese,5+,3,161 m²,"2°, con ascensore",Autonomo,"fibra ottica, porta blindata, esposizione esterna, impianto tv centralizzato",Via Felice Bellotti,"Porta Venezia, Indipendenza",Piave - Tricolore,45.4708,9.20835,Spacest.com by Roomless,02 8974 1955,20,https://www.immobiliare.it/annunci/127275119/,
127275099,"Stanza in affitto in appartamento via Salvatore Barzilai, Milano",600,€ 600/mese,4,1,74 m²,"3°, con ascensore",Autonomo,"fibra ottica, porta blindata, esposizione esterna, impianto tv centralizzato",Via Salvatore Barzilai,"Bande Nere, Inganni",Lorenteggio,45.4529,9.13928,Spacest.com by Roomless,02 8974 1955,31,https://www.immobiliare.it/annunci/127275099/,
127169335,"Stanza in affitto in appartamento via Annibale Caretta, Milano",600,€ 600/mese,5+,3+,369 m²,4°,Autonomo,"fibra ottica, porta blindata, esposizione esterna, balcone, impianto tv centralizzato",Via Annibale Caretta,"Centrale, Repubblica",Buenos Aires,45.4852,9.21602,Spacest.com by Roomless,02 8974 1955,23,https://www.immobiliare.it/annunci/127169335/,
127570082,"Stanza in affitto in appartamento via Privata Moncalvo, Milano",630,€ 630/mese,4,1,75 m²,"2°, con ascensore",Autonomo,"fibra ottica, porta blindata, esposizione esterna, impianto tv centralizzato",Via Privata Moncalvo,"Bande Nere, Inganni",Gambara,45.463,9.14258,Spacest.com by Roomless,02 8974 1955,25,https://www.immobiliare.it/annunci/127570082/,
127513716,"Stanza in affitto in appartamento viale Sarca, Milano",700,€ 700/mese,2,1,110 m²,1°,Autonomo,"fibra ottica, porta blindata, esposizione esterna, impianto tv centralizzato",Viale Sarca,"Bicocca, Niguarda",Greco - Segnano,45.5082,9.2047,Spacest.com by Roomless,02 8974 1955,12,https://www.immobiliare.it/annunci/127513716/,
127414505,"Stanza in affitto in appartamento via Padova, Milano",660,€ 660/mese,5+,2,140 m²,1°,Autonomo,"fibra ottica, porta blindata, esposizione esterna, balcone, impianto tv centralizzato",Via Padova,"Cimiano, Crescenzago, Adriano",Crescenzago,45.5038,9.24052,Spacest.com by Roomless,02 8974 1955,20,https://www.immobiliare.it/annunci/127414505/,
127384605,"Stanza in affitto in appartamento viale Nazario Sauro, Milano",590,€ 590/mese,5+,3,15 m²,"2°, con ascensore",Autonomo,"fibra ottica, porta blindata, esposizione esterna, impianto tv centralizzato",Viale Nazario Sauro,"Maggiolina, Istria",Maggiolina,45.4915,9.19756,Spacest.com by Roomless,02 8974 1955,26,https://www.immobiliare.it/annunci/127384605/,
127326349,"Stanza in affitto in appartamento via Saverio Mercadante, Milano",690,€ 690/mese,5,2,113 m²,"1°, con ascensore",Autonomo,"fibra ottica, porta blindata, esposizione esterna, impianto tv centralizzato",Via Saverio Mercadante,"Centrale, Repubblica",Buenos Aires,45.4841,9.21355,Spacest.com by Roomless,02 8974 1955,28,https://www.immobiliare.it/annunci/127326349/,
127201249,"Stanza in affitto in appartamento via Francesco de Sanctis, Milano",605,€ 605/mese,5,2,138 m²,"1°, con ascensore",Autonomo,"fibra ottica, porta blindata, esposizione esterna, impianto tv centralizzato",Via Francesco de Sanctis,"Abbiategrasso, Chiesa Rossa",Cermenate - Abbiategrasso,45.436,9.18437,Spacest.com by Roomless,02 8974 1955,25,https://www.immobiliare.it/annunci/127201249/,
127303977,"Stanza in affitto in appartamento via Guercino, Milano",685,€ 685/mese,5+,2,166 m²,"4°, con ascensore",Autonomo,"fibra ottica, porta blindata, esposizione esterna, impianto tv centralizzato",Via Guercino,"Cenisio, Sarpi, Isola",Paolo Sarpi,45.4804,9.18014,Spacest.com by Roomless,02 8974 1955,13,https://www.immobiliare.it/annunci/127303977/,
127490490,"Stanza in affitto in appartamento via Angelo de Gasperis, Milano",645,€ 645/mese,5+,2,90 m²,1°,Autonomo,"fibra ottica, porta blindata, esposizione esterna, impianto tv centralizzato",Via Angelo de Gasperis,"Bicocca, Niguarda",Ca' Granda,45.5074,9.19424,Spacest.com by Roomless,02 8974 1955,21,https://www.immobiliare.it/annunci/127490490/,
127462950,"Stanza in affitto in appartamento via Giovanni Battista Pergolesi, Milano",590,€ 590/mese,5+,2,200 m²,5°,Autonomo,"fibra ottica, porta blindata, esposizione esterna, impianto tv centralizzato",Via Giovanni Battista Pergolesi,"Centrale, Repubblica",Buenos Aires,45.4848,9.21089,Spacest.com by Roomless,02 8974 1955,28,https://www.immobiliare.it/annunci/127462950/,
127384745,"Stanza in affitto in appartamento largo Cavalieri di Malta, Milano",690,€ 690/mese,4,1,81 m²,"1°, con ascensore",Autonomo,"fibra ottica, porta blindata, esposizione esterna, impianto tv centralizzato",Largo Cavalieri di Malta,"Bande Nere, Inganni",Lorenteggio,45.4541,9.13777,Spacest.com by Roomless,02 8974 1955,11,https://www.immobiliare.it/annunci/127384745/,
127355619,"Stanza in affitto in appartamento via Giovanni Segantini, Milano",690,€ 690/mese,5+,2,110 m²,1°,Autonomo,"fibra ottica, porta blindata, esposizione esterna, impianto tv centralizzato",Via Giovanni Segantini,Navigli,Navigli - Darsena,45.4446,9.17288,Spacest.com by Roomless,02 8974 1955,12,https://www.immobiliare.it/annunci/127355619/,
127326157,"Stanza in affitto in appartamento viale Giovanni da Cermenate, Milano",665,€ 665/mese,5+,2,150 m²,1°,Autonomo,"fibra ottica, porta blindata, esposizione esterna, balcone, impianto tv centralizzato",Viale Giovanni da Cermenate,"Abbiategrasso, Chiesa Rossa",Pezzotti - Meda,45.438,9.18104,Spacest.com by Roomless,02 8974 1955,17,https://www.immobiliare.it/annunci/127326157/,
127646660,"Stanza in affitto in appartamento via Privata San Martiniano, Milano",615,€ 615/mese,5+,3,151 m²,"2°, con ascensore",Autonomo,"fibra ottica, porta blindata, esposizione esterna, impianto tv centralizzato",Via Privata San Martiniano,"Corvetto, Rogoredo",Corvetto,45.4372,9.21509,Spacest.com by Roomless,02 8974 1955,37,https://www.immobiliare.it/annunci/127646660/,
127384649,"Stanza in affitto in appartamento via Pasquale Fornari, Milano",665,€ 665/mese,4,1,89 m²,"2°, con ascensore",Autonomo,"fibra ottica, porta blindata, esposizione esterna, impianto tv centralizzato",Via Pasquale Fornari,"Bande Nere, Inganni",Gambara,45.4633,9.14358,Spacest.com by Roomless,02 8974 1955,30,https://www.immobiliare.it/annunci/127384649/,
127384391,"Stanza in affitto in appartamento via Pasquale Fornari, Milano",595,€ 595/mese,5,1,77 m²,2°,Autonomo,"fibra ottica, porta blindata, esposizione esterna, impianto tv centralizzato",Via Pasquale Fornari,"Bande Nere, Inganni",Gambara,45.4623,9.14434,Spacest.com by Roomless,02 8974 1955,23,https://www.immobiliare.it/annunci/127384391/,
127232205,"Stanza in affitto in appartamento via Felice Bellotti, Milano",645,€ 645/mese,5+,3,161 m²,"2°, con ascensore",Autonomo,"fibra ottica, porta blindata, esposizione esterna, impianto tv centralizzato",Via Felice Bellotti,"Porta Venezia, Indipendenza",Piave - Tricolore,45.4708,9.20835,Spacest.com by Roomless,02 8974 1955,20,https://www.immobiliare.it/annunci/127232205/,
127169339,"Stanza in affitto in appartamento via Alberto Mario, Milano",665,€ 665/mese,3,1,15 m²,"2°, con ascensore",Autonomo,"fibra ottica, porta blindata, esposizione esterna, impianto tv centralizzato",Via Alberto Mario,"Fiera, Sempione, City Life, Portello",De Angeli,45.4682,9.14607,Spacest.com by Roomless,02 8974 1955,14,https://www.immobiliare.it/annunci/127169339/,
127132857,"Stanza in affitto in appartamento via Ravizza, Milano",620,€ 620/mese,5+,3,166 m²,"1°, con ascensore",Autonomo,"fibra ottica, porta blindata, esposizione esterna, impianto tv centralizzato",Via Ravizza,"Fiera, Sempione, City Life, Portello",Amendola - Buonarroti,45.4702,9.14972,Spacest.com by Roomless,02 8974 1955,11,https://www.immobiliare.it/annunci/127132857/,
127569744,"Stanza in affitto in appartamento via Federico Engels, Milano",590,€ 590/mese,5+,2,130 m²,5°,Autonomo,"fibra ottica, porta blindata, esposizione esterna, impianto tv centralizzato",Via Federico Engels,"Bisceglie, Baggio, Olmi",Quarto Cagnino,45.4759,9.11018,Spacest.com by Roomless,02 8974 1955,18,https://www.immobiliare.it/annunci/127569744/,
127355335,"Stanza in affitto in appartamento via Lorenteggio, Milano",640,€ 640/mese,3,1,79 m²,1°,Autonomo,"fibra ottica, porta blindata, esposizione esterna, terrazzo, impianto tv centralizzato",Via Lorenteggio,"Famagosta, Barona",Giambellino,45.4468,9.12707,Spacest.com by Roomless,02 8974 1955,11,https://www.immobiliare.it/annunci/127355335/,
127303689,"Stanza in affitto in appartamento viale Sondrio, Milano",630,€ 630/mese,5+,3,15 m²,"6°, con ascensore",Autonomo,"fibra ottica, porta blindata, esposizione esterna, impianto tv centralizzato",Viale Sondrio,"Cenisio, Sarpi, Isola",Isola,45.4901,9.19945,Spacest.com by Roomless,02 8974 1955,29,https://www.immobiliare.it/annunci/127303689/,
127356277,"Stanza in affitto in appartamento via Stromboli, Milano",590,€ 590/mese,5+,3,241 m²,1°,Autonomo,"fibra ottica, porta blindata, esposizione esterna, balcone, impianto tv centralizzato",Via Stromboli,"Solari, Washington",Dezza,45.4591,9.15941,Spacest.com by Roomless,02 8974 1955,11,https://www.immobiliare.it/annunci/127356277/,
127602410,"Stanza in affitto in appartamento via Giuseppe Pecchio, Milano",655,€ 655/mese,5+,3,172 m²,"2°, con ascensore",Autonomo,"fibra ottica, porta blindata, esposizione esterna, impianto tv centralizzato",Via Giuseppe Pecchio,"Città Studi, Susa",Città Studi,45.4843,9.21853,Spacest.com by Roomless,02 8974 1955,12,https://www.immobiliare.it/annunci/127602410/,
127513810,"Stanza in affitto in appartamento via Giuseppe Bruschetti, Milano",650,€ 650/mese,5+,2,196 m²,"6°, con ascensore",Autonomo,"fibra ottica, porta blindata, esposizione esterna, impianto tv centralizzato",Via Giuseppe Bruschetti,"Maggiolina, Istria",Cascina dei Pomi,45.4926,9.20803,Spacest.com by Roomless,02 8974 1955,36,https://www.immobiliare.it/annunci/127513810/,
127490488,"Stanza in affitto in appartamento via Emanuele Kant, Milano",635,€ 635/mese,5,2,90 m²,1°,Autonomo,"fibra ottica, porta blindata, esposizione esterna, impianto tv centralizzato",Via Emanuele Kant,"San Siro, Trenno",Gallaratese,45.4969,9.11996,Spacest.com by Roomless,02 8974 1955,18,https://www.immobiliare.it/annunci/127490488/,
127462772,"Stanza in affitto in appartamento via Privata San Martiniano, Milano",615,€ 615/mese,5+,3,151 m²,"5°, con ascensore",Autonomo,"fibra ottica, porta blindata, esposizione esterna, impianto tv centralizzato",Via Privata S. Martiniano,"Corvetto, Rogoredo",Corvetto,45.4371,9.21564,Spacest.com by Roomless,02 8974 1955,37,https://www.immobiliare.it/annunci/127462772/,
127462682,"Stanza in affitto in appartamento via Privata San Martiniano, Milano",615,€ 615/mese,5+,3,151 m²,"4°, con ascensore",Autonomo,"fibra ottica, porta blindata, esposizione esterna, impianto tv centralizzato",Via Privata San Martiniano,"Corvetto, Rogoredo",Corvetto,45.4371,9.21564,Spacest.com by Roomless,02 8974 1955,37,https://www.immobiliare.it/annunci/127462682/,
127384547,"Stanza in affitto in appartamento viale Argonne, Milano",645,€ 645/mese,4,2,15 m²,"5°, con ascensore",Autonomo,"fibra ottica, porta blindata, esposizione esterna, impianto tv centralizzato",Viale Argonne,"Città Studi, Susa",Argonne - Corsica,45.4676,9.22762,Spacest.com by Roomless,02 8974 1955,38,https://www.immobiliare.it/annunci/127384547/,
127275301,"Stanza in affitto in appartamento via Giotto, Milano",640,€ 640/mese,5+,2,175 m²,7°,Autonomo,"fibra ottica, porta blindata, esposizione esterna, balcone, impianto tv centralizzato",Via Giotto,"Solari, Washington",Vercelli - Wagner,45.4674,9.15891,Spacest.com by Roomless,02 8974 1955,18,https://www.immobiliare.it/annunci/127275301/,
127132853,"Stanza in affitto in appartamento via Salvatore Barzilai, Milano",685,€ 685/mese,5,1,81 m²,"2°, con ascensore",Autonomo,"fibra ottica, porta blindata, esposizione esterna, impianto tv centralizzato",Via Salvatore Barzilai,"Bande Nere, Inganni",Lorenteggio,45.4526,9.1396,Spacest.com by Roomless,02 8974 1955,28,https://www.immobiliare.it/annunci/127132853/,
127602444,"Stanza in affitto in appartamento largo Cavalieri di Malta, Milano",685,€ 685/mese,5+,3,190 m²,"9°, con ascensore",Autonomo,"fibra ottica, porta blindata, esposizione esterna, impianto tv centralizzato",Largo Cavalieri di Malta,"Bande Nere, Inganni",Lorenteggio,45.4538,9.13827,Spacest.com by Roomless,02 8974 1955,24,https://www.immobiliare.it/annunci/127602444/,
127541560,"Stanza in affitto in appartamento corso di Porta Romana, Milano",590,€ 590/mese,5,2,144 m²,1°,Autonomo,"fibra ottica, porta blindata, esposizione esterna, balcone, impianto tv centralizzato",Corso di Porta Romana,"Quadronno, Palestro, Guastalla",Quadronno - Crocetta,45.4542,9.19862,Spacest.com by Roomless,02 8974 1955,12,https://www.immobiliare.it/annunci/127541560/,
127513734,"Stanza in affitto in appartamento via Pietro Borsieri, Milano",675,€ 675/mese,5,3,15 m²,6°,Autonomo,"fibra ottica, porta blindata, esposizione esterna, impianto tv centralizzato",Via Pietro Borsieri,"Cenisio, Sarpi, Isola",Isola,45.4897,9.18932,Spacest.com by Roomless,02 8974 1955,31,https://www.immobiliare.it/annunci/127513734/,
127414867,"Stanza in affitto in appartamento via Salvatore Barzilai, Milano",680,€ 680/mese,5,1,88 m²,"1°, con ascensore",Autonomo,"fibra ottica, porta blindata, esposizione esterna, terrazzo, impianto tv centralizzato",Via Salvatore Barzilai,"Bande Nere, Inganni",Lorenteggio,45.4526,9.1396,Spacest.com by Roomless,02 8974 1955,30,https://www.immobiliare.it/annunci/127414867/,
127414821,"Stanza in affitto in appartamento via Natale Battaglia, Milano",595,€ 595/mese,5+,3,212 m²,"1°, con ascensore",Autonomo,"fibra ottica, porta blindata, esposizione esterna, impianto tv centralizzato",Via Natale Battaglia,"Pasteur, Rovereto",Pasteur,45.4898,9.21369,Spacest.com by Roomless,02 8974 1955,23,https://www.immobiliare.it/annunci/127414821/,
127569772,"Stanza in affitto in appartamento via Monzambano, Milano",695,€ 695/mese,2,1,67 m²,1°,Autonomo,"fibra ottica, porta blindata, esposizione esterna, impianto tv centralizzato",Via Monzambano,"Affori, Bovisa",Dergano,45.5046,9.18644,Spacest.com by Roomless,02 8974 1955,12,https://www.immobiliare.it/annunci/127569772/,
127647022,"Stanza in affitto in appartamento via Ernesto Breda, Milano",670,€ 670/mese,5+,2,131 m²,1°,Autonomo,"fibra ottica, porta blindata, esposizione esterna, impianto tv centralizzato",Via Ernesto Breda,"Precotto, Turro",Villa San Giovanni,45.5189,9.2214,Spacest.com by Roomless,02 8974 1955,13,https://www.immobiliare.it/annunci/127647022/,
127414829,"Stanza in affitto in appartamento via Ettore Ponti, Milano",595,€ 595/mese,5,2,70 m²,1°,Autonomo,"fibra ottica, porta blindata, esposizione esterna, impianto tv centralizzato",Via Ettore Ponti,"Famagosta, Barona",Barona,45.4421,9.154,Spacest.com by Roomless,02 8974 1955,11,https://www.immobiliare.it/annunci/127414829/,
127326331,"Stanza in affitto in appartamento via Guercino, Milano",685,€ 685/mese,5+,2,166 m²,"4°, con ascensore",Autonomo,"fibra ottica, porta blindata, esposizione esterna, impianto tv centralizzato",Via Guercino,"Cenisio, Sarpi, Isola",Paolo Sarpi,45.4804,9.18014,Spacest.com by Roomless,02 8974 1955,13,https://www.immobiliare.it/annunci/127326331/,
127303945,"Stanza in affitto in appartamento via Pasquale Fornari, Milano",595,€ 595/mese,5,1,77 m²,2°,Autonomo,"fibra ottica, porta blindata, esposizione esterna, impianto tv centralizzato",Via Pasquale Fornari,"Bande Nere, Inganni",Gambara,45.4623,9.14434,Spacest.com by Roomless,02 8974 1955,23,https://www.immobiliare.it/annunci/127303945/,
127141347,"Stanza in affitto in appartamento via Salvatore Barzilai, Milano",700,€ 700/mese,5,1,99 m²,"1°, con ascensore",Autonomo,"fibra ottica, porta blindata, esposizione esterna, impianto tv centralizzato",Via Salvatore Barzilai,"Bande Nere, Inganni",Lorenteggio,45.4519,9.14075,Spacest.com by Roomless,02 8974 1955,17,https://www.immobiliare.it/annunci/127141347/,
127647034,"Stanza in affitto in appartamento via Privata Mauro Rota, Milano",660,€ 660/mese,5+,2,150 m²,4°,Autonomo,"fibra ottica, porta blindata, esposizione esterna, impianto tv centralizzato",Via Privata Mauro Rota,"Bicocca, Niguarda",Greco - Segnano,45.5029,9.21219,Spacest.com by Roomless,02 8974 1955,27,https://www.immobiliare.it/annunci/127647034/,
127647016,"Stanza in affitto in appartamento via Valsugana, Milano",595,€ 595/mese,5,2,15 m²,"8°, con ascensore",Autonomo,"fibra ottica, porta blindata, esposizione esterna, impianto tv centralizzato",Via Valsugana,"Ripamonti, Vigentino",Ripamonti - Fondazione Prada,45.4441,9.21026,Spacest.com by Roomless,02 8974 1955,21,https://www.immobiliare.it/annunci/127647016/,
127602362,"Stanza in affitto in appartamento via Raimondo Franchetti, Milano",690,€ 690/mese,5+,2,178 m²,1°,Autonomo,"fibra ottica, porta blindata, esposizione esterna, balcone, impianto tv centralizzato",Via Raimondo Franchetti,"Centrale, Repubblica",Repubblica,45.4795,9.19969,Spacest.com by Roomless,02 8974 1955,22,https://www.immobiliare.it/annunci/127602362/,
127570140,"Stanza in affitto in appartamento via Salvatore Barzilai, Milano",685,€ 685/mese,5,1,74 m²,"6°, con ascensore",Autonomo,"fibra ottica, porta blindata, esposizione esterna, impianto tv centralizzato",Via Salvatore Barzilai,"Bande Nere, Inganni",Lorenteggio,45.4525,9.14113,Spacest.com by Roomless,02 8974 1955,19,https://www.immobiliare.it/annunci/127570140/,
127541574,"Stanza in affitto in appartamento largo Cavalieri di Malta, Milano",675,€ 675/mese,5+,3,196 m²,"9°, con ascensore",Autonomo,"fibra ottica, porta blindata, esposizione esterna, impianto tv centralizzato",Largo Cavalieri di Malta,"Bande Nere, Inganni",Lorenteggio,45.4543,9.13826,Spacest.com by Roomless,02 8974 1955,22,https://www.immobiliare.it/annunci/127541574/,
127490430,"Stanza in affitto in appartamento via Luigi Mercantini, Milano",700,€ 700/mese,4,1,55 m²,1°,Autonomo,"fibra ottica, porta blindata, esposizione esterna, impianto tv centralizzato",Via Luigi Mercantini,"Affori, Bovisa",Bovisa,45.5015,9.16316,Spacest.com by Roomless,02 8974 1955,16,https://www.immobiliare.it/annunci/127490430/,
127414517,"Stanza in affitto in appartamento via Rho, Milano",660,€ 660/mese,5+,2,140 m²,2°,Autonomo,"fibra ottica, porta blindata, esposizione esterna, balcone, impianto tv centralizzato",Via Rho,"Maggiolina, Istria",Cascina dei Pomi,45.4994,9.21297,Spacest.com by Roomless,02 8974 1955,20,https://www.immobiliare.it/annunci/127414517/,
127541686,"Stanza in affitto in appartamento via Bartolomeo D'Alviano, Milano",655,€ 655/mese,5+,2,125 m²,1°,Autonomo,"fibra ottica, porta blindata, esposizione esterna, impianto tv centralizzato",Via Bartolomeo D'Alviano,"Bande Nere, Inganni",Lorenteggio,45.4543,9.14068,Spacest.com by Roomless,02 8974 1955,18,https://www.immobiliare.it/annunci/127541686/,
127541644,"Stanza in affitto in appartamento via Pantigliate, Milano",685,€ 685/mese,5+,3,203 m²,1°,Autonomo,"fibra ottica, porta blindata, esposizione esterna, impianto tv centralizzato",Via Pantigliate,"Bande Nere, Inganni",Bande Nere,45.4594,9.13161,Spacest.com by Roomless,02 8974 1955,16,https://www.immobiliare.it/annunci/127541644/,
127490528,"Stanza in affitto in appartamento via Leone Tolstoi, Milano",700,€ 700/mese,5+,3,209 m²,"7°, con ascensore",Autonomo,"fibra ottica, porta blindata, esposizione esterna, impianto tv centralizzato",Via Leone Tolstoi,"Napoli, Soderini",Tripoli - Soderini,45.4545,9.14926,Spacest.com by Roomless,02 8974 1955,44,https://www.immobiliare.it/annunci/127490528/,
127490500,"Stanza in affitto in appartamento via Ruggero Bonghi, Milano",700,€ 700/mese,2,1,48 m²,1°,Autonomo,"fibra ottica, porta blindata, esposizione esterna, impianto tv centralizzato",Via Ruggero Bonghi,"Abbiategrasso, Chiesa Rossa",Pezzotti - Meda,45.4408,9.18048,Spacest.com by Roomless,02 8974 1955,19,https://www.immobiliare.it/annunci/127490500/,
127415035,"Stanza in affitto in appartamento viale Nazario Sauro, Milano",590,€ 590/mese,5+,3,15 m²,"2°, con ascensore",Autonomo,"fibra ottica, porta blindata, esposizione esterna, impianto tv centralizzato",Viale Nazario Sauro,"Maggiolina, Istria",Maggiolina,45.4915,9.19756,Spacest.com by Roomless,02 8974 1955,25,https://www.immobiliare.it/annunci/127415035/,
127384797,"Stanza in affitto in appartamento via Giovanni Battista Pergolesi, Milano",590,€ 590/mese,5+,2,200 m²,5°,Autonomo,"fibra ottica, porta blindata, esposizione esterna, impianto tv centralizzato",Via Giovanni Battista Pergolesi,"Centrale, Repubblica",Buenos Aires,45.4848,9.21089,Spacest.com by Roomless,02 8974 1955,27,https://www.immobiliare.it/annunci/127384797/,
127384593,"Stanza in affitto in appartamento via Casoretto, Milano",590,€ 590/mese,5+,2,161 m²,3°,Autonomo,"fibra ottica, porta blindata, esposizione esterna, impianto tv centralizzato",Via Casoretto,"Città Studi, Susa",Casoretto,45.4889,9.22939,Spacest.com by Roomless,02 8974 1955,18,https://www.immobiliare.it/annunci/127384593/,
127317545,"Stanza in affitto in appartamento via San Vincenzo, Milano",640,€ 640/mese,5+,3+,210 m²,4°,Autonomo,"fibra ottica, porta blindata, esposizione esterna, impianto tv centralizzato",Via San Vincenzo,"Genova, Ticinese",Corso Genova,45.4585,9.17445,Spacest.com by Roomless,02 8974 1955,72,https://www.immobiliare.it/annunci/127317545/,
127317491,"Stanza in affitto in appartamento via Andrea Maria Ampère, Milano",670,€ 670/mese,5+,2,161 m²,7°,Autonomo,"fibra ottica, porta blindata, esposizione esterna, impianto tv centralizzato",Via Andrea Maria Ampère,"Città Studi, Susa",Città Studi,45.4829,9.22631,Spacest.com by Roomless,02 8974 1955,17,https://www.immobiliare.it/annunci/127317491/,
127275039,"Stanza in affitto in appartamento piazza Maria Adelaide di Savoia, Milano",685,€ 685/mese,4,1,127 m²,"5°, con ascensore",Autonomo,"fibra ottica, porta blindata, esposizione esterna, impianto tv centralizzato",Piazza Maria Adelaide di Savoia,"Centrale, Repubblica",Morgagni,45.4734,9.21442,Spacest.com by Roomless,02 8974 1955,36,https://www.immobiliare.it/annunci/127275039/,
127169327,"Stanza in affitto in appartamento via Giovanni Battista Boeri, Milano",685,€ 685/mese,5+,2,150 m²,1°,Autonomo,"fibra ottica, porta blindata, esposizione esterna, impianto tv centralizzato",Via Giovanni Battista Boeri,"Abbiategrasso, Chiesa Rossa",Pezzotti - Meda,45.4412,9.18542,Spacest.com by Roomless,02 8974 1955,11,https://www.immobiliare.it/annunci/127169327/,
127602332,"Stanza in affitto in appartamento via Alessandro Astesani, Milano",600,€ 600/mese,5+,2,121 m²,"2°, con ascensore",Autonomo,"fibra ottica, porta blindata, esposizione esterna, impianto tv centralizzato",Via Alessandro Astesani,"Affori, Bovisa",Affori,45.5222,9.16838,Spacest.com by Roomless,02 8974 1955,41,https://www.immobiliare.it/annunci/127602332/,
127490484,"Stanza in affitto in appartamento via Innocenzo Isimbardi, Milano",600,€ 600/mese,5,2,15 m²,1°,Autonomo,"fibra ottica, porta blindata, esposizione esterna, impianto tv centralizzato",Via Innocenzo Isimbardi,"Abbiategrasso, Chiesa Rossa",Cermenate - Abbiategrasso,45.4343,9.18072,Spacest.com by Roomless,02 8974 1955,30,https://www.immobiliare.it/annunci/127490484/,
127490394,"Stanza in affitto in appartamento via Felice Bellotti, Milano",645,€ 645/mese,5+,3,161 m²,"2°, con ascensore",Autonomo,"fibra ottica, porta blindata, esposizione esterna, impianto tv centralizzato",Via Felice Bellotti,"Porta Venezia, Indipendenza",Piave - Tricolore,45.4708,9.20835,Spacest.com by Roomless,02 8974 1955,20,https://www.immobiliare.it/annunci/127490394/,
127414551,"Stanza in affitto in appartamento viale Nazario Sauro, Milano",590,€ 590/mese,5+,3,15 m²,"2°, con ascensore",Autonomo,"fibra ottica, porta blindata, esposizione esterna, impianto tv centralizzato",Viale Nazario Sauro,"Maggiolina, Istria",Maggiolina,45.4915,9.19756,Spacest.com by Roomless,02 8974 1955,25,https://www.immobiliare.it/annunci/127414551/,
127384713,"Stanza in affitto in appartamento via Ettore Ponti, Milano",645,€ 645/mese,4,2,15 m²,1°,Autonomo,"fibra ottica, porta blindata, esposizione esterna, impianto tv centralizzato",Via Ettore Ponti,"Famagosta, Barona",Barona,45.4421,9.154,Spacest.com by Roomless,02 8974 1955,13,https://www.immobiliare.it/annunci/127384713/,
127303605,"Stanza in affitto in appartamento via Andrea Maria Ampère, Milano",630,€ 630/mese,5+,2,161 m²,7°,Autonomo,"fibra ottica, porta blindata, esposizione esterna, impianto tv centralizzato",Via Andrea Maria Ampère,"Città Studi, Susa",Città Studi,45.4829,9.22631,Spacest.com by Roomless,02 8974 1955,17,https://www.immobiliare.it/annunci/127303605/,
127169323,"Stanza in affitto in appartamento via Salvatore Barzilai, Milano",600,€ 600/mese,4,1,74 m²,"3°, con ascensore",Autonomo,"fibra ottica, porta blindata, esposizione esterna, impianto tv centralizzato",Via Salvatore Barzilai,"Bande Nere, Inganni",Lorenteggio,45.4529,9.13928,Spacest.com by Roomless,02 8974 1955,31,https://www.immobiliare.it/annunci/127169323/,
127132873,"Stanza in affitto in appartamento via Francesco Primaticcio, Milano",690,€ 690/mese,5+,2,161 m²,"1°, con ascensore",Autonomo,"fibra ottica, porta blindata, esposizione esterna, impianto tv centralizzato",Via Francesco Primaticcio,"Bande Nere, Inganni",Lorenteggio,45.4508,9.13621,Spacest.com by Roomless,02 8974 1955,29,https://www.immobiliare.it/annunci/127132873/,
127121137,"Stanza in affitto in appartamento largo Cavalieri di Malta, Milano",605,€ 605/mese,4,1,60 m²,"1°, con ascensore",Autonomo,"fibra ottica, porta blindata, esposizione esterna, impianto tv centralizzato",Largo Cavalieri di Malta,"Bande Nere, Inganni",Lorenteggio,45.4529,9.13805,Spacest.com by Roomless,02 8974 1955,13,https://www.immobiliare.it/annunci/127121137/,
127094279,"Stanza in affitto in appartamento via Giorgio Briano, Milano",620,€ 620/mese,4,1,90 m²,1°,Autonomo,"fibra ottica, porta blindata, esposizione esterna, impianto tv centralizzato",Via Giorgio Briano,"Abbiategrasso, Chiesa Rossa",Pezzotti - Meda,45.4387,9.18289,Spacest.com by Roomless,02 8974 1955,34,https://www.immobiliare.it/annunci/127094279/,
127304011,"Stanza in affitto in appartamento viale Renato Serra, Milano",675,€ 675/mese,5,2,133 m²,"1°, con ascensore",Autonomo,"fibra ottica, porta blindata, esposizione esterna, impianto tv centralizzato",Viale Renato Serra,"Fiera, Sempione, City Life, Portello",Monte Rosa - Lotto,45.4852,9.14473,Spacest.com by Roomless,02 8974 1955,29,https://www.immobiliare.it/annunci/127304011/,
127201235,"Stanza in affitto in appartamento via Privata Poggibonsi, Milano",670,€ 670/mese,5,2,15 m²,"5°, con ascensore",Autonomo,"fibra ottica, porta blindata, esposizione esterna, impianto tv centralizzato",Via Privata Poggibonsi,"Bande Nere, Inganni",Gambara,45.4666,9.13984,Spacest.com by Roomless,02 8974 1955,28,https://www.immobiliare.it/annunci/127201235/,
127541632,"Stanza in affitto in appartamento via Volterra, Milano",695,€ 695/mese,5,1,127 m²,"5°, con ascensore",Autonomo,"fibra ottica, porta blindata, esposizione esterna, impianto tv centralizzato",Via Volterra,"Solari, Washington",Washington,45.4621,9.1525,Spacest.com by Roomless,02 8974 1955,21,https://www.immobiliare.it/annunci/127541632/,
127513818,"Stanza in affitto in appartamento viale San Gimignano, Milano",655,€ 655/mese,5,2,149 m²,"7°, con ascensore",Autonomo,"fibra ottica, porta blindata, esposizione esterna, terrazzo, impianto tv centralizzato",Viale San Gimignano,"Bande Nere, Inganni",Lorenteggio,45.4531,9.1364,Spacest.com by Roomless,02 8974 1955,44,https://www.immobiliare.it/annunci/127513818/,
127462838,"Stanza in affitto in appartamento viale Monza, Milano",670,€ 670/mese,5,2,109 m²,"5°, con ascensore",Autonomo,"fibra ottica, porta blindata, esposizione esterna, impianto tv centralizzato",Viale Monza,"Pasteur, Rovereto",Pasteur,45.4889,9.21775,Spacest.com by Roomless,02 8974 1955,16,https://www.immobiliare.it/annunci/127462838/,
127462738,"Stanza in affitto in appartamento via Giuseppe Frua, Milano",665,€ 665/mese,5,2,104 m²,"3°, con ascensore",Autonomo,"fibra ottica, porta blindata, esposizione esterna, impianto tv centralizzato",Via Giuseppe Frua,"Solari, Washington",Frua,45.4651,9.14874,Spacest.com by Roomless,02 8974 1955,33,https://www.immobiliare.it/annunci/127462738/,
127356397,"Stanza in affitto in appartamento via Bartolomeo d'Alviano, Milano",665,€ 665/mese,5+,2,130 m²,1°,Autonomo,"fibra ottica, porta blindata, esposizione esterna, impianto tv centralizzato",Via Bartolomeo d'Alviano,"Bande Nere, Inganni",Lorenteggio,45.453,9.14127,Spacest.com by Roomless,02 8974 1955,24,https://www.immobiliare.it/annunci/127356397/,
127304015,"Stanza in affitto in appartamento via Salvatore Barzilai, Milano",635,€ 635/mese,4,1,67 m²,"4°, con ascensore",Autonomo,"fibra ottica, porta blindata, esposizione esterna, impianto tv centralizzato",Via Salvatore Barzilai,"Bande Nere, Inganni",Lorenteggio,45.4519,9.1395,Spacest.com by Roomless,02 8974 1955,26,https://www.immobiliare.it/annunci/127304015/,
127602344,"Stanza in affitto in appartamento via Francesco de Sanctis, Milano",605,€ 605/mese,5,2,138 m²,"1°, con ascensore",Autonomo,"fibra ottica, porta blindata, esposizione esterna, impianto tv centralizzato",Via Francesco de Sanctis,"Abbiategrasso, Chiesa Rossa",Cermenate - Abbiategrasso,45.436,9.18437,Spacest.com by Roomless,02 8974 1955,25,https://www.immobiliare.it/annunci/127602344/,
127570488,"Stanza in affitto in appartamento via Ferrante Aporti, Milano",595,€ 595/mese,5+,2,108 m²,1°,Autonomo,"fibra ottica, porta blindata, esposizione esterna, impianto tv centralizzato",Via Ferrante Aporti,"Pasteur, Rovereto",Rovereto,45.4936,9.21396,Spacest.com by Roomless,02 8974 1955,22,https://www.immobiliare.it/annunci/127570488/,
127570084,"Stanza in affitto in appartamento via Moncalvo, Milano",630,€ 630/mese,3,1,15 m²,"3°, con ascensore",Autonomo,"fibra ottica, porta blindata, esposizione esterna, impianto tv centralizzato",Via Moncalvo,"Bande Nere, Inganni",Gambara,45.463,9.14251,Spacest.com by Roomless,02 8974 1955,31,https://www.immobiliare.it/annunci/127570084/,
127490340,"Stanza in affitto in appartamento via Arcivescovo Romilli, Milano",630,€ 630/mese,4,1,81 m²,"5°, con ascensore",Autonomo,"fibra ottica, porta blindata, esposizione esterna, impianto tv centralizzato",Via Arcivescovo Romilli,"Corvetto, Rogoredo",Corvetto,45.4404,9.21408,Spacest.com by Roomless,02 8974 1955,31,https://www.immobiliare.it/annunci/127490340/,
127462714,"Stanza in affitto in appartamento via Privata Moncalvo, Milano",630,€ 630/mese,4,1,99 m²,"2°, con ascensore",Autonomo,"fibra ottica, porta blindata, esposizione esterna, impianto tv centralizzato",Via Privata Moncalvo,"Bande Nere, Inganni",Gambara,45.463,9.14251,Spacest.com by Roomless,02 8974 1955,22,https://www.immobiliare.it/annunci/127462714/,
127326343,"Stanza in affitto in appartamento via Giovanni Battista Pergolesi, Milano",590,€ 590/mese,5+,2,200 m²,5°,Autonomo,"fibra ottica, porta blindata, esposizione esterna, impianto tv centralizzato",Via Giovanni Battista Pergolesi,"Centrale, Repubblica",Buenos Aires,45.4848,9.21089,Spacest.com by Roomless,02 8974 1955,22,https://www.immobiliare.it/annunci/127326343/,
127108137,"Stanza in affitto in appartamento via Andrea Solari, Milano",640,€ 640/mese,5+,2,138 m²,"1°, con ascensore",Autonomo,"fibra ottica, porta blindata, esposizione esterna, impianto tv centralizzato",Via Andrea Solari,"Solari, Washington",Solari,45.4529,9.15615,Spacest.com by Roomless,02 8974 1955,24,https://www.immobiliare.it/annunci/127108137/,
127602292,"Stanza in affitto in appartamento via Curtatone, Milano",590,€ 590/mese,5+,3,171 m²,2°,Autonomo,"fibra ottica, porta blindata, esposizione esterna, impianto tv centralizzato",Via Curtatone,"Quadronno, Palestro, Guastalla",Quadronno - Crocetta,45.4558,9.2023,Spacest.com by Roomless,02 8974 1955,16,https://www.immobiliare.it/annunci/127602292/,
127384635,"Stanza in affitto in appartamento via Orti, Milano",590,€ 590/mese,5+,2,127 m²,3°,Autonomo,"fibra ottica, porta blindata, esposizione esterna, balcone, impianto tv centralizzato",Via Orti,"Quadronno, Palestro, Guastalla",Quadronno - Crocetta,45.4555,9.20183,Spacest.com by Roomless,02 8974 1955,20,https://www.immobiliare.it/annunci/127384635/,
127384627,"Stanza in affitto in appartamento viale Lucania, Milano",640,€ 640/mese,3,1,56 m²,"3°, con ascensore",Autonomo,"fibra ottica, porta blindata, esposizione esterna, impianto tv centralizzato",Viale Lucania,"Porta Vittoria, Lodi",Bologna - Sulmona,45.4438,9.22454,Spacest.com by Roomless,02 8974 1955,25,https://www.immobiliare.it/annunci/127384627/,
127355539,"Stanza in affitto in appartamento via Stromboli, Milano",590,€ 590/mese,5+,3,241 m²,1°,Autonomo,"fibra ottica, porta blindata, esposizione esterna, balcone, impianto tv centralizzato",Via Stromboli,"Solari, Washington",Dezza,45.4591,9.15941,Spacest.com by Roomless,02 8974 1955,11,https://www.immobiliare.it/annunci/127355539/,
127317603,"Stanza in affitto in appartamento via Verbano, Milano",625,€ 625/mese,5+,2,173 m²,3°,Autonomo,"fibra ottica, porta blindata, esposizione esterna, impianto tv centralizzato",Via Verbano,"Porta Vittoria, Lodi",Lodi - Brenta,45.4426,9.21396,Spacest.com by Roomless,02 8974 1955,48,https://www.immobiliare.it/annunci/127317603/,
127647030,"Stanza in affitto in appartamento via Giuseppe Bruschetti, Milano",670,€ 670/mese,4,1,115 m²,"1°, con ascensore",Autonomo,"fibra ottica, porta blindata, esposizione esterna, impianto tv centralizzato",Via Giuseppe Bruschetti,"Maggiolina, Istria",Cascina dei Pomi,45.4926,9.20803,Spacest.com by Roomless,02 8974 1955,11,https://www.immobiliare.it/annunci/127647030/,
127490386,"Stanza in affitto in appartamento via Andrea Solari, Milano",640,€ 640/mese,5+,2,138 m²,"1°, con ascensore",Autonomo,"fibra ottica, porta blindata, esposizione esterna, impianto tv centralizzato",Via Andrea Solari,"Solari, Washington",Solari,45.4529,9.15615,Spacest.com by Roomless,02 8974 1955,21,https://www.immobiliare.it/annunci/127490386/,
127385131,"Stanza in affitto in appartamento viale Lucania, Milano",640,€ 640/mese,3,1,56 m²,"3°, con ascensore",Autonomo,"fibra ottica, porta blindata, esposizione esterna, impianto tv centralizzato",Viale Lucania,"Porta Vittoria, Lodi",Bologna - Sulmona,45.4438,9.22454,Spacest.com by Roomless,02 8974 1955,25,https://www.immobiliare.it/annunci/127385131/,
127355507,"Stanza in affitto in appartamento via Verbano, Milano",695,€ 695/mese,5+,2,173 m²,3°,Autonomo,"fibra ottica, porta blindata, esposizione esterna, impianto tv centralizzato",Via Verbano,"Porta Vittoria, Lodi",Lodi - Brenta,45.4426,9.21396,Spacest.com by Roomless,02 8974 1955,42,https://www.immobiliare.it/annunci/127355507/,
127317599,"Stanza in affitto in appartamento largo Cavalieri di Malta, Milano",590,€ 590/mese,4,1,81 m²,"1°, con ascensore",Autonomo,"fibra ottica, porta blindata, esposizione esterna, impianto tv centralizzato",Largo Cavalieri di Malta,"Bande Nere, Inganni",Lorenteggio,45.4541,9.13777,Spacest.com by Roomless,02 8974 1955,14,https://www.immobiliare.it/annunci/127317599/,
127274875,"Stanza in affitto in appartamento via Privata Paolo Rotta, Milano",695,€ 695/mese,4,1,90 m²,2°,Autonomo,"fibra ottica, porta blindata, esposizione esterna, balcone, impianto tv centralizzato",Via Privata Paolo Rotta,"Bicocca, Niguarda",Niguarda,45.5163,9.18931,Spacest.com by Roomless,02 8974 1955,19,https://www.immobiliare.it/annunci/127274875/,
127602616,"Stanza in affitto in appartamento via Privata Minturno, Milano",660,€ 660/mese,5+,2,100 m²,1°,Autonomo,"fibra ottica, porta blindata, esposizione esterna, impianto tv centralizzato",Via Privata Minturno,"Precotto, Turro",Gorla,45.5053,9.22374,Spacest.com by Roomless,02 8974 1955,17,https://www.immobiliare.it/annunci/127602616/,
127570510,"Stanza in affitto in appartamento via Rodolfo Carabelli, Milano",595,€ 595/mese,4,1,97 m²,"2°, con ascensore",Autonomo,"fibra ottica, porta blindata, esposizione esterna, impianto tv centralizzato",Via Rodolfo Carabelli,"Porta Vittoria, Lodi",Martini - Insubria,45.4502,9.22166,Spacest.com by Roomless,02 8974 1955,18,https://www.immobiliare.it/annunci/127570510/,
127462754,"Stanza in affitto in appartamento via Giuseppe Frua, Milano",650,€ 650/mese,5+,3,150 m²,"6°, con ascensore",Autonomo,"fibra ottica, porta blindata, esposizione esterna, impianto tv centralizzato",Via Giuseppe Frua,"Solari, Washington",Frua,45.4651,9.14875,Spacest.com by Roomless,02 8974 1955,44,https://www.immobiliare.it/annunci/127462754/,
127326295,"Stanza in affitto in appartamento via Salvatore Barzilai, Milano",635,€ 635/mese,5+,2,131 m²,"8°, con ascensore",Autonomo,"fibra ottica, porta blindata, esposizione esterna, impianto tv centralizzato",Via Salvatore Barzilai,"Bande Nere, Inganni",Lorenteggio,45.4523,9.13914,Spacest.com by Roomless,02 8974 1955,21,https://www.immobiliare.it/annunci/127326295/,
127317477,"Stanza in affitto in appartamento via Giuseppe Regaldi, Milano",645,€ 645/mese,3,1,55 m²,"2°, con ascensore",Autonomo,"fibra ottica, porta blindata, esposizione esterna, impianto tv centralizzato",Via Giuseppe Regaldi,"Affori, Bovisa",Affori,45.5174,9.17352,Spacest.com by Roomless,02 8974 1955,34,https://www.immobiliare.it/annunci/127317477/,
127303655,"Stanza in affitto in appartamento viale Renato Serra, Milano",640,€ 640/mese,5,1,100 m²,3°,Autonomo,"fibra ottica, porta blindata, esposizione esterna, impianto tv centralizzato",Viale Renato Serra,"San Siro, Trenno",Monte Stella,45.4855,9.13976,Spacest.com by Roomless,02 8974 1955,15,https://www.immobiliare.it/annunci/127303655/,
127646844,"Stanza in affitto in appartamento via Giuseppe Pecchio, Milano",655,€ 655/mese,5+,3,172 m²,"2°, con ascensore",Autonomo,"fibra ottica, porta blindata, esposizione esterna, impianto tv centralizzato",Via Giuseppe Pecchio,"Città Studi, Susa",Città Studi,45.4843,9.21853,Spacest.com by Roomless,02 8974 1955,12,https://www.immobiliare.it/annunci/127646844/,
127646842,"Stanza in affitto in appartamento via Salvatore Barzilai, Milano",670,€ 670/mese,5+,2,126 m²,"5°, con ascensore",Autonomo,"fibra ottica, porta blindata, esposizione esterna, impianto tv centralizzato",Via Salvatore Barzilai,"Bande Nere, Inganni",Lorenteggio,45.452,9.1413,Spacest.com by Roomless,02 8974 1955,21,https://www.immobiliare.it/annunci/127646842/,
127602326,"Stanza in affitto in appartamento via Giuseppe Regaldi, Milano",635,€ 635/mese,3,1,55 m²,"1°, con ascensore",Autonomo,"fibra ottica, porta blindata, esposizione esterna, impianto tv centralizzato",Via Giuseppe Regaldi,"Affori, Bovisa",Affori,45.5174,9.17351,Spacest.com by Roomless,02 8974 1955,35,https://www.immobiliare.it/annunci/127602326/,
127541796,"Stanza in affitto in appartamento via Sebastiano Veniero, Milano",685,€ 685/mese,5,1,138 m²,"3°, con ascensore",Autonomo,"fibra ottica, porta blindata, esposizione esterna, impianto tv centralizzato",Via Sebastiano Veniero,"Fiera, Sempione, City Life, Portello",Monte Rosa - Lotto,45.4813,9.14488,Spacest.com by Roomless,02 8974 1955,29,https://www.immobiliare.it/annunci/127541796/,
127504424,"Stanza in affitto in appartamento via Giuseppe Candiani, Milano",685,€ 685/mese,5+,1,100 m²,1°,Autonomo,"fibra ottica, porta blindata, esposizione esterna, balcone, impianto tv centralizzato",Via Giuseppe Candiani,"Affori, Bovisa",Bovisa,45.5038,9.1657,Spacest.com by Roomless,02 8974 1955,28,https://www.immobiliare.it/annunci/127504424/,
127303587,"Stanza in affitto in appartamento via Salvatore Barzilai, Milano",690,€ 690/mese,4,1,65 m²,"3°, con ascensore",Autonomo,"fibra ottica, porta blindata, esposizione esterna, impianto tv centralizzato",Via Salvatore Barzilai,"Bande Nere, Inganni",Lorenteggio,45.4525,9.14113,Spacest.com by Roomless,02 8974 1955,18,https://www.immobiliare.it/annunci/127303587/,
127303503,"Stanza in affitto in appartamento via Montepulciano, Milano",680,€ 680/mese,5,2,121 m²,"5°, con ascensore",Autonomo,"fibra ottica, porta blindata, esposizione esterna, impianto tv centralizzato",VIA MONTEPULCIANO,"Centrale, Repubblica",Centrale,45.4869,9.21353,Spacest.com by Roomless,02 8974 1955,22,https://www.immobiliare.it/annunci/127303503/,
127646810,"Stanza in affitto in appartamento via Ettore Ponti, Milano",650,€ 650/mese,5,2,80 m²,1°,Autonomo,"fibra ottica, porta blindata, esposizione esterna, impianto tv centralizzato",Via Ettore Ponti,"Famagosta, Barona",Barona,45.4422,9.15399,Spacest.com by Roomless,02 8974 1955,11,https://www.immobiliare.it/annunci/127646810/,
127646790,"Stanza in affitto in appartamento via Felice Bellotti, Milano",645,€ 645/mese,5+,3,161 m²,"2°, con ascensore",Autonomo,"fibra ottica, porta blindata, esposizione esterna, impianto tv centralizzato",Via Felice Bellotti,"Porta Venezia, Indipendenza",Piave - Tricolore,45.4708,9.20835,Spacest.com by Roomless,02 8974 1955,20,https://www.immobiliare.it/annunci/127646790/,
127384599,"Stanza in affitto in appartamento via Carlo Imbonati, Milano",685,€ 685/mese,5+,3+,15 m²,1°,Autonomo,"fibra ottica, porta blindata, esposizione esterna, impianto tv centralizzato",Via Carlo Imbonati,"Affori, Bovisa",Dergano,45.5012,9.18211,Spacest.com by Roomless,02 8974 1955,33,https://www.immobiliare.it/annunci/127384599/,
127356275,"Stanza in affitto in appartamento via Orti, Milano",590,€ 590/mese,5+,2,127 m²,3°,Autonomo,"fibra ottica, porta blindata, esposizione esterna, balcone, impianto tv centralizzato",Via Orti,"Quadronno, Palestro, Guastalla",Quadronno - Crocetta,45.4555,9.20183,Spacest.com by Roomless,02 8974 1955,20,https://www.immobiliare.it/annunci/127356275/,
127355625,"Stanza in affitto in appartamento via Mac Mahon, Milano",630,€ 630/mese,4,1,78 m²,1°,Autonomo,"fibra ottica, porta blindata, esposizione esterna, terrazzo, impianto tv centralizzato",Via Mac Mahon,"Uptown, Cascina Merlata, Viale Certosa",Certosa,45.4972,9.15326,Spacest.com by Roomless,02 8974 1955,12,https://www.immobiliare.it/annunci/127355625/,
127355451,"Stanza in affitto in appartamento via Plinio, Milano",630,€ 630/mese,5+,2,15 m²,"1°, con ascensore",Autonomo,"fibra ottica, porta blindata, esposizione esterna, impianto tv centralizzato",Via Plinio,"Città Studi, Susa",Città Studi,45.4753,9.22085,Spacest.com by Roomless,02 8974 1955,28,https://www.immobiliare.it/annunci/127355451/,
127275167,"Stanza in affitto in appartamento via Temistocle Calzecchi, Milano",650,€ 650/mese,5,2,127 m²,"2°, con ascensore",Autonomo,"fibra ottica, porta blindata, esposizione esterna, impianto tv centralizzato",Via Temistocle Calzecchi,"Città Studi, Susa",Città Studi,45.4724,9.2349,Spacest.com by Roomless,02 8974 1955,34,https://www.immobiliare.it/annunci/127275167/,
127232199,"Stanza in affitto in appartamento viale Abruzzi, Milano",595,€ 595/mese,5+,2,184 m²,"3°, con ascensore",Autonomo,"fibra ottica, porta blindata, esposizione esterna, impianto tv centralizzato",Viale Abruzzi,"Centrale, Repubblica",Buenos Aires,45.4835,9.21649,Spacest.com by Roomless,02 8974 1955,32,https://www.immobiliare.it/annunci/127232199/,
127201247,"Stanza in affitto in appartamento via Giotto, Milano",600,€ 600/mese,5+,2,164 m²,1°,Autonomo,"fibra ottica, porta blindata, esposizione esterna, impianto tv centralizzato",Via Giotto,"Solari, Washington",Vercelli - Wagner,45.4692,9.15634,Spacest.com by Roomless,02 8974 1955,24,https://www.immobiliare.it/annunci/127201247/,
127646852,"Stanza in affitto in appartamento via Privata Mauro Rota, Milano",660,€ 660/mese,5+,2,150 m²,4°,Autonomo,"fibra ottica, porta blindata, esposizione esterna, impianto tv centralizzato",Via Privata Mauro Rota,"Bicocca, Niguarda",Greco - Segnano,45.5029,9.21219,Spacest.com by Roomless,02 8974 1955,27,https://www.immobiliare.it/annunci/127646852/,
127646788,"Stanza in affitto in appartamento via Ernesto Breda, Milano",670,€ 670/mese,5+,2,131 m²,1°,Autonomo,"fibra ottica, porta blindata, esposizione esterna, impianto tv centralizzato",Via Ernesto Breda,"Precotto, Turro",Villa San Giovanni,45.5189,9.2214,Spacest.com by Roomless,02 8974 1955,13,https://www.immobiliare.it/annunci/127646788/,
127541872,"Stanza in affitto in appartamento largo Cavalieri di Malta, Milano",675,€ 675/mese,5+,3,196 m²,"9°, con ascensore",Autonomo,"fibra ottica, porta blindata, esposizione esterna, impianto tv centralizzato",Largo Cavalieri di Malta,"Bande Nere, Inganni",Lorenteggio,45.4543,9.13826,Spacest.com by Roomless,02 8974 1955,22,https://www.immobiliare.it/annunci/127541872/,
127513802,"Stanza in affitto in appartamento via Orti, Milano",610,€ 610/mese,5+,2,127 m²,3°,Autonomo,"fibra ottica, porta blindata, esposizione esterna, balcone, impianto tv centralizzato",Via Orti,"Quadronno, Palestro, Guastalla",Quadronno - Crocetta,45.4555,9.20183,Spacest.com by Roomless,02 8974 1955,21,https://www.immobiliare.it/annunci/127513802/,
127414607,"Stanza in affitto in appartamento via Guercino, Milano",605,€ 605/mese,5+,2,166 m²,"4°, con ascensore",Autonomo,"fibra ottica, porta blindata, esposizione esterna, impianto tv centralizzato",Via Guercino,"Cenisio, Sarpi, Isola",Paolo Sarpi,45.4804,9.18014,Spacest.com by Roomless,02 8974 1955,13,https://www.immobiliare.it/annunci/127414607/,
127317521,"Stanza in affitto in appartamento viale Renato Serra, Milano",675,€ 675/mese,5,2,133 m²,"1°, con ascensore",Autonomo,"fibra ottica, porta blindata, esposizione esterna, impianto tv centralizzato",Viale Renato Serra,"Fiera, Sempione, City Life, Portello",Monte Rosa - Lotto,45.4852,9.14473,Spacest.com by Roomless,02 8974 1955,29,https://www.immobiliare.it/annunci/127317521/,
127646846,"Stanza in affitto in appartamento via Bordighera, Milano",680,€ 680/mese,3,1,15 m²,1°,Autonomo,"fibra ottica, porta blindata, esposizione esterna, impianto tv centralizzato",Via Bordighera,"Famagosta, Barona",Famagosta,45.4419,9.17361,Spacest.com by Roomless,02 8974 1955,14,https://www.immobiliare.it/annunci/127646846/,
127513744,"Stanza in affitto in appartamento via Alberto da Gandino, Milano",670,€ 670/mese,3,1,67 m²,1°,Autonomo,"fibra ottica, porta blindata, esposizione esterna, impianto tv centralizzato",Via Alberto da Gandino,"Bisceglie, Baggio, Olmi",Baggio,45.4579,9.09394,Spacest.com by Roomless,02 8974 1955,15,https://www.immobiliare.it/annunci/127513744/,
127462742,"Stanza in affitto in appartamento via Luigi Cislaghi, Milano",595,€ 595/mese,2,1,15 m²,1°,Autonomo,"fibra ottica, porta blindata, esposizione esterna, impianto tv centralizzato",Via Luigi Cislaghi,"Precotto, Turro",Precotto,45.5122,9.22567,Spacest.com by Roomless,02 8974 1955,14,https://www.immobiliare.it/annunci/127462742/,
127356347,"Stanza in affitto in appartamento via Lepontina, Milano",640,€ 640/mese,1,1,15 m²,1°,Autonomo,"fibra ottica, porta blindata, esposizione esterna, impianto tv centralizzato",Via Lepontina,"Cenisio, Sarpi, Isola",Farini,45.4933,9.18333,Spacest.com by Roomless,02 8974 1955,51,https://www.immobiliare.it/annunci/127356347/,
127275105,"Stanza in affitto in appartamento via Annibale Caretta, Milano",600,€ 600/mese,5+,3+,369 m²,4°,Autonomo,"fibra ottica, porta blindata, esposizione esterna, balcone, impianto tv centralizzato",Via Annibale Caretta,"Centrale, Repubblica",Buenos Aires,45.4852,9.21602,Spacest.com by Roomless,02 8974 1955,23,https://www.immobiliare.it/annunci/127275105/,
127462722,"Stanza in affitto in appartamento viale Tibaldi, Milano",620,€ 620/mese,4,2,105 m²,6°,Autonomo,"fibra ottica, porta blindata, esposizione esterna, impianto tv centralizzato",Viale Tibaldi,"Abbiategrasso, Chiesa Rossa",Pezzotti - Meda,45.4433,9.17651,Spacest.com by Roomless,02 8974 1955,15,https://www.immobiliare.it/annunci/127462722/,
127384553,"Stanza in affitto in appartamento via Giuseppe Regaldi, Milano",635,€ 635/mese,3,1,55 m²,"2°, con ascensore",Autonomo,"fibra ottica, porta blindata, esposizione esterna, impianto tv centralizzato",Via Giuseppe Regaldi,"Affori, Bovisa",Affori,45.5174,9.17352,Spacest.com by Roomless,02 8974 1955,41,https://www.immobiliare.it/annunci/127384553/,
127355405,"Stanza in affitto in appartamento viale Sabotino, Milano",620,€ 620/mese,5,2,138 m²,"4°, con ascensore",Autonomo,"fibra ottica, porta blindata, esposizione esterna, impianto tv centralizzato",Viale Sabotino,"Porta Romana, Cadore, Montenero",Porta Romana - Medaglie d'Oro,45.4512,9.19951,Spacest.com by Roomless,02 8974 1955,31,https://www.immobiliare.it/annunci/127355405/,
127326397,"Stanza in affitto in appartamento via Valsugana, Milano",615,€ 615/mese,5,2,15 m²,"8°, con ascensore",Autonomo,"fibra ottica, porta blindata, esposizione esterna, impianto tv centralizzato",Via Valsugana,"Ripamonti, Vigentino",Ripamonti - Fondazione Prada,45.4441,9.21026,Spacest.com by Roomless,02 8974 1955,21,https://www.immobiliare.it/annunci/127326397/,
127303647,"Stanza in affitto in appartamento via Giorgio Briano, Milano",630,€ 630/mese,4,1,80 m²,4°,Autonomo,"fibra ottica, porta blindata, esposizione esterna, impianto tv centralizzato",Via Giorgio Briano,"Abbiategrasso, Chiesa Rossa",Pezzotti - Meda,45.4387,9.18289,Spacest.com by Roomless,02 8974 1955,16,https://www.immobiliare.it/annunci/127303647/,
127504692,"Stanza in affitto in appartamento via Ercolano, Milano",610,€ 610/mese,2,1,110 m²,1°,Autonomo,"fibra ottica, porta blindata, esposizione esterna, impianto tv centralizzato",Via Ercolano,"Affori, Bovisa",Bovisa,45.4969,9.15571,Spacest.com by Roomless,02 8974 1955,12,https://www.immobiliare.it/annunci/127504692/,
127504684,"Stanza in affitto in appartamento via Perugino, Milano",650,€ 650/mese,4,2,15 m²,1°,Autonomo,"fibra ottica, porta blindata, esposizione esterna, impianto tv centralizzato",Via Perugino,"Porta Romana, Cadore, Montenero",Cadore,45.4579,9.21471,Spacest.com by Roomless,02 8974 1955,20,https://www.immobiliare.it/annunci/127504684/,
127462918,"Stanza in affitto in appartamento via Angelo de Gasperis, Milano",685,€ 685/mese,5+,2,90 m²,1°,Autonomo,"fibra ottica, porta blindata, esposizione esterna, impianto tv centralizzato",Via Angelo de Gasperis,"Bicocca, Niguarda",Ca' Granda,45.5074,9.19424,Spacest.com by Roomless,02 8974 1955,21,https://www.immobiliare.it/annunci/127462918/,
127462536,"Stanza in affitto in appartamento via Federico Engels, Milano",620,€ 620/mese,5+,2,130 m²,6°,Autonomo,"fibra ottica, porta blindata, esposizione esterna, impianto tv centralizzato",Via Federico Engels,"Bisceglie, Baggio, Olmi",Quarto Cagnino,45.4758,9.11014,Spacest.com by Roomless,02 8974 1955,18,https://www.immobiliare.it/annunci/127462536/,
127415055,"Stanza in affitto in appartamento viale Daniele Ranzoni, Milano",665,€ 665/mese,5,2,161 m²,"2°, con ascensore",Autonomo,"fibra ottica, porta blindata, esposizione esterna, impianto tv centralizzato",Viale Daniele Ranzoni,"San Siro, Trenno",San Siro,45.4687,9.14515,Spacest.com by Roomless,02 8974 1955,36,https://www.immobiliare.it/annunci/127415055/,
127414637,"Stanza in affitto in appartamento via Arcivescovo Romilli, Milano",650,€ 650/mese,3,1,70 m²,1°,Autonomo,"fibra ottica, porta blindata, esposizione esterna, impianto tv centralizzato",Via Arcivescovo Romilli,"Corvetto, Rogoredo",Corvetto,45.4387,9.21317,Spacest.com by Roomless,02 8974 1955,25,https://www.immobiliare.it/annunci/127414637/,
127384747,"Stanza in affitto in appartamento via Don Carlo Gnocchi, Milano",660,€ 660/mese,5,2,124 m²,"1°, con ascensore",Autonomo,"fibra ottica, porta blindata, esposizione esterna, impianto tv centralizzato",Via Don Carlo Gnocchi,"San Siro, Trenno",San Siro,45.4743,9.12369,Spacest.com by Roomless,02 8974 1955,40,https://www.immobiliare.it/annunci/127384747/,
127356309,"Stanza in affitto in appartamento via Salvatore Barzilai, Milano",665,€ 665/mese,5,1,87 m²,"7°, con ascensore",Autonomo,"fibra ottica, porta blindata, esposizione esterna, impianto tv centralizzato",Via Salvatore Barzilai,"Bande Nere, Inganni",Lorenteggio,45.4517,9.14007,Spacest.com by Roomless,02 8974 1955,26,https://www.immobiliare.it/annunci/127356309/,
127326321,"Stanza in affitto in appartamento viale Sondrio, Milano",630,€ 630/mese,5+,3,15 m²,"6°, con ascensore",Autonomo,"fibra ottica, porta blindata, esposizione esterna, impianto tv centralizzato",Viale Sondrio,"Cenisio, Sarpi, Isola",Isola,45.4901,9.19945,Spacest.com by Roomless,02 8974 1955,31,https://www.immobiliare.it/annunci/127326321/,
127541704,"Stanza in affitto in appartamento via Salvatore Barzilai, Milano",685,€ 685/mese,5,1,99 m²,"1°, con ascensore",Autonomo,"fibra ottica, porta blindata, esposizione esterna, impianto tv centralizzato",Via Salvatore Barzilai,"Bande Nere, Inganni",Lorenteggio,45.4519,9.14075,Spacest.com by Roomless,02 8974 1955,17,https://www.immobiliare.it/annunci/127541704/,
127415061,"Stanza in affitto in appartamento largo Giovanni Battista Scalabrini, Milano",655,€ 655/mese,5,2,138 m²,"5°, con ascensore",Autonomo,"fibra ottica, porta blindata, esposizione esterna, impianto tv centralizzato",Largo Giovanni Battista Scalabrini,"Famagosta, Barona",Giambellino,45.4501,9.14046,Spacest.com by Roomless,02 8974 1955,23,https://www.immobiliare.it/annunci/127415061/,
127355485,"Stanza in affitto in appartamento via Giovanni Pacini, Milano",590,€ 590/mese,5+,2,166 m²,7°,Autonomo,"fibra ottica, porta blindata, esposizione esterna, balcone, impianto tv centralizzato",Via Giovanni Pacini,"Città Studi, Susa",Città Studi,45.4846,9.23541,Spacest.com by Roomless,02 8974 1955,18,https://www.immobiliare.it/annunci/127355485/,
127317501,"Stanza in affitto in appartamento viale Abruzzi, Milano",595,€ 595/mese,5+,2,184 m²,"3°, con ascensore",Autonomo,"fibra ottica, porta blindata, esposizione esterna, impianto tv centralizzato",Viale Abruzzi,"Centrale, Repubblica",Buenos Aires,45.4835,9.21649,Spacest.com by Roomless,02 8974 1955,32,https://www.immobiliare.it/annunci/127317501/,
127317325,"Stanza in affitto in appartamento viale Col di Lana, Milano",590,€ 590/mese,5+,3,230 m²,"1°, con ascensore",Autonomo,"fibra ottica, porta blindata, esposizione esterna, impianto tv centralizzato",Viale Col di Lana,Navigli,Corso San Gottardo,45.4521,9.18266,Spacest.com by Roomless,02 8974 1955,40,https://www.immobiliare.it/annunci/127317325/,
127051079,"Stanza in affitto in appartamento via Carlo Imbonati, Milano",685,€ 685/mese,5+,3+,15 m²,1°,Autonomo,"fibra ottica, porta blindata, esposizione esterna, impianto tv centralizzato",Via Carlo Imbonati,"Affori, Bovisa",Dergano,45.5012,9.18211,Spacest.com by Roomless,02 8974 1955,33,https://www.immobiliare.it/annunci/127051079/,
127303919,"Stanza in affitto in appartamento viale Enrico Forlanini, Milano",690,€ 690/mese,4,1,65 m²,1°,Autonomo,"fibra ottica, porta blindata, esposizione esterna, balcone, impianto tv centralizzato",Viale Enrico Forlanini,Forlanini,Quartiere Forlanini,45.4618,9.24356,Spacest.com by Roomless,02 8974 1955,22,https://www.immobiliare.it/annunci/127303919/,
127541520,"Stanza in affitto in appartamento via Raimondo Franchetti, Milano",610,€ 610/mese,5+,2,152 m²,4°,Autonomo,"fibra ottica, porta blindata, esposizione esterna, impianto tv centralizzato",Via Raimondo Franchetti,"Centrale, Repubblica",Repubblica,45.4795,9.19969,Spacest.com by Roomless,02 8974 1955,16,https://www.immobiliare.it/annunci/127541520/,
78373025,"Stanza singola via Rosa Massara De Capitani 14, Milano",700,€ 700/mese,5,2,16 m²,2°,Centralizzato,"cucina, ascensore, portineria, lavastoviglie, lavatrice, balcone, connessione ad internet, ripostiglio, parquet, armadi, tv, arredato",Via Rosa Massara De Capitani,"Affori, Bovisa",Bovisa,45.5004,9.16463,Privato/Nessuna,,16,https://www.immobiliare.it/annunci/78373025/,
127240543,"Stanza singola largo Promessi Sposi 10, Milano",660,€ 660/mese,3,1,67 m²,6°,Assente,"ripostiglio, balcone, cucina, connessione ad internet, lavatrice, portineria, bagno in comune, aria condizionata, armadi",Largo Promessi Sposi,"Famagosta, Barona",Cantalupa - San Paolo,45.4348,9.1734,MilanHousing,02 3651 7940,17,https://www.immobiliare.it/annunci/127240543/,
127021531,"Stanza singola Gratosoglio, Milano",600,€ 600/mese,5,2,129 m²,7°,Assente,"balcone, cucina, connessione ad internet, lavatrice, microonde, bagno in comune",Via Vittorio Emanuele Orlando,"Abbiategrasso, Chiesa Rossa",Gratosoglio,45.4183,9.1745,MilanHousing,02 3651 7940,11,https://www.immobiliare.it/annunci/127021531/,
126638347,"Stanza singola via Luigi Bianchi d'Espinosa 7, Milano",600,€ 600/mese,3,1,72 m²,2°,Assente,"ripostiglio, cucina, lavatrice, microonde, bagno in comune, tv, armadi",Via Luigi Bianchi d'Espinosa,"Bicocca, Niguarda",Niguarda,45.5135,9.1918,TEMPOCASA Milano Niguarda,02 3540 6875,38,https://www.immobiliare.it/annunci/126638347/,
127360655,"Stanza singola corso Lodi 78, Milano",670,€ 670/mese,4,1,80 m²,4°,Assente,"cucina, connessione ad internet, lavatrice, lavastoviglie, microonde, portineria, bagno in comune, armadi",Corso Lodi,"Porta Vittoria, Lodi",Lodi - Brenta,45.4434,9.2169,Grimaldi Immobiliare Milano Città Studi,02 5964 5629,17,https://www.immobiliare.it/annunci/127360655/,
121763084,"Stanza singola via Galeno 27, Milano",650,€ 650/mese,3,1,23 m²,5°,Assente,"ripostiglio, giardino, balcone, terrazzo, cucina, connessione ad internet, lavatrice, microonde, tv satellitare/pay tv, portineria, bagno in comune, parquet, attacco telefonico, armadi",Via Galeno,"Precotto, Turro",Villa San Giovanni,45.5199,9.2237,Startup Immobiliare,02 5964 5289,25,https://www.immobiliare.it/annunci/121763084/,
127285351,"Stanza singola via delle Stelline 1, Milano",620,€ 620/mese,5,2,16 m²,Piano rialzato,Assente,"ripostiglio, balcone, cucina, connessione ad internet, lavatrice, lavastoviglie, microonde, portineria, bagno in comune, parquet, tv, armadi",Via delle Stelline,"Solari, Washington",Frua,45.4639,9.1495,Tarantini Consulenti Immobiliari,039 240 9286,13,https://www.immobiliare.it/annunci/127285351/,
125157563,"Stanza singola via Gaspare Aselli 6, Milano",600,€ 600/mese,3,1,70 m²,Piano terra,Assente,"ripostiglio, balcone, cucina, connessione ad internet, lavatrice, microonde, tv satellitare/pay tv, bagno in comune, attacco telefonico, tv, armadi",Via Gaspare Aselli,"Città Studi, Susa",Città Studi,45.4691,9.2303,Grimaldi Immobiliare Milano Città Studi,02 5964 5629,20,https://www.immobiliare.it/annunci/125157563/,
127125411,"Stanza doppia via Bergamo 27, Milano",700,€ 700/mese,4,1,20 m²,2°,Assente,"balcone, cucina, lavastoviglie, microonde, portineria, bagno in comune, parquet, aria condizionata, armadi, moquette",Via Bergamo,"Porta Romana, Cadore, Montenero",Cadore,45.4558,9.2109,Affiliato Tecnocasa: STIMA IMMOBILIARE SRL,02 8295 4512,25,https://www.immobiliare.it/annunci/127125411/,
125803955,"Stanza singola via Edoardo Bassini 31, Milano",600,€ 600/mese,3,1,88 m²,"2°, con ascensore",Centralizzato,"balcone, cucina, lavatrice, portineria, bagno in comune, fibra ottica, porta blindata, esposizione esterna, impianto tv centralizzato, arredato, cantina",Via Edoardo Bassini 31,"Città Studi, Susa",Città Studi,45.4801,9.2333,TEMPOCASA Milano Città Studi Pacini,02 3540 6819,17,https://www.immobiliare.it/annunci/125803955/,
125019221,"Stanza singola via Edoardo Bassini 19, Milano",600,€ 600/mese,3,2,101 m²,Ammezzato,Assente,"balcone, cucina, connessione ad internet, lavatrice, lavastoviglie, microonde, portineria, bagno in comune, attacco telefonico, aria condizionata, armadi",Via Edoardo Bassini,"Città Studi, Susa",Città Studi,45.48,9.2329,Grimaldi Immobiliare Milano Città Studi,02 5964 5629,23,https://www.immobiliare.it/annunci/125019221/,
127657704,"Stanza singola via Antonio Grumello 8, Milano",690,€ 690/mese,4,2,112 m²,2°,Assente,"cucina, lavatrice, bagno in comune, attacco telefonico, aria condizionata, armadi",Via Antonio Grumello,"Solari, Washington",Dezza,45.4581,9.1598,Welcome Home,02 8974 7773,25,https://www.immobiliare.it/annunci/127657704/,
114694537,"Stanza singola viale Lucania 29, Milano",700,€ 700/mese,3,1,40 m²,2°,Assente,"ripostiglio, palestra, balcone, cucina, connessione ad internet, lavatrice, lavastoviglie, microonde, bagno in comune, attacco telefonico, aria condizionata, armadi",Viale Lucania,"Corvetto, Rogoredo",Corvetto,45.4433,9.2238,AS Real Estate,02 9994 8975,17,https://www.immobiliare.it/annunci/114694537/,
127413297,"Stanza singola via Barnaba Oriani, Milano",650,€ 650/mese,1,1,13 m²,"4°, con ascensore",Autonomo,"fibra ottica, videocitofono, accesso per disabili, impianto tv con parabola satellitare, arredato",Via Barnaba Oriani,"Uptown, Cascina Merlata, Viale Certosa",Certosa,45.5018,9.1353,Tempocasa Milano - Gallarate/Musocco,353 479 2510,11,https://www.immobiliare.it/annunci/127413297/,
127470372,"Stanza singola via Clitumno 11, Milano",600,€ 600/mese,3,1,20 m²,2°,Assente,"cucina, connessione ad internet, lavatrice, lavastoviglie, tv satellitare/pay tv, portineria, con biancheria, bagno in comune, attacco telefonico, tv, aria condizionata, ingresso privato, armadi",Via Clitumno,"Pasteur, Rovereto",Parco Trotter,45.493,9.2286,FenixGroup Real Estate,02 8295 2188,12,https://www.immobiliare.it/annunci/127470372/,
126932001,"Stanza singola via Plinio, 32, 20129 Milano Italia, Milano",670,€ 670/mese,3,3,20 m²,"Piano terra, con ascensore",Centralizzato,"cucina, connessione ad internet, bagno privato, aria condizionata, cancello elettrico, fibra ottica, videocitofono, impianto di allarme, porta blindata, esposizione interna, accesso per disabili, impianto tv centralizzato, arredato","Via Plinio, 32, 20129 Milano MI, Italia","Centrale, Repubblica",Morgagni,45.4774,9.2156,Dhome Real Estate srl,02 8736 4215,39,https://www.immobiliare.it/annunci/126932001/,
127413295,"Stanza singola via Barnaba Oriani, Milano",700,€ 700/mese,1,1,15 m²,4°,Autonomo,"cancello elettrico, fibra ottica, videocitofono, porta blindata, accesso per disabili, impianto tv con parabola satellitare, arredato",Via Barnaba Oriani,"Uptown, Cascina Merlata, Viale Certosa",Certosa,45.5018,9.13526,Tempocasa Milano - Gallarate/Musocco,353 479 2510,10,https://www.immobiliare.it/annunci/127413295/,
126994869,"Stanza singola viale Tibaldi 66, Milano",600,€ 600/mese,4,2,82 m²,3°,Assente,"ripostiglio, giardino, balcone, cucina, connessione ad internet, lavatrice, lavastoviglie, microonde, tv satellitare/pay tv, portineria, bagno in comune, tv, armadi",Viale Tibaldi,"Abbiategrasso, Chiesa Rossa",Pezzotti - Meda,45.445,9.1857,Affiliato Tecnocasa: STUDIO BOCCONI SRL,02 8295 4527,9,https://www.immobiliare.it/annunci/126994869/,
121477976,"Stanza singola via Col Moschin 7, Milano",685,€ 685/mese,3,1,85 m²,2°,Assente,"ripostiglio, balcone, cucina, lavatrice, portineria, bagno in comune, parquet, armadi",Via Col Moschin,Navigli,Corso San Gottardo,45.4513,9.1852,Gabetti Franchising Milano Navigli Bocconi,02 3540 6541,17,https://www.immobiliare.it/annunci/121477976/,
126192243,"Stanza singola via Hermada 1, Milano",660,€ 660/mese,3,1,67 m²,5°,Assente,"cucina, lavatrice, lavastoviglie, microonde, bagno in comune, aria condizionata, armadi",Via Hermada,"Bicocca, Niguarda",Niguarda,45.5147,9.1908,Gabetti Franchising Milano Navigli Bocconi,02 3540 6541,25,https://www.immobiliare.it/annunci/126192243/,
126994335,"Stanza singola viale Tibaldi 66, Milano",600,€ 600/mese,4,2,82 m²,3°,Assente,"ripostiglio, balcone, cucina, connessione ad internet, lavatrice, lavastoviglie, microonde, tv satellitare/pay tv, portineria, bagno in comune, tv, aria condizionata, armadi",Viale Tibaldi,"Abbiategrasso, Chiesa Rossa",Pezzotti - Meda,45.445,9.1857,Affiliato Tecnocasa: STUDIO BOCCONI SRL,02 8295 4527,9,https://www.immobiliare.it/annunci/126994335/,
127283261,"Stanza singola viale Giovanni Suzzani 60/4, Milano",600,€ 600/mese,3,1,15 m²,2°,Assente,"ripostiglio, balcone, cucina, lavatrice, lavastoviglie, microonde, bagno in comune, aria condizionata",Viale Giovanni Suzzani,"Bicocca, Niguarda",Ca' Granda,45.5078,9.1995,4Real Estate,02 5964 9472,38,https://www.immobiliare.it/annunci/127283261/,
126897597,"Stanza singola via Rombon 44, Milano",650,€ 650/mese,3,1,20 m²,2°,Assente,"balcone, terrazzo, cucina, connessione ad internet, microonde, bagno in comune, armadi",Via Rombon,"Udine, Lambrate",Lambrate,45.4863,9.2434,Immuni SRL,06 5326 7486,15,https://www.immobiliare.it/annunci/126897597/,
124441465,"Stanza doppia via Val di Bondo, Milano",600,€ 600/mese,3,1,20 m²,Piano rialzato,Assente,"cucina, connessione ad internet, lavatrice, bagno in comune, attacco telefonico, tv",Via Val di Bondo,"Affori, Bovisa",Comasina,45.5249,9.1603,Immuni SRL,06 5326 7486,18,https://www.immobiliare.it/annunci/124441465/,
123842539,"Stanza singola via Walter Tobagi 2, Milano",650,€ 650/mese,1,1,80 m²,2°,Assente,"cucina, connessione ad internet, lavatrice, bagno in comune, armadi",Via Walter Tobagi,"Famagosta, Barona",Tre Castelli - Faenza,45.441,9.1487,Immuni SRL,06 5326 7486,30,https://www.immobiliare.it/annunci/123842539/,
127514034,"Stanza in affitto in appartamento via Orti, Milano",610,€ 610/mese,5+,2,127 m²,3°,Autonomo,"fibra ottica, porta blindata, esposizione esterna, balcone, impianto tv centralizzato",Via Orti,"Quadronno, Palestro, Guastalla",Quadronno - Crocetta,45.4555,9.20183,Spacest.com by Roomless,02 8974 1955,21,https://www.immobiliare.it/annunci/127514034/,
127513666,"Stanza in affitto in appartamento via Giuseppe Frua, Milano",650,€ 650/mese,5+,3,148 m²,"2°, con ascensore",Autonomo,"fibra ottica, porta blindata, esposizione esterna, impianto tv centralizzato",Via Giuseppe Frua,"Solari, Washington",Frua,45.4651,9.14874,Spacest.com by Roomless,02 8974 1955,39,https://www.immobiliare.it/annunci/127513666/,
127356451,"Stanza in affitto in appartamento via Lepontina, Milano",630,€ 630/mese,1,1,15 m²,1°,Autonomo,"fibra ottica, porta blindata, esposizione esterna, impianto tv centralizzato",Via Lepontina,"Cenisio, Sarpi, Isola",Farini,45.4933,9.18333,Spacest.com by Roomless,02 8974 1955,48,https://www.immobiliare.it/annunci/127356451/,
127326351,"Stanza in affitto in appartamento via Salvatore Barzilai, Milano",700,€ 700/mese,5,1,99 m²,"1°, con ascensore",Autonomo,"fibra ottica, porta blindata, esposizione esterna, impianto tv centralizzato",Via Salvatore Barzilai,"Bande Nere, Inganni",Lorenteggio,45.4519,9.14075,Spacest.com by Roomless,02 8974 1955,17,https://www.immobiliare.it/annunci/127326351/,
127303981,"Stanza in affitto in appartamento via Giuseppe Regaldi, Milano",645,€ 645/mese,3,1,55 m²,"2°, con ascensore",Autonomo,"fibra ottica, porta blindata, esposizione esterna, impianto tv centralizzato",Via Giuseppe Regaldi,"Affori, Bovisa",Affori,45.5174,9.17352,Spacest.com by Roomless,02 8974 1955,34,https://www.immobiliare.it/annunci/127303981/,
127303563,"Stanza in affitto in appartamento via Gustavo Modena, Milano",630,€ 630/mese,4,1,104 m²,"1°, con ascensore",Autonomo,"fibra ottica, porta blindata, esposizione esterna, impianto tv centralizzato",Via Gustavo Modena,"Città Studi, Susa",Plebisciti - Susa,45.471,9.21759,Spacest.com by Roomless,02 8974 1955,22,https://www.immobiliare.it/annunci/127303563/,
127541706,"Stanza in affitto in appartamento viale Legioni Romane, Milano",685,€ 685/mese,5+,3,171 m²,2°,Autonomo,"fibra ottica, porta blindata, esposizione esterna, impianto tv centralizzato",Viale Legioni Romane,"Bande Nere, Inganni",Bande Nere,45.4597,9.13124,Spacest.com by Roomless,02 8974 1955,13,https://www.immobiliare.it/annunci/127541706/,
127414887,"Stanza in affitto in appartamento via Salvatore Barzilai, Milano",680,€ 680/mese,5+,2,131 m²,"8°, con ascensore",Autonomo,"fibra ottica, porta blindata, esposizione esterna, impianto tv centralizzato",Via Salvatore Barzilai,"Bande Nere, Inganni",Lorenteggio,45.4523,9.13914,Spacest.com by Roomless,02 8974 1955,20,https://www.immobiliare.it/annunci/127414887/,
127414703,"Stanza in affitto in appartamento piazza Sant'Agostino, Milano",645,€ 645/mese,5+,2,157 m²,4°,Autonomo,"fibra ottica, porta blindata, esposizione esterna, balcone, impianto tv centralizzato",Piazza Sant'Agostino,"Genova, Ticinese",Corso Genova,45.4582,9.17012,Spacest.com by Roomless,02 8974 1955,24,https://www.immobiliare.it/annunci/127414703/,
127326145,"Stanza in affitto in appartamento via Rho, Milano",610,€ 610/mese,5+,2,140 m²,2°,Autonomo,"fibra ottica, porta blindata, esposizione esterna, balcone, impianto tv centralizzato",Via Rho,"Maggiolina, Istria",Cascina dei Pomi,45.4994,9.21297,Spacest.com by Roomless,02 8974 1955,24,https://www.immobiliare.it/annunci/127326145/,
127570124,"Stanza in affitto in appartamento via Rodolfo Carabelli, Milano",595,€ 595/mese,4,1,97 m²,"2°, con ascensore",Autonomo,"fibra ottica, porta blindata, esposizione esterna, impianto tv centralizzato",Via Rodolfo Carabelli,"Porta Vittoria, Lodi",Martini - Insubria,45.4502,9.22166,Spacest.com by Roomless,02 8974 1955,18,https://www.immobiliare.it/annunci/127570124/,
127570064,"Stanza in affitto in appartamento via Gustavo Fara, Milano",620,€ 620/mese,5,2,15 m²,"10°, con ascensore",Autonomo,"fibra ottica, porta blindata, esposizione esterna, impianto tv centralizzato",Via Gustavo Fara,"Centrale, Repubblica",Melchiorre Gioia,45.486,9.19897,Spacest.com by Roomless,02 8974 1955,34,https://www.immobiliare.it/annunci/127570064/,
127414733,"Stanza in affitto in appartamento largo Giovanni Battista Scalabrini, Milano",595,€ 595/mese,5,2,118 m²,"6°, con ascensore",Autonomo,"fibra ottica, porta blindata, esposizione esterna, impianto tv centralizzato",Largo Giovanni Battista Scalabrini,"Famagosta, Barona",Giambellino,45.4501,9.14046,Spacest.com by Roomless,02 8974 1955,22,https://www.immobiliare.it/annunci/127414733/,
127414687,"Stanza in affitto in appartamento via Privata San Martiniano, Milano",610,€ 610/mese,5+,3,151 m²,"5°, con ascensore",Autonomo,"fibra ottica, porta blindata, esposizione esterna, impianto tv centralizzato",Via Privata S. Martiniano,"Corvetto, Rogoredo",Corvetto,45.4371,9.21564,Spacest.com by Roomless,02 8974 1955,37,https://www.immobiliare.it/annunci/127414687/,
127356317,"Stanza in affitto in appartamento via Intra, Milano",680,€ 680/mese,5+,2,140 m²,1°,Autonomo,"fibra ottica, porta blindata, esposizione esterna, impianto tv centralizzato",Via Intra,"Maggiolina, Istria",Maggiolina,45.5017,9.19935,Spacest.com by Roomless,02 8974 1955,16,https://www.immobiliare.it/annunci/127356317/,
127326345,"Stanza in affitto in appartamento via F. R. Lamennais, Milano",600,€ 600/mese,5+,2,130 m²,7°,Autonomo,"fibra ottica, porta blindata, esposizione esterna, impianto tv centralizzato",Via F. R. Lamennais,"Bisceglie, Baggio, Olmi",Quarto Cagnino,45.4726,9.11261,Spacest.com by Roomless,02 8974 1955,10,https://www.immobiliare.it/annunci/127326345/,
127570042,"Stanza in affitto in appartamento via Don Carlo Gnocchi, Milano",680,€ 680/mese,5+,2,156 m²,"5°, con ascensore",Autonomo,"fibra ottica, porta blindata, esposizione esterna, impianto tv centralizzato",Via Don Carlo Gnocchi,"San Siro, Trenno",San Siro,45.4749,9.12364,Spacest.com by Roomless,02 8974 1955,27,https://www.immobiliare.it/annunci/127570042/,
127541540,"Stanza in affitto in appartamento viale Legioni Romane, Milano",600,€ 600/mese,5,2,105 m²,1°,Autonomo,"fibra ottica, porta blindata, esposizione esterna, impianto tv centralizzato",Viale Legioni Romane,"Bande Nere, Inganni",Bande Nere,45.4597,9.13124,Spacest.com by Roomless,02 8974 1955,10,https://www.immobiliare.it/annunci/127541540/,
127513728,"Stanza in affitto in appartamento via Pasquale Fornari, Milano",630,€ 630/mese,4,1,59 m²,5°,Autonomo,"fibra ottica, porta blindata, esposizione esterna, impianto tv centralizzato",Via Pasquale Fornari,"Bande Nere, Inganni",Gambara,45.4623,9.14434,Spacest.com by Roomless,02 8974 1955,30,https://www.immobiliare.it/annunci/127513728/,
127415073,"Stanza in affitto in appartamento via Natale Battaglia, Milano",595,€ 595/mese,5+,3,212 m²,"1°, con ascensore",Autonomo,"fibra ottica, porta blindata, esposizione esterna, impianto tv centralizzato",Via Natale Battaglia,"Pasteur, Rovereto",Pasteur,45.4898,9.21369,Spacest.com by Roomless,02 8974 1955,23,https://www.immobiliare.it/annunci/127415073/,
127415037,"Stanza in affitto in appartamento via Guercino, Milano",605,€ 605/mese,5+,2,166 m²,"4°, con ascensore",Autonomo,"fibra ottica, porta blindata, esposizione esterna, impianto tv centralizzato",Via Guercino,"Cenisio, Sarpi, Isola",Paolo Sarpi,45.4804,9.18014,Spacest.com by Roomless,02 8974 1955,13,https://www.immobiliare.it/annunci/127415037/,
127141341,"Stanza in affitto in appartamento via Salvatore Barzilai, Milano",690,€ 690/mese,4,1,65 m²,"3°, con ascensore",Autonomo,"fibra ottica, porta blindata, esposizione esterna, impianto tv centralizzato",Via Salvatore Barzilai,"Bande Nere, Inganni",Lorenteggio,45.4525,9.14113,Spacest.com by Roomless,02 8974 1955,18,https://www.immobiliare.it/annunci/127141341/,
127602408,"Stanza in affitto in appartamento via Innocenzo Isimbardi, Milano",600,€ 600/mese,5,2,15 m²,1°,Autonomo,"fibra ottica, porta blindata, esposizione esterna, impianto tv centralizzato",Via Innocenzo Isimbardi,"Abbiategrasso, Chiesa Rossa",Cermenate - Abbiategrasso,45.4343,9.18072,Spacest.com by Roomless,02 8974 1955,30,https://www.immobiliare.it/annunci/127602408/,
127513794,"Stanza in affitto in appartamento via Salvatore Barzilai, Milano",625,€ 625/mese,5+,2,126 m²,"5°, con ascensore",Autonomo,"fibra ottica, porta blindata, esposizione esterna, impianto tv centralizzato",Via Salvatore Barzilai,"Bande Nere, Inganni",Lorenteggio,45.452,9.1413,Spacest.com by Roomless,02 8974 1955,21,https://www.immobiliare.it/annunci/127513794/,
127462702,"Stanza in affitto in appartamento via Giuseppe Regaldi, Milano",600,€ 600/mese,5+,2,113 m²,"1°, con ascensore",Autonomo,"fibra ottica, porta blindata, esposizione esterna, impianto tv centralizzato",Via Giuseppe Regaldi,"Affori, Bovisa",Affori,45.5173,9.17352,Spacest.com by Roomless,02 8974 1955,28,https://www.immobiliare.it/annunci/127462702/,
127602394,"Stanza in affitto in appartamento via Privata Minturno, Milano",660,€ 660/mese,5+,2,100 m²,1°,Autonomo,"fibra ottica, porta blindata, esposizione esterna, impianto tv centralizzato",Via Privata Minturno,"Precotto, Turro",Gorla,45.5053,9.22374,Spacest.com by Roomless,02 8974 1955,17,https://www.immobiliare.it/annunci/127602394/,
127356361,"Stanza in affitto in appartamento via Privata Poggibonsi, Milano",695,€ 695/mese,5,2,15 m²,"5°, con ascensore",Autonomo,"fibra ottica, porta blindata, esposizione esterna, impianto tv centralizzato",Via Privata Poggibonsi,"Bande Nere, Inganni",Gambara,45.4666,9.13984,Spacest.com by Roomless,02 8974 1955,28,https://www.immobiliare.it/annunci/127356361/,
127326427,"Stanza in affitto in appartamento via Giovanni Segantini, Milano",695,€ 695/mese,5+,2,110 m²,1°,Autonomo,"fibra ottica, porta blindata, esposizione esterna, impianto tv centralizzato",Via Giovanni Segantini,Navigli,Navigli - Darsena,45.4446,9.17288,Spacest.com by Roomless,02 8974 1955,13,https://www.immobiliare.it/annunci/127326427/,
127275179,"Stanza in affitto in appartamento via Privata Giancarlo Puecher, Milano",610,€ 610/mese,4,1,65 m²,7°,Autonomo,"fibra ottica, porta blindata, esposizione esterna, impianto tv centralizzato",Via Privata Giancarlo Puecher,"Precotto, Turro",Turro,45.5034,9.22352,Spacest.com by Roomless,02 8974 1955,22,https://www.immobiliare.it/annunci/127275179/,
127490024,"Stanza in affitto in appartamento via Giovanni Segantini, Milano",600,€ 600/mese,5+,2,110 m²,1°,Autonomo,"fibra ottica, porta blindata, esposizione esterna, impianto tv centralizzato",Via Giovanni Segantini,Navigli,Navigli - Darsena,45.4446,9.17288,Spacest.com by Roomless,02 8974 1955,18,https://www.immobiliare.it/annunci/127490024/,
127304013,"Stanza in affitto in appartamento via Felice Bellotti, Milano",645,€ 645/mese,5+,3,161 m²,"2°, con ascensore",Autonomo,"fibra ottica, porta blindata, esposizione esterna, impianto tv centralizzato",Via Felice Bellotti,"Porta Venezia, Indipendenza",Piave - Tricolore,45.4708,9.20835,Spacest.com by Roomless,02 8974 1955,20,https://www.immobiliare.it/annunci/127304013/,
127274871,"Stanza in affitto in appartamento via San Basilio, Milano",700,€ 700/mese,3,1,72 m²,1°,Autonomo,"fibra ottica, porta blindata, esposizione esterna, impianto tv centralizzato",Via San Basilio,"Bicocca, Niguarda",Greco - Segnano,45.5096,9.20782,Spacest.com by Roomless,02 8974 1955,25,https://www.immobiliare.it/annunci/127274871/,
127602354,"Stanza in affitto in appartamento via Macedonio Melloni, Milano",685,€ 685/mese,5+,2,133 m²,"1°, con ascensore",Autonomo,"fibra ottica, porta blindata, esposizione esterna, impianto tv centralizzato",Via Macedonio Melloni,"Porta Venezia, Indipendenza",Piave - Tricolore,45.4664,9.2089,Spacest.com by Roomless,02 8974 1955,12,https://www.immobiliare.it/annunci/127602354/,
127602294,"Stanza in affitto in appartamento corso Buenos Aires, Milano",700,€ 700/mese,5,1,104 m²,1°,Autonomo,"fibra ottica, porta blindata, esposizione esterna, impianto tv centralizzato",Corso Buenos Aires,"Centrale, Repubblica",Buenos Aires,45.4813,9.21128,Spacest.com by Roomless,02 8974 1955,10,https://www.immobiliare.it/annunci/127602294/,
127513768,"Stanza in affitto in appartamento via dei Fontanili, Milano",595,€ 595/mese,5+,3+,445 m²,1°,Autonomo,"fibra ottica, porta blindata, esposizione esterna, impianto tv centralizzato",Via dei Fontanili,"Ripamonti, Vigentino",Ripamonti - Fondazione Prada,45.4425,9.18863,Spacest.com by Roomless,02 8974 1955,45,https://www.immobiliare.it/annunci/127513768/,
127462874,"Stanza in affitto in appartamento via Salvatore Barzilai, Milano",590,€ 590/mese,5,1,74 m²,"2°, con ascensore",Autonomo,"fibra ottica, porta blindata, esposizione esterna, impianto tv centralizzato",Via Salvatore Barzilai,"Bande Nere, Inganni",Lorenteggio,45.4525,9.14113,Spacest.com by Roomless,02 8974 1955,21,https://www.immobiliare.it/annunci/127462874/,
127275053,"Stanza in affitto in appartamento via Privata San Martiniano, Milano",590,€ 590/mese,4,1,75 m²,"1°, con ascensore",Autonomo,"fibra ottica, porta blindata, esposizione esterna, impianto tv centralizzato",Via Privata S. Martiniano,"Corvetto, Rogoredo",Corvetto,45.437,9.21553,Spacest.com by Roomless,02 8974 1955,32,https://www.immobiliare.it/annunci/127275053/,
127646718,"Stanza in affitto in appartamento via Orti, Milano",600,€ 600/mese,5+,2,197 m²,1°,Autonomo,"fibra ottica, porta blindata, esposizione esterna, impianto tv centralizzato",Via Orti,"Quadronno, Palestro, Guastalla",Quadronno - Crocetta,45.4555,9.20183,Spacest.com by Roomless,02 8974 1955,16,https://www.immobiliare.it/annunci/127646718/,
127541584,"Stanza in affitto in appartamento via Vincenzo Foppa, Milano",650,€ 650/mese,4,1,67 m²,"1°, con ascensore",Autonomo,"fibra ottica, porta blindata, esposizione esterna, impianto tv centralizzato",Via Vincenzo Foppa,"Solari, Washington",Dezza,45.4575,9.1592,Spacest.com by Roomless,02 8974 1955,17,https://www.immobiliare.it/annunci/127541584/,
127384707,"Stanza in affitto in appartamento via Felice Bellotti, Milano",645,€ 645/mese,5+,3,161 m²,"2°, con ascensore",Autonomo,"fibra ottica, porta blindata, esposizione esterna, impianto tv centralizzato",Via Felice Bellotti,"Porta Venezia, Indipendenza",Piave - Tricolore,45.4708,9.20835,Spacest.com by Roomless,02 8974 1955,20,https://www.immobiliare.it/annunci/127384707/,
127317495,"Stanza in affitto in appartamento via Guercino, Milano",685,€ 685/mese,5+,2,166 m²,"4°, con ascensore",Autonomo,"fibra ottica, porta blindata, esposizione esterna, impianto tv centralizzato",Via Guercino,"Cenisio, Sarpi, Isola",Paolo Sarpi,45.4804,9.18014,Spacest.com by Roomless,02 8974 1955,13,https://www.immobiliare.it/annunci/127317495/,
127646806,"Stanza in affitto in appartamento via Valsugana, Milano",630,€ 630/mese,4,2,92 m²,"4°, con ascensore",Autonomo,"fibra ottica, porta blindata, esposizione esterna, terrazzo, impianto tv centralizzato",Via Valsugana,"Ripamonti, Vigentino",Ripamonti - Fondazione Prada,45.4433,9.2107,Spacest.com by Roomless,02 8974 1955,15,https://www.immobiliare.it/annunci/127646806/,
127570480,"Stanza in affitto in appartamento via Giuseppe Regaldi, Milano",645,€ 645/mese,3,1,55 m²,"1°, con ascensore",Autonomo,"fibra ottica, porta blindata, esposizione esterna, impianto tv centralizzato",Via Giuseppe Regaldi,"Affori, Bovisa",Affori,45.5174,9.17353,Spacest.com by Roomless,02 8974 1955,32,https://www.immobiliare.it/annunci/127570480/,
127232189,"Stanza in affitto in appartamento via Luigi Cislaghi, Milano",595,€ 595/mese,2,1,15 m²,1°,Autonomo,"fibra ottica, porta blindata, esposizione esterna, impianto tv centralizzato",Via Luigi Cislaghi,"Precotto, Turro",Precotto,45.5122,9.22567,Spacest.com by Roomless,02 8974 1955,14,https://www.immobiliare.it/annunci/127232189/,
127141361,"Stanza in affitto in appartamento via Giuseppe Frua, Milano",670,€ 670/mese,5+,3,148 m²,"8°, con ascensore",Autonomo,"fibra ottica, porta blindata, esposizione esterna, impianto tv centralizzato",Via Giuseppe Frua,"Solari, Washington",Frua,45.4653,9.14888,Spacest.com by Roomless,02 8974 1955,43,https://www.immobiliare.it/annunci/127141361/,
127570114,"Stanza in affitto in appartamento piazza Ventiquattro Maggio, Milano",675,€ 675/mese,5,2,138 m²,"1°, con ascensore",Autonomo,"fibra ottica, porta blindata, esposizione esterna, impianto tv centralizzato",Piazza Ventiquattro Maggio,Navigli,Ascanio Sforza,45.4521,9.17892,Spacest.com by Roomless,02 8974 1955,18,https://www.immobiliare.it/annunci/127570114/,
127570016,"Stanza in affitto in appartamento via Giuseppe Regaldi, Milano",645,€ 645/mese,3,1,55 m²,"1°, con ascensore",Autonomo,"fibra ottica, porta blindata, esposizione esterna, impianto tv centralizzato",Via Giuseppe Regaldi,"Affori, Bovisa",Affori,45.5174,9.17353,Spacest.com by Roomless,02 8974 1955,32,https://www.immobiliare.it/annunci/127570016/,
127541484,"Stanza in affitto in appartamento via Giovanni Cagliero, Milano",600,€ 600/mese,5+,2,141 m²,"8°, con ascensore",Autonomo,"fibra ottica, porta blindata, esposizione esterna, impianto tv centralizzato",Via Giovanni Cagliero,"Maggiolina, Istria",Maggiolina,45.4958,9.20232,Spacest.com by Roomless,02 8974 1955,67,https://www.immobiliare.it/annunci/127541484/,
127504576,"Stanza in affitto in appartamento viale Monte Santo, Milano",630,€ 630/mese,5+,3,161 m²,"3°, con ascensore",Autonomo,"fibra ottica, porta blindata, esposizione esterna, impianto tv centralizzato",Viale Monte Santo,"Garibaldi, Moscova, Porta Nuova",Porta Nuova,45.4799,9.19407,Spacest.com by Roomless,02 8974 1955,35,https://www.immobiliare.it/annunci/127504576/,
127504560,"Stanza in affitto in appartamento via Bir Acheim, Milano",600,€ 600/mese,5,2,94 m²,1°,Autonomo,"fibra ottica, porta blindata, esposizione esterna, impianto tv centralizzato",Via Bir Acheim,"Affori, Bovisa",Bovisasca,45.5171,9.15399,Spacest.com by Roomless,02 8974 1955,25,https://www.immobiliare.it/annunci/127504560/,
127356273,"Stanza in affitto in appartamento via Moncalvo, Milano",630,€ 630/mese,3,1,15 m²,"3°, con ascensore",Autonomo,"fibra ottica, porta blindata, esposizione esterna, impianto tv centralizzato",Via Moncalvo,"Bande Nere, Inganni",Gambara,45.463,9.14251,Spacest.com by Roomless,02 8974 1955,31,https://www.immobiliare.it/annunci/127356273/,
127326169,"Stanza in affitto in appartamento via Porro Lambertenghi, Milano",595,€ 595/mese,5,1,127 m²,"4°, con ascensore",Autonomo,"fibra ottica, porta blindata, esposizione esterna, impianto tv centralizzato",Via Porro Lambertenghi,"Cenisio, Sarpi, Isola",Isola,45.4889,9.18815,Spacest.com by Roomless,02 8974 1955,32,https://www.immobiliare.it/annunci/127326169/,
127317583,"Stanza in affitto in appartamento via Carlo Marx, Milano",645,€ 645/mese,5+,2,150 m²,3°,Autonomo,"fibra ottica, porta blindata, esposizione esterna, impianto tv centralizzato",Via Carlo Marx,"Bisceglie, Baggio, Olmi",Quarto Cagnino,45.4725,9.11141,Spacest.com by Roomless,02 8974 1955,25,https://www.immobiliare.it/annunci/127317583/,
127303599,"Stanza in affitto in appartamento via Valsugana, Milano",595,€ 595/mese,5,2,15 m²,"8°, con ascensore",Autonomo,"fibra ottica, porta blindata, esposizione esterna, impianto tv centralizzato",Via Valsugana,"Ripamonti, Vigentino",Ripamonti - Fondazione Prada,45.4441,9.21026,Spacest.com by Roomless,02 8974 1955,21,https://www.immobiliare.it/annunci/127303599/,
127094281,"Stanza in affitto in appartamento via Giorgio Briano, Milano",620,€ 620/mese,4,1,90 m²,1°,Autonomo,"fibra ottica, porta blindata, esposizione esterna, impianto tv centralizzato",Via Giorgio Briano,"Abbiategrasso, Chiesa Rossa",Pezzotti - Meda,45.4387,9.18289,Spacest.com by Roomless,02 8974 1955,20,https://www.immobiliare.it/annunci/127094281/,
127646758,"Stanza in affitto in appartamento viale Daniele Ranzoni, Milano",665,€ 665/mese,5,2,161 m²,"2°, con ascensore",Autonomo,"fibra ottica, porta blindata, esposizione esterna, impianto tv centralizzato",Viale Daniele Ranzoni,"San Siro, Trenno",San Siro,45.4687,9.14515,Spacest.com by Roomless,02 8974 1955,36,https://www.immobiliare.it/annunci/127646758/,
127646658,"Stanza in affitto in appartamento via Pasquale Fornari, Milano",630,€ 630/mese,4,1,82 m²,"2°, con ascensore",Autonomo,"fibra ottica, porta blindata, esposizione esterna, impianto tv centralizzato",Via Pasquale Fornari,"Bande Nere, Inganni",Gambara,45.4628,9.14359,Spacest.com by Roomless,02 8974 1955,25,https://www.immobiliare.it/annunci/127646658/,
127490380,"Stanza in affitto in appartamento viale Ca' Granda, Milano",595,€ 595/mese,4,2,15 m²,3°,Autonomo,"fibra ottica, porta blindata, esposizione esterna, impianto tv centralizzato",Viale Ca' Granda,"Bicocca, Niguarda",Ca' Granda,45.5068,9.19976,Spacest.com by Roomless,02 8974 1955,24,https://www.immobiliare.it/annunci/127490380/,
127303613,"Stanza in affitto in appartamento via Giorgio Briano, Milano",620,€ 620/mese,4,1,90 m²,1°,Autonomo,"fibra ottica, porta blindata, esposizione esterna, impianto tv centralizzato",Via Giorgio Briano,"Abbiategrasso, Chiesa Rossa",Pezzotti - Meda,45.4387,9.18289,Spacest.com by Roomless,02 8974 1955,20,https://www.immobiliare.it/annunci/127303613/,
127275069,"Stanza in affitto in appartamento viale Sondrio, Milano",630,€ 630/mese,5+,3,15 m²,"6°, con ascensore",Autonomo,"fibra ottica, porta blindata, esposizione esterna, impianto tv centralizzato",Viale Sondrio,"Cenisio, Sarpi, Isola",Isola,45.4901,9.19945,Spacest.com by Roomless,02 8974 1955,31,https://www.immobiliare.it/annunci/127275069/,
127570038,"Stanza in affitto in appartamento via Salvatore Barzilai, Milano",685,€ 685/mese,5,1,81 m²,"2°, con ascensore",Autonomo,"fibra ottica, porta blindata, esposizione esterna, impianto tv centralizzato",Via Salvatore Barzilai,"Bande Nere, Inganni",Lorenteggio,45.4526,9.1396,Spacest.com by Roomless,02 8974 1955,28,https://www.immobiliare.it/annunci/127570038/,
127541772,"Stanza in affitto in appartamento via Giovanni Battista Pergolesi, Milano",590,€ 590/mese,5+,2,200 m²,5°,Autonomo,"fibra ottica, porta blindata, esposizione esterna, impianto tv centralizzato",Via Giovanni Battista Pergolesi,"Centrale, Repubblica",Buenos Aires,45.4848,9.21089,Spacest.com by Roomless,02 8974 1955,27,https://www.immobiliare.it/annunci/127541772/,
127504748,"Stanza in affitto in appartamento via Lepontina, Milano",630,€ 630/mese,1,1,15 m²,1°,Autonomo,"fibra ottica, porta blindata, esposizione esterna, impianto tv centralizzato",Via Lepontina,"Cenisio, Sarpi, Isola",Farini,45.4933,9.18333,Spacest.com by Roomless,02 8974 1955,48,https://www.immobiliare.it/annunci/127504748/,
127463060,"Stanza in affitto in appartamento via Valsugana, Milano",630,€ 630/mese,4,2,92 m²,"4°, con ascensore",Autonomo,"fibra ottica, porta blindata, esposizione esterna, terrazzo, impianto tv centralizzato",Via Valsugana,"Ripamonti, Vigentino",Ripamonti - Fondazione Prada,45.4433,9.2107,Spacest.com by Roomless,02 8974 1955,15,https://www.immobiliare.it/annunci/127463060/,
127384717,"Stanza in affitto in appartamento via Ettore Ponti, Milano",645,€ 645/mese,4,2,15 m²,1°,Autonomo,"fibra ottica, porta blindata, esposizione esterna, impianto tv centralizzato",Via Ettore Ponti,"Famagosta, Barona",Barona,45.4421,9.154,Spacest.com by Roomless,02 8974 1955,11,https://www.immobiliare.it/annunci/127384717/,
127317715,"Stanza in affitto in appartamento via Privata San Martiniano, Milano",615,€ 615/mese,4,1,75 m²,"1°, con ascensore",Autonomo,"fibra ottica, porta blindata, esposizione esterna, impianto tv centralizzato",Via Privata S. Martiniano,"Corvetto, Rogoredo",Corvetto,45.437,9.21553,Spacest.com by Roomless,02 8974 1955,35,https://www.immobiliare.it/annunci/127317715/,
127317615,"Stanza in affitto in appartamento largo Cavalieri di Malta, Milano",635,€ 635/mese,5+,3,196 m²,"9°, con ascensore",Autonomo,"fibra ottica, porta blindata, esposizione esterna, impianto tv centralizzato",Largo Cavalieri di Malta,"Bande Nere, Inganni",Lorenteggio,45.4543,9.13826,Spacest.com by Roomless,02 8974 1955,32,https://www.immobiliare.it/annunci/127317615/,
127275183,"Stanza in affitto in appartamento via Bordighera, Milano",680,€ 680/mese,3,1,15 m²,1°,Autonomo,"fibra ottica, porta blindata, esposizione esterna, impianto tv centralizzato",Via Bordighera,"Famagosta, Barona",Famagosta,45.4419,9.17361,Spacest.com by Roomless,02 8974 1955,12,https://www.immobiliare.it/annunci/127275183/,
127541556,"Stanza in affitto in appartamento via Giuseppe Frua, Milano",610,€ 610/mese,5+,3,148 m²,"2°, con ascensore",Autonomo,"fibra ottica, porta blindata, esposizione esterna, impianto tv centralizzato",Via Giuseppe Frua,"Solari, Washington",Frua,45.4653,9.14888,Spacest.com by Roomless,02 8974 1955,41,https://www.immobiliare.it/annunci/127541556/,
127462830,"Stanza in affitto in appartamento via Moncalvo, Milano",615,€ 615/mese,3,1,15 m²,"3°, con ascensore",Autonomo,"fibra ottica, porta blindata, esposizione esterna, impianto tv centralizzato",Via Moncalvo,"Bande Nere, Inganni",Gambara,45.463,9.14251,Spacest.com by Roomless,02 8974 1955,24,https://www.immobiliare.it/annunci/127462830/,
127462676,"Stanza in affitto in appartamento via Vittorio Gassman, Milano",615,€ 615/mese,4,2,15 m²,3°,Autonomo,"fibra ottica, porta blindata, esposizione esterna, impianto tv centralizzato",Via Vittorio Gassman,"Cimiano, Crescenzago, Adriano",Quartiere Adriano,45.5151,9.23604,Spacest.com by Roomless,02 8974 1955,18,https://www.immobiliare.it/annunci/127462676/,
127414507,"Stanza in affitto in appartamento via Giuseppe Candiani, Milano",680,€ 680/mese,5+,1,100 m²,1°,Autonomo,"fibra ottica, porta blindata, esposizione esterna, balcone, impianto tv centralizzato",Via Giuseppe Candiani,"Affori, Bovisa",Bovisa,45.5038,9.1657,Spacest.com by Roomless,02 8974 1955,30,https://www.immobiliare.it/annunci/127414507/,
127384625,"Stanza in affitto in appartamento largo Cavalieri di Malta, Milano",605,€ 605/mese,4,1,60 m²,"1°, con ascensore",Autonomo,"fibra ottica, porta blindata, esposizione esterna, impianto tv centralizzato",Largo Cavalieri di Malta,"Bande Nere, Inganni",Lorenteggio,45.4529,9.13805,Spacest.com by Roomless,02 8974 1955,13,https://www.immobiliare.it/annunci/127384625/,
127602446,"Stanza in affitto in appartamento viale Legioni Romane, Milano",655,€ 655/mese,5+,3,171 m²,2°,Autonomo,"fibra ottica, porta blindata, esposizione esterna, impianto tv centralizzato",Viale Legioni Romane,"Bande Nere, Inganni",Bande Nere,45.4597,9.13124,Spacest.com by Roomless,02 8974 1955,13,https://www.immobiliare.it/annunci/127602446/,
127570484,"Stanza in affitto in appartamento via Curtatone, Milano",600,€ 600/mese,5+,3,171 m²,5°,Autonomo,"fibra ottica, porta blindata, esposizione esterna, impianto tv centralizzato",Via Curtatone,"Quadronno, Palestro, Guastalla",Quadronno - Crocetta,45.4558,9.2023,Spacest.com by Roomless,02 8974 1955,22,https://www.immobiliare.it/annunci/127570484/,
127570030,"Stanza in affitto in appartamento via Giorgio Jan, Milano",635,€ 635/mese,5+,3,206 m²,"1°, con ascensore",Autonomo,"fibra ottica, porta blindata, esposizione esterna, impianto tv centralizzato",Via Giorgio Jan,"Centrale, Repubblica",Morgagni,45.4778,9.21042,Spacest.com by Roomless,02 8974 1955,15,https://www.immobiliare.it/annunci/127570030/,
127490370,"Stanza in affitto in appartamento via Ulisse Salis, Milano",630,€ 630/mese,5,2,115 m²,1°,Autonomo,"fibra ottica, porta blindata, esposizione esterna, impianto tv centralizzato",Via Ulisse Salis,"Affori, Bovisa",Affori,45.5131,9.17526,Spacest.com by Roomless,02 8974 1955,18,https://www.immobiliare.it/annunci/127490370/,
127602348,"Stanza in affitto in appartamento via Pasquale Fornari, Milano",650,€ 650/mese,4,1,82 m²,"2°, con ascensore",Autonomo,"fibra ottica, porta blindata, esposizione esterna, impianto tv centralizzato",Via Pasquale Fornari,"Bande Nere, Inganni",Gambara,45.4628,9.14359,Spacest.com by Roomless,02 8974 1955,23,https://www.immobiliare.it/annunci/127602348/,
127384633,"Stanza in affitto in appartamento via Andrea Costa, Milano",615,€ 615/mese,5,1,115 m²,"2°, con ascensore",Autonomo,"fibra ottica, porta blindata, esposizione esterna, impianto tv centralizzato",Via Andrea Costa,"Città Studi, Susa",Casoretto,45.4864,9.21877,Spacest.com by Roomless,02 8974 1955,19,https://www.immobiliare.it/annunci/127384633/,
127317559,"Stanza in affitto in appartamento via Achille Zezon, Milano",595,€ 595/mese,5,2,15 m²,"3°, con ascensore",Autonomo,"fibra ottica, porta blindata, esposizione esterna, impianto tv centralizzato",Via Achille Zezon,"Centrale, Repubblica",Centrale,45.4837,9.20015,Spacest.com by Roomless,02 8974 1955,16,https://www.immobiliare.it/annunci/127317559/,
127646732,"Stanza in affitto in appartamento via Giuseppe Frua, Milano",640,€ 640/mese,5,2,104 m²,"3°, con ascensore",Autonomo,"fibra ottica, porta blindata, esposizione esterna, impianto tv centralizzato",Via Giuseppe Frua,"Solari, Washington",Frua,45.4651,9.14874,Spacest.com by Roomless,02 8974 1955,34,https://www.immobiliare.it/annunci/127646732/,
127602614,"Stanza in affitto in appartamento via Raimondo Franchetti, Milano",690,€ 690/mese,5+,2,178 m²,1°,Autonomo,"fibra ottica, porta blindata, esposizione esterna, balcone, impianto tv centralizzato",Via Raimondo Franchetti,"Centrale, Repubblica",Repubblica,45.4795,9.19969,Spacest.com by Roomless,02 8974 1955,22,https://www.immobiliare.it/annunci/127602614/,
127602606,"Stanza in affitto in appartamento via Bartolomeo D'Alviano, Milano",685,€ 685/mese,5,1,79 m²,1°,Autonomo,"fibra ottica, porta blindata, esposizione esterna, impianto tv centralizzato",Via Bartolomeo D'Alviano,"Bande Nere, Inganni",Lorenteggio,45.4547,9.14028,Spacest.com by Roomless,02 8974 1955,23,https://www.immobiliare.it/annunci/127602606/,
127602248,"Stanza in affitto in appartamento via Temistocle Calzecchi, Milano",630,€ 630/mese,5,2,127 m²,"2°, con ascensore",Autonomo,"fibra ottica, porta blindata, esposizione esterna, impianto tv centralizzato",Via Temistocle Calzecchi,"Città Studi, Susa",Città Studi,45.4724,9.2349,Spacest.com by Roomless,02 8974 1955,31,https://www.immobiliare.it/annunci/127602248/,
127462656,"Stanza in affitto in appartamento via Giovanni Cagliero, Milano",600,€ 600/mese,5+,2,141 m²,"8°, con ascensore",Autonomo,"fibra ottica, porta blindata, esposizione esterna, impianto tv centralizzato",Via Giovanni Cagliero,"Maggiolina, Istria",Maggiolina,45.4958,9.20232,Spacest.com by Roomless,02 8974 1955,67,https://www.immobiliare.it/annunci/127462656/,
127414865,"Stanza in affitto in appartamento via Salvatore Barzilai, Milano",635,€ 635/mese,4,1,67 m²,"4°, con ascensore",Autonomo,"fibra ottica, porta blindata, esposizione esterna, impianto tv centralizzato",Via Salvatore Barzilai,"Bande Nere, Inganni",Lorenteggio,45.4519,9.1395,Spacest.com by Roomless,02 8974 1955,26,https://www.immobiliare.it/annunci/127414865/,
127414761,"Stanza in affitto in appartamento corso Vercelli, Milano",685,€ 685/mese,5,2,130 m²,"1°, con ascensore",Autonomo,"fibra ottica, porta blindata, esposizione esterna, impianto tv centralizzato",Corso Vercelli,"Solari, Washington",Vercelli - Wagner,45.4663,9.16153,Spacest.com by Roomless,02 8974 1955,24,https://www.immobiliare.it/annunci/127414761/,
127355489,"Stanza in affitto in appartamento via Cesare Battisti, Milano",615,€ 615/mese,5+,2,160 m²,3°,Autonomo,"fibra ottica, porta blindata, esposizione esterna, impianto tv centralizzato",Via Cesare Battisti,"Quadronno, Palestro, Guastalla",Guastalla,45.463,9.20011,Spacest.com by Roomless,02 8974 1955,17,https://www.immobiliare.it/annunci/127355489/,
127355339,"Stanza in affitto in appartamento via Pellegrino Rossi, Milano",695,€ 695/mese,5+,2,110 m²,7°,Autonomo,"fibra ottica, porta blindata, esposizione esterna, balcone, impianto tv centralizzato",Via Pellegrino Rossi,"Affori, Bovisa",Affori,45.513,9.17477,Spacest.com by Roomless,02 8974 1955,33,https://www.immobiliare.it/annunci/127355339/,
127646598,"Stanza in affitto in appartamento largo Camillo Caccia Dominioni, Milano",630,€ 630/mese,3,1,15 m²,1°,Autonomo,"fibra ottica, porta blindata, esposizione esterna, balcone, impianto tv centralizzato",Largo Camillo Caccia Dominioni,"Ripamonti, Vigentino",Ripamonti - Fondazione Prada,45.4377,9.196,Spacest.com by Roomless,02 8974 1955,23,https://www.immobiliare.it/annunci/127646598/,
127570048,"Stanza in affitto in appartamento via Orti, Milano",590,€ 590/mese,5+,2,164 m²,4°,Autonomo,"fibra ottica, porta blindata, esposizione esterna, impianto tv centralizzato",Via Orti,"Quadronno, Palestro, Guastalla",Quadronno - Crocetta,45.4555,9.20183,Spacest.com by Roomless,02 8974 1955,15,https://www.immobiliare.it/annunci/127570048/,
127570044,"Stanza in affitto in appartamento via Privata San Martiniano, Milano",615,€ 615/mese,4,1,75 m²,"1°, con ascensore",Autonomo,"fibra ottica, porta blindata, esposizione esterna, impianto tv centralizzato",Via Privata S. Martiniano,"Corvetto, Rogoredo",Corvetto,45.437,9.21553,Spacest.com by Roomless,02 8974 1955,35,https://www.immobiliare.it/annunci/127570044/,
127541480,"Stanza in affitto in appartamento via Soperga, Milano",625,€ 625/mese,5,2,115 m²,"3°, con ascensore",Autonomo,"fibra ottica, porta blindata, esposizione esterna, impianto tv centralizzato",VIA SOPERGA,"Pasteur, Rovereto",Pasteur,45.4913,9.21277,Spacest.com by Roomless,02 8974 1955,16,https://www.immobiliare.it/annunci/127541480/,
127490314,"Stanza in affitto in appartamento via Carlo Botta, Milano",685,€ 685/mese,5+,2,15 m²,"1°, con ascensore",Autonomo,"fibra ottica, porta blindata, esposizione esterna, impianto tv centralizzato",Via Carlo Botta,"Porta Romana, Cadore, Montenero",Porta Romana - Medaglie d'Oro,45.4527,9.20376,Spacest.com by Roomless,02 8974 1955,13,https://www.immobiliare.it/annunci/127490314/,
127462726,"Stanza in affitto in appartamento via Alfonso Corti, Milano",650,€ 650/mese,5+,2,170 m²,"4°, con ascensore",Autonomo,"fibra ottica, porta blindata, esposizione esterna, impianto tv centralizzato",Via Alfonso Corti,"Città Studi, Susa",Città Studi,45.4809,9.23376,Spacest.com by Roomless,02 8974 1955,45,https://www.immobiliare.it/annunci/127462726/,
127462694,"Stanza in affitto in appartamento piazza Maria Adelaide di Savoia, Milano",680,€ 680/mese,5,2,161 m²,"2°, con ascensore",Autonomo,"fibra ottica, porta blindata, esposizione esterna, impianto tv centralizzato",Piazza Maria Adelaide di Savoia,"Centrale, Repubblica",Morgagni,45.4734,9.21442,Spacest.com by Roomless,02 8974 1955,16,https://www.immobiliare.it/annunci/127462694/,
127355581,"Stanza in affitto in appartamento via Giuseppe Frua, Milano",650,€ 650/mese,5,2,112 m²,"8°, con ascensore",Autonomo,"fibra ottica, porta blindata, esposizione esterna, impianto tv centralizzato",Via Giuseppe Frua,"Solari, Washington",Frua,45.4653,9.14888,Spacest.com by Roomless,02 8974 1955,26,https://www.immobiliare.it/annunci/127355581/,
127274877,"Stanza in affitto in appartamento via Privata Umberto Fracchia, Milano",675,€ 675/mese,5,1,100 m²,1°,Autonomo,"fibra ottica, porta blindata, esposizione esterna, balcone, impianto tv centralizzato",Via Privata Umberto Fracchia,"Maggiolina, Istria",Maggiolina,45.4997,9.20184,Spacest.com by Roomless,02 8974 1955,22,https://www.immobiliare.it/annunci/127274877/,
127570156,"Stanza in affitto in appartamento viale Renato Serra, Milano",675,€ 675/mese,5,2,133 m²,"1°, con ascensore",Autonomo,"fibra ottica, porta blindata, esposizione esterna, impianto tv centralizzato",Viale Renato Serra,"Fiera, Sempione, City Life, Portello",Monte Rosa - Lotto,45.4852,9.14473,Spacest.com by Roomless,02 8974 1955,29,https://www.immobiliare.it/annunci/127570156/,
127541878,"Stanza in affitto in appartamento viale Carlo Espinasse, Milano",600,€ 600/mese,4,1,82 m²,"3°, con ascensore",Autonomo,"fibra ottica, porta blindata, esposizione esterna, impianto tv centralizzato",Viale Carlo Espinasse,"Uptown, Cascina Merlata, Viale Certosa",Certosa,45.4945,9.14426,Spacest.com by Roomless,02 8974 1955,14,https://www.immobiliare.it/annunci/127541878/,
127490460,"Stanza in affitto in appartamento via Anco Marzio, Milano",630,€ 630/mese,5,2,15 m²,"1°, con ascensore",Autonomo,"fibra ottica, porta blindata, esposizione esterna, impianto tv centralizzato",Via Anco Marzio,"Genova, Ticinese",San Vittore,45.4602,9.1703,Spacest.com by Roomless,02 8974 1955,17,https://www.immobiliare.it/annunci/127490460/,
127232185,"Stanza in affitto in appartamento via Salvatore Barzilai, Milano",625,€ 625/mese,5+,2,126 m²,"5°, con ascensore",Autonomo,"fibra ottica, porta blindata, esposizione esterna, impianto tv centralizzato",Via Salvatore Barzilai,"Bande Nere, Inganni",Lorenteggio,45.452,9.1413,Spacest.com by Roomless,02 8974 1955,21,https://www.immobiliare.it/annunci/127232185/,
127602174,"Stanza in affitto in appartamento via Carolina Invernizio, Milano",640,€ 640/mese,5,2,70 m²,4°,Autonomo,"fibra ottica, porta blindata, esposizione esterna, balcone, impianto tv centralizzato",Via Carolina Invernizio,"Affori, Bovisa",Vialba,45.5136,9.13541,Spacest.com by Roomless,02 8974 1955,20,https://www.immobiliare.it/annunci/127602174/,
127541892,"Stanza in affitto in appartamento via Sebastiano Veniero, Milano",685,€ 685/mese,5,1,138 m²,"3°, con ascensore",Autonomo,"fibra ottica, porta blindata, esposizione esterna, impianto tv centralizzato",Via Sebastiano Veniero,"Fiera, Sempione, City Life, Portello",Monte Rosa - Lotto,45.4813,9.14488,Spacest.com by Roomless,02 8974 1955,29,https://www.immobiliare.it/annunci/127541892/,
127513892,"Stanza in affitto in appartamento via Emanuele Kant, Milano",635,€ 635/mese,5,2,90 m²,1°,Autonomo,"fibra ottica, porta blindata, esposizione esterna, impianto tv centralizzato",Via Emanuele Kant,"San Siro, Trenno",Gallaratese,45.4969,9.11996,Spacest.com by Roomless,02 8974 1955,19,https://www.immobiliare.it/annunci/127513892/,
127414669,"Stanza in affitto in appartamento via dei Fontanili, Milano",610,€ 610/mese,5+,3+,445 m²,1°,Autonomo,"fibra ottica, porta blindata, esposizione esterna, impianto tv centralizzato",Via dei Fontanili,"Ripamonti, Vigentino",Ripamonti - Fondazione Prada,45.4425,9.18863,Spacest.com by Roomless,02 8974 1955,49,https://www.immobiliare.it/annunci/127414669/,
127356383,"Stanza in affitto in appartamento via Francesco Caracciolo, Milano",610,€ 610/mese,5+,3,250 m²,1°,Autonomo,"fibra ottica, porta blindata, esposizione esterna, impianto tv centralizzato",Via Francesco Caracciolo,"Uptown, Cascina Merlata, Viale Certosa",Ghisolfa - Mac Mahon,45.4925,9.16275,Spacest.com by Roomless,02 8974 1955,40,https://www.immobiliare.it/annunci/127356383/,
127355465,"Stanza in affitto in appartamento via Antonio Stradivari, Milano",700,€ 700/mese,5+,3+,235 m²,"3°, con ascensore",Autonomo,"fibra ottica, porta blindata, esposizione esterna, impianto tv centralizzato",Via Antonio Stradivari,"Centrale, Repubblica",Buenos Aires,45.4842,9.2155,Spacest.com by Roomless,02 8974 1955,50,https://www.immobiliare.it/annunci/127355465/,
127303969,"Stanza in affitto in appartamento via Giuseppe Frua, Milano",640,€ 640/mese,5,2,104 m²,"3°, con ascensore",Autonomo,"fibra ottica, porta blindata, esposizione esterna, impianto tv centralizzato",Via Giuseppe Frua,"Solari, Washington",Frua,45.4651,9.14874,Spacest.com by Roomless,02 8974 1955,34,https://www.immobiliare.it/annunci/127303969/,
127646834,"Stanza in affitto in appartamento via Giuseppe Bruschetti, Milano",670,€ 670/mese,4,1,115 m²,"1°, con ascensore",Autonomo,"fibra ottica, porta blindata, esposizione esterna, impianto tv centralizzato",Via Giuseppe Bruschetti,"Maggiolina, Istria",Cascina dei Pomi,45.4926,9.20803,Spacest.com by Roomless,02 8974 1955,11,https://www.immobiliare.it/annunci/127646834/,
127646752,"Stanza in affitto in appartamento via Ferrante Aporti, Milano",595,€ 595/mese,5+,2,108 m²,1°,Autonomo,"fibra ottica, porta blindata, esposizione esterna, impianto tv centralizzato",Via Ferrante Aporti,"Pasteur, Rovereto",Rovereto,45.4936,9.21396,Spacest.com by Roomless,02 8974 1955,22,https://www.immobiliare.it/annunci/127646752/,
127570078,"Stanza in affitto in appartamento via Giovanni Battista Boeri, Milano",685,€ 685/mese,5+,2,150 m²,1°,Autonomo,"fibra ottica, porta blindata, esposizione esterna, impianto tv centralizzato",Via Giovanni Battista Boeri,"Abbiategrasso, Chiesa Rossa",Pezzotti - Meda,45.4412,9.18542,Spacest.com by Roomless,02 8974 1955,11,https://www.immobiliare.it/annunci/127570078/,
127513616,"Stanza in affitto in appartamento via Gavirate, Milano",675,€ 675/mese,5+,2,150 m²,3°,Autonomo,"fibra ottica, porta blindata, esposizione esterna, balcone, impianto tv centralizzato",Via Gavirate,"San Siro, Trenno",San Siro,45.4765,9.13943,Spacest.com by Roomless,02 8974 1955,23,https://www.immobiliare.it/annunci/127513616/,
127414661,"Stanza in affitto in appartamento viale Sarca, Milano",635,€ 635/mese,3,2,15 m²,"2°, con ascensore",Autonomo,"fibra ottica, porta blindata, esposizione esterna, impianto tv centralizzato",Viale Sarca,"Bicocca, Niguarda",Ca' Granda,45.5058,9.20256,Spacest.com by Roomless,02 8974 1955,15,https://www.immobiliare.it/annunci/127414661/,
127274881,"Stanza in affitto in appartamento via Luigi Ornato, Milano",630,€ 630/mese,5+,3,200 m²,7°,Autonomo,"fibra ottica, porta blindata, esposizione esterna, balcone, impianto tv centralizzato",Via Luigi Ornato,"Bicocca, Niguarda",Niguarda,45.5223,9.19246,Spacest.com by Roomless,02 8974 1955,12,https://www.immobiliare.it/annunci/127274881/,
127602378,"Stanza in affitto in appartamento via Felice Bellotti, Milano",645,€ 645/mese,5+,3,161 m²,"2°, con ascensore",Autonomo,"fibra ottica, porta blindata, esposizione esterna, impianto tv centralizzato",Via Felice Bellotti,"Porta Venezia, Indipendenza",Piave - Tricolore,45.4708,9.20835,Spacest.com by Roomless,02 8974 1955,19,https://www.immobiliare.it/annunci/127602378/,
127602358,"Stanza in affitto in appartamento via Francesco Primaticcio, Milano",690,€ 690/mese,5+,2,161 m²,"1°, con ascensore",Autonomo,"fibra ottica, porta blindata, esposizione esterna, impianto tv centralizzato",Via Francesco Primaticcio,"Bande Nere, Inganni",Lorenteggio,45.4508,9.13621,Spacest.com by Roomless,02 8974 1955,29,https://www.immobiliare.it/annunci/127602358/,
127504766,"Stanza in affitto in appartamento via Giovanni Battista Pergolesi, Milano",590,€ 590/mese,5+,2,200 m²,5°,Autonomo,"fibra ottica, porta blindata, esposizione esterna, impianto tv centralizzato",Via Giovanni Battista Pergolesi,"Centrale, Repubblica",Buenos Aires,45.4848,9.21089,Spacest.com by Roomless,02 8974 1955,22,https://www.immobiliare.it/annunci/127504766/,
127462910,"Stanza in affitto in appartamento via Domenichino, Milano",690,€ 690/mese,5+,2,200 m²,7°,Autonomo,"fibra ottica, porta blindata, esposizione esterna, terrazzo, impianto tv centralizzato",Via Domenichino,"Fiera, Sempione, City Life, Portello",Amendola - Buonarroti,45.4731,9.14965,Spacest.com by Roomless,02 8974 1955,10,https://www.immobiliare.it/annunci/127462910/,
127414903,"Stanza in affitto in appartamento via Salvatore Barzilai, Milano",630,€ 630/mese,5+,2,131 m²,"8°, con ascensore",Autonomo,"fibra ottica, porta blindata, esposizione esterna, impianto tv centralizzato",Via Salvatore Barzilai,"Bande Nere, Inganni",Lorenteggio,45.4523,9.13914,Spacest.com by Roomless,02 8974 1955,21,https://www.immobiliare.it/annunci/127414903/,
127275125,"Stanza in affitto in appartamento via Giovanni Battista Soresina, Milano",665,€ 665/mese,4,2,15 m²,"2°, con ascensore",Autonomo,"fibra ottica, porta blindata, esposizione esterna, impianto tv centralizzato",Via Giovanni Battista Soresina,"Solari, Washington",Vercelli - Wagner,45.4653,9.16221,Spacest.com by Roomless,02 8974 1955,32,https://www.immobiliare.it/annunci/127275125/,
127275109,"Stanza in affitto in appartamento via Giotto, Milano",600,€ 600/mese,5+,2,164 m²,1°,Autonomo,"fibra ottica, porta blindata, esposizione esterna, impianto tv centralizzato",Via Giotto,"Solari, Washington",Vercelli - Wagner,45.4692,9.15634,Spacest.com by Roomless,02 8974 1955,24,https://www.immobiliare.it/annunci/127275109/,
127232181,"Stanza in affitto in appartamento viale Tibaldi, Milano",620,€ 620/mese,4,2,105 m²,6°,Autonomo,"fibra ottica, porta blindata, esposizione esterna, impianto tv centralizzato",Viale Tibaldi,"Abbiategrasso, Chiesa Rossa",Pezzotti - Meda,45.4433,9.17651,Spacest.com by Roomless,02 8974 1955,15,https://www.immobiliare.it/annunci/127232181/,
127108697,"Stanza in affitto in appartamento via Salvatore Barzilai, Milano",680,€ 680/mese,5+,2,131 m²,"8°, con ascensore",Autonomo,"fibra ottica, porta blindata, esposizione esterna, impianto tv centralizzato",Via Salvatore Barzilai,"Bande Nere, Inganni",Lorenteggio,45.4523,9.13914,Spacest.com by Roomless,02 8974 1955,20,https://www.immobiliare.it/annunci/127108697/,
127646878,"Stanza in affitto in appartamento viale Molise, Milano",615,€ 615/mese,5+,3,217 m²,"8°, con ascensore",Autonomo,"fibra ottica, porta blindata, esposizione esterna, impianto tv centralizzato",Viale Molise,"Porta Vittoria, Lodi",Martini - Insubria,45.4583,9.22348,Spacest.com by Roomless,02 8974 1955,41,https://www.immobiliare.it/annunci/127646878/,
127602340,"Stanza in affitto in appartamento via Alberto Mario, Milano",665,€ 665/mese,3,1,15 m²,"2°, con ascensore",Autonomo,"fibra ottica, porta blindata, esposizione esterna, impianto tv centralizzato",Via Alberto Mario,"Fiera, Sempione, City Life, Portello",De Angeli,45.4682,9.14607,Spacest.com by Roomless,02 8974 1955,14,https://www.immobiliare.it/annunci/127602340/,
127504672,"Stanza in affitto in appartamento viale Legioni Romane, Milano",600,€ 600/mese,5,2,105 m²,1°,Autonomo,"fibra ottica, porta blindata, esposizione esterna, impianto tv centralizzato",Viale Legioni Romane,"Bande Nere, Inganni",Bande Nere,45.4597,9.13124,Spacest.com by Roomless,02 8974 1955,10,https://www.immobiliare.it/annunci/127504672/,
127504438,"Stanza in affitto in appartamento via Luigi Mercantini, Milano",700,€ 700/mese,4,1,55 m²,1°,Autonomo,"fibra ottica, porta blindata, esposizione esterna, impianto tv centralizzato",Via Luigi Mercantini,"Affori, Bovisa",Bovisa,45.5015,9.16316,Spacest.com by Roomless,02 8974 1955,16,https://www.immobiliare.it/annunci/127504438/,
127462926,"Stanza in affitto in appartamento via Lepontina, Milano",640,€ 640/mese,1,1,15 m²,1°,Autonomo,"fibra ottica, porta blindata, esposizione esterna, impianto tv centralizzato",Via Lepontina,"Cenisio, Sarpi, Isola",Farini,45.4933,9.18333,Spacest.com by Roomless,02 8974 1955,51,https://www.immobiliare.it/annunci/127462926/,
127462712,"Stanza in affitto in appartamento via Salvatore Barzilai, Milano",700,€ 700/mese,5,1,88 m²,"6°, con ascensore",Autonomo,"fibra ottica, porta blindata, esposizione esterna, impianto tv centralizzato",Via Salvatore Barzilai,"Bande Nere, Inganni",Lorenteggio,45.4523,9.13914,Spacest.com by Roomless,02 8974 1955,20,https://www.immobiliare.it/annunci/127462712/,
127414753,"Stanza in affitto in appartamento largo Giovanni Battista Scalabrini, Milano",655,€ 655/mese,5,2,138 m²,"5°, con ascensore",Autonomo,"fibra ottica, porta blindata, esposizione esterna, impianto tv centralizzato",Largo Giovanni Battista Scalabrini,"Famagosta, Barona",Giambellino,45.4501,9.14046,Spacest.com by Roomless,02 8974 1955,23,https://www.immobiliare.it/annunci/127414753/,
127275217,"Stanza in affitto in appartamento viale Legioni Romane, Milano",655,€ 655/mese,5+,3,171 m²,2°,Autonomo,"fibra ottica, porta blindata, esposizione esterna, impianto tv centralizzato",Viale Legioni Romane,"Bande Nere, Inganni",Bande Nere,45.4597,9.13124,Spacest.com by Roomless,02 8974 1955,13,https://www.immobiliare.it/annunci/127275217/,
127132869,"Stanza in affitto in appartamento via Andrea Costa, Milano",615,€ 615/mese,5,1,115 m²,"2°, con ascensore",Autonomo,"fibra ottica, porta blindata, esposizione esterna, impianto tv centralizzato",Via Andrea Costa,"Città Studi, Susa",Casoretto,45.4864,9.21877,Spacest.com by Roomless,02 8974 1955,19,https://www.immobiliare.it/annunci/127132869/,
127121139,"Stanza in affitto in appartamento via Giuseppe Bruschetti, Milano",650,€ 650/mese,5+,2,196 m²,"6°, con ascensore",Autonomo,"fibra ottica, porta blindata, esposizione esterna, impianto tv centralizzato",Via Giuseppe Bruschetti,"Maggiolina, Istria",Cascina dei Pomi,45.4926,9.20803,Spacest.com by Roomless,02 8974 1955,36,https://www.immobiliare.it/annunci/127121139/,
127602140,"Stanza in affitto in appartamento via Savona, Milano",690,€ 690/mese,5+,2,160 m²,1°,Autonomo,"fibra ottica, porta blindata, esposizione esterna, impianto tv centralizzato",Via Savona,"Famagosta, Barona",Giambellino,45.4496,9.14954,Spacest.com by Roomless,02 8974 1955,14,https://www.immobiliare.it/annunci/127602140/,
127570126,"Stanza in affitto in appartamento via Vincenzo Rabolini, Milano",605,€ 605/mese,5,1,124 m²,1°,Autonomo,"fibra ottica, porta blindata, esposizione esterna, impianto tv centralizzato",Via Vincenzo Rabolini,"Bicocca, Niguarda",Ca' Granda,45.5051,9.20137,Spacest.com by Roomless,02 8974 1955,40,https://www.immobiliare.it/annunci/127570126/,
127570024,"Stanza in affitto in appartamento via Nicola Antonio Porpora, Milano",680,€ 680/mese,5,2,91 m²,"4°, con ascensore",Autonomo,"fibra ottica, porta blindata, esposizione esterna, impianto tv centralizzato",Via Nicola Antonio Porpora,"Città Studi, Susa",Casoretto,45.4862,9.22744,Spacest.com by Roomless,02 8974 1955,28,https://www.immobiliare.it/annunci/127570024/,
127513760,"Stanza in affitto in appartamento via Giuseppe Frua, Milano",610,€ 610/mese,5+,3,148 m²,"2°, con ascensore",Autonomo,"fibra ottica, porta blindata, esposizione esterna, impianto tv centralizzato",Via Giuseppe Frua,"Solari, Washington",Frua,45.4653,9.14888,Spacest.com by Roomless,02 8974 1955,42,https://www.immobiliare.it/annunci/127513760/,
127504630,"Stanza in affitto in appartamento via Pasquale Fornari, Milano",620,€ 620/mese,5,1,91 m²,"2°, con ascensore",Autonomo,"fibra ottica, porta blindata, esposizione esterna, impianto tv centralizzato",Via Pasquale Fornari,"Bande Nere, Inganni",Gambara,45.4633,9.14358,Spacest.com by Roomless,02 8974 1955,27,https://www.immobiliare.it/annunci/127504630/,
127384659,"Stanza in affitto in appartamento via Giuseppe Frua, Milano",670,€ 670/mese,5+,3,148 m²,"8°, con ascensore",Autonomo,"fibra ottica, porta blindata, esposizione esterna, impianto tv centralizzato",Via Giuseppe Frua,"Solari, Washington",Frua,45.4653,9.14888,Spacest.com by Roomless,02 8974 1955,43,https://www.immobiliare.it/annunci/127384659/,
127303559,"Stanza in affitto in appartamento via Pisanello, Milano",675,€ 675/mese,2,1,15 m²,1°,Autonomo,"fibra ottica, porta blindata, esposizione esterna, impianto tv centralizzato",Via Pisanello,"Bande Nere, Inganni",Gambara,45.4668,9.13907,Spacest.com by Roomless,02 8974 1955,23,https://www.immobiliare.it/annunci/127303559/,
127141349,"Stanza in affitto in appartamento via Valsugana, Milano",595,€ 595/mese,5,2,15 m²,"8°, con ascensore",Autonomo,"fibra ottica, porta blindata, esposizione esterna, impianto tv centralizzato",Via Valsugana,"Ripamonti, Vigentino",Ripamonti - Fondazione Prada,45.4441,9.21026,Spacest.com by Roomless,02 8974 1955,21,https://www.immobiliare.it/annunci/127141349/,
126704843,"Stanza singola piazzale Segrino 6, Milano",700,€ 700/mese,1,1,15 m²,1°,Assente,"giardino, cucina, lavatrice, microonde, portineria, bagno in comune, parquet, tv, armadi",Piazzale Segrino,"Cenisio, Sarpi, Isola",Zara,45.4905,9.1896,Sepage SRL,02 5964 8271,11,https://www.immobiliare.it/annunci/126704843/,
127414643,"Stanza in affitto in appartamento via Vittorio Gassman, Milano",620,€ 620/mese,4,2,15 m²,3°,Autonomo,"fibra ottica, porta blindata, esposizione esterna, impianto tv centralizzato",Via Vittorio Gassman,"Cimiano, Crescenzago, Adriano",Quartiere Adriano,45.5151,9.23604,Spacest.com by Roomless,02 8974 1955,17,https://www.immobiliare.it/annunci/127414643/,
127317721,"Stanza in affitto in appartamento via San Vincenzo, Milano",640,€ 640/mese,5+,3+,210 m²,4°,Autonomo,"fibra ottica, porta blindata, esposizione esterna, impianto tv centralizzato",Via San Vincenzo,"Genova, Ticinese",Corso Genova,45.4585,9.17445,Spacest.com by Roomless,02 8974 1955,72,https://www.immobiliare.it/annunci/127317721/,
127414913,"Stanza in affitto in appartamento via Bartolomeo d'Alviano, Milano",665,€ 665/mese,5+,2,130 m²,1°,Autonomo,"fibra ottica, porta blindata, esposizione esterna, impianto tv centralizzato",Via Bartolomeo d'Alviano,"Bande Nere, Inganni",Lorenteggio,45.453,9.14127,Spacest.com by Roomless,02 8974 1955,24,https://www.immobiliare.it/annunci/127414913/,
127384571,"Stanza in affitto in appartamento via Monte Ceneri, Milano",600,€ 600/mese,5,2,98 m²,"1°, con ascensore",Autonomo,"fibra ottica, porta blindata, esposizione esterna, impianto tv centralizzato",Via Monte Ceneri,"Uptown, Cascina Merlata, Viale Certosa",Certosa,45.4906,9.15181,Spacest.com by Roomless,02 8974 1955,24,https://www.immobiliare.it/annunci/127384571/,
127356387,"Stanza in affitto in appartamento via Domenichino, Milano",690,€ 690/mese,5+,2,200 m²,7°,Autonomo,"fibra ottica, porta blindata, esposizione esterna, terrazzo, impianto tv centralizzato",Via Domenichino,"Fiera, Sempione, City Life, Portello",Amendola - Buonarroti,45.4731,9.14965,Spacest.com by Roomless,02 8974 1955,10,https://www.immobiliare.it/annunci/127356387/,
127355597,"Stanza in affitto in appartamento via Ettore Ponti, Milano",610,€ 610/mese,5,2,80 m²,1°,Autonomo,"fibra ottica, porta blindata, esposizione esterna, impianto tv centralizzato",Via Ettore Ponti,"Famagosta, Barona",Barona,45.4422,9.15399,Spacest.com by Roomless,02 8974 1955,17,https://www.immobiliare.it/annunci/127355597/,
127275029,"Stanza in affitto in appartamento via Guercino, Milano",685,€ 685/mese,5+,2,166 m²,"4°, con ascensore",Autonomo,"fibra ottica, porta blindata, esposizione esterna, impianto tv centralizzato",Via Guercino,"Cenisio, Sarpi, Isola",Paolo Sarpi,45.4804,9.18014,Spacest.com by Roomless,02 8974 1955,21,https://www.immobiliare.it/annunci/127275029/,
127570190,"Stanza in affitto in appartamento Alzaia Naviglio Pavese, Milano",670,€ 670/mese,4,1,70 m²,1°,Autonomo,"fibra ottica, porta blindata, esposizione esterna, terrazzo, impianto tv centralizzato",Alzaia Naviglio Pavese,"Famagosta, Barona",Famagosta,45.4405,9.17508,Spacest.com by Roomless,02 8974 1955,10,https://www.immobiliare.it/annunci/127570190/,
127591734,"Stanza singola via Val di Sole 11, Milano",600,€ 600/mese,4,1,90 m²,1°,Assente,"balcone, cucina, connessione ad internet, lavatrice, microonde, portineria, bagno in comune, armadi",Via Val di Sole,"Ripamonti, Vigentino",Vigentino - Fatima,45.4319,9.203,AT Servizi Immobiliari,02 5832 4036,20,https://www.immobiliare.it/annunci/127591734/,
127513668,"Stanza in affitto in appartamento corso Porta Vittoria, Milano",600,€ 600/mese,5,1,121 m²,"2°, con ascensore",Autonomo,"fibra ottica, porta blindata, esposizione esterna, impianto tv centralizzato",Corso Porta Vittoria,"Quadronno, Palestro, Guastalla",Guastalla,45.4621,9.2045,Spacest.com by Roomless,02 8974 1955,28,https://www.immobiliare.it/annunci/127513668/,
115199185,"Stanza doppia via Pietro Ogliari 1, Milano",600,€ 600/mese,3,1,80 m²,3°,Assente,"balcone, cucina, lavatrice, bagno in comune, armadi",Via Pietro Ogliari,"Abbiategrasso, Chiesa Rossa",Chiesa Rossa,45.4312,9.1811,Bocconi Flat,02 8973 7704,9,https://www.immobiliare.it/annunci/115199185/,
127419323,"Stanza in affitto in appartamento via Giacomo Venezian 14, Milano",650,€ 650/mese,3,1,18 m²,3°,Assente,"balcone, cucina",Via Giacomo Venezian,"Città Studi, Susa",Città Studi,45.4742,9.2317,Arena Immobiliare S.R.L.,02 8973 7703,14,https://www.immobiliare.it/annunci/127419323/,
127303485,"Stanza in affitto in appartamento via Francesco Gonin, Milano",700,€ 700/mese,5,2,150 m²,14°,Autonomo,"fibra ottica, porta blindata, esposizione esterna, impianto tv centralizzato",Via Francesco Gonin,"Famagosta, Barona",Giambellino,45.4402,9.11918,Spacest.com by Roomless,02 8974 1955,29,https://www.immobiliare.it/annunci/127303485/,
127462700,"Stanza in affitto in appartamento viale Legioni Romane, Milano",685,€ 685/mese,5+,3,171 m²,4°,Autonomo,"fibra ottica, porta blindata, esposizione esterna, impianto tv centralizzato",Viale Legioni Romane,"Bande Nere, Inganni",Bande Nere,45.4597,9.13124,Spacest.com by Roomless,02 8974 1955,9,https://www.immobiliare.it/annunci/127462700/,
127356259,"Stanza in affitto in appartamento viale Legioni Romane, Milano",685,€ 685/mese,5+,3,171 m²,4°,Autonomo,"fibra ottica, porta blindata, esposizione esterna, impianto tv centralizzato",Viale Legioni Romane,"Bande Nere, Inganni",Bande Nere,45.4597,9.13124,Spacest.com by Roomless,02 8974 1955,9,https://www.immobiliare.it/annunci/127356259/,
127317489,"Stanza in affitto in appartamento via Lepanto, Milano",595,€ 595/mese,5+,2,121 m²,"1°, con ascensore",Autonomo,"fibra ottica, porta blindata, esposizione esterna, impianto tv centralizzato",Via Lepanto,"Maggiolina, Istria",Maggiolina,45.4985,9.20299,Spacest.com by Roomless,02 8974 1955,22,https://www.immobiliare.it/annunci/127317489/,
127646756,"Stanza in affitto in appartamento via Pasquale Fornari, Milano",630,€ 630/mese,4,1,82 m²,"3°, con ascensore",Autonomo,"fibra ottica, porta blindata, esposizione esterna, impianto tv centralizzato",Via Pasquale Fornari,"Bande Nere, Inganni",Gambara,45.4633,9.14358,Spacest.com by Roomless,02 8974 1955,28,https://www.immobiliare.it/annunci/127646756/,
127490530,"Stanza in affitto in appartamento viale Legioni Romane, Milano",700,€ 700/mese,5+,3,171 m²,4°,Autonomo,"fibra ottica, porta blindata, esposizione esterna, impianto tv centralizzato",Viale Legioni Romane,"Bande Nere, Inganni",Bande Nere,45.4597,9.13124,Spacest.com by Roomless,02 8974 1955,9,https://www.immobiliare.it/annunci/127490530/,
127570006,"Stanza in affitto in appartamento viale Legioni Romane, Milano",685,€ 685/mese,5+,3,171 m²,4°,Autonomo,"fibra ottica, porta blindata, esposizione esterna, impianto tv centralizzato",Viale Legioni Romane,"Bande Nere, Inganni",Bande Nere,45.4597,9.13124,Spacest.com by Roomless,02 8974 1955,9,https://www.immobiliare.it/annunci/127570006/,
126568173,"Stanza singola via Carlo Antonio Carlone 8, Milano",600,€ 600/mese,4,1,14 m²,4°,Assente,"ascensore, connessione ad internet, lavatrice, lavastoviglie, microonde, portineria, cucina",Via Carlo Antonio Carlone,"Bande Nere, Inganni",Bande Nere,45.4616,9.13372,Privato/Nessuna,,8,https://www.immobiliare.it/annunci/126568173/,
127602448,"Stanza in affitto in appartamento via Vincenzo Giordano Orsini, Milano",690,€ 690/mese,4,1,70 m²,"3°, con ascensore",Autonomo,"fibra ottica, porta blindata, esposizione esterna, impianto tv centralizzato",Via Vincenzo Giordano Orsini,"Bande Nere, Inganni",Bande Nere,45.4628,9.13388,Spacest.com by Roomless,02 8974 1955,9,https://www.immobiliare.it/annunci/127602448/,
127647012,"Stanza in affitto in appartamento via Pasquale Fornari, Milano",630,€ 630/mese,4,1,82 m²,"3°, con ascensore",Autonomo,"fibra ottica, porta blindata, esposizione esterna, impianto tv centralizzato",Via Pasquale Fornari,"Bande Nere, Inganni",Gambara,45.4633,9.14358,Spacest.com by Roomless,02 8974 1955,28,https://www.immobiliare.it/annunci/127647012/,
127569784,"Stanza in affitto in appartamento piazza Simone Bolivar, Milano",590,€ 590/mese,4,2,110 m²,1°,Autonomo,"fibra ottica, porta blindata, esposizione esterna, impianto tv centralizzato",Piazza Simone Bolivar,"Napoli, Soderini",Tripoli - Soderini,45.4552,9.15182,Spacest.com by Roomless,02 8974 1955,10,https://www.immobiliare.it/annunci/127569784/,
127414635,"Stanza in affitto in appartamento viale Brianza, Milano",615,€ 615/mese,5+,2,15 m²,4°,Autonomo,"fibra ottica, porta blindata, esposizione esterna, impianto tv centralizzato",Viale Brianza,"Pasteur, Rovereto",Pasteur,45.4874,9.21404,Spacest.com by Roomless,02 8974 1955,9,https://www.immobiliare.it/annunci/127414635/,
127496834,"Stanza singola via Giovanni Cimabue 9, Milano",600,€ 600/mese,2,1,25 m²,7°,Centralizzato,"ripostiglio, lavatrice, portineria, ascensore, armadi, cucina",Via Giovanni Cimabue,"San Siro, Trenno",Monte Stella,45.4866,9.14229,Privato/Nessuna,,11,https://www.immobiliare.it/annunci/127496834/,
127356465,"Stanza in affitto in appartamento via Giovanni Battista Pergolesi, Milano",590,€ 590/mese,5+,2,200 m²,5°,Autonomo,"fibra ottica, porta blindata, esposizione esterna, impianto tv centralizzato",Via Giovanni Battista Pergolesi,"Centrale, Repubblica",Buenos Aires,45.4848,9.21089,Spacest.com by Roomless,02 8974 1955,27,https://www.immobiliare.it/annunci/127356465/,
127356461,"Stanza in affitto in appartamento via Giovanni Battista Pergolesi, Milano",590,€ 590/mese,5+,2,200 m²,5°,Autonomo,"fibra ottica, porta blindata, esposizione esterna, impianto tv centralizzato",Via Giovanni Battista Pergolesi,"Centrale, Repubblica",Buenos Aires,45.4848,9.21089,Spacest.com by Roomless,02 8974 1955,28,https://www.immobiliare.it/annunci/127356461/,
127356445,"Stanza in affitto in appartamento via Giovanni Battista Pergolesi, Milano",590,€ 590/mese,5+,2,200 m²,5°,Autonomo,"fibra ottica, porta blindata, esposizione esterna, impianto tv centralizzato",Via Giovanni Battista Pergolesi,"Centrale, Repubblica",Buenos Aires,45.4848,9.21089,Spacest.com by Roomless,02 8974 1955,22,https://www.immobiliare.it/annunci/127356445/,
127356447,"Stanza in affitto in appartamento via Giovanni Battista Pergolesi, Milano",590,€ 590/mese,5+,2,200 m²,5°,Autonomo,"fibra ottica, porta blindata, esposizione esterna, impianto tv centralizzato",Via Giovanni Battista Pergolesi,"Centrale, Repubblica",Buenos Aires,45.4848,9.21089,Spacest.com by Roomless,02 8974 1955,27,https://www.immobiliare.it/annunci/127356447/,
121398048,"Stanza singola via Fra' Cristoforo, Milano",700,€ 700/mese,3,1,20 m²,5°,Assente,"ripostiglio, balcone, cucina, lavatrice, lavastoviglie, portineria, bagno in comune, tv",Via Fra' Cristoforo,"Famagosta, Barona",Cantalupa - San Paolo,45.4354,9.1727,Bonzano Real Estate,02 3540 7951,12,https://www.immobiliare.it/annunci/121398048/,
107379801,"Stanza singola via Crescenzago 2, Milano",650,€ 650/mese,2,1,,Piano terra,Centralizzato,"ascensore, connessione ad internet, giardino, lavatrice, armadi, cucina",Via Crescenzago,"Udine, Lambrate",Lambrate,45.4858,9.24334,Privato/Nessuna,,6,https://www.immobiliare.it/annunci/107379801/,
127317505,"Stanza in affitto in appartamento via Rodolfo Farneti, Milano",690,€ 690/mese,5+,3,161 m²,4°,Autonomo,"fibra ottica, porta blindata, esposizione esterna, terrazzo, impianto tv centralizzato",Via Rodolfo Farneti,"Centrale, Repubblica",Buenos Aires,45.4795,9.21552,Spacest.com by Roomless,02 8974 1955,30,https://www.immobiliare.it/annunci/127317505/,
127275303,"Stanza in affitto in appartamento via Pasquale Fornari, Milano",650,€ 650/mese,4,1,82 m²,"3°, con ascensore",Autonomo,"fibra ottica, porta blindata, esposizione esterna, impianto tv centralizzato",Via Pasquale Fornari,"Bande Nere, Inganni",Gambara,45.4633,9.14358,Spacest.com by Roomless,02 8974 1955,27,https://www.immobiliare.it/annunci/127275303/,
127490352,"Stanza in affitto in appartamento via Pasquale Fornari, Milano",650,€ 650/mese,4,1,82 m²,"3°, con ascensore",Autonomo,"fibra ottica, porta blindata, esposizione esterna, impianto tv centralizzato",Via Pasquale Fornari,"Bande Nere, Inganni",Gambara,45.4633,9.14358,Spacest.com by Roomless,02 8974 1955,27,https://www.immobiliare.it/annunci/127490352/,
114622153,"Stanza singola via Giacomo Pinaroli 3, Milano",600,€ 600/mese,3,1,12 m²,5°,Centralizzato,"lavatrice, lavastoviglie, microonde, portineria, armadi, cucina",Via Giacomo Pinaroli,"Porta Romana, Cadore, Montenero",Cadore,45.4587,9.21315,Privato/Nessuna,,6,https://www.immobiliare.it/annunci/114622153/,
127490316,"Stanza in affitto in appartamento via Pasquale Fornari, Milano",615,€ 615/mese,4,1,82 m²,"3°, con ascensore",Autonomo,"fibra ottica, porta blindata, esposizione esterna, impianto tv centralizzato",Via Pasquale Fornari,"Bande Nere, Inganni",Gambara,45.4633,9.14358,Spacest.com by Roomless,02 8974 1955,27,https://www.immobiliare.it/annunci/127490316/,
127317571,"Stanza in affitto in appartamento via Ettore Ponti, Milano",595,€ 595/mese,4,2,15 m²,1°,Autonomo,"fibra ottica, porta blindata, esposizione esterna, impianto tv centralizzato",Via Ettore Ponti,"Famagosta, Barona",Barona,45.4421,9.154,Spacest.com by Roomless,02 8974 1955,9,https://www.immobiliare.it/annunci/127317571/,
127384309,"Stanza in affitto in appartamento piazza Simone Bolivar, Milano",690,€ 690/mese,4,2,110 m²,1°,Autonomo,"fibra ottica, porta blindata, esposizione esterna, impianto tv centralizzato",Piazza Simone Bolivar,"Napoli, Soderini",Tripoli - Soderini,45.4552,9.15182,Spacest.com by Roomless,02 8974 1955,13,https://www.immobiliare.it/annunci/127384309/,
127232179,"Stanza in affitto in appartamento via Pasquale Fornari, Milano",615,€ 615/mese,4,1,82 m²,"3°, con ascensore",Autonomo,"fibra ottica, porta blindata, esposizione esterna, impianto tv centralizzato",Via Pasquale Fornari,"Bande Nere, Inganni",Gambara,45.4633,9.14358,Spacest.com by Roomless,02 8974 1955,27,https://www.immobiliare.it/annunci/127232179/,
127646848,"Stanza in affitto in appartamento via Ettore Ponti, Milano",600,€ 600/mese,4,2,15 m²,1°,Autonomo,"fibra ottica, porta blindata, esposizione esterna, impianto tv centralizzato",Via Ettore Ponti,"Famagosta, Barona",Barona,45.4421,9.154,Spacest.com by Roomless,02 8974 1955,9,https://www.immobiliare.it/annunci/127646848/,
127303711,"Stanza in affitto in appartamento via Lanfranco della Pila, Milano",650,€ 650/mese,3,1,70 m²,3°,Assente,"fibra ottica, porta blindata, esposizione esterna, impianto tv centralizzato",Via Lanfranco della Pila,"Bicocca, Niguarda",Niguarda,45.5181,9.20172,Spacest.com by Roomless,02 8974 1955,13,https://www.immobiliare.it/annunci/127303711/,
127094269,"Stanza in affitto in appartamento viale Abruzzi, Milano",645,€ 645/mese,5,2,102 m²,"1°, con ascensore",Autonomo,"fibra ottica, porta blindata, esposizione esterna, impianto tv centralizzato",Viale Abruzzi,"Città Studi, Susa",Città Studi,45.4847,9.2173,Spacest.com by Roomless,02 8974 1955,8,https://www.immobiliare.it/annunci/127094269/,
127462782,"Stanza in affitto in appartamento via Ettore Ponti, Milano",640,€ 640/mese,4,1,70 m²,1°,Autonomo,"fibra ottica, porta blindata, esposizione esterna, impianto tv centralizzato",Via Ettore Ponti,"Famagosta, Barona",Barona,45.4421,9.154,Spacest.com by Roomless,02 8974 1955,8,https://www.immobiliare.it/annunci/127462782/,
127462706,"Stanza in affitto in appartamento via Cascina Barocco, Milano",650,€ 650/mese,5+,3,102 m²,4°,Assente,"fibra ottica, porta blindata, esposizione esterna, impianto tv centralizzato",Via Cascina Barocco,"San Siro, Trenno",San Carlo,45.4619,9.10837,Spacest.com by Roomless,02 8974 1955,42,https://www.immobiliare.it/annunci/127462706/,
123312093,"Stanza singola piazzale Ferrara 4, Milano",600,€ 600/mese,5+,2,133 m²,4°,Assente,"ripostiglio, balcone, cucina, connessione ad internet, lavatrice, microonde, portineria, bagno in comune, aria condizionata, armadi",Piazzale Ferrara,"Corvetto, Rogoredo",Corvetto,45.438,9.2195,MediaMi Real Estate Company,02 5964 1374,15,https://www.immobiliare.it/annunci/123312093/,
127513692,"Stanza in affitto in appartamento via Castellammare, Milano",650,€ 650/mese,5,2,120 m²,1°,Assente,"fibra ottica, porta blindata, esposizione esterna, impianto tv centralizzato",Via Castellammare,"Affori, Bovisa",Quarto Oggiaro,45.5107,9.1474,Spacest.com by Roomless,02 8974 1955,34,https://www.immobiliare.it/annunci/127513692/,
127414593,"Stanza in affitto in appartamento via Pismonte, Milano",645,€ 645/mese,5,1,110 m²,7°,Assente,"fibra ottica, porta blindata, esposizione esterna, impianto tv centralizzato",Via Pismonte,"Corvetto, Rogoredo",Corvetto,45.4366,9.21627,Spacest.com by Roomless,02 8974 1955,13,https://www.immobiliare.it/annunci/127414593/,
127504554,"Stanza in affitto in appartamento via Angelo de Vincenti, Milano",630,€ 630/mese,5+,3,15 m²,1°,Autonomo,"fibra ottica, porta blindata, esposizione esterna, impianto tv centralizzato",Via Angelo de Vincenti,"San Siro, Trenno",San Siro,45.4777,9.14164,Spacest.com by Roomless,02 8974 1955,8,https://www.immobiliare.it/annunci/127504554/,
127326315,"Stanza in affitto in appartamento viale Abruzzi, Milano",645,€ 645/mese,5,2,102 m²,"1°, con ascensore",Autonomo,"fibra ottica, porta blindata, esposizione esterna, impianto tv centralizzato",Viale Abruzzi,"Città Studi, Susa",Città Studi,45.4847,9.2173,Spacest.com by Roomless,02 8974 1955,8,https://www.immobiliare.it/annunci/127326315/,
127541466,"Stanza in affitto in appartamento via Carlo Marx, Milano",600,€ 600/mese,4,2,90 m²,1°,Assente,"fibra ottica, porta blindata, esposizione esterna, impianto tv centralizzato",Via Carlo Marx,"Bisceglie, Baggio, Olmi",Quarto Cagnino,45.4737,9.11156,Spacest.com by Roomless,02 8974 1955,13,https://www.immobiliare.it/annunci/127541466/,
127646896,"Stanza in affitto in appartamento via Luigi Mercantini, Milano",680,€ 680/mese,3,1,60 m²,3°,Assente,"fibra ottica, porta blindata, esposizione esterna, impianto tv centralizzato",Via Luigi Mercantini,"Affori, Bovisa",Bovisa,45.5011,9.16235,Spacest.com by Roomless,02 8974 1955,24,https://www.immobiliare.it/annunci/127646896/,
127602242,"Stanza in affitto in appartamento viale Daniele Ranzoni, Milano",630,€ 630/mese,5+,3,155 m²,2°,Assente,"fibra ottica, porta blindata, esposizione esterna, impianto tv centralizzato",Viale Daniele Ranzoni,"San Siro, Trenno",San Siro,45.4678,9.14547,Spacest.com by Roomless,02 8974 1955,11,https://www.immobiliare.it/annunci/127602242/,
127384715,"Stanza in affitto in appartamento via Flavio Andò, Milano",600,€ 600/mese,3,1,70 m²,1°,Assente,"fibra ottica, porta blindata, esposizione esterna, impianto tv centralizzato",Via Flavio Andò,"Affori, Bovisa",Bovisa,45.4998,9.15098,Spacest.com by Roomless,02 8974 1955,10,https://www.immobiliare.it/annunci/127384715/,
127541458,"Stanza in affitto in appartamento via Castellammare, Milano",650,€ 650/mese,5,2,120 m²,1°,Assente,"fibra ottica, porta blindata, esposizione esterna, impianto tv centralizzato",Via Castellammare,"Affori, Bovisa",Quarto Oggiaro,45.5107,9.1474,Spacest.com by Roomless,02 8974 1955,34,https://www.immobiliare.it/annunci/127541458/,
127513862,"Stanza in affitto in appartamento via Copernico, Milano",685,€ 685/mese,5+,2,253 m²,"1°, con ascensore",Autonomo,"fibra ottica, porta blindata, esposizione esterna, impianto tv centralizzato",Via Copernico,"Centrale, Repubblica",Centrale,45.4911,9.20441,Spacest.com by Roomless,02 8974 1955,8,https://www.immobiliare.it/annunci/127513862/,
127355431,"Stanza in affitto in appartamento via Castellammare, Milano",650,€ 650/mese,5,2,120 m²,1°,Assente,"fibra ottica, porta blindata, esposizione esterna, impianto tv centralizzato",Via Castellammare,"Affori, Bovisa",Quarto Oggiaro,45.5107,9.1474,Spacest.com by Roomless,02 8974 1955,34,https://www.immobiliare.it/annunci/127355431/,
127384527,"Stanza in affitto in appartamento via Alessandro Litta Modignani, Milano",600,€ 600/mese,5,1,120 m²,9°,Assente,"fibra ottica, porta blindata, esposizione esterna, impianto tv centralizzato",Via Alessandro Litta Modignani,"Affori, Bovisa",Affori,45.5209,9.15233,Spacest.com by Roomless,02 8974 1955,10,https://www.immobiliare.it/annunci/127384527/,
127513698,"Stanza in affitto in appartamento via degli Imbriani, Milano",630,€ 630/mese,3,1,65 m²,4°,Assente,"fibra ottica, porta blindata, esposizione esterna, impianto tv centralizzato",Via degli Imbriani,"Affori, Bovisa",Bovisa,45.498,9.16953,Spacest.com by Roomless,02 8974 1955,18,https://www.immobiliare.it/annunci/127513698/,
127490028,"Stanza in affitto in appartamento via Comune Antico, Milano",700,€ 700/mese,5,2,90 m²,1°,Assente,"fibra ottica, porta blindata, esposizione esterna, impianto tv centralizzato",Via Comune Antico,"Bicocca, Niguarda",Greco - Segnano,45.5028,9.20937,Spacest.com by Roomless,02 8974 1955,30,https://www.immobiliare.it/annunci/127490028/,
127602228,"Stanza in affitto in appartamento via Adeodato Ressi, Milano",630,€ 630/mese,4,2,15 m²,3°,Assente,"fibra ottica, porta blindata, esposizione esterna, impianto tv centralizzato",Via Adeodato Ressi,"Maggiolina, Istria",Maggiolina,45.4957,9.20606,Spacest.com by Roomless,02 8974 1955,11,https://www.immobiliare.it/annunci/127602228/,
127356155,"Stanza in affitto in appartamento largo Tel Aviv, Milano",650,€ 650/mese,3,1,75 m²,2°,Assente,"fibra ottica, porta blindata, esposizione esterna, impianto tv centralizzato",Largo Tel Aviv,"Cimiano, Crescenzago, Adriano",Cimiano,45.4984,9.23438,Spacest.com by Roomless,02 8974 1955,42,https://www.immobiliare.it/annunci/127356155/,
127646906,"Stanza in affitto in appartamento viale Legioni Romane, Milano",590,€ 590/mese,5+,3,171 m²,4°,Autonomo,"fibra ottica, porta blindata, esposizione esterna, impianto tv centralizzato",Viale Legioni Romane,"Bande Nere, Inganni",Bande Nere,45.4597,9.13124,Spacest.com by Roomless,02 8974 1955,8,https://www.immobiliare.it/annunci/127646906/,
127356353,"Stanza in affitto in appartamento viale Legioni Romane, Milano",590,€ 590/mese,5+,3,171 m²,4°,Autonomo,"fibra ottica, porta blindata, esposizione esterna, impianto tv centralizzato",Viale Legioni Romane,"Bande Nere, Inganni",Bande Nere,45.4597,9.13124,Spacest.com by Roomless,02 8974 1955,8,https://www.immobiliare.it/annunci/127356353/,
127541446,"Stanza in affitto in appartamento via Edolo, Milano",700,€ 700/mese,3,1,80 m²,1°,Assente,"fibra ottica, porta blindata, esposizione esterna, impianto tv centralizzato",Via Edolo,"Maggiolina, Istria",Cascina dei Pomi,45.4931,9.20657,Spacest.com by Roomless,02 8974 1955,13,https://www.immobiliare.it/annunci/127541446/,
127384587,"Stanza in affitto in appartamento via Francesco Brioschi, Milano",700,€ 700/mese,4,1,15 m²,1°,Assente,"fibra ottica, porta blindata, esposizione esterna, impianto tv centralizzato",Via Francesco Brioschi,Navigli,Corso San Gottardo,45.4463,9.18069,Spacest.com by Roomless,02 8974 1955,14,https://www.immobiliare.it/annunci/127384587/,
127384541,"Stanza in affitto in appartamento via Castellammare, Milano",650,€ 650/mese,5,2,120 m²,1°,Assente,"fibra ottica, porta blindata, esposizione esterna, impianto tv centralizzato",Via Castellammare,"Affori, Bovisa",Quarto Oggiaro,45.5107,9.1474,Spacest.com by Roomless,02 8974 1955,34,https://www.immobiliare.it/annunci/127384541/,
127317497,"Stanza in affitto in appartamento viale Daniele Ranzoni, Milano",630,€ 630/mese,5+,3,155 m²,2°,Assente,"fibra ottica, porta blindata, esposizione esterna, impianto tv centralizzato",Viale Daniele Ranzoni,"San Siro, Trenno",San Siro,45.4678,9.14547,Spacest.com by Roomless,02 8974 1955,11,https://www.immobiliare.it/annunci/127317497/,
127462632,"Stanza in affitto in appartamento via Angelo Inganni, Milano",600,€ 600/mese,3,1,90 m²,1°,Assente,"fibra ottica, porta blindata, esposizione esterna, impianto tv centralizzato",Via Angelo Inganni,"Bande Nere, Inganni",Lorenteggio,45.4503,9.12651,Spacest.com by Roomless,02 8974 1955,15,https://www.immobiliare.it/annunci/127462632/,
125247453,"Stanza singola via Zante 21, Milano",650,€ 650/mese,3,1,20 m²,Piano rialzato,Centralizzato,"sistema di allarme, connessione ad internet, ripostiglio, giardino, microonde, lavastoviglie, lavatrice, portineria, tv, armadi, cucina",Via Zante,Forlanini,Quartiere Forlanini,45.4574,9.24891,Privato/Nessuna,,10,https://www.immobiliare.it/annunci/125247453/,
127275023,"Stanza in affitto in appartamento via Francesco Caracciolo, Milano",620,€ 620/mese,3,1,100 m²,6°,Assente,"fibra ottica, porta blindata, esposizione esterna, impianto tv centralizzato",Via Francesco Caracciolo,"Cenisio, Sarpi, Isola",Cenisio,45.489,9.15846,Spacest.com by Roomless,02 8974 1955,24,https://www.immobiliare.it/annunci/127275023/,
127646656,"Stanza in affitto in appartamento via Giovanni Cimabue, Milano",600,€ 600/mese,1,1,15 m²,1°,Assente,"fibra ottica, porta blindata, esposizione esterna, impianto tv centralizzato",Via Giovanni Cimabue,"San Siro, Trenno",Monte Stella,45.4861,9.14316,Spacest.com by Roomless,02 8974 1955,12,https://www.immobiliare.it/annunci/127646656/,
127303633,"Stanza in affitto in appartamento via Valdagno, Milano",600,€ 600/mese,4,1,110 m²,2°,Assente,"fibra ottica, porta blindata, esposizione esterna, impianto tv centralizzato",Via Valdagno,"San Siro, Trenno",San Carlo,45.4621,9.11147,Spacest.com by Roomless,02 8974 1955,13,https://www.immobiliare.it/annunci/127303633/,
127109721,"Stanza singola via Giulio Cesare Procaccini 35, Milano",700,€ 700/mese,2,1,,Piano rialzato,Centralizzato,"lavatrice, lavastoviglie, armadi, cucina",Via Giulio Cesare Procaccini,"Fiera, Sempione, City Life, Portello",Sempione,45.4833,9.17012,Privato/Nessuna,,5,https://www.immobiliare.it/annunci/127109721/,
127134717,"Stanza singola via Losanna 25, Milano",700,€ 700/mese,3,1,15 m²,4°,Centralizzato,"balcone, ascensore, connessione ad internet, ripostiglio, lavatrice, lavastoviglie, microonde, portineria, armadi, cucina",Via Losanna,"Fiera, Sempione, City Life, Portello",Sempione,45.4859,9.16357,Privato/Nessuna,,6,https://www.immobiliare.it/annunci/127134717/,
127414611,"Stanza in affitto in appartamento via Don Carlo Gnocchi, Milano",690,€ 690/mese,5,2,15 m²,5°,Autonomo,"fibra ottica, porta blindata, esposizione esterna, impianto tv centralizzato",Via Don Carlo Gnocchi,"San Siro, Trenno",San Siro,45.4707,9.12737,Spacest.com by Roomless,02 8974 1955,7,https://www.immobiliare.it/annunci/127414611/,
127331775,"Stanza singola via Carlo Alberto Pisani Dossi 53, Milano",650,€ 650/mese,3,1,80 m²,3°,Centralizzato,"ascensore, connessione ad internet, ripostiglio, giardino, lavatrice, lavastoviglie, microonde, armadi, cucina",Via Carlo Alberto Pisani Dossi,"Udine, Lambrate",Quartiere Feltre,45.4908,9.24271,Privato/Nessuna,,7,https://www.immobiliare.it/annunci/127331775/,
127504686,"Stanza in affitto in appartamento via Concilio Vaticano II, Milano",590,€ 590/mese,4,1,90 m²,4°,Assente,"fibra ottica, porta blindata, esposizione esterna, impianto tv centralizzato",Via Concilio Vaticano II,"Affori, Bovisa",Quarto Oggiaro,45.5125,9.14925,Spacest.com by Roomless,02 8974 1955,17,https://www.immobiliare.it/annunci/127504686/,
127317295,"Stanza in affitto in appartamento viale Abruzzi, Milano",645,€ 645/mese,5,2,102 m²,"1°, con ascensore",Autonomo,"fibra ottica, porta blindata, esposizione esterna, impianto tv centralizzato",Viale Abruzzi,"Città Studi, Susa",Città Studi,45.4847,9.2173,Spacest.com by Roomless,02 8974 1955,7,https://www.immobiliare.it/annunci/127317295/,
123704477,"Stanza singola piazzale Gabrio Piola, Milano",700,€ 700/mese,4,2,120 m²,4°,Assente,"ripostiglio, balcone, cucina, connessione ad internet, lavatrice, lavastoviglie, microonde, bagno in comune, attacco telefonico, tv, aria condizionata, armadi",Piazzale Gabrio Piola,"Città Studi, Susa",Città Studi,45.4803,9.2244,Centro Casa Costruzioni,02 5964 5283,7,https://www.immobiliare.it/annunci/123704477/,
127646934,"Stanza in affitto in appartamento via Don Rodrigo, Milano",700,€ 700/mese,3,1,75 m²,2°,Assente,"fibra ottica, porta blindata, esposizione esterna, impianto tv centralizzato",Via Don Rodrigo,"Famagosta, Barona",Cantalupa - San Paolo,45.4339,9.17322,Spacest.com by Roomless,02 8974 1955,15,https://www.immobiliare.it/annunci/127646934/,
127490432,"Stanza in affitto in appartamento via Privata Parenzo, Milano",590,€ 590/mese,4,2,90 m²,3°,Autonomo,"fibra ottica, porta blindata, esposizione esterna, impianto tv centralizzato",Via Privata Parenzo,"Famagosta, Barona",Tre Castelli - Faenza,45.442,9.13738,Spacest.com by Roomless,02 8974 1955,7,https://www.immobiliare.it/annunci/127490432/,
127602476,"Stanza in affitto in appartamento via Nicola D'Apulia, Milano",595,€ 595/mese,5+,2,15 m²,2°,Autonomo,"fibra ottica, porta blindata, esposizione esterna, impianto tv centralizzato",Via Nicola D'Apulia,"Pasteur, Rovereto",Rovereto,45.4946,9.21499,Spacest.com by Roomless,02 8974 1955,7,https://www.immobiliare.it/annunci/127602476/,
127570144,"Stanza in affitto in appartamento via Giovanni Pastorelli, Milano",650,€ 650/mese,4,1,88 m²,"1°, con ascensore",Autonomo,"fibra ottica, porta blindata, esposizione esterna, impianto tv centralizzato",Via Giovanni Pastorelli,Navigli,Navigli - Darsena,45.4464,9.16077,Spacest.com by Roomless,02 8974 1955,7,https://www.immobiliare.it/annunci/127570144/,
127414651,"Stanza in affitto in appartamento via Pasquale Fornari, Milano",645,€ 645/mese,4,1,81 m²,"1°, con ascensore",Autonomo,"fibra ottica, porta blindata, esposizione esterna, impianto tv centralizzato",Via Pasquale Fornari,"Bande Nere, Inganni",Gambara,45.4622,9.14405,Spacest.com by Roomless,02 8974 1955,15,https://www.immobiliare.it/annunci/127414651/,
127313079,"Stanza singola piazza Giovanni Bausan 8, Milano",600,€ 600/mese,3,1,89 m²,1°,Centralizzato,"balcone, ripostiglio, ascensore, armadi, cucina",Piazza Giovanni Bausan,"Affori, Bovisa",Bovisa,45.5026,9.16562,Privato/Nessuna,,5,https://www.immobiliare.it/annunci/127313079/,
127513782,"Stanza in affitto in appartamento via Concilio Vaticano II, Milano",590,€ 590/mese,4,1,90 m²,4°,Assente,"fibra ottica, porta blindata, esposizione esterna, impianto tv centralizzato",Via Concilio Vaticano II,"Affori, Bovisa",Quarto Oggiaro,45.5125,9.14925,Spacest.com by Roomless,02 8974 1955,20,https://www.immobiliare.it/annunci/127513782/,
127356297,"Stanza in affitto in appartamento via Nicola D'Apulia, Milano",595,€ 595/mese,5+,2,15 m²,2°,Autonomo,"fibra ottica, porta blindata, esposizione esterna, impianto tv centralizzato",Via Nicola D'Apulia,"Pasteur, Rovereto",Rovereto,45.4946,9.21499,Spacest.com by Roomless,02 8974 1955,7,https://www.immobiliare.it/annunci/127356297/,
127490254,"Stanza in affitto in appartamento via Uruguay, Milano",670,€ 670/mese,3,1,15 m²,3°,Assente,"fibra ottica, porta blindata, esposizione esterna, impianto tv centralizzato",Via Uruguay,"San Siro, Trenno",Gallaratese,45.4985,9.11801,Spacest.com by Roomless,02 8974 1955,9,https://www.immobiliare.it/annunci/127490254/,
127317463,"Stanza in affitto in appartamento via Alessandro Litta Modignani, Milano",700,€ 700/mese,4,1,88 m²,2°,Assente,"fibra ottica, porta blindata, esposizione esterna, impianto tv centralizzato",Via Alessandro Litta Modignani,"Affori, Bovisa",Affori,45.52,9.15435,Spacest.com by Roomless,02 8974 1955,9,https://www.immobiliare.it/annunci/127317463/,
127504670,"Stanza in affitto in appartamento via Giuseppe Frua, Milano",630,€ 630/mese,5+,3,148 m²,"2°, con ascensore",Autonomo,"fibra ottica, porta blindata, esposizione esterna, impianto tv centralizzato",Via Giuseppe Frua,"Solari, Washington",Frua,45.4653,9.14888,Spacest.com by Roomless,02 8974 1955,38,https://www.immobiliare.it/annunci/127504670/,
127326225,"Stanza in affitto in appartamento via Concilio Vaticano II, Milano",650,€ 650/mese,4,1,90 m²,4°,Assente,"fibra ottica, porta blindata, esposizione esterna, impianto tv centralizzato",Via Concilio Vaticano II,"Affori, Bovisa",Quarto Oggiaro,45.5125,9.14925,Spacest.com by Roomless,02 8974 1955,19,https://www.immobiliare.it/annunci/127326225/,
126717121,"Stanza in affitto in appartamento viale Bligny, Milano",680,€ 680/mese,4,3,90 m²,"2° piano, con ascensore",Assente,,Viale Bligny,Navigli,Bocconi,45.4509,9.1918,Casanetwork,02 8127 8001,6,https://www.immobiliare.it/annunci/126717121/,
127355443,"Stanza in affitto in appartamento via Fernando Santi, Milano",650,€ 650/mese,5,2,150 m²,1°,Autonomo,"fibra ottica, porta blindata, esposizione esterna, impianto tv centralizzato",Via Fernando Santi,"Famagosta, Barona",Tre Castelli - Faenza,45.4371,9.12349,Spacest.com by Roomless,02 8974 1955,13,https://www.immobiliare.it/annunci/127355443/,
127490022,"Stanza in affitto in appartamento via Antonio Canova, Milano",640,€ 640/mese,5+,2,200 m²,3°,Autonomo,"fibra ottica, porta blindata, esposizione esterna, impianto tv centralizzato",Via Antonio Canova,"Arco della Pace, Arena, Pagano",Arco della Pace,45.4776,9.16864,Spacest.com by Roomless,02 8974 1955,12,https://www.immobiliare.it/annunci/127490022/,
126463641,"Stanza singola viale Lazio 3, Milano",650,€ 650/mese,3,1,12 m²,6°,Assente,"balcone, cucina, lavatrice, lavastoviglie, microonde, tv satellitare/pay tv, portineria, bagno in comune, parquet, aria condizionata, armadi",Viale Lazio,"Porta Romana, Cadore, Montenero",Montenero,45.4564,9.2058,Immobiliare Benedetti,02 5964 6138,16,https://www.immobiliare.it/annunci/126463641/,
126074245,"Stanza singola corso Lodi 34/A, Milano",600,€ 600/mese,4,2,101 m²,4°,Assente,"ripostiglio, balcone, cucina, connessione ad internet, lavastoviglie, portineria, bagno in comune, armadi",Corso Lodi,"Porta Romana, Cadore, Montenero",Porta Romana - Medaglie d'Oro,45.4479,9.2088,G&F Real Estate Srl,02 8736 4669,2,https://www.immobiliare.it/annunci/126074245/,
127490304,"Stanza in affitto in appartamento via Adeodato Ressi, Milano",635,€ 635/mese,5,2,15 m²,"5°, con ascensore",Autonomo,"fibra ottica, porta blindata, esposizione esterna, impianto tv centralizzato",Via Adeodato Ressi,"Maggiolina, Istria",Maggiolina,45.4962,9.20583,Spacest.com by Roomless,02 8974 1955,6,https://www.immobiliare.it/annunci/127490304/,
127414803,"Stanza in affitto in appartamento via Francesco Nava, Milano",625,€ 625/mese,3,1,15 m²,2°,Autonomo,"fibra ottica, porta blindata, esposizione esterna, impianto tv centralizzato",Via Francesco Nava,"Cenisio, Sarpi, Isola",Zara,45.4949,9.19043,Spacest.com by Roomless,02 8974 1955,6,https://www.immobiliare.it/annunci/127414803/,
127414711,"Stanza in affitto in appartamento viale Carlo Espinasse, Milano",595,€ 595/mese,4,1,70 m²,"1°, con ascensore",Autonomo,"fibra ottica, porta blindata, esposizione esterna, impianto tv centralizzato",Viale Carlo Espinasse,"Uptown, Cascina Merlata, Viale Certosa",Certosa,45.4945,9.14426,Spacest.com by Roomless,02 8974 1955,6,https://www.immobiliare.it/annunci/127414711/,
127326243,"Stanza in affitto in appartamento via Padova, Milano",700,€ 700/mese,2,1,45 m²,1°,Assente,"fibra ottica, porta blindata, esposizione esterna, impianto tv centralizzato",Via Padova,"Pasteur, Rovereto",Parco Trotter,45.4917,9.22427,Spacest.com by Roomless,02 8974 1955,8,https://www.immobiliare.it/annunci/127326243/,
127232183,"Stanza in affitto in appartamento viale Carlo Espinasse, Milano",595,€ 595/mese,4,1,70 m²,"1°, con ascensore",Autonomo,"fibra ottica, porta blindata, esposizione esterna, impianto tv centralizzato",Viale Carlo Espinasse,"Uptown, Cascina Merlata, Viale Certosa",Certosa,45.4945,9.14426,Spacest.com by Roomless,02 8974 1955,6,https://www.immobiliare.it/annunci/127232183/,
127303513,"Stanza in affitto in appartamento via Felice Casati, Milano",630,€ 630/mese,4,2,15 m²,3°,Autonomo,"fibra ottica, porta blindata, esposizione esterna, impianto tv centralizzato",Via Felice Casati,"Centrale, Repubblica",Repubblica,45.4793,9.20206,Spacest.com by Roomless,02 8974 1955,6,https://www.immobiliare.it/annunci/127303513/,
125029219,"Stanza singola via Fabio Filzi 9, Milano",700,€ 700/mese,3,3,100 m²,6°,Autonomo,"ascensore, lavatrice, bagno privato, ingresso privato, armadi, cucina",Via Fabio Filzi,"Centrale, Repubblica",Centrale,45.4826,9.19901,Privato/Nessuna,,5,https://www.immobiliare.it/annunci/125029219/,
127355807,"Stanza in affitto in appartamento via Innocenzo Isimbardi, Milano",600,€ 600/mese,5,2,15 m²,1°,Autonomo,"fibra ottica, porta blindata, esposizione esterna, impianto tv centralizzato",Via Innocenzo Isimbardi,"Abbiategrasso, Chiesa Rossa",Cermenate - Abbiategrasso,45.4343,9.18072,Spacest.com by Roomless,02 8974 1955,38,https://www.immobiliare.it/annunci/127355807/,
127602146,"Stanza in affitto in appartamento via Anton Giulio Barrili, Milano",680,€ 680/mese,3,1,54 m²,1°,Autonomo,"fibra ottica, porta blindata, esposizione esterna, impianto tv centralizzato",Via Anton Giulio Barrili,"Abbiategrasso, Chiesa Rossa",Cermenate - Abbiategrasso,45.4339,9.17754,Spacest.com by Roomless,02 8974 1955,25,https://www.immobiliare.it/annunci/127602146/,
127646600,"Stanza in affitto in appartamento via Anton Giulio Barrili, Milano",680,€ 680/mese,3,1,54 m²,1°,Autonomo,"fibra ottica, porta blindata, esposizione esterna, impianto tv centralizzato",Via Anton Giulio Barrili,"Abbiategrasso, Chiesa Rossa",Cermenate - Abbiategrasso,45.4339,9.17754,Spacest.com by Roomless,02 8974 1955,25,https://www.immobiliare.it/annunci/127646600/,
120695518,"Stanza in affitto in appartamento via Desiderio, 4, Milano",690,€ 690/mese,5+,2,110 m²,1° piano,Assente,aria condizionata,"Via Desiderio, 4","Città Studi, Susa",Città Studi,45.484,9.23308,StanzaUNI,02 8974 3760,26,https://www.immobiliare.it/annunci/120695518/,
127553452,"Stanza singola via Beltrame Cristiani 1, Milano",700,€ 700/mese,,3+,130 m²,1°,Assente,"ripostiglio, giardino, balcone, cucina, connessione ad internet, lavatrice, microonde, bagno in comune, parquet, aria condizionata, armadi",Via Beltrame Cristiani,"Bicocca, Niguarda",Bignami - Ponale,45.5223,9.2059,Studio6Erre,02 8736 4208,43,https://www.immobiliare.it/annunci/127553452/,
96574408,"Stanza singola via Bovisasca 79, Milano",660,€ 660/mese,4,3,20 m²,2°,Assente,"balcone, cucina, connessione ad internet, lavatrice, lavastoviglie, bagno privato, parquet, aria condizionata, ingresso privato, armadi",Via Bovisasca,"Affori, Bovisa",Bovisa,45.5082,9.1591,Immobiliare My House,02 8974 3566,13,https://www.immobiliare.it/annunci/96574408/,
124640157,"Stanza singola via Michele De Angelis 12, Milano",600,€ 600/mese,4,2,13 m²,7°,Assente,"ripostiglio, balcone, cucina, connessione ad internet, lavatrice, lavastoviglie, microonde, tv satellitare/pay tv, bagno in comune, tv, aria condizionata, armadi",Via Michele De Angelis,"Bicocca, Niguarda",Ca' Granda,45.507,9.1933,Affiliato Tecnorete: SUZZANI IMMOBILI SAS,02 5964 9436,33,https://www.immobiliare.it/annunci/124640157/,
118949255,"Stanza singola via Giovanni Pierluigi da Palestrina 2, Milano",700,€ 700/mese,2,1,20 m²,6°,Centralizzato,"balcone, connessione ad internet, lavatrice, microonde, portineria, ascensore, armadi, cucina",Via Giovanni Pierluigi da Palestrina,"Centrale, Repubblica",Buenos Aires,45.485,9.21456,Privato/Nessuna,,9,https://www.immobiliare.it/annunci/118949255/,
126490695,"Stanza singola via degli Imbriani 48, Milano",700,€ 700/mese,3,1,20 m²,2°,Centralizzato,"balcone, terrazzo, connessione ad internet, ripostiglio, lavatrice, microonde, ascensore, armadi, cucina",Via degli Imbriani,"Affori, Bovisa",Bovisa,45.5014,9.16653,Privato/Nessuna,,10,https://www.immobiliare.it/annunci/126490695/,
127410341,"Stanza doppia via Riva di Trento, Milano",690,€ 690/mese,3,1,70 m²,1°,Assente,"balcone, cucina, lavatrice, microonde, bagno in comune, armadi",Via Riva di Trento,"Corvetto, Rogoredo",Corvetto,45.4379,9.2137,Next Home Milano,02 8974 4815,15,https://www.immobiliare.it/annunci/127410341/,
123137863,"Stanza doppia via Enrico Cialdini 116, Milano",680,€ 680/mese,4,3+,80 m²,Piano rialzato,Assente,"cucina, lavatrice, lavastoviglie, microonde, bagno privato, armadi",Via Enrico Cialdini,"Affori, Bovisa",Affori,45.5156,9.1693,Immuni SRL,06 5326 7486,7,https://www.immobiliare.it/annunci/123137863/,
122589606,"Stanza singola via Giovanni Battista Carta 23, Milano",600,€ 600/mese,5,3+,150 m²,Piano rialzato,Assente,"cucina, connessione ad internet, microonde, bagno privato, armadi",Via Giovanni Battista Carta,"Cimiano, Crescenzago, Adriano",Ponte Nuovo,45.5072,9.2382,Immuni SRL,06 5326 7486,7,https://www.immobiliare.it/annunci/122589606/,
127392633,"Stanza singola piazzale Veronica Gambara 9, Milano",690,€ 690/mese,4,2,100 m²,Piano rialzato,Assente,"cucina, connessione ad internet, lavatrice, microonde, bagno in comune, aria condizionata, armadi",Piazzale Veronica Gambara,"Bande Nere, Inganni",Gambara,45.4644,9.1422,Fassi - Case che Valgono,02 8736 2520,34,https://www.immobiliare.it/annunci/127392633/,
114386525,"Stanza singola via Fausto Melotti 1, Milano",650,€ 650/mese,3,2,85 m²,8°,Assente,"giardino, palestra, cucina, sistema di allarme, connessione ad internet, lavatrice, microonde, tv satellitare/pay tv, bagno privato, parquet, tv, armadi",Via Fausto Melotti,"Ponte Lambro, Santa Giulia",Santa Giulia,45.4373,9.24,Sognocasa srl,02 8295 1858,43,https://www.immobiliare.it/annunci/114386525/,
127520610,"Stanza singola via Luigi Pulci 13, Milano",600,€ 600/mese,3,1,70 m²,1°,Assente,"giardino, balcone, cucina, lavatrice, lavastoviglie",Via Luigi Pulci,"Bicocca, Niguarda",Bicocca,45.5144,9.2072,Servizi Immobiliari S.N.C. di Pietro Bodei & C.,02 3540 6349,16,https://www.immobiliare.it/annunci/127520610/,
127649454,"Stanza singola viale Ungheria 2, Milano",600,€ 600/mese,5,2,90 m²,3°,Assente,"ripostiglio, balcone, cucina, connessione ad internet, lavatrice, microonde, portineria, bagno in comune, parquet, aria condizionata, armadi",Viale Ungheria,Forlanini,Viale Ungheria - Mecenate,45.4455,9.2419,Studio6Erre,02 8736 4208,34,https://www.immobiliare.it/annunci/127649454/,
127520230,"Stanza singola via Luigi Pulci 13, Milano",620,€ 620/mese,3,1,70 m²,1°,Assente,"giardino, balcone, cucina, lavatrice, lavastoviglie",Via Luigi Pulci,"Bicocca, Niguarda",Bicocca,45.5144,9.2072,Servizi Immobiliari S.N.C. di Pietro Bodei & C.,02 3540 6349,17,https://www.immobiliare.it/annunci/127520230/,
127649244,"Stanza singola viale Ungheria 2, Milano",650,€ 650/mese,5,2,90 m²,3°,Assente,"ripostiglio, balcone, cucina, connessione ad internet, lavatrice, microonde, portineria, bagno privato, parquet, aria condizionata, armadi",Viale Ungheria,Forlanini,Viale Ungheria - Mecenate,45.4455,9.2419,Studio6Erre,02 8736 4208,36,https://www.immobiliare.it/annunci/127649244/,
126667131,"Stanza singola via Michele Novaro 6, Milano",600,€ 600/mese,4,1,90 m²,4°,Assente,"giardino, balcone, cucina, connessione ad internet, lavatrice, bagno in comune, armadi",Via Michele Novaro,"Affori, Bovisa",Affori,45.5193,9.169,Sognocasa srl,02 8295 1858,13,https://www.immobiliare.it/annunci/126667131/,
126661405,"Stanza singola via degli Imbriani, Milano",675,€ 675/mese,3,1,84 m²,3°,Assente,"ripostiglio, balcone, cucina, connessione ad internet, lavatrice, lavastoviglie, microonde, tv satellitare/pay tv, portineria, bagno in comune, tv, armadi",Via degli Imbriani,"Affori, Bovisa",Bovisa,45.4996,9.1687,Simo Immobiliare,02 5964 5269,18,https://www.immobiliare.it/annunci/126661405/,
126530127,"Stanza singola piazza Maria Adelaide di Savoia 2, Milano",640,€ 640/mese,1,1,20 m²,Piano rialzato,Assente,"ripostiglio, cucina, connessione ad internet, lavatrice, lavastoviglie, portineria, bagno in comune, aria condizionata, armadi",Piazza Maria Adelaide di Savoia,"Porta Venezia, Indipendenza",Indipendenza,45.4726,9.215,Tarantini Consulenti Immobiliari,039 240 9286,17,https://www.immobiliare.it/annunci/126530127/,
127331333,"Stanza singola via Guglielmo Koerner 7, Milano",600,€ 600/mese,1,1,13 m²,5°,Assente,"ripostiglio, giardino, balcone, cucina, connessione ad internet, lavatrice, microonde, portineria, con biancheria, bagno in comune",Via Guglielmo Koerner,"Bicocca, Niguarda",Prato Centenaro,45.5097,9.2007,Service Immobiliare,02 8736 2644,22,https://www.immobiliare.it/annunci/127331333/,
104020285,"Stanza singola via Cuore Immacolato di Maria 4, Milano",675,€ 675/mese,2,1,18 m²,3°,Centralizzato,"ripostiglio, balcone, cucina, connessione ad internet, lavatrice, lavastoviglie, microonde, con biancheria, bagno in comune, tv, aria condizionata, armadi, videocitofono",Via Cuore Immacolato di Maria,"Ripamonti, Vigentino",Vigentino - Fatima,45.4366,9.1968,SoloAffitti Milano1|Deste48  Real Estate,02 5964 5274,26,https://www.immobiliare.it/annunci/104020285/,
127612148,"Stanza singola via Alessandro Tadino 18, Milano",650,€ 650/mese,5,1,101 m²,3°,Assente,"cucina, lavatrice, bagno in comune, attacco telefonico, armadi",Via Alessandro Tadino,"Centrale, Repubblica",Buenos Aires,45.4787,9.2074,Welcome Home,02 8974 7773,14,https://www.immobiliare.it/annunci/127612148/,
127392123,"Stanza singola viale Beatrice d'Este 37, Milano",650,€ 650/mese,4,1,70 m²,2°,Assente,"balcone, cucina, connessione ad internet, lavatrice, lavastoviglie, portineria, bagno in comune, parquet, armadi",Viale Beatrice d'Este,"Quadronno, Palestro, Guastalla",Quadronno - Crocetta,45.4522,9.1949,Studio Guzzon Di Stefano Guzzon,02 3540 6759,21,https://www.immobiliare.it/annunci/127392123/,
125528605,"Stanza singola viale Ca' Granda 29, Milano",650,€ 650/mese,2,2,16 m²,1°,Assente,"ripostiglio, cucina, connessione ad internet, lavatrice, bagno in comune, tv, armadi",Viale Ca' Granda,"Bicocca, Niguarda",Ca' Granda,45.5081,9.1925,Team Clementi Immobiliare - Area Nord,02 9994 9523,13,https://www.immobiliare.it/annunci/125528605/,
127094363,"Stanza singola via Giovanni Battista Prandina, Milano",600,€ 600/mese,3,1,60 m²,Piano rialzato,Assente,"cucina, connessione ad internet, tv satellitare/pay tv, bagno in comune, armadi",Via Giovanni Battista Prandina,"Cimiano, Crescenzago, Adriano",Ponte Nuovo,45.5067,9.2389,Immuni SRL,06 5326 7486,6,https://www.immobiliare.it/annunci/127094363/,
112965475,"Stanza singola via Bruno Cesana, Milano",650,€ 650/mese,3,1,82 m²,6°,Assente,"ripostiglio, balcone, cucina, lavatrice, lavastoviglie, microonde, portineria, bagno in comune, aria condizionata, armadi",Via Bruno Cesana,"Cimiano, Crescenzago, Adriano",Cimiano,45.4967,9.2351,Michilin Roberto,02 5964 9241,14,https://www.immobiliare.it/annunci/112965475/,
125542493,"Stanza singola via San Giusto 37, Milano",630,€ 630/mese,2,1,20 m²,1°,Assente,"ripostiglio, terrazzo, cucina, lavatrice, portineria, bagno in comune, tv, armadi",Via San Giusto,"San Siro, Trenno",San Siro,45.4733,9.1198,Team Clementi Immobiliare - Area Nord,02 9994 9523,19,https://www.immobiliare.it/annunci/125542493/,
120695514,"Stanza in affitto in appartamento via Desiderio, 4, Milano",595,€ 595/mese,5,2,130 m²,1° piano,Assente,aria condizionata,"Via Desiderio, 4","Città Studi, Susa",Città Studi,45.484,9.23308,StanzaUNI,02 8974 3760,21,https://www.immobiliare.it/annunci/120695514/,
126041923,"Stanza singola viale Zara, Milano",640,€ 640/mese,1,1,9 m²,,Autonomo,arredato,Viale Zara,"Maggiolina, Istria",Maggiolina,45.4983,9.1964,HousingAnywhere,,10,https://www.immobiliare.it/annunci/126041923/,
126848761,"Stanza singola via Erasmo Boschetti, Milano",696,€ 696/mese,1,1,12 m²,,Autonomo,arredato,Via Erasmo Boschetti,"Maggiolina, Istria",Maggiolina,45.494,9.1985,HousingAnywhere,,10,https://www.immobiliare.it/annunci/126848761/,
126041669,"Stanza singola corso di Porta Romana, Milano",660,€ 660/mese,1,1,15 m²,,Centralizzato,arredato,Corso di Porta Romana,"Quadronno, Palestro, Guastalla",Quadronno - Crocetta,45.4542,9.1986,HousingAnywhere,,10,https://www.immobiliare.it/annunci/126041669/,
126982213,"Stanza singola viale Giovanni Suzzani, Milano",642,€ 642/mese,1,1,12 m²,,Autonomo,arredato,Viale Giovanni Suzzani,"Bicocca, Niguarda",Niguarda,45.5167,9.2033,HousingAnywhere,,10,https://www.immobiliare.it/annunci/126982213/,
126042013,"Stanza singola via Palmanova, Milano",690,€ 690/mese,1,1,9 m²,,Autonomo,arredato,Via Palmanova,"Cimiano, Crescenzago, Adriano",Cimiano,45.5017,9.2429,HousingAnywhere,,10,https://www.immobiliare.it/annunci/126042013/,
126080043,"Stanza singola via Giovanni Pacini, Milano",590,€ 590/mese,1,1,18 m²,,Centralizzato,arredato,Via Giovanni Pacini,"Città Studi, Susa",Città Studi,45.4846,9.2354,HousingAnywhere,,10,https://www.immobiliare.it/annunci/126080043/,
126738975,"Stanza singola via Orti, Milano",590,€ 590/mese,1,1,15 m²,,Centralizzato,arredato,Via Orti,"Quadronno, Palestro, Guastalla",Quadronno - Crocetta,45.4555,9.2018,HousingAnywhere,,10,https://www.immobiliare.it/annunci/126738975/,
120523982,"Stanza singola via Carnia, Milano",600,€ 600/mese,1,1,10 m²,,Centralizzato,arredato,Via Carnia,"Udine, Lambrate",Udine,45.4941,9.2355,HousingAnywhere,,10,https://www.immobiliare.it/annunci/120523982/,
125953299,"Stanza singola via Giuseppe Broggi, Milano",696,€ 696/mese,1,1,25 m²,,Autonomo,arredato,Via Giuseppe Broggi,"Centrale, Repubblica",Morgagni,45.4779,9.211,HousingAnywhere,,10,https://www.immobiliare.it/annunci/125953299/,
126035629,"Stanza singola via Luigi Mercantini, Milano",680,€ 680/mese,1,1,15 m²,,Centralizzato,arredato,Via Luigi Mercantini,"Affori, Bovisa",Bovisa,45.5011,9.1624,HousingAnywhere,,10,https://www.immobiliare.it/annunci/126035629/,
121436038,"Stanza singola via Don Giovanni Bosco, Milano",690,€ 690/mese,1,1,8 m²,,Centralizzato,"aria condizionata, arredato",Via Don Giovanni Bosco,"Porta Vittoria, Lodi",Lodi - Brenta,45.4429,9.215,HousingAnywhere,,10,https://www.immobiliare.it/annunci/121436038/,
126038095,"Stanza singola via Sebino, Milano",690,€ 690/mese,1,1,10 m²,,Centralizzato,"aria condizionata, arredato",Via Sebino,"Porta Vittoria, Lodi",Martini - Insubria,45.4509,9.2208,HousingAnywhere,,10,https://www.immobiliare.it/annunci/126038095/,
126936403,"Stanza singola via Leopoldo Pollak, Milano",642,€ 642/mese,1,1,12 m²,,Autonomo,arredato,Via Leopoldo Pollak,"San Siro, Trenno",San Siro,45.4731,9.1205,HousingAnywhere,,10,https://www.immobiliare.it/annunci/126936403/,
126037919,"Stanza singola via Francesco Melzi d'Eril, Milano",690,€ 690/mese,1,1,8 m²,,Autonomo,arredato,Via Francesco Melzi d'Eril,"Arco della Pace, Arena, Pagano",Arena,45.4781,9.1743,HousingAnywhere,,10,https://www.immobiliare.it/annunci/126037919/,
118262031,"Stanza singola via Vittorio Emanuele Orlando, Milano",700,€ 700/mese,1,1,14 m²,,Centralizzato,"aria condizionata, arredato",Via Vittorio Emanuele Orlando,"Abbiategrasso, Chiesa Rossa",Gratosoglio,45.4165,9.174,HousingAnywhere,,10,https://www.immobiliare.it/annunci/118262031/,
109560047,"Stanza singola via Carlo Marx, Milano",650,€ 650/mese,1,1,20 m²,,Centralizzato,arredato,Via Carlo Marx,"Bisceglie, Baggio, Olmi",Quarto Cagnino,45.4708,9.1112,HousingAnywhere,,10,https://www.immobiliare.it/annunci/109560047/,
123468281,"Stanza singola viale Daniele Ranzoni, Milano",600,€ 600/mese,1,1,16 m²,,Centralizzato,arredato,Viale Daniele Ranzoni,"San Siro, Trenno",San Siro,45.4686,9.1454,HousingAnywhere,,10,https://www.immobiliare.it/annunci/123468281/,
123123397,"Stanza singola via Leopoldo Cicognara, Milano",690,€ 690/mese,1,1,16 m²,,Autonomo,arredato,Via Leopoldo Cicognara,"Città Studi, Susa",Plebisciti - Susa,45.4684,9.2216,HousingAnywhere,,10,https://www.immobiliare.it/annunci/123123397/,
126469575,"Stanza singola piazzale Egeo, Milano",589,€ 589/mese,1,1,10 m²,,Autonomo,arredato,Piazzale Egeo,"Bicocca, Niguarda",Bicocca,45.5146,9.2144,HousingAnywhere,,10,https://www.immobiliare.it/annunci/126469575/,
126037347,"Stanza singola via Privata Andrea Pellizzone, Milano",635,€ 635/mese,1,1,18 m²,,Centralizzato,arredato,Via Privata Andrea Pellizzone,"Città Studi, Susa",Città Studi,45.4691,9.2256,HousingAnywhere,,10,https://www.immobiliare.it/annunci/126037347/,
123112177,"Stanza singola viale Enrico Forlanini, Milano",640,€ 640/mese,1,1,9 m²,,Autonomo,arredato,Viale Enrico Forlanini,Forlanini,Quartiere Forlanini,45.4618,9.2436,HousingAnywhere,,10,https://www.immobiliare.it/annunci/123112177/,
126038909,"Stanza singola via Enrico De Nicola, Milano",650,€ 650/mese,1,1,16 m²,,Centralizzato,"aria condizionata, arredato",Via Enrico De Nicola,"Famagosta, Barona",Cantalupa - San Paolo,45.4312,9.1553,HousingAnywhere,,10,https://www.immobiliare.it/annunci/126038909/,
126038903,"Stanza singola via Enrico De Nicola, Milano",690,€ 690/mese,1,1,23 m²,,Centralizzato,"aria condizionata, arredato",Via Enrico De Nicola,"Famagosta, Barona",Cantalupa - San Paolo,45.4312,9.1553,HousingAnywhere,,10,https://www.immobiliare.it/annunci/126038903/,
126791883,"Stanza singola via Luigi Ornato, Milano",589,€ 589/mese,1,1,17 m²,,Autonomo,arredato,Via Luigi Ornato,"Bicocca, Niguarda",Niguarda,45.5222,9.1929,HousingAnywhere,,10,https://www.immobiliare.it/annunci/126791883/,
126041967,"Stanza singola via Felice Casati, Milano",600,€ 600/mese,1,1,9 m²,,Autonomo,arredato,Via Felice Casati,"Centrale, Repubblica",Buenos Aires,45.478,9.2053,HousingAnywhere,,10,https://www.immobiliare.it/annunci/126041967/,
123112167,"Stanza singola viale Campania, Milano",690,€ 690/mese,1,1,16 m²,,Centralizzato,arredato,Viale Campania,"Città Studi, Susa",Plebisciti - Susa,45.466,9.2235,HousingAnywhere,,10,https://www.immobiliare.it/annunci/123112167/,
127602268,"Stanza in affitto in appartamento via Arbe, Milano",640,€ 640/mese,4,2,103 m²,2°,Autonomo,"fibra ottica, porta blindata, esposizione esterna, impianto tv centralizzato",Via Arbe,"Maggiolina, Istria",Maggiolina,45.4953,9.19646,Spacest.com by Roomless,02 8974 1955,9,https://www.immobiliare.it/annunci/127602268/,
127272349,"Stanza singola via Giotto, Milano",640,€ 640/mese,1,1,17 m²,,Centralizzato,arredato,Via Giotto,"Solari, Washington",Vercelli - Wagner,45.4674,9.159,HousingAnywhere,,10,https://www.immobiliare.it/annunci/127272349/,
126440107,"Stanza singola via Simone Saint Bon, Milano",589,€ 589/mese,1,1,14 m²,,Autonomo,arredato,Via Simone Saint Bon,"Bande Nere, Inganni",Inganni,45.4584,9.1215,HousingAnywhere,,10,https://www.immobiliare.it/annunci/126440107/,
126040401,"Stanza singola via Ettore Ponti, Milano",645,€ 645/mese,1,1,15 m²,,Centralizzato,arredato,Via Ettore Ponti,"Famagosta, Barona",Barona,45.4421,9.1539,HousingAnywhere,,10,https://www.immobiliare.it/annunci/126040401/,
125953301,"Stanza singola via Alessandro Litta Modignani, Milano",642,€ 642/mese,1,1,10 m²,,Autonomo,arredato,Via Alessandro Litta Modignani,"Affori, Bovisa",Affori,45.5213,9.1539,HousingAnywhere,,10,https://www.immobiliare.it/annunci/125953301/,
125953305,"Stanza singola via Santa Rita da Cascia, Milano",696,€ 696/mese,1,1,10 m²,,Autonomo,arredato,Via Santa Rita da Cascia,"Famagosta, Barona",Barona,45.4398,9.1521,HousingAnywhere,,10,https://www.immobiliare.it/annunci/125953305/,
121244388,"Stanza singola viale Enrico Forlanini, Milano",690,€ 690/mese,1,1,9 m²,,Autonomo,arredato,Viale Enrico Forlanini,Forlanini,Quartiere Forlanini,45.4618,9.2436,HousingAnywhere,,10,https://www.immobiliare.it/annunci/121244388/,
124938665,"Stanza singola viale Campania, Milano",690,€ 690/mese,1,1,10 m²,,Centralizzato,"aria condizionata, arredato",Viale Campania,"Città Studi, Susa",Plebisciti - Susa,45.466,9.2235,HousingAnywhere,,10,https://www.immobiliare.it/annunci/124938665/,
126035645,"Stanza singola via Cusago, Milano",590,€ 590/mese,1,1,15 m²,,Autonomo,arredato,Via Cusago,"Bisceglie, Baggio, Olmi",Baggio,45.461,9.0818,HousingAnywhere,,10,https://www.immobiliare.it/annunci/126035645/,
126936409,"Stanza singola via Ponale, Milano",642,€ 642/mese,1,1,9 m²,,Autonomo,arredato,Via Ponale,"Bicocca, Niguarda",Bignami - Ponale,45.524,9.206,HousingAnywhere,,10,https://www.immobiliare.it/annunci/126936409/,
126511735,"Stanza singola via Gran San Bernardo, Milano",642,€ 642/mese,1,1,16 m²,,Autonomo,arredato,Via Gran San Bernardo,"Cenisio, Sarpi, Isola",Cenisio,45.4888,9.168,HousingAnywhere,,10,https://www.immobiliare.it/annunci/126511735/,
124313355,"Stanza singola largo Camillo Caccia Dominioni, Milano",642,€ 642/mese,1,1,10 m²,,Autonomo,arredato,Largo Camillo Caccia Dominioni,"Ripamonti, Vigentino",Ripamonti - Fondazione Prada,45.4377,9.196,HousingAnywhere,,10,https://www.immobiliare.it/annunci/124313355/,
126041943,"Stanza singola via Palmanova, Milano",690,€ 690/mese,1,1,9 m²,,Autonomo,arredato,Via Palmanova,"Cimiano, Crescenzago, Adriano",Cimiano,45.5017,9.2429,HousingAnywhere,,10,https://www.immobiliare.it/annunci/126041943/,
127197733,"Stanza singola via Giotto, Milano",600,€ 600/mese,1,1,13 m²,,Centralizzato,arredato,Via Giotto,"Solari, Washington",Vercelli - Wagner,45.4694,9.1563,HousingAnywhere,,10,https://www.immobiliare.it/annunci/127197733/,
125812323,"Stanza singola piazza Imperatore Tito, Milano",690,€ 690/mese,1,1,8 m²,,Centralizzato,arredato,Piazza Imperatore Tito,"Porta Vittoria, Lodi",Martini - Insubria,45.4546,9.2187,HousingAnywhere,,10,https://www.immobiliare.it/annunci/125812323/,
126040451,"Stanza singola via Giovanni Segantini, Milano",600,€ 600/mese,1,1,18 m²,,Centralizzato,arredato,Via Giovanni Segantini,Navigli,Navigli - Darsena,45.4445,9.1729,HousingAnywhere,,10,https://www.immobiliare.it/annunci/126040451/,
126936407,"Stanza singola via Padova, Milano",632,€ 632/mese,1,1,9 m²,,Autonomo,arredato,Via Padova,"Cimiano, Crescenzago, Adriano",Crescenzago,45.5038,9.2405,HousingAnywhere,,10,https://www.immobiliare.it/annunci/126936407/,
126042017,"Stanza singola via Palmanova, Milano",620,€ 620/mese,1,1,18 m²,,Centralizzato,arredato,Via Palmanova,"Cimiano, Crescenzago, Adriano",Cimiano,45.5017,9.2429,HousingAnywhere,,10,https://www.immobiliare.it/annunci/126042017/,
119895374,"Stanza singola viale Abruzzi, Milano",600,€ 600/mese,1,1,9 m²,,Autonomo,arredato,Viale Abruzzi,"Città Studi, Susa",Città Studi,45.4779,9.2172,HousingAnywhere,,10,https://www.immobiliare.it/annunci/119895374/,
126040419,"Stanza singola via Ettore Ponti, Milano",650,€ 650/mese,1,1,17 m²,,Autonomo,arredato,Via Ettore Ponti,"Famagosta, Barona",Barona,45.4421,9.1539,HousingAnywhere,,10,https://www.immobiliare.it/annunci/126040419/,
122799560,"Stanza singola via Savona, Milano",690,€ 690/mese,1,1,18 m²,,Centralizzato,"aria condizionata, arredato",Via Savona,"Famagosta, Barona",Giambellino,45.4496,9.1495,HousingAnywhere,,10,https://www.immobiliare.it/annunci/122799560/,
127042505,"Stanza singola via Sofonisba Anguissola, Milano",700,€ 700/mese,1,1,4 m²,,Centralizzato,,Via Sofonisba Anguissola,"Bande Nere, Inganni",Gambara,45.4622,9.1389,HousingAnywhere,,10,https://www.immobiliare.it/annunci/127042505/,
126041941,"Stanza singola viale Gran Sasso, Milano",700,€ 700/mese,1,1,9 m²,,Autonomo,arredato,Viale Gran Sasso,"Città Studi, Susa",Città Studi,45.483,9.2182,HousingAnywhere,,10,https://www.immobiliare.it/annunci/126041941/,
126040415,"Stanza singola via Bordighera, Milano",680,€ 680/mese,1,1,13 m²,,Autonomo,arredato,Via Bordighera,"Famagosta, Barona",Famagosta,45.4421,9.1737,HousingAnywhere,,10,https://www.immobiliare.it/annunci/126040415/,
124565669,"Stanza singola via Sant'Anatalone, Milano",620,€ 620/mese,1,1,17 m²,,Autonomo,arredato,Via Sant'Anatalone,"Bande Nere, Inganni",Inganni,45.4477,9.1249,HousingAnywhere,,10,https://www.immobiliare.it/annunci/124565669/,
126242223,"Stanza singola via dei Missaglia, Milano",690,€ 690/mese,1,1,22 m²,,Centralizzato,arredato,Via dei Missaglia,"Abbiategrasso, Chiesa Rossa",Chiesa Rossa,45.4267,9.1788,HousingAnywhere,,10,https://www.immobiliare.it/annunci/126242223/,
126041959,"Stanza singola via Felice Casati, Milano",650,€ 650/mese,1,1,15 m²,,Centralizzato,arredato,Via Felice Casati,"Centrale, Repubblica",Repubblica,45.48,9.2006,HousingAnywhere,,10,https://www.immobiliare.it/annunci/126041959/,
126041965,"Stanza singola via Felice Casati, Milano",620,€ 620/mese,1,1,15 m²,,Centralizzato,arredato,Via Felice Casati,"Centrale, Repubblica",Repubblica,45.48,9.2006,HousingAnywhere,,10,https://www.immobiliare.it/annunci/126041965/,
126041643,"Stanza singola via Carnia, Milano",630,€ 630/mese,1,1,10 m²,,Centralizzato,arredato,Via Carnia,"Udine, Lambrate",Udine,45.4941,9.2355,HousingAnywhere,,10,https://www.immobiliare.it/annunci/126041643/,
126041957,"Stanza singola via Palmanova, Milano",600,€ 600/mese,1,1,18 m²,,Centralizzato,arredato,Via Palmanova,"Cimiano, Crescenzago, Adriano",Cimiano,45.5017,9.2429,HousingAnywhere,,10,https://www.immobiliare.it/annunci/126041957/,
126041685,"Stanza singola via Leopoldo Sabbatini, Milano",670,€ 670/mese,1,1,20 m²,,Centralizzato,arredato,Via Leopoldo Sabbatini,Navigli,Bocconi,45.4487,9.1879,HousingAnywhere,,10,https://www.immobiliare.it/annunci/126041685/,
119895774,"Stanza singola via Antonio Canova, Milano",690,€ 690/mese,1,1,9 m²,,Autonomo,arredato,Via Antonio Canova,"Arco della Pace, Arena, Pagano",Arco della Pace,45.4774,9.1685,HousingAnywhere,,10,https://www.immobiliare.it/annunci/119895774/,
126116255,"Stanza singola via Privata Umberto Fracchia, Milano",642,€ 642/mese,1,1,22 m²,,Autonomo,arredato,Via Privata Umberto Fracchia,"Maggiolina, Istria",Maggiolina,45.4997,9.2018,HousingAnywhere,,10,https://www.immobiliare.it/annunci/126116255/,
126037351,"Stanza singola via Valtellina, Milano",600,€ 600/mese,1,1,18 m²,,Autonomo,arredato,Via Valtellina,"Cenisio, Sarpi, Isola",Farini,45.4933,9.1826,HousingAnywhere,,10,https://www.immobiliare.it/annunci/126037351/,
126956701,"Stanza singola viale Giovanni da Cermenate, Milano",589,€ 589/mese,1,1,14 m²,,Autonomo,arredato,Viale Giovanni da Cermenate,"Abbiategrasso, Chiesa Rossa",Pezzotti - Meda,45.438,9.181,HousingAnywhere,,10,https://www.immobiliare.it/annunci/126956701/,
126042497,"Stanza singola via Francesco Caracciolo, Milano",634,€ 634/mese,1,1,12 m²,,Centralizzato,arredato,Via Francesco Caracciolo,"Uptown, Cascina Merlata, Viale Certosa",Ghisolfa - Mac Mahon,45.4921,9.1625,HousingAnywhere,,10,https://www.immobiliare.it/annunci/126042497/,
126041899,"Stanza singola viale Abruzzi, Milano",650,€ 650/mese,1,1,15 m²,,Centralizzato,arredato,Viale Abruzzi,"Città Studi, Susa",Città Studi,45.4763,9.217,HousingAnywhere,,10,https://www.immobiliare.it/annunci/126041899/,
126936401,"Stanza singola via Leopoldo Pollak, Milano",632,€ 632/mese,1,1,8 m²,,Autonomo,arredato,Via Leopoldo Pollak,"San Siro, Trenno",San Siro,45.4731,9.1205,HousingAnywhere,,10,https://www.immobiliare.it/annunci/126936401/,
126042493,"Stanza singola via Cesare Battisti, Milano",700,€ 700/mese,1,1,11 m²,,Centralizzato,arredato,Via Cesare Battisti,"Quadronno, Palestro, Guastalla",Guastalla,45.463,9.2,HousingAnywhere,,10,https://www.immobiliare.it/annunci/126042493/,
126041901,"Stanza singola viale Abruzzi, Milano",640,€ 640/mese,1,1,10 m²,,Centralizzato,arredato,Viale Abruzzi,"Città Studi, Susa",Città Studi,45.4763,9.217,HousingAnywhere,,10,https://www.immobiliare.it/annunci/126041901/,
126041881,"Stanza singola via Palmanova, Milano",670,€ 670/mese,1,1,18 m²,,Centralizzato,arredato,Via Palmanova,"Cimiano, Crescenzago, Adriano",Cimiano,45.5017,9.2429,HousingAnywhere,,10,https://www.immobiliare.it/annunci/126041881/,
122756574,"Stanza singola viale Zara, Milano",600,€ 600/mese,1,1,15 m²,,Centralizzato,arredato,Viale Zara,"Maggiolina, Istria",Maggiolina,45.4983,9.1964,HousingAnywhere,,10,https://www.immobiliare.it/annunci/122756574/,
126037389,"Stanza singola via Don Bartolomeo Grazioli, Milano",600,€ 600/mese,1,1,10 m²,,Autonomo,arredato,Via Don Bartolomeo Grazioli,"Affori, Bovisa",Affori,45.5089,9.1721,HousingAnywhere,,10,https://www.immobiliare.it/annunci/126037389/,
124565545,"Stanza singola viale Sarca, Milano",700,€ 700/mese,1,1,12 m²,,Autonomo,arredato,Viale Sarca,"Bicocca, Niguarda",Greco - Segnano,45.5082,9.2047,HousingAnywhere,,10,https://www.immobiliare.it/annunci/124565545/,
126042393,"Stanza singola via Giovanni Ambrogio De Predis, Milano",700,€ 700/mese,1,1,12 m²,,Centralizzato,"aria condizionata, arredato",Via Giovanni Ambrogio De Predis,"Uptown, Cascina Merlata, Viale Certosa",Certosa,45.4968,9.152,HousingAnywhere,,10,https://www.immobiliare.it/annunci/126042393/,
127197697,"Stanza singola via Plinio, Milano",696,€ 696/mese,1,1,10 m²,,Autonomo,arredato,Via Plinio,"Città Studi, Susa",Città Studi,45.4746,9.222,HousingAnywhere,,10,https://www.immobiliare.it/annunci/127197697/,
126040417,"Stanza singola via Giovanni Segantini, Milano",695,€ 695/mese,1,1,14 m²,,Centralizzato,arredato,Via Giovanni Segantini,Navigli,Navigli - Darsena,45.4445,9.1729,HousingAnywhere,,10,https://www.immobiliare.it/annunci/126040417/,
127326219,"Stanza in affitto in appartamento via San Giusto, Milano",630,€ 630/mese,4,2,130 m²,1°,Assente,"fibra ottica, porta blindata, esposizione esterna, impianto tv centralizzato",Via San Giusto,"San Siro, Trenno",San Siro,45.4735,9.12014,Spacest.com by Roomless,02 8974 1955,7,https://www.immobiliare.it/annunci/127326219/,
119895708,"Stanza singola via Benozzo Gozzoli, Milano",700,€ 700/mese,1,1,15 m²,,Autonomo,arredato,Via Benozzo Gozzoli,"Bisceglie, Baggio, Olmi",Bisceglie,45.4475,9.0988,HousingAnywhere,,10,https://www.immobiliare.it/annunci/119895708/,
126040421,"Stanza singola via Ettore Ponti, Milano",650,€ 650/mese,1,1,16 m²,,Autonomo,arredato,Via Ettore Ponti,"Famagosta, Barona",Barona,45.4421,9.1539,HousingAnywhere,,10,https://www.immobiliare.it/annunci/126040421/,
123802293,"Stanza singola via Pellegrino Rossi, Milano",610,€ 610/mese,1,1,,,Autonomo,arredato,Via Pellegrino Rossi,"Affori, Bovisa",Dergano,45.5076,9.1782,HousingAnywhere,,10,https://www.immobiliare.it/annunci/123802293/,
126042325,"Stanza singola via Flavio AndÃ², Milano",600,€ 600/mese,1,1,18 m²,,Centralizzato,"aria condizionata, arredato",Via Flavio AndÃ²,"Affori, Bovisa",Bovisa,45.4998,9.151,HousingAnywhere,,10,https://www.immobiliare.it/annunci/126042325/,
127019711,"Stanza singola via Flumendosa 10, Milano",650,€ 650/mese,2,1,16 m²,4°,Centralizzato,"lavatrice, armadi, cucina",Via Flumendosa,"Cimiano, Crescenzago, Adriano",Crescenzago,45.506,9.24729,Privato/Nessuna,,11,https://www.immobiliare.it/annunci/127019711/,
126042893,"Stanza singola via Giovanni Battista Pergolesi, Milano",609,€ 609/mese,1,1,16 m²,,Autonomo,"aria condizionata, arredato",Via Giovanni Battista Pergolesi,"Centrale, Repubblica",Buenos Aires,45.4842,9.2116,HousingAnywhere,,10,https://www.immobiliare.it/annunci/126042893/,
123790987,"Stanza singola via Donatello, Milano",690,€ 690/mese,1,1,9 m²,,Centralizzato,"aria condizionata, arredato",Via Donatello,"Città Studi, Susa",Città Studi,45.4802,9.22,HousingAnywhere,,10,https://www.immobiliare.it/annunci/123790987/,
127462652,"Stanza in affitto in appartamento viale Lombardia, Milano",670,€ 670/mese,3,1,15 m²,"3°, con ascensore",Autonomo,"fibra ottica, porta blindata, esposizione esterna, impianto tv centralizzato",Viale Lombardia,"Città Studi, Susa",Casoretto,45.4868,9.22375,Spacest.com by Roomless,02 8974 1955,5,https://www.immobiliare.it/annunci/127462652/,
126038907,"Stanza singola via Enrico De Nicola, Milano",650,€ 650/mese,1,1,16 m²,,Centralizzato,"aria condizionata, arredato",Via Enrico De Nicola,"Famagosta, Barona",Cantalupa - San Paolo,45.4312,9.1553,HousingAnywhere,,10,https://www.immobiliare.it/annunci/126038907/,
123112161,"Stanza singola via Leopoldo Cicognara, Milano",690,€ 690/mese,1,1,16 m²,,Autonomo,arredato,Via Leopoldo Cicognara,"Città Studi, Susa",Plebisciti - Susa,45.4684,9.2216,HousingAnywhere,,10,https://www.immobiliare.it/annunci/123112161/,
126041917,"Stanza singola via Felice Casati, Milano",700,€ 700/mese,1,1,9 m²,,Autonomo,arredato,Via Felice Casati,"Centrale, Repubblica",Buenos Aires,45.478,9.2053,HousingAnywhere,,10,https://www.immobiliare.it/annunci/126041917/,
127229133,"Stanza singola via Giuseppe Candiani, Milano",610,€ 610/mese,1,1,10 m²,,Autonomo,arredato,Via Giuseppe Candiani,"Affori, Bovisa",Bovisa,45.5038,9.1657,HousingAnywhere,,10,https://www.immobiliare.it/annunci/127229133/,
126655917,"Stanza singola via Assietta, Milano",696,€ 696/mese,1,1,10 m²,,Autonomo,arredato,Via Assietta,"Affori, Bovisa",Affori,45.5183,9.1646,HousingAnywhere,,10,https://www.immobiliare.it/annunci/126655917/,
126040475,"Stanza singola via Ercolano, Milano",610,€ 610/mese,1,1,18 m²,,Centralizzato,arredato,Via Ercolano,"Affori, Bovisa",Bovisa,45.4969,9.1557,HousingAnywhere,,10,https://www.immobiliare.it/annunci/126040475/,
126041629,"Stanza singola via Francesco dall'Ongaro, Milano",600,€ 600/mese,1,1,12 m²,,Centralizzato,arredato,Via Francesco dall'Ongaro,"Città Studi, Susa",Argonne - Corsica,45.466,9.2271,HousingAnywhere,,10,https://www.immobiliare.it/annunci/126041629/,
126242341,"Stanza singola via Sulmona, Milano",700,€ 700/mese,1,1,14 m²,,Centralizzato,arredato,Via Sulmona,"Porta Vittoria, Lodi",Bologna - Sulmona,45.4453,9.2268,HousingAnywhere,,10,https://www.immobiliare.it/annunci/126242341/,
127352421,"Stanza singola via Orti, Milano",590,€ 590/mese,1,1,14 m²,,Centralizzato,arredato,Via Orti,"Quadronno, Palestro, Guastalla",Quadronno - Crocetta,45.4555,9.2018,HousingAnywhere,,10,https://www.immobiliare.it/annunci/127352421/,
123468199,"Stanza singola via Lodovico Pavoni, Milano",700,€ 700/mese,1,1,13 m²,,Centralizzato,arredato,Via Lodovico Pavoni,"Affori, Bovisa",Dergano,45.5012,9.187,HousingAnywhere,,10,https://www.immobiliare.it/annunci/123468199/,
126041877,"Stanza singola via Felice Casati, Milano",630,€ 630/mese,1,1,15 m²,,Assente,arredato,Via Felice Casati,"Centrale, Repubblica",Repubblica,45.48,9.2006,HousingAnywhere,,10,https://www.immobiliare.it/annunci/126041877/,
125110733,"Stanza singola via Monte Popera, Milano",650,€ 650/mese,1,1,12 m²,,Centralizzato,"aria condizionata, arredato",Via Monte Popera,"Ponte Lambro, Santa Giulia",Santa Giulia,45.431,9.2457,HousingAnywhere,,10,https://www.immobiliare.it/annunci/125110733/,
126037315,"Stanza singola via Luigi Mercantini, Milano",700,€ 700/mese,1,1,10 m²,,Centralizzato,arredato,Via Luigi Mercantini,"Affori, Bovisa",Bovisa,45.5014,9.1628,HousingAnywhere,,10,https://www.immobiliare.it/annunci/126037315/,
122574486,"Stanza singola via Luigi Mercantini, Milano",700,€ 700/mese,1,1,10 m²,,Centralizzato,arredato,Via Luigi Mercantini,"Affori, Bovisa",Bovisa,45.5014,9.1628,HousingAnywhere,,10,https://www.immobiliare.it/annunci/122574486/,
123802849,"Stanza singola via Alessandro Litta Modignani, Milano",650,€ 650/mese,1,1,25 m²,,Centralizzato,arredato,Via Alessandro Litta Modignani,"Affori, Bovisa",Affori,45.5209,9.1524,HousingAnywhere,,10,https://www.immobiliare.it/annunci/123802849/,
126042379,"Stanza singola via Varesina, Milano",650,€ 650/mese,1,1,6 m²,,Autonomo,"aria condizionata, arredato",Via Varesina,"Uptown, Cascina Merlata, Viale Certosa",Certosa,45.4989,9.144,HousingAnywhere,,10,https://www.immobiliare.it/annunci/126042379/,
127462616,"Stanza in affitto in appartamento via Filippo Palizzi, Milano",600,€ 600/mese,2,1,69 m²,1°,Assente,"fibra ottica, porta blindata, esposizione esterna, impianto tv centralizzato",Via Filippo Palizzi,"Affori, Bovisa",Quarto Oggiaro,45.5084,9.13422,Spacest.com by Roomless,02 8974 1955,7,https://www.immobiliare.it/annunci/127462616/,
126037317,"Stanza singola via Luigi Mercantini, Milano",700,€ 700/mese,1,1,10 m²,,Centralizzato,arredato,Via Luigi Mercantini,"Affori, Bovisa",Bovisa,45.5014,9.1628,HousingAnywhere,,10,https://www.immobiliare.it/annunci/126037317/,
127166657,"Stanza singola via Sant'Eusebio, Milano",620,€ 620/mese,1,1,15 m²,,Centralizzato,arredato,Via Sant'Eusebio,"Solari, Washington",Dezza,45.4605,9.159,HousingAnywhere,,10,https://www.immobiliare.it/annunci/127166657/,
127166573,"Stanza singola via Padova, Milano",589,€ 589/mese,1,1,11 m²,,Autonomo,arredato,Via Padova,"Cimiano, Crescenzago, Adriano",Crescenzago,45.5038,9.2404,HousingAnywhere,,10,https://www.immobiliare.it/annunci/127166573/,
127166653,"Stanza singola via Annibale Caretta, Milano",600,€ 600/mese,1,1,20 m²,,Centralizzato,arredato,Via Annibale Caretta,"Centrale, Repubblica",Buenos Aires,45.4852,9.216,HousingAnywhere,,10,https://www.immobiliare.it/annunci/127166653/,
127229135,"Stanza singola viale Giovanni Suzzani, Milano",610,€ 610/mese,1,1,12 m²,,Autonomo,arredato,Viale Giovanni Suzzani,"Bicocca, Niguarda",Bignami - Ponale,45.5272,9.2098,HousingAnywhere,,10,https://www.immobiliare.it/annunci/127229135/,
123956035,"Stanza singola via Plinio, Milano",690,€ 690/mese,1,1,12 m²,,Centralizzato,"aria condizionata, arredato",Via Plinio,"Città Studi, Susa",Città Studi,45.4746,9.222,HousingAnywhere,,10,https://www.immobiliare.it/annunci/123956035/,
126035659,"Stanza singola via Vittorio Emanuele Orlando, Milano",690,€ 690/mese,1,1,12 m²,,Centralizzato,"aria condizionata, arredato",Via Vittorio Emanuele Orlando,"Abbiategrasso, Chiesa Rossa",Gratosoglio,45.4181,9.1744,HousingAnywhere,,10,https://www.immobiliare.it/annunci/126035659/,
126040485,"Stanza singola via Sant'Anatalone, Milano",699,€ 699/mese,1,1,17 m²,,Autonomo,"aria condizionata, arredato",Via Sant'Anatalone,"Bande Nere, Inganni",Inganni,45.4477,9.1249,HousingAnywhere,,10,https://www.immobiliare.it/annunci/126040485/,
123790989,"Stanza singola via Donatello, Milano",690,€ 690/mese,1,1,10 m²,,Centralizzato,"aria condizionata, arredato",Via Donatello,"Città Studi, Susa",Città Studi,45.4802,9.22,HousingAnywhere,,10,https://www.immobiliare.it/annunci/123790989/,
125820449,"Stanza singola via Demonte, Milano",630,€ 630/mese,1,1,18 m²,,Centralizzato,arredato,Via Demonte,"Bicocca, Niguarda",Prato Centenaro,45.511,9.1991,HousingAnywhere,,10,https://www.immobiliare.it/annunci/125820449/,
126041945,"Stanza singola via Jan Palach, Milano",640,€ 640/mese,1,1,18 m²,,Autonomo,arredato,Via Jan Palach,"Famagosta, Barona",Cantalupa - San Paolo,45.4268,9.1683,HousingAnywhere,,10,https://www.immobiliare.it/annunci/126041945/,
126791999,"Stanza singola via Curtatone, Milano",590,€ 590/mese,1,1,14 m²,,Centralizzato,arredato,Via Curtatone,"Quadronno, Palestro, Guastalla",Quadronno - Crocetta,45.4558,9.2023,HousingAnywhere,,10,https://www.immobiliare.it/annunci/126791999/,
124565915,"Stanza singola via Cusago, Milano",590,€ 590/mese,1,1,16 m²,,Autonomo,arredato,Via Cusago,"Bisceglie, Baggio, Olmi",Baggio,45.461,9.0818,HousingAnywhere,,10,https://www.immobiliare.it/annunci/124565915/,
124685655,"Stanza singola via Melchiorre Gioia, Milano",700,€ 700/mese,1,1,15 m²,,Centralizzato,arredato,Via Melchiorre Gioia,"Maggiolina, Istria",Maggiolina,45.4958,9.2075,HousingAnywhere,,10,https://www.immobiliare.it/annunci/124685655/,
126038983,"Stanza singola via Intra, Milano",680,€ 680/mese,1,1,10 m²,,Centralizzato,arredato,Via Intra,"Maggiolina, Istria",Maggiolina,45.5016,9.1991,HousingAnywhere,,10,https://www.immobiliare.it/annunci/126038983/,
126116251,"Stanza singola piazzale Ferdinando Martini, Milano",685,€ 685/mese,1,1,9 m²,,Autonomo,arredato,Piazzale Ferdinando Martini,"Porta Vittoria, Lodi",Martini - Insubria,45.4558,9.2199,HousingAnywhere,,10,https://www.immobiliare.it/annunci/126116251/,
126936399,"Stanza singola via Leopoldo Pollak, Milano",589,€ 589/mese,1,1,10 m²,,Autonomo,arredato,Via Leopoldo Pollak,"San Siro, Trenno",San Siro,45.4731,9.1205,HousingAnywhere,,10,https://www.immobiliare.it/annunci/126936399/,
126042883,"Stanza singola via Giovanni Battista Pergolesi, Milano",609,€ 609/mese,1,1,12 m²,,Autonomo,arredato,Via Giovanni Battista Pergolesi,"Centrale, Repubblica",Buenos Aires,45.4842,9.2116,HousingAnywhere,,10,https://www.immobiliare.it/annunci/126042883/,
126041991,"Stanza singola via Palmanova, Milano",640,€ 640/mese,1,1,18 m²,,Centralizzato,arredato,Via Palmanova,"Cimiano, Crescenzago, Adriano",Cimiano,45.5017,9.2429,HousingAnywhere,,10,https://www.immobiliare.it/annunci/126041991/,
126242221,"Stanza singola via Savona, Milano",640,€ 640/mese,1,1,18 m²,,Centralizzato,"aria condizionata, arredato",Via Savona,"Famagosta, Barona",Giambellino,45.4496,9.1495,HousingAnywhere,,10,https://www.immobiliare.it/annunci/126242221/,
126038063,"Stanza singola via Tertulliano, Milano",690,€ 690/mese,1,1,10 m²,,Centralizzato,"aria condizionata, arredato",Via Tertulliano,"Porta Vittoria, Lodi",Lodi - Brenta,45.4487,9.2204,HousingAnywhere,,10,https://www.immobiliare.it/annunci/126038063/,
126040479,"Stanza singola via Ercolano, Milano",640,€ 640/mese,1,1,18 m²,,Centralizzato,arredato,Via Ercolano,"Affori, Bovisa",Bovisa,45.4969,9.1557,HousingAnywhere,,10,https://www.immobiliare.it/annunci/126040479/,
126042501,"Stanza singola via Francesco Caracciolo, Milano",634,€ 634/mese,1,1,12 m²,,Centralizzato,arredato,Via Francesco Caracciolo,"Uptown, Cascina Merlata, Viale Certosa",Ghisolfa - Mac Mahon,45.4921,9.1625,HousingAnywhere,,10,https://www.immobiliare.it/annunci/126042501/,
124912943,"Stanza singola via Giuseppe Candiani, Milano",589,€ 589/mese,1,1,9 m²,,Autonomo,arredato,Via Giuseppe Candiani,"Affori, Bovisa",Bovisa,45.5038,9.1657,HousingAnywhere,,10,https://www.immobiliare.it/annunci/124912943/,
126038519,"Stanza singola via Volturno, Milano",650,€ 650/mese,1,1,15 m²,,Centralizzato,"aria condizionata, arredato",Via Volturno,"Cenisio, Sarpi, Isola",Isola,45.4879,9.1914,HousingAnywhere,,10,https://www.immobiliare.it/annunci/126038519/,
122440390,"Stanza singola via Donatello, Milano",690,€ 690/mese,1,1,12 m²,,Centralizzato,"aria condizionata, arredato",Via Donatello,"Città Studi, Susa",Città Studi,45.4802,9.22,HousingAnywhere,,10,https://www.immobiliare.it/annunci/122440390/,
127229201,"Stanza singola via Privata Ferdinando Lassalle, Milano",700,€ 700/mese,1,1,18 m²,,Centralizzato,"aria condizionata, arredato",Via Privata Ferdinando Lassalle,"Abbiategrasso, Chiesa Rossa",Chiesa Rossa,45.431,9.1822,HousingAnywhere,,10,https://www.immobiliare.it/annunci/127229201/,
126042901,"Stanza singola via Giovanni Battista Pergolesi, Milano",609,€ 609/mese,1,1,16 m²,,Autonomo,arredato,Via Giovanni Battista Pergolesi,"Centrale, Repubblica",Buenos Aires,45.4842,9.2116,HousingAnywhere,,10,https://www.immobiliare.it/annunci/126042901/,
124912947,"Stanza singola via Giuseppe Candiani, Milano",632,€ 632/mese,1,1,11 m²,,Autonomo,arredato,Via Giuseppe Candiani,"Affori, Bovisa",Bovisa,45.5038,9.1657,HousingAnywhere,,10,https://www.immobiliare.it/annunci/124912947/,
124565575,"Stanza singola piazza Argentina, Milano",690,€ 690/mese,1,1,8 m²,,Centralizzato,"aria condizionata, arredato",Piazza Argentina,"Centrale, Repubblica",Buenos Aires,45.4839,9.2149,HousingAnywhere,,10,https://www.immobiliare.it/annunci/124565575/,
123790977,"Stanza singola via Leopoldo Cicognara, Milano",690,€ 690/mese,1,1,16 m²,,Autonomo,arredato,Via Leopoldo Cicognara,"Città Studi, Susa",Plebisciti - Susa,45.4684,9.2216,HousingAnywhere,,10,https://www.immobiliare.it/annunci/123790977/,
125110735,"Stanza singola via Monte Popera, Milano",650,€ 650/mese,1,1,12 m²,,Centralizzato,"aria condizionata, arredato",Via Monte Popera,"Ponte Lambro, Santa Giulia",Santa Giulia,45.431,9.2457,HousingAnywhere,,10,https://www.immobiliare.it/annunci/125110735/,
126080041,"Stanza singola via Curtatone, Milano",590,€ 590/mese,1,1,14 m²,,Centralizzato,arredato,Via Curtatone,"Quadronno, Palestro, Guastalla",Quadronno - Crocetta,45.4558,9.2023,HousingAnywhere,,10,https://www.immobiliare.it/annunci/126080041/,
126040385,"Stanza singola via Ettore Ponti, Milano",675,€ 675/mese,1,1,20 m²,,Centralizzato,arredato,Via Ettore Ponti,"Famagosta, Barona",Barona,45.4421,9.1539,HousingAnywhere,,10,https://www.immobiliare.it/annunci/126040385/,
126042233,"Stanza singola via delle Genziane, Milano",690,€ 690/mese,1,1,19 m²,,Centralizzato,arredato,Via delle Genziane,"Bande Nere, Inganni",Primaticcio,45.453,9.1265,HousingAnywhere,,10,https://www.immobiliare.it/annunci/126042233/,
127138801,"Stanza singola via Orti, Milano",600,€ 600/mese,1,1,18 m²,,Centralizzato,arredato,Via Orti,"Quadronno, Palestro, Guastalla",Quadronno - Crocetta,45.4555,9.2018,HousingAnywhere,,10,https://www.immobiliare.it/annunci/127138801/,
127091423,"Stanza singola via Plinio, Milano",589,€ 589/mese,1,1,10 m²,,Autonomo,arredato,Via Plinio,"Città Studi, Susa",Città Studi,45.4746,9.222,HousingAnywhere,,10,https://www.immobiliare.it/annunci/127091423/,
126600567,"Stanza singola largo Cavalieri di Malta, Milano",675,€ 675/mese,1,1,11 m²,,Centralizzato,arredato,Largo Cavalieri di Malta,"Bande Nere, Inganni",Lorenteggio,45.4535,9.1379,HousingAnywhere,,10,https://www.immobiliare.it/annunci/126600567/,
126040467,"Stanza singola via Angelo De Gasperis, Milano",685,€ 685/mese,1,1,16 m²,,Centralizzato,arredato,Via Angelo De Gasperis,"Bicocca, Niguarda",Ca' Granda,45.5075,9.1947,HousingAnywhere,,10,https://www.immobiliare.it/annunci/126040467/,
126041969,"Stanza singola via Felice Casati, Milano",700,€ 700/mese,1,1,15 m²,,Centralizzato,arredato,Via Felice Casati,"Centrale, Repubblica",Repubblica,45.48,9.2006,HousingAnywhere,,10,https://www.immobiliare.it/annunci/126041969/,
127381525,"Stanza singola via Eugenio Donadoni, Milano",696,€ 696/mese,1,1,14 m²,,Autonomo,arredato,Via Eugenio Donadoni,"San Siro, Trenno",Gallaratese,45.4916,9.1192,HousingAnywhere,,10,https://www.immobiliare.it/annunci/127381525/,
126818877,"Stanza singola via Paolo Rotta, Milano",642,€ 642/mese,1,1,14 m²,,Autonomo,arredato,Via Paolo Rotta,"Bicocca, Niguarda",Niguarda,45.5164,9.1895,HousingAnywhere,,10,https://www.immobiliare.it/annunci/126818877/,
122478178,"Stanza singola via Don Giovanni Bosco, Milano",690,€ 690/mese,1,1,8 m²,,Centralizzato,"aria condizionata, arredato",Via Don Giovanni Bosco,"Porta Vittoria, Lodi",Lodi - Brenta,45.4429,9.215,HousingAnywhere,,10,https://www.immobiliare.it/annunci/122478178/,
126042525,"Stanza singola via Alessandro Litta Modignani, Milano",600,€ 600/mese,1,1,20 m²,,Centralizzato,arredato,Via Alessandro Litta Modignani,"Affori, Bovisa",Affori,45.5209,9.1524,HousingAnywhere,,10,https://www.immobiliare.it/annunci/126042525/,
127042521,"Stanza singola via Privata Giovanni Meli, Milano",589,€ 589/mese,1,1,9 m²,,Autonomo,arredato,Via Privata Giovanni Meli,"Cimiano, Crescenzago, Adriano",Crescenzago,45.5053,9.2404,HousingAnywhere,,10,https://www.immobiliare.it/annunci/127042521/,
126042503,"Stanza singola via Francesco Caracciolo, Milano",634,€ 634/mese,1,1,12 m²,,Centralizzato,arredato,Via Francesco Caracciolo,"Uptown, Cascina Merlata, Viale Certosa",Ghisolfa - Mac Mahon,45.4921,9.1625,HousingAnywhere,,10,https://www.immobiliare.it/annunci/126042503/,
126440117,"Stanza singola via Comune Antico, Milano",632,€ 632/mese,1,1,11 m²,,Autonomo,arredato,Via Comune Antico,"Bicocca, Niguarda",Greco - Segnano,45.5075,9.2074,HousingAnywhere,,10,https://www.immobiliare.it/annunci/126440117/,
125390843,"Stanza singola via Broni, Milano",642,€ 642/mese,1,1,10 m²,,Autonomo,arredato,Via Broni,"Ripamonti, Vigentino",Vigentino - Fatima,45.4345,9.2048,HousingAnywhere,,10,https://www.immobiliare.it/annunci/125390843/,
127352411,"Stanza singola via Stromboli, Milano",590,€ 590/mese,1,1,19 m²,,Centralizzato,arredato,Via Stromboli,"Solari, Washington",Dezza,45.4591,9.1594,HousingAnywhere,,10,https://www.immobiliare.it/annunci/127352411/,
123802847,"Stanza singola piazza Piero Gobetti, Milano",600,€ 600/mese,1,1,11 m²,,Autonomo,arredato,Piazza Piero Gobetti,"Città Studi, Susa",Città Studi,45.4858,9.2349,HousingAnywhere,,10,https://www.immobiliare.it/annunci/123802847/,
126511727,"Stanza singola via Ippocrate, Milano",589,€ 589/mese,1,1,9 m²,,Autonomo,arredato,Via Ippocrate,"Affori, Bovisa",Affori,45.519,9.1656,HousingAnywhere,,10,https://www.immobiliare.it/annunci/126511727/,
126511737,"Stanza singola via Gavirate, Milano",589,€ 589/mese,1,1,11 m²,,Autonomo,arredato,Via Gavirate,"San Siro, Trenno",San Siro,45.4766,9.1394,HousingAnywhere,,10,https://www.immobiliare.it/annunci/126511737/,
126041883,"Stanza singola via Felice Casati, Milano",620,€ 620/mese,1,1,15 m²,,Centralizzato,arredato,Via Felice Casati,"Centrale, Repubblica",Repubblica,45.48,9.2006,HousingAnywhere,,10,https://www.immobiliare.it/annunci/126041883/,
126511733,"Stanza singola via Nicola Antonio Porpora, Milano",675,€ 675/mese,1,1,11 m²,,Autonomo,arredato,Via Nicola Antonio Porpora,"Città Studi, Susa",Città Studi,45.486,9.2323,HousingAnywhere,,10,https://www.immobiliare.it/annunci/126511733/,
127130845,"Stanza singola piazza Sant'Agostino, Milano",650,€ 650/mese,1,1,14 m²,,Centralizzato,arredato,Piazza Sant'Agostino,"Genova, Ticinese",Corso Genova,45.4582,9.1701,HousingAnywhere,,10,https://www.immobiliare.it/annunci/127130845/,
126818879,"Stanza singola via Eugenio Donadoni, Milano",632,€ 632/mese,1,1,14 m²,,Autonomo,arredato,Via Eugenio Donadoni,"San Siro, Trenno",Gallaratese,45.4916,9.1192,HousingAnywhere,,10,https://www.immobiliare.it/annunci/126818879/,
127229197,"Stanza singola viale Tibaldi, Milano",620,€ 620/mese,1,1,18 m²,,Centralizzato,arredato,Viale Tibaldi,"Abbiategrasso, Chiesa Rossa",Pezzotti - Meda,45.4433,9.1765,HousingAnywhere,,10,https://www.immobiliare.it/annunci/127229197/,
126036953,"Stanza singola via Melchiorre Gioia, Milano",700,€ 700/mese,1,1,14 m²,,Centralizzato,arredato,Via Melchiorre Gioia,"Maggiolina, Istria",Maggiolina,45.4958,9.2075,HousingAnywhere,,10,https://www.immobiliare.it/annunci/126036953/,
122556140,"Stanza multipla via Benozzo Gozzoli, Milano",600,€ 600/mese,1,1,15 m²,,Autonomo,arredato,Via Benozzo Gozzoli,"Bisceglie, Baggio, Olmi",Bisceglie,45.4475,9.0988,HousingAnywhere,,10,https://www.immobiliare.it/annunci/122556140/,
125799349,"Stanza singola via Sesto San Giovanni, Milano",696,€ 696/mese,1,1,14 m²,,Autonomo,arredato,Via Sesto San Giovanni,"Bicocca, Niguarda",Bicocca,45.5164,9.2161,HousingAnywhere,,10,https://www.immobiliare.it/annunci/125799349/,
126746327,"Stanza singola via Carlo Marx, Milano",645,€ 645/mese,1,1,11 m²,,Centralizzato,arredato,Via Carlo Marx,"Bisceglie, Baggio, Olmi",Quarto Cagnino,45.4725,9.1114,HousingAnywhere,,10,https://www.immobiliare.it/annunci/126746327/,
126242215,"Stanza singola via Zurigo, Milano",700,€ 700/mese,1,1,20 m²,,Centralizzato,"aria condizionata, arredato",Via Zurigo,"Bande Nere, Inganni",Inganni,45.4574,9.121,HousingAnywhere,,10,https://www.immobiliare.it/annunci/126242215/,
126042889,"Stanza singola via Giovanni Battista Pergolesi, Milano",609,€ 609/mese,1,1,16 m²,,Autonomo,"aria condizionata, arredato",Via Giovanni Battista Pergolesi,"Centrale, Repubblica",Buenos Aires,45.4842,9.2116,HousingAnywhere,,10,https://www.immobiliare.it/annunci/126042889/,
126042079,"Stanza singola via Alessandro Litta Modignani, Milano",650,€ 650/mese,1,1,25 m²,,Centralizzato,arredato,Via Alessandro Litta Modignani,"Affori, Bovisa",Affori,45.5209,9.1524,HousingAnywhere,,10,https://www.immobiliare.it/annunci/126042079/,
122575210,"Stanza singola via Giovanni Montemartini, Milano",675,€ 675/mese,1,1,25 m²,,Centralizzato,arredato,Via Giovanni Montemartini,"Corvetto, Rogoredo",Corvetto,45.4365,9.2263,HousingAnywhere,,10,https://www.immobiliare.it/annunci/122575210/,
126040429,"Stanza singola via Giovanni Segantini, Milano",690,€ 690/mese,1,1,16 m²,,Centralizzato,arredato,Via Giovanni Segantini,Navigli,Navigli - Darsena,45.4445,9.1729,HousingAnywhere,,10,https://www.immobiliare.it/annunci/126040429/,
123022157,"Stanza singola via Leopoldo Sabbatini, Milano",670,€ 670/mese,1,1,12 m²,,Centralizzato,arredato,Via Leopoldo Sabbatini,Navigli,Bocconi,45.4486,9.1881,HousingAnywhere,,10,https://www.immobiliare.it/annunci/123022157/,
127197731,"Stanza singola via Giovanni Segantini, Milano",600,€ 600/mese,1,1,18 m²,,Centralizzato,arredato,Via Giovanni Segantini,Navigli,Navigli - Darsena,45.4445,9.1729,HousingAnywhere,,10,https://www.immobiliare.it/annunci/127197731/,
126242287,"Stanza singola via Raimondo Franchetti, Milano",610,€ 610/mese,1,1,16 m²,,Centralizzato,arredato,Via Raimondo Franchetti,"Centrale, Repubblica",Repubblica,45.4795,9.1997,HousingAnywhere,,10,https://www.immobiliare.it/annunci/126242287/,
126037881,"Stanza singola via Carlo Valvassori Peroni, Milano",680,€ 680/mese,1,1,14 m²,,Centralizzato,arredato,Via Carlo Valvassori Peroni,"Città Studi, Susa",Città Studi,45.4821,9.2367,HousingAnywhere,,10,https://www.immobiliare.it/annunci/126037881/,
126936599,"Stanza singola corso di Porta Romana, Milano",590,€ 590/mese,1,1,17 m²,,Centralizzato,arredato,Corso di Porta Romana,"Quadronno, Palestro, Guastalla",Quadronno - Crocetta,45.4542,9.1987,HousingAnywhere,,10,https://www.immobiliare.it/annunci/126936599/,
123790983,"Stanza singola corso Buenos Aires, Milano",690,€ 690/mese,1,1,16 m²,,Autonomo,arredato,Corso Buenos Aires,"Centrale, Repubblica",Buenos Aires,45.4811,9.2114,HousingAnywhere,,10,https://www.immobiliare.it/annunci/123790983/,
127414685,"Stanza in affitto in appartamento via Nicolò Paganini, Milano",675,€ 675/mese,5,2,112 m²,2°,Autonomo,"fibra ottica, porta blindata, esposizione esterna, impianto tv centralizzato",Via Nicolò Paganini,"Centrale, Repubblica",Buenos Aires,45.4836,9.21537,Spacest.com by Roomless,02 8974 1955,5,https://www.immobiliare.it/annunci/127414685/,
126791879,"Stanza singola via Luigi Ornato, Milano",589,€ 589/mese,1,1,10 m²,,Autonomo,arredato,Via Luigi Ornato,"Bicocca, Niguarda",Niguarda,45.5221,9.1927,HousingAnywhere,,10,https://www.immobiliare.it/annunci/126791879/,
126036945,"Stanza singola via Lodovico Pavoni, Milano",700,€ 700/mese,1,1,13 m²,,Centralizzato,arredato,Via Lodovico Pavoni,"Affori, Bovisa",Dergano,45.5012,9.187,HousingAnywhere,,10,https://www.immobiliare.it/annunci/126036945/,
124565577,"Stanza singola piazza Argentina, Milano",690,€ 690/mese,1,1,8 m²,,Centralizzato,"aria condizionata, arredato",Piazza Argentina,"Centrale, Repubblica",Buenos Aires,45.4839,9.2149,HousingAnywhere,,10,https://www.immobiliare.it/annunci/124565577/,
126041887,"Stanza singola via Adeodato Ressi, Milano",700,€ 700/mese,1,1,20 m²,,Assente,arredato,Via Adeodato Ressi,"Maggiolina, Istria",Maggiolina,45.4961,9.2051,HousingAnywhere,,10,https://www.immobiliare.it/annunci/126041887/,
126040477,"Stanza singola via Ercolano, Milano",615,€ 615/mese,1,1,18 m²,,Centralizzato,arredato,Via Ercolano,"Affori, Bovisa",Bovisa,45.4969,9.1557,HousingAnywhere,,10,https://www.immobiliare.it/annunci/126040477/,
123865663,"Stanza singola corso Buenos Aires, Milano",690,€ 690/mese,1,1,10 m²,,Centralizzato,arredato,Corso Buenos Aires,"Centrale, Repubblica",Buenos Aires,45.4811,9.2114,HousingAnywhere,,10,https://www.immobiliare.it/annunci/123865663/,
126038097,"Stanza singola via Sebino, Milano",690,€ 690/mese,1,1,10 m²,,Centralizzato,"aria condizionata, arredato",Via Sebino,"Porta Vittoria, Lodi",Martini - Insubria,45.4509,9.2208,HousingAnywhere,,10,https://www.immobiliare.it/annunci/126038097/,
126040407,"Stanza singola via Bordighera, Milano",680,€ 680/mese,1,1,14 m²,,Autonomo,arredato,Via Bordighera,"Famagosta, Barona",Famagosta,45.4421,9.1737,HousingAnywhere,,10,https://www.immobiliare.it/annunci/126040407/,
127504762,"Stanza in affitto in appartamento via Giuditta Sidoli, Milano",700,€ 700/mese,3,1,70 m²,1°,Assente,"fibra ottica, porta blindata, esposizione esterna, impianto tv centralizzato",Via Giuditta Sidoli,"Città Studi, Susa",Città Studi,45.4694,9.22335,Spacest.com by Roomless,02 8974 1955,7,https://www.immobiliare.it/annunci/127504762/,
126041885,"Stanza singola via Felice Casati, Milano",600,€ 600/mese,1,1,15 m²,,Centralizzato,arredato,Via Felice Casati,"Centrale, Repubblica",Repubblica,45.48,9.2006,HousingAnywhere,,10,https://www.immobiliare.it/annunci/126041885/,
123790981,"Stanza singola viale Caterina da ForlÃ¬, Milano",690,€ 690/mese,1,1,14 m²,,Autonomo,arredato,Viale Caterina da ForlÃ¬,"Bande Nere, Inganni",Gambara,45.4621,9.1396,HousingAnywhere,,10,https://www.immobiliare.it/annunci/123790981/,
126041949,"Stanza singola viale Gran Sasso, Milano",670,€ 670/mese,1,1,9 m²,,Autonomo,arredato,Viale Gran Sasso,"Città Studi, Susa",Città Studi,45.482,9.2202,HousingAnywhere,,10,https://www.immobiliare.it/annunci/126041949/,
126042897,"Stanza singola via Giovanni Battista Pergolesi, Milano",609,€ 609/mese,1,1,16 m²,,Autonomo,"aria condizionata, arredato",Via Giovanni Battista Pergolesi,"Centrale, Repubblica",Buenos Aires,45.4842,9.2116,HousingAnywhere,,10,https://www.immobiliare.it/annunci/126042897/,
126037821,"Stanza singola via Chiari, Milano",640,€ 640/mese,1,1,12 m²,,Autonomo,arredato,Via Chiari,"Uptown, Cascina Merlata, Viale Certosa",Certosa,45.4952,9.1496,HousingAnywhere,,10,https://www.immobiliare.it/annunci/126037821/,
125799351,"Stanza singola via Caduti in Missione di Pace, Milano",642,€ 642/mese,1,1,12 m²,,Autonomo,arredato,Via Caduti in Missione di Pace,"Udine, Lambrate",Rubattino,45.4777,9.2483,HousingAnywhere,,10,https://www.immobiliare.it/annunci/125799351/,
127459992,"Stanza singola viale dell'Innovazione, Milano",642,€ 642/mese,1,1,9 m²,,Autonomo,arredato,Viale dell'Innovazione,"Bicocca, Niguarda",Bicocca,45.5156,9.2142,HousingAnywhere,,10,https://www.immobiliare.it/annunci/127459992/,
126041627,"Stanza singola via Francesco dall'Ongaro, Milano",600,€ 600/mese,1,1,13 m²,,Centralizzato,arredato,Via Francesco dall'Ongaro,"Città Studi, Susa",Argonne - Corsica,45.466,9.2271,HousingAnywhere,,10,https://www.immobiliare.it/annunci/126041627/,
126127763,"Stanza singola via degli Imbriani, Milano",600,€ 600/mese,,,100 m²,1°,Assente,"terrazzo, cucina, lavatrice, bagno in comune, moquette",Via degli Imbriani,"Affori, Bovisa",Bovisa,45.4996,9.1687,Ricerche Immobiliari,02 5964 7021,4,https://www.immobiliare.it/annunci/126127763/,
127355457,"Stanza in affitto in appartamento via Fratelli Fraschini, Milano",595,€ 595/mese,5+,3,136 m²,3°,Autonomo,"fibra ottica, porta blindata, esposizione esterna, impianto tv centralizzato",Via Fratelli Fraschini,"Abbiategrasso, Chiesa Rossa",Gratosoglio,45.4173,9.17974,Spacest.com by Roomless,02 8974 1955,29,https://www.immobiliare.it/annunci/127355457/,
125990339,"Stanza singola via Giovanni Battista Sammartini 47, Milano",700,€ 700/mese,5,2,130 m²,1°,Centralizzato,"connessione ad internet, ripostiglio, lavatrice, lavastoviglie, microonde, armadi, cucina",Via Giovanni Battista Sammartini,"Maggiolina, Istria",Cascina dei Pomi,45.4919,9.20843,Privato/Nessuna,,2,https://www.immobiliare.it/annunci/125990339/,
127187253,"Stanza in affitto in appartamento via Privata Jan Sibelius, Milano",600,€ 600/mese,4,1,103 m²,"4° piano, con ascensore",Centralizzato,"balcone, impianto tv con parabola satellitare, arredato",Via Privata Jan Sibelius,"Bicocca, Niguarda",Bignami - Ponale,45.5228,9.2088,RE/MAX Class,02 8736 4374,39,https://www.immobiliare.it/annunci/127187253/,
126750475,"Stanza in affitto in appartamento via Ovada, Milano",700,€ 700/mese,1,1,20 m²,"1°, con ascensore",Assente,"arredato, esposizione doppia",Via Ovada,"Famagosta, Barona",Famagosta,45.4362,9.15768,Affiliato Toscano - Agenzia di Milano Torretta,02 6666 6526,22,https://www.immobiliare.it/annunci/126750475/,
127057773,"Stanza singola viale dell'Innovazione 22, Milano",600,€ 600/mese,3,2,20 m²,1°,Centralizzato,"ascensore, connessione ad internet, giardino, lavatrice, microonde, portineria, armadi, cucina",Viale dell'Innovazione,"Bicocca, Niguarda",Bicocca,45.5141,9.21268,Privato/Nessuna,,4,https://www.immobiliare.it/annunci/127057773/,
124895575,"Stanza in affitto in appartamento via Giuseppe Bruschetti, Milano",600,€ 600/mese,2,1,15 m²,"1°, con ascensore",Centralizzato,"esposizione interna, impianto tv con parabola satellitare, arredato",Via Giuseppe Bruschetti,"Maggiolina, Istria",Cascina dei Pomi,45.4925,9.20703,Affiliato Toscano - Agenzia di Milano Cagliero,02 3705 2954,13,https://www.immobiliare.it/annunci/124895575/,
127303681,"Stanza in affitto in appartamento via Alessandro Litta Modignani, Milano",600,€ 600/mese,4,1,88 m²,2°,Assente,"fibra ottica, porta blindata, esposizione esterna, impianto tv centralizzato",Via Alessandro Litta Modignani,"Affori, Bovisa",Affori,45.52,9.15435,Spacest.com by Roomless,02 8974 1955,6,https://www.immobiliare.it/annunci/127303681/,
126038515,"Stanza singola via Volturno, Milano",700,€ 700/mese,1,1,15 m²,,Centralizzato,"aria condizionata, arredato",Via Volturno,"Cenisio, Sarpi, Isola",Isola,45.4881,9.191,HousingAnywhere,,9,https://www.immobiliare.it/annunci/126038515/,
126040483,"Stanza singola via Sant'Anatalone, Milano",645,€ 645/mese,1,1,17 m²,,Autonomo,arredato,Via Sant'Anatalone,"Bande Nere, Inganni",Inganni,45.4477,9.1249,HousingAnywhere,,9,https://www.immobiliare.it/annunci/126040483/,
125820329,"Stanza singola via Giovanni Pastorelli, Milano",650,€ 650/mese,1,1,18 m²,,Centralizzato,"aria condizionata, arredato",Via Giovanni Pastorelli,Navigli,Navigli - Darsena,45.4468,9.1614,HousingAnywhere,,9,https://www.immobiliare.it/annunci/125820329/,
125820663,"Stanza singola via Leopoldo Sabbatini, Milano",670,€ 670/mese,1,1,12 m²,,Centralizzato,arredato,Via Leopoldo Sabbatini,Navigli,Bocconi,45.4486,9.1881,HousingAnywhere,,9,https://www.immobiliare.it/annunci/125820663/,
127541454,"Stanza in affitto in appartamento via Abelardo Pecorini, Milano",650,€ 650/mese,5,2,140 m²,1°,Assente,"fibra ottica, porta blindata, esposizione esterna, impianto tv centralizzato",Via Abelardo Pecorini,Forlanini,Quartiere Forlanini,45.46,9.24728,Spacest.com by Roomless,02 8974 1955,6,https://www.immobiliare.it/annunci/127541454/,
127541464,"Stanza in affitto in appartamento via delle Camelie, Milano",600,€ 600/mese,3,1,70 m²,4°,Assente,"fibra ottica, porta blindata, esposizione esterna, impianto tv centralizzato",Via delle Camelie,"Bande Nere, Inganni",Primaticcio,45.454,9.13194,Spacest.com by Roomless,02 8974 1955,6,https://www.immobiliare.it/annunci/127541464/,
126035697,"Stanza singola via Giovanni Pastorelli, Milano",650,€ 650/mese,1,1,18 m²,,Centralizzato,"aria condizionata, arredato",Via Giovanni Pastorelli,Navigli,Navigli - Darsena,45.4468,9.1614,HousingAnywhere,,9,https://www.immobiliare.it/annunci/126035697/,
123802097,"Stanza singola viale Sarca, Milano",650,€ 650/mese,1,1,10 m²,,Centralizzato,"aria condizionata, arredato",Viale Sarca,"Bicocca, Niguarda",Greco - Segnano,45.5082,9.2047,HousingAnywhere,,9,https://www.immobiliare.it/annunci/123802097/,
127303461,"Stanza in affitto in appartamento via Privata Beltrame Cristiani, Milano",700,€ 700/mese,5+,2,120 m²,5°,Assente,"fibra ottica, porta blindata, esposizione esterna, impianto tv centralizzato",Via Privata Beltrame Cristiani,"Bicocca, Niguarda",Bignami - Ponale,45.522,9.20583,Spacest.com by Roomless,02 8974 1955,11,https://www.immobiliare.it/annunci/127303461/,
126037823,"Stanza singola via Chiari, Milano",640,€ 640/mese,1,1,12 m²,,Autonomo,arredato,Via Chiari,"Uptown, Cascina Merlata, Viale Certosa",Certosa,45.4952,9.1496,HousingAnywhere,,9,https://www.immobiliare.it/annunci/126037823/,
125037283,"Stanza singola via Bartolomeo Eustachi, Milano",650,€ 650/mese,1,1,13 m²,,Autonomo,"aria condizionata, arredato",Via Bartolomeo Eustachi,"Centrale, Repubblica",Morgagni,45.4737,9.2149,HousingAnywhere,,9,https://www.immobiliare.it/annunci/125037283/,
126037393,"Stanza singola via Demonte, Milano",630,€ 630/mese,1,1,18 m²,,Centralizzato,arredato,Via Demonte,"Bicocca, Niguarda",Prato Centenaro,45.511,9.1991,HousingAnywhere,,9,https://www.immobiliare.it/annunci/126037393/,
126041987,"Stanza singola via Jan Palach, Milano",650,€ 650/mese,1,1,18 m²,,Centralizzato,arredato,Via Jan Palach,"Famagosta, Barona",Cantalupa - San Paolo,45.4268,9.1683,HousingAnywhere,,9,https://www.immobiliare.it/annunci/126041987/,
122575008,"Stanza singola via Ettore Ponti, Milano",645,€ 645/mese,1,1,13 m²,,Autonomo,arredato,Via Ettore Ponti,"Famagosta, Barona",Barona,45.4421,9.1539,HousingAnywhere,,9,https://www.immobiliare.it/annunci/122575008/,
124198097,"Stanza singola via Gerolamo Forni, Milano",620,€ 620/mese,1,1,30 m²,,Centralizzato,arredato,Via Gerolamo Forni,"Affori, Bovisa",Comasina,45.5248,9.1692,HousingAnywhere,,9,https://www.immobiliare.it/annunci/124198097/,
122556086,"Stanza singola via Ronchi, Milano",630,€ 630/mese,1,1,18 m²,,Centralizzato,arredato,Via Ronchi,"Udine, Lambrate",Udine,45.4872,9.2374,HousingAnywhere,,9,https://www.immobiliare.it/annunci/122556086/,
123790985,"Stanza singola via Donatello, Milano",690,€ 690/mese,1,1,10 m²,,Centralizzato,"aria condizionata, arredato",Via Donatello,"Città Studi, Susa",Città Studi,45.4802,9.22,HousingAnywhere,,9,https://www.immobiliare.it/annunci/123790985/,
126041907,"Stanza singola via Giuseppe Candiani, Milano",600,€ 600/mese,1,1,9 m²,,Autonomo,arredato,Via Giuseppe Candiani,"Affori, Bovisa",Bovisa,45.5038,9.1653,HousingAnywhere,,9,https://www.immobiliare.it/annunci/126041907/,
126695979,"Stanza singola via Andrea Maria AmpÃ¨re, Milano",650,€ 650/mese,1,1,13 m²,,Centralizzato,arredato,Via Andrea Maria AmpÃ¨re,"Città Studi, Susa",Città Studi,45.4826,9.2266,HousingAnywhere,,9,https://www.immobiliare.it/annunci/126695979/,
125820451,"Stanza singola via Demonte, Milano",630,€ 630/mese,1,1,18 m²,,Centralizzato,arredato,Via Demonte,"Bicocca, Niguarda",Prato Centenaro,45.511,9.1991,HousingAnywhere,,9,https://www.immobiliare.it/annunci/125820451/,
127541434,"Stanza in affitto in appartamento via Lanfranco della Pila, Milano",650,€ 650/mese,3,1,54 m²,1°,Assente,"fibra ottica, porta blindata, esposizione esterna, impianto tv centralizzato",Via Lanfranco della Pila,"Bicocca, Niguarda",Niguarda,45.5177,9.20003,Spacest.com by Roomless,02 8974 1955,9,https://www.immobiliare.it/annunci/127541434/,
126035635,"Stanza singola via Cusago, Milano",650,€ 650/mese,1,1,15 m²,,Autonomo,arredato,Via Cusago,"Bisceglie, Baggio, Olmi",Baggio,45.461,9.0818,HousingAnywhere,,9,https://www.immobiliare.it/annunci/126035635/,
127384311,"Stanza in affitto in appartamento viale Famagosta, Milano",690,€ 690/mese,3,1,58 m²,2°,Autonomo,"fibra ottica, porta blindata, esposizione esterna, impianto tv centralizzato",Viale Famagosta,"Famagosta, Barona",Famagosta,45.437,9.16054,Spacest.com by Roomless,02 8974 1955,28,https://www.immobiliare.it/annunci/127384311/,
127166651,"Stanza singola Alzaia Naviglio Pavese, Milano",670,€ 670/mese,1,1,15 m²,,Centralizzato,arredato,Alzaia Naviglio Pavese,"Famagosta, Barona",Famagosta,45.4404,9.175,HousingAnywhere,,9,https://www.immobiliare.it/annunci/127166651/,
126247401,"Stanza singola via Feltre 74, Milano",620,€ 620/mese,1,2,18 m²,"9°, con ascensore",Centralizzato,"ripostiglio, balcone, cucina, lavatrice, bagno in comune, parquet, fibra ottica, esposizione esterna, arredato",Via Feltre,"Udine, Lambrate",Quartiere Feltre,45.491,9.2454,Giovenzana Studio Immobiliare S.A.S.,02 3540 8929,7,https://www.immobiliare.it/annunci/126247401/,
125820331,"Stanza singola via Giovanni Pastorelli, Milano",650,€ 650/mese,1,1,18 m²,,Centralizzato,"aria condizionata, arredato",Via Giovanni Pastorelli,Navigli,Navigli - Darsena,45.4468,9.1614,HousingAnywhere,,9,https://www.immobiliare.it/annunci/125820331/,
127326267,"Stanza in affitto in appartamento via Giovanni Paisiello, Milano",680,€ 680/mese,5,2,116 m²,"2°, con ascensore",Autonomo,"fibra ottica, porta blindata, esposizione esterna, impianto tv centralizzato",Via Giovanni Paisiello,"Città Studi, Susa",Città Studi,45.4813,9.21741,Spacest.com by Roomless,02 8974 1955,17,https://www.immobiliare.it/annunci/127326267/,
126042011,"Stanza singola via Adeodato Ressi, Milano",690,€ 690/mese,1,1,20 m²,,Assente,arredato,Via Adeodato Ressi,"Maggiolina, Istria",Maggiolina,45.4961,9.2051,HousingAnywhere,,9,https://www.immobiliare.it/annunci/126042011/,
125820381,"Stanza singola viale Zara, Milano",670,€ 670/mese,1,1,22 m²,,Centralizzato,arredato,Viale Zara,"Maggiolina, Istria",Maggiolina,45.4998,9.1973,HousingAnywhere,,9,https://www.immobiliare.it/annunci/125820381/,
127105249,"Stanza in affitto in casa indipendente piazzale Biancamano, 1, Milano",600,€ 600/mese,1,3,15 m²,"4° piano, con ascensore",Centralizzato,"aria condizionata, porta blindata, balcone, arredato","piazzale Biancamano, 1","Arco della Pace, Arena, Pagano",Arena,45.4783,9.18053,Studio 15 Soluzioni Immobiliari Srl,02 3540 5769,19,https://www.immobiliare.it/annunci/127105249/,
118507823,"Stanza singola via Donna Prassede, Milano",700,€ 700/mese,3,1,20 m²,2°,Assente,"balcone, cucina, lavatrice, portineria, bagno in comune, tv, aria condizionata, armadi",Via Donna Prassede,"Famagosta, Barona",Cantalupa - San Paolo,45.4319,9.1699,Bonzano Real Estate,02 3540 7951,9,https://www.immobiliare.it/annunci/118507823/,
126547877,"Stanza singola via Ugo Betti 32, Milano",600,€ 600/mese,5,1,100 m²,1°,Centralizzato,"balcone, connessione ad internet, ripostiglio, lavatrice, microonde, ingresso privato, armadi, cucina",Via Ugo Betti,"San Siro, Trenno",Gallaratese,45.4929,9.11101,Privato/Nessuna,,2,https://www.immobiliare.it/annunci/126547877/,
124634433,"Stanza in affitto in casa indipendente via Medeghino, 7c, Milano",600,€ 600/mese,2,1,15 m²,"4° piano, con ascensore",Centralizzato,"aria condizionata, fibra ottica, videocitofono, porta blindata, accesso per disabili, balcone, arredato","Via Medeghino, 7c","Abbiategrasso, Chiesa Rossa",Chiesa Rossa,45.4325,9.18275,Studio 15 Soluzioni Immobiliari Srl,02 3540 5769,16,https://www.immobiliare.it/annunci/124634433/,
115456971,"Stanza in affitto in appartamento via Eugenio Carpi, 38, Milano",600,€ 600/mese,,,155 m²,2°,Centralizzato,"aria condizionata, porta blindata, esposizione esterna, arredato","Via Eugenio Carpi, 38","Città Studi, Susa",Casoretto,45.4886,9.23319,Giovenzana Studio Immobiliare S.A.S.,02 3540 8929,60,https://www.immobiliare.it/annunci/115456971/,
124684689,"Stanza singola largo Promessi Sposi, Milano",650,€ 650/mese,2,1,25 m²,Piano rialzato,Assente,"cucina, microonde, con biancheria, bagno in comune, tv, armadi",Largo Promessi Sposi,"Famagosta, Barona",Cantalupa - San Paolo,45.435,9.1733,Bonzano Real Estate,02 3540 7951,11,https://www.immobiliare.it/annunci/124684689/,
126999205,"Stanza in affitto in appartamento via Dei Grimani, 16, Milano",600,€ 600/mese,2,2,30 m²,"Piano rialzato, con ascensore",Assente,"aria condizionata, videocitofono, porta blindata, balcone","Via Dei Grimani, 16","Solari, Washington",Dezza,45.4575,9.15608,Elitea,02 5964 7845,17,https://www.immobiliare.it/annunci/126999205/,
127291813,"Stanza singola viale Monza 165, Milano",600,€ 600/mese,,1,16 m²,3°,Assente,aria condizionata,Viale Monza,"Precotto, Turro",Turro,45.5023,9.2213,Mies,02 8736 2928,8,https://www.immobiliare.it/annunci/127291813/,
124767245,"Stanza singola via Gottlieb Wilhelm Daimler, Milano",650,€ 650/mese,2,2,25 m²,10°,Assente,"balcone, terrazzo, cucina, lavatrice, lavastoviglie, bagno in comune, aria condizionata, armadi",Via Gottlieb Wilhelm Daimler,"Uptown, Cascina Merlata, Viale Certosa",Uptown - Mind - Cascina Merlata,45.5124,9.0986,M.T.S. impianti S.r.l.,0332 178 7002,1,https://www.immobiliare.it/annunci/124767245/,
124565477,"Stanza singola viale Zara, Milano",650,€ 650/mese,1,1,22 m²,,Centralizzato,arredato,Viale Zara,"Maggiolina, Istria",Maggiolina,45.4998,9.1973,HousingAnywhere,,8,https://www.immobiliare.it/annunci/124565477/,
127646648,"Stanza in affitto in appartamento via San Vigilio, Milano",700,€ 700/mese,4,1,107 m²,2°,Assente,"fibra ottica, porta blindata, esposizione esterna, impianto tv centralizzato",Via San Vigilio,"Famagosta, Barona",Cantalupa - San Paolo,45.4308,9.16089,Spacest.com by Roomless,02 8974 1955,6,https://www.immobiliare.it/annunci/127646648/,
126131439,"Stanza in affitto in casa indipendente via privata marciano , 10, Milano",590,€ 590/mese,2,2,19 m²,"4° piano, con ascensore",Centralizzato,"balcone, arredato","via privata marciano , 10","Città Studi, Susa",Argonne - Corsica,45.4675,9.23153,Studio 15 Soluzioni Immobiliari Srl,02 3540 5769,13,https://www.immobiliare.it/annunci/126131439/,
123802151,"Stanza singola via Luigi Boccherini, Milano",680,€ 680/mese,1,1,20 m²,,Centralizzato,arredato,Via Luigi Boccherini,"Città Studi, Susa",Casoretto,45.4879,9.2223,HousingAnywhere,,8,https://www.immobiliare.it/annunci/123802151/,
126040435,"Stanza singola via Ettore Ponti, Milano",595,€ 595/mese,1,1,13 m²,,Autonomo,arredato,Via Ettore Ponti,"Famagosta, Barona",Barona,45.4421,9.1539,HousingAnywhere,,8,https://www.immobiliare.it/annunci/126040435/,
123123367,"Stanza singola via Luigi Boccherini, Milano",680,€ 680/mese,1,1,20 m²,,Centralizzato,arredato,Via Luigi Boccherini,"Città Studi, Susa",Casoretto,45.4879,9.2223,HousingAnywhere,,8,https://www.immobiliare.it/annunci/123123367/,
126131591,"Stanza in affitto in casa indipendente via privata marciano , 10, Milano",650,€ 650/mese,1,2,25 m²,"4° piano, con ascensore",Centralizzato,"porta blindata, balcone, arredato","via privata marciano , 10","Città Studi, Susa",Argonne - Corsica,45.4675,9.23153,Studio 15 Soluzioni Immobiliari Srl,02 3540 5769,14,https://www.immobiliare.it/annunci/126131591/,
127274885,"Stanza in affitto in appartamento via Sebastiano del Piombo, Milano",690,€ 690/mese,4,1,69 m²,1°,Autonomo,"fibra ottica, porta blindata, esposizione esterna, impianto tv centralizzato",Via Sebastiano del Piombo,"Fiera, Sempione, City Life, Portello",Monte Rosa - Lotto,45.4765,9.15026,Spacest.com by Roomless,02 8974 1955,8,https://www.immobiliare.it/annunci/127274885/,
123928785,"Stanza singola via Marco Fabio Quintiliano, Milano",650,€ 650/mese,1,1,20 m²,,Centralizzato,"aria condizionata, arredato",Via Marco Fabio Quintiliano,Forlanini,Viale Ungheria - Mecenate,45.4499,9.2464,HousingAnywhere,,8,https://www.immobiliare.it/annunci/123928785/,
127317465,"Stanza in affitto in appartamento corso San Gottardo, Milano",700,€ 700/mese,3,1,68 m²,1°,Assente,"fibra ottica, porta blindata, esposizione esterna, impianto tv centralizzato",Corso San Gottardo,Navigli,Ascanio Sforza,45.4483,9.17952,Spacest.com by Roomless,02 8974 1955,6,https://www.immobiliare.it/annunci/127317465/,
126834461,"Stanza in affitto in casa indipendente via Monte nevoso, 15, Milano",650,€ 650/mese,1,1,28 m²,"4° piano, con ascensore",Centralizzato,"videocitofono, porta blindata, balcone, terrazzo, arredato","Via Monte nevoso, 15","Città Studi, Susa",Casoretto,45.4874,9.23366,Studio 15 Soluzioni Immobiliari Srl,02 3540 5769,20,https://www.immobiliare.it/annunci/126834461/,
126041997,"Stanza singola via Giuseppe Candiani, Milano",640,€ 640/mese,1,1,9 m²,,Autonomo,arredato,Via Giuseppe Candiani,"Affori, Bovisa",Bovisa,45.5038,9.1653,HousingAnywhere,,8,https://www.immobiliare.it/annunci/126041997/,
126042479,"Stanza singola corso di Porta Romana, Milano",700,€ 700/mese,1,1,18 m²,,Centralizzato,arredato,Corso di Porta Romana,"Quadronno, Palestro, Guastalla",Quadronno - Crocetta,45.4564,9.1949,HousingAnywhere,,8,https://www.immobiliare.it/annunci/126042479/,
126040439,"Stanza singola via Ettore Ponti, Milano",600,€ 600/mese,1,1,13 m²,,Autonomo,arredato,Via Ettore Ponti,"Famagosta, Barona",Barona,45.4421,9.1539,HousingAnywhere,,8,https://www.immobiliare.it/annunci/126040439/,
121747192,"Stanza singola viale Ca' Granda 29, Milano",650,€ 650/mese,2,2,18 m²,1°,Assente,"ripostiglio, balcone, cucina, connessione ad internet, lavatrice, microonde, bagno in comune, tv, aria condizionata",Viale Ca' Granda,"Bicocca, Niguarda",Ca' Granda,45.5081,9.1925,Team Clementi Immobiliare - Area Nord,02 9994 9523,10,https://www.immobiliare.it/annunci/121747192/,
125832337,"Stanza singola via dei Grimani 18, Milano",620,€ 620/mese,4,2,130 m²,7°,Assente,"ripostiglio, balcone, cucina, lavatrice, lavastoviglie, portineria, bagno in comune, parquet, aria condizionata, armadi",Via dei Grimani,"Solari, Washington",Dezza,45.4577,9.1561,Antonio Falcone,02 8295 6685,15,https://www.immobiliare.it/annunci/125832337/,
127330227,"Stanza singola via Astolfo 16, Milano",600,€ 600/mese,4,1,120 m²,2°,Assente,"ripostiglio, balcone, cucina, connessione ad internet, lavatrice, lavastoviglie, microonde, bagno in comune, parquet, armadi",Via Astolfo,"Città Studi, Susa",Città Studi,45.485,9.2334,Obiettivocasa,02 3540 6986,21,https://www.immobiliare.it/annunci/127330227/,
126665257,"Stanza doppia viale Puglie 20A, Milano",600,€ 600/mese,3,1,84 m²,2°,Assente,"balcone, cucina, lavatrice, bagno in comune, attacco telefonico, armadi",Viale Puglie,"Porta Vittoria, Lodi",Bologna - Sulmona,45.4453,9.2245,Iconacasa Milano Corvetto,02 5964 9027,18,https://www.immobiliare.it/annunci/126665257/,
124527795,"Stanza singola via Antonio Meucci 67, Milano",610,€ 610/mese,4,2,18 m²,1°,Assente,"ripostiglio, giardino, balcone, cucina, connessione ad internet, lavatrice, lavastoviglie, microonde, portineria, bagno in comune, tv, aria condizionata, armadi",Via Antonio Meucci,"Cimiano, Crescenzago, Adriano",Ponte Nuovo,45.5079,9.2392,Capitani Immobiliare Srl,02 8973 7724,15,https://www.immobiliare.it/annunci/124527795/,
127223305,"Stanza singola via Edolo 44, Milano",600,€ 600/mese,4,2,15 m²,3°,Assente,"ripostiglio, giardino, balcone, terrazzo, cucina, sistema di allarme, connessione ad internet, lavatrice, lavastoviglie, microonde, portineria, con biancheria, bagno in comune, parquet, tv, aria condizionata, armadi",Via Edolo,"Maggiolina, Istria",Cascina dei Pomi,45.4948,9.2075,Grimaldi Immobiliare Milano Maggiolina,02 5964 5473,15,https://www.immobiliare.it/annunci/127223305/,
127535366,"Stanza doppia via Vincenzo Foppa 37, Milano",600,€ 600/mese,4,2,20 m²,1°,Assente,"balcone, lavatrice, bagno in comune, tv, armadi",Via Vincenzo Foppa,"Solari, Washington",Solari,45.4568,9.1583,Grimaldi Immobiliare Milano Darsena,02 5964 5462,13,https://www.immobiliare.it/annunci/127535366/,
126972675,"Stanza singola via dei Valtorta 32, Milano",650,€ 650/mese,4,2,130 m²,6°,Assente,"terrazzo, cucina, connessione ad internet, lavatrice, lavastoviglie, tv satellitare/pay tv, bagno in comune, parquet, aria condizionata, armadi",Via dei Valtorta,"Precotto, Turro",Turro,45.4995,9.2246,Istituto Ambrosiano Immobiliare,02 5964 6793,22,https://www.immobiliare.it/annunci/126972675/,
123337497,"Stanza singola via Giovanni Pastorelli 4, Milano",600,€ 600/mese,5+,3,150 m²,Piano terra,Assente,"ripostiglio, giardino, cucina, connessione ad internet, lavatrice, lavastoviglie, microonde, tv satellitare/pay tv, portineria, bagno in comune, attacco telefonico, tv, aria condizionata, armadi",Via Giovanni Pastorelli,Navigli,Navigli - Darsena,45.4476,9.1629,Centro Casa Costruzioni,02 5964 5283,18,https://www.immobiliare.it/annunci/123337497/,
116288007,"Stanza singola viale Regina Giovanna 12, Milano",700,€ 700/mese,4,2,110 m²,4°,Assente,"ripostiglio, balcone, cucina, connessione ad internet, lavatrice, microonde, portineria, bagno in comune, tv, armadi",Viale Regina Giovanna,"Porta Venezia, Indipendenza",Porta Venezia,45.4755,9.2091,Silvia Cacciaguerra,02 5964 6923,25,https://www.immobiliare.it/annunci/116288007/,
126032523,"Stanza singola via Negroli 43, Milano",700,€ 700/mese,3,1,90 m²,3°,Assente,"balcone, terrazzo, cucina, connessione ad internet, lavatrice, microonde, bagno in comune, aria condizionata, armadi",Via Negroli,"Città Studi, Susa",Argonne - Corsica,45.4664,9.2324,Silvia Cacciaguerra,02 5964 6923,13,https://www.immobiliare.it/annunci/126032523/,
123017435,"Stanza singola via Giovanni Pierluigi da Palestrina  20, Milano",650,€ 650/mese,4,1,107 m²,2°,Centralizzato,"balcone, cucina, connessione ad internet, lavatrice, lavastoviglie, tv satellitare/pay tv, portineria, armadi, fibra ottica, porta blindata, esposizione doppia",Via Giovanni Pierluigi da Palestrina ,"Centrale, Repubblica",Centrale,45.4864,9.2117,Solo Affitti - Agenzia Milano 12,02 8974 3512,22,https://www.immobiliare.it/annunci/123017435/,
127254985,"Stanza singola piazza Serafino Belfanti 2, Milano",675,€ 675/mese,3,1,74 m²,4°,Assente,"balcone, cucina, lavatrice, microonde, portineria, parquet, armadi",Piazza Serafino Belfanti,Navigli,Navigli - Darsena,45.4441,9.1732,Affiliato Tecnocasa: ABC TECNOSVILUPPO SRL,02 5964 6235,9,https://www.immobiliare.it/annunci/127254985/,
104027519,"Stanza singola via San Benigno, Milano",630,€ 630/mese,5,2,120 m²,2°,Assente,"ripostiglio, balcone, cucina, connessione ad internet, lavatrice, lavastoviglie, bagno in comune, aria condizionata, armadi",Via San Benigno,"Città Studi, Susa",Città Studi,45.4704,9.2367,Immobiliare My House,02 8974 3566,21,https://www.immobiliare.it/annunci/104027519/,
125017519,"Stanza singola via Attilio Cassoni  12, Milano",680,€ 680/mese,3,1,16 m²,2° piano,Centralizzato,"ripostiglio, balcone, terrazzo, cucina, connessione ad internet, lavatrice, lavastoviglie, microonde, tv satellitare/pay tv, bagno in comune, tv, aria condizionata, armadi, cancello elettrico, porta blindata, impianto tv con parabola satellitare, esposizione doppia",Via Attilio Cassoni ,"Abbiategrasso, Chiesa Rossa",Cermenate - Abbiategrasso,45.432,9.1753,SoloAffitti Milano1|Deste48  Real Estate,02 5964 5274,31,https://www.immobiliare.it/annunci/125017519/,
123014815,"Stanza singola via Giuseppe Caimi 8, Milano",700,€ 700/mese,5,3+,90 m²,Seminterrato,Assente,"ripostiglio, cucina, connessione ad internet, lavatrice, lavastoviglie, bagno privato, aria condizionata, armadi",Via Giuseppe Caimi,Navigli,Corso San Gottardo,45.4461,9.1863,Le case di Patty,02 8974 3286,13,https://www.immobiliare.it/annunci/123014815/,
126068303,"Stanza singola via Giovanni Pacini 39, Milano",600,€ 600/mese,3,2,85 m²,3°,Assente,"balcone, cucina, lavatrice, bagno privato, ingresso privato, armadi",Via Giovanni Pacini,"Città Studi, Susa",Città Studi,45.4831,9.2313,Best House,02 9994 4773,15,https://www.immobiliare.it/annunci/126068303/,
127669996,"Stanza singola via Prospero Finzi, Milano",600,€ 600/mese,4,2,120 m²,6°,Assente,"ripostiglio, balcone, cucina, lavatrice, lavastoviglie, microonde, bagno in comune, parquet, aria condizionata, armadi",Via Prospero Finzi,"Precotto, Turro",Turro,45.5035,9.2196,Studio Erre,02 5964 7869,33,https://www.immobiliare.it/annunci/127669996/,
122815356,"Stanza singola via Acerenza 9, Milano",620,€ 620/mese,5,3,120 m²,Seminterrato,Assente,"cucina, connessione ad internet, lavatrice, lavastoviglie, microonde, portineria, bagno in comune, tv, aria condizionata, armadi",Via Acerenza,"Affori, Bovisa",Bovisa,45.5004,9.1693,Skyline Arena,039 974 6672,17,https://www.immobiliare.it/annunci/122815356/,
102573680,"Stanza singola piazza Monte Falterona 12, Milano",600,€ 600/mese,4,1,15 m²,3°,Assente,"ripostiglio, balcone, cucina, connessione ad internet, lavatrice, lavastoviglie, microonde, portineria, bagno in comune, parquet, armadi",Piazza Monte Falterona,"San Siro, Trenno",San Siro,45.4745,9.1405,Aygul Akbarova,02 8974 4261,25,https://www.immobiliare.it/annunci/102573680/,
114259183,"Stanza doppia via Camillo Hajech 45, Milano",700,€ 700/mese,4,2,130 m²,1°,Assente,"balcone, terrazzo, cucina, connessione ad internet, lavatrice, bagno in comune, parquet, aria condizionata, armadi",Via Camillo Hajech,"Città Studi, Susa",Plebisciti - Susa,45.4661,9.2183,Cusani10 Luxury Real Estate - Partner of L’Immobiliare.com - Milano Lanza,02 3540 5349,18,https://www.immobiliare.it/annunci/114259183/,
126386269,"Stanza singola Milano, Famagosta 55, Milano",625,€ 625/mese,5,2,14 m²,"4° piano, con ascensore",Centralizzato,"arredata, bagno in comune, armadi, aria condizionata, terrazzo, arredato","Milano, Famagosta 55","Famagosta, Barona",Famagosta,45.4376,9.16298,Phosphoro S.R.L.,0461 176 1936,16,https://www.immobiliare.it/annunci/126386269/,
125844915,"Stanza multipla Milano, Giulio e Corrado Venini 35, Milano",700,€ 700/mese,3,1,21 m²,"4° piano, con ascensore",Centralizzato,"arredata, bagno in comune, armadi, aria condizionata, arredato","Milano, Giulio e Corrado Venini 35","Pasteur, Rovereto",Pasteur,45.4897,9.21366,Phosphoro S.R.L.,0461 176 1936,10,https://www.immobiliare.it/annunci/125844915/,
125883367,"Stanza singola via Jacopo Dal Verme 11, Milano",650,€ 650/mese,4,1,13 m²,2°,Assente,"balcone, cucina, lavatrice, bagno in comune, tv, aria condizionata, armadi",Via Jacopo Dal Verme,"Cenisio, Sarpi, Isola",Isola,45.4875,9.1877,StileCasa,02 3540 6575,30,https://www.immobiliare.it/annunci/125883367/,
127475610,"Stanza singola via Giuseppe Ripamonti 19, Milano",650,€ 650/mese,4,2,18 m²,2°,Assente,"ripostiglio, balcone, cucina, connessione ad internet, lavatrice, lavastoviglie, microonde, bagno privato, parquet, aria condizionata, armadi",Via Giuseppe Ripamonti,"Porta Romana, Cadore, Montenero",Porta Romana - Medaglie d'Oro,45.4482,9.1976,Drago Immobiliare,02 3540 8950,42,https://www.immobiliare.it/annunci/127475610/,
127317357,"Stanza in affitto in appartamento via Privata Beltrame Cristiani, Milano",670,€ 670/mese,5+,2,120 m²,5°,Assente,"fibra ottica, porta blindata, esposizione esterna, impianto tv centralizzato",Via Privata Beltrame Cristiani,"Bicocca, Niguarda",Bignami - Ponale,45.522,9.20583,Spacest.com by Roomless,02 8974 1955,12,https://www.immobiliare.it/annunci/127317357/,
124684949,"Stanza singola largo Promessi Sposi, Milano",650,€ 650/mese,2,1,25 m²,Ammezzato,Assente,"cucina, lavatrice, tv satellitare/pay tv, portineria, con biancheria, bagno in comune, tv, armadi",Largo Promessi Sposi,"Famagosta, Barona",Cantalupa - San Paolo,45.435,9.1733,Bonzano Real Estate,02 3540 7951,7,https://www.immobiliare.it/annunci/124684949/,
127326423,"Stanza in affitto in appartamento viale Carlo Espinasse, Milano",640,€ 640/mese,2,1,15 m²,1°,Autonomo,"fibra ottica, porta blindata, esposizione esterna, impianto tv centralizzato",Viale Carlo Espinasse,"Uptown, Cascina Merlata, Viale Certosa",Certosa,45.4989,9.14104,Spacest.com by Roomless,02 8974 1955,17,https://www.immobiliare.it/annunci/127326423/,
127169341,"Stanza in affitto in appartamento via Sant'Eusebio, Milano",620,€ 620/mese,5+,2,175 m²,3°,Autonomo,"fibra ottica, porta blindata, esposizione esterna, impianto tv centralizzato",Via Sant'Eusebio,"Solari, Washington",Dezza,45.4605,9.15893,Spacest.com by Roomless,02 8974 1955,12,https://www.immobiliare.it/annunci/127169341/,
127504406,"Stanza in affitto in appartamento via Tavazzano, Milano",620,€ 620/mese,3,1,15 m²,1°,Autonomo,"fibra ottica, porta blindata, esposizione esterna, impianto tv centralizzato",Via Tavazzano,"Uptown, Cascina Merlata, Viale Certosa",Certosa,45.4936,9.1478,Spacest.com by Roomless,02 8974 1955,14,https://www.immobiliare.it/annunci/127504406/,
127541432,"Stanza in affitto in appartamento via Giuseppe Arimondi, Milano",650,€ 650/mese,3,1,65 m²,1°,Assente,"fibra ottica, porta blindata, esposizione esterna, impianto tv centralizzato",Via Giuseppe Arimondi,"Uptown, Cascina Merlata, Viale Certosa",Ghisolfa - Mac Mahon,45.4919,9.15756,Spacest.com by Roomless,02 8974 1955,17,https://www.immobiliare.it/annunci/127541432/,
127569766,"Stanza in affitto in appartamento via Pellegrino Rossi, Milano",610,€ 610/mese,3,2,15 m²,3°,Autonomo,"fibra ottica, porta blindata, esposizione esterna, impianto tv centralizzato",Via Pellegrino Rossi,"Affori, Bovisa",Dergano,45.5079,9.17857,Spacest.com by Roomless,02 8974 1955,21,https://www.immobiliare.it/annunci/127569766/,
126065777,"Stanza singola via degli Imbriani 30, Milano",600,€ 600/mese,3,1,20 m²,4°,Assente,"balcone, cucina, lavatrice, bagno in comune, attacco telefonico, armadi",Via degli Imbriani,"Affori, Bovisa",Bovisa,45.4999,9.1685,Simo Immobiliare,02 5964 5269,15,https://www.immobiliare.it/annunci/126065777/,
127490372,"Stanza in affitto in appartamento via Sant'Eusebio, Milano",620,€ 620/mese,5+,2,175 m²,3°,Autonomo,"fibra ottica, porta blindata, esposizione esterna, impianto tv centralizzato",Via Sant'Eusebio,"Solari, Washington",Dezza,45.4605,9.15893,Spacest.com by Roomless,02 8974 1955,12,https://www.immobiliare.it/annunci/127490372/,
127274857,"Stanza in affitto in appartamento via Luciano Zuccoli, Milano",620,€ 620/mese,2,1,15 m²,1°,Autonomo,"fibra ottica, porta blindata, esposizione esterna, impianto tv centralizzato",Via Luciano Zuccoli,"Maggiolina, Istria",Cascina dei Pomi,45.4953,9.20834,Spacest.com by Roomless,02 8974 1955,14,https://www.immobiliare.it/annunci/127274857/,
127313471,"Stanza singola via Donna Prassede 6, Milano",650,€ 650/mese,4,2,15 m²,2°,Autonomo,"balcone, ascensore, ripostiglio, giardino, lavatrice, lavastoviglie, microonde, connessione ad internet, armadi, cucina",Via Donna Prassede,"Famagosta, Barona",Cantalupa - San Paolo,45.4315,9.16951,Privato/Nessuna,,7,https://www.immobiliare.it/annunci/127313471/,
126040029,"Stanza singola viale Brianza, Milano",600,€ 600/mese,1,1,15 m²,,Autonomo,arredato,Viale Brianza,"Pasteur, Rovereto",Pasteur,45.4884,9.2119,HousingAnywhere,,10,https://www.immobiliare.it/annunci/126040029/,
126041423,"Stanza singola via Salvatore Barzilai, Milano",685,€ 685/mese,1,1,11 m²,,Centralizzato,arredato,Via Salvatore Barzilai,"Bande Nere, Inganni",Lorenteggio,45.4528,9.1394,HousingAnywhere,,10,https://www.immobiliare.it/annunci/126041423/,
126379167,"Stanza singola via Vittorio Gassman, Milano",700,€ 700/mese,1,1,11 m²,,Centralizzato,arredato,Via Vittorio Gassman,"Cimiano, Crescenzago, Adriano",Quartiere Adriano,45.5133,9.2389,HousingAnywhere,,10,https://www.immobiliare.it/annunci/126379167/,
119817048,"Stanza singola via Vittorio Emanuele Orlando, Milano",690,€ 690/mese,1,1,15 m²,,Centralizzato,"aria condizionata, arredato",Via Vittorio Emanuele Orlando,"Abbiategrasso, Chiesa Rossa",Gratosoglio,45.4163,9.1742,HousingAnywhere,,10,https://www.immobiliare.it/annunci/119817048/,
125820661,"Stanza singola via Leopoldo Sabbatini, Milano",670,€ 670/mese,1,1,12 m²,,Centralizzato,arredato,Via Leopoldo Sabbatini,Navigli,Bocconi,45.4487,9.1879,HousingAnywhere,,7,https://www.immobiliare.it/annunci/125820661/,
125391303,"Stanza singola viale Daniele Ranzoni, Milano",620,€ 620/mese,1,1,13 m²,,Centralizzato,arredato,Viale Daniele Ranzoni,"San Siro, Trenno",San Siro,45.4695,9.1454,HousingAnywhere,,10,https://www.immobiliare.it/annunci/125391303/,
127381557,"Stanza singola viale Legioni Romane, Milano",685,€ 685/mese,1,1,13 m²,,Centralizzato,arredato,Viale Legioni Romane,"Bande Nere, Inganni",Bande Nere,45.4601,9.1321,HousingAnywhere,,10,https://www.immobiliare.it/annunci/127381557/,
126035673,"Stanza singola via Vittorio Emanuele Orlando, Milano",690,€ 690/mese,1,1,11 m²,,Centralizzato,"aria condizionata, arredato",Via Vittorio Emanuele Orlando,"Abbiategrasso, Chiesa Rossa",Gratosoglio,45.4163,9.1742,HousingAnywhere,,10,https://www.immobiliare.it/annunci/126035673/,
127118713,"Stanza singola via Salvatore Barzilai, Milano",685,€ 685/mese,1,1,17 m²,,Centralizzato,arredato,Via Salvatore Barzilai,"Bande Nere, Inganni",Lorenteggio,45.4528,9.1394,HousingAnywhere,,10,https://www.immobiliare.it/annunci/127118713/,
126035663,"Stanza singola via Vittorio Emanuele Orlando, Milano",690,€ 690/mese,1,1,17 m²,,Centralizzato,"aria condizionata, arredato",Via Vittorio Emanuele Orlando,"Abbiategrasso, Chiesa Rossa",Gratosoglio,45.4163,9.1742,HousingAnywhere,,10,https://www.immobiliare.it/annunci/126035663/,
127412041,"Stanza singola via Guercino, Milano",645,€ 645/mese,1,1,14 m²,,Centralizzato,arredato,Via Guercino,"Cenisio, Sarpi, Isola",Paolo Sarpi,45.4803,9.1805,HousingAnywhere,,10,https://www.immobiliare.it/annunci/127412041/,
126041395,"Stanza singola via Salvatore Barzilai, Milano",685,€ 685/mese,1,1,11 m²,,Centralizzato,arredato,Via Salvatore Barzilai,"Bande Nere, Inganni",Lorenteggio,45.4528,9.1394,HousingAnywhere,,10,https://www.immobiliare.it/annunci/126041395/,
126552349,"Stanza singola via Bartolomeo D'Alviano, Milano",655,€ 655/mese,1,1,11 m²,,Centralizzato,arredato,Via Bartolomeo D'Alviano,"Bande Nere, Inganni",Bande Nere,45.4566,9.1396,HousingAnywhere,,10,https://www.immobiliare.it/annunci/126552349/,
126726145,"Stanza singola via Bartolomeo D'Alviano, Milano",615,€ 615/mese,1,1,14 m²,,Centralizzato,arredato,Via Bartolomeo D'Alviano,"Bande Nere, Inganni",Bande Nere,45.4566,9.1396,HousingAnywhere,,10,https://www.immobiliare.it/annunci/126726145/,
126037951,"Stanza singola viale Francesco Restelli, Milano",640,€ 640/mese,1,1,12 m²,,Centralizzato,"aria condizionata, arredato",Viale Francesco Restelli,"Cenisio, Sarpi, Isola",Isola,45.4893,9.196,HousingAnywhere,,10,https://www.immobiliare.it/annunci/126037951/,
127412043,"Stanza singola largo Giovanni Battista Scalabrini, Milano",655,€ 655/mese,1,1,17 m²,,Centralizzato,arredato,Largo Giovanni Battista Scalabrini,"Famagosta, Barona",Giambellino,45.4501,9.1408,HousingAnywhere,,10,https://www.immobiliare.it/annunci/127412043/,
126041315,"Stanza singola via Salvatore Barzilai, Milano",685,€ 685/mese,1,1,11 m²,,Centralizzato,arredato,Via Salvatore Barzilai,"Bande Nere, Inganni",Lorenteggio,45.4528,9.1394,HousingAnywhere,,10,https://www.immobiliare.it/annunci/126041315/,
127130829,"Stanza singola via Salvatore Barzilai, Milano",690,€ 690/mese,1,1,9 m²,,Centralizzato,arredato,Via Salvatore Barzilai,"Bande Nere, Inganni",Lorenteggio,45.4528,9.1394,HousingAnywhere,,10,https://www.immobiliare.it/annunci/127130829/,
125953377,"Stanza singola via Don Carlo Gnocchi, Milano",680,€ 680/mese,1,1,12 m²,,Centralizzato,arredato,Via Don Carlo Gnocchi,"San Siro, Trenno",San Siro,45.4719,9.1255,HousingAnywhere,,10,https://www.immobiliare.it/annunci/125953377/,
126167009,"Stanza singola via Sem Benelli, Milano",696,€ 696/mese,1,1,12 m²,,Autonomo,arredato,Via Sem Benelli,"San Siro, Trenno",Gallaratese,45.4973,9.1222,HousingAnywhere,,10,https://www.immobiliare.it/annunci/126167009/,
125532079,"Stanza singola largo Cavalieri di Malta, Milano",600,€ 600/mese,1,1,9 m²,,Centralizzato,arredato,Largo Cavalieri di Malta,"Bande Nere, Inganni",Lorenteggio,45.4535,9.1379,HousingAnywhere,,10,https://www.immobiliare.it/annunci/125532079/,
126041257,"Stanza singola via Salvatore Barzilai, Milano",590,€ 590/mese,1,1,11 m²,,Centralizzato,arredato,Via Salvatore Barzilai,"Bande Nere, Inganni",Lorenteggio,45.4528,9.1394,HousingAnywhere,,10,https://www.immobiliare.it/annunci/126041257/,
126041239,"Stanza singola via Privata Poggibonsi, Milano",695,€ 695/mese,1,1,17 m²,,Centralizzato,arredato,Via Privata Poggibonsi,"Bande Nere, Inganni",Gambara,45.4656,9.1396,HousingAnywhere,,10,https://www.immobiliare.it/annunci/126041239/,
127010015,"Stanza singola via Giuseppe Regaldi, Milano",600,€ 600/mese,1,1,11 m²,,Autonomo,arredato,Via Giuseppe Regaldi,"Affori, Bovisa",Affori,45.518,9.1733,HousingAnywhere,,10,https://www.immobiliare.it/annunci/127010015/,
126041407,"Stanza singola largo Cavalieri di Malta, Milano",685,€ 685/mese,1,1,24 m²,,Centralizzato,"aria condizionata, arredato",Largo Cavalieri di Malta,"Bande Nere, Inganni",Lorenteggio,45.4535,9.1379,HousingAnywhere,,10,https://www.immobiliare.it/annunci/126041407/,
126041211,"Stanza singola via Verbano, Milano",625,€ 625/mese,1,1,17 m²,,Centralizzato,arredato,Via Verbano,"Porta Vittoria, Lodi",Lodi - Brenta,45.4428,9.2136,HousingAnywhere,,10,https://www.immobiliare.it/annunci/126041211/,
125820619,"Stanza singola via Luigi Scrosati, Milano",685,€ 685/mese,1,1,9 m²,,Assente,arredato,Via Luigi Scrosati,"Bande Nere, Inganni",Lorenteggio,45.4539,9.1401,HousingAnywhere,,10,https://www.immobiliare.it/annunci/125820619/,
126037865,"Stanza singola via Carlo Valvassori Peroni, Milano",690,€ 690/mese,1,1,16 m²,,Centralizzato,arredato,Via Carlo Valvassori Peroni,"Città Studi, Susa",Città Studi,45.4821,9.2367,HousingAnywhere,,10,https://www.immobiliare.it/annunci/126037865/,
126791917,"Stanza singola viale Carlo Espinasse, Milano",595,€ 595/mese,1,1,16 m²,,Assente,arredato,Viale Carlo Espinasse,"Uptown, Cascina Merlata, Viale Certosa",Certosa,45.4988,9.1411,HousingAnywhere,,10,https://www.immobiliare.it/annunci/126791917/,
126041223,"Stanza singola viale Legioni Romane, Milano",655,€ 655/mese,1,1,13 m²,,Centralizzato,arredato,Viale Legioni Romane,"Bande Nere, Inganni",Bande Nere,45.4601,9.1321,HousingAnywhere,,10,https://www.immobiliare.it/annunci/126041223/,
126041225,"Stanza singola viale Molise, Milano",665,€ 665/mese,1,1,17 m²,,Centralizzato,arredato,Viale Molise,"Porta Vittoria, Lodi",Molise - Cuoco,45.4562,9.224,HousingAnywhere,,10,https://www.immobiliare.it/annunci/126041225/,
126041255,"Stanza singola via Copernico, Milano",685,€ 685/mese,1,1,8 m²,,Centralizzato,arredato,Via Copernico,"Centrale, Repubblica",Centrale,45.4913,9.205,HousingAnywhere,,10,https://www.immobiliare.it/annunci/126041255/,
125391745,"Stanza singola via Giuseppe Frua, Milano",615,€ 615/mese,1,1,16 m²,,Centralizzato,arredato,Via Giuseppe Frua,"Solari, Washington",Frua,45.4649,9.1498,HousingAnywhere,,10,https://www.immobiliare.it/annunci/125391745/,
125391829,"Stanza singola piazza Ventiquattro Maggio, Milano",630,€ 630/mese,1,1,14 m²,,Centralizzato,arredato,Piazza Ventiquattro Maggio,Navigli,Ascanio Sforza,45.4521,9.1801,HousingAnywhere,,10,https://www.immobiliare.it/annunci/125391829/,
125320129,"Stanza singola via Bartolomeo d'Alviano, Milano",630,€ 630/mese,1,1,14 m²,,Centralizzato,arredato,Via Bartolomeo d'Alviano,"Bande Nere, Inganni",Lorenteggio,45.4551,9.1403,HousingAnywhere,,10,https://www.immobiliare.it/annunci/125320129/,
127412027,"Stanza singola via Sebastiano Veniero, Milano",685,€ 685/mese,1,1,16 m²,,Centralizzato,arredato,Via Sebastiano Veniero,"Fiera, Sempione, City Life, Portello",Monte Rosa - Lotto,45.4815,9.1454,HousingAnywhere,,10,https://www.immobiliare.it/annunci/127412027/,
127169337,"Stanza in affitto in appartamento viale Legioni Romane, Milano",675,€ 675/mese,5+,3,171 m²,3°,Autonomo,"fibra ottica, porta blindata, esposizione esterna, impianto tv centralizzato",Viale Legioni Romane,"Bande Nere, Inganni",Bande Nere,45.4597,9.13124,Spacest.com by Roomless,02 8974 1955,7,https://www.immobiliare.it/annunci/127169337/,
125392129,"Stanza singola viale Emilio Caldara, Milano",680,€ 680/mese,1,1,14 m²,,Centralizzato,arredato,Viale Emilio Caldara,"Porta Romana, Cadore, Montenero",Porta Romana - Medaglie d'Oro,45.4548,9.2031,HousingAnywhere,,10,https://www.immobiliare.it/annunci/125392129/,
127130821,"Stanza singola via Salvatore Barzilai, Milano",700,€ 700/mese,1,1,11 m²,,Centralizzato,arredato,Via Salvatore Barzilai,"Bande Nere, Inganni",Lorenteggio,45.4528,9.1394,HousingAnywhere,,10,https://www.immobiliare.it/annunci/127130821/,
125391111,"Stanza singola via Pantigliate, Milano",675,€ 675/mese,1,1,12 m²,,Centralizzato,arredato,Via Pantigliate,"Bande Nere, Inganni",Bande Nere,45.4592,9.1319,HousingAnywhere,,10,https://www.immobiliare.it/annunci/125391111/,
126041343,"Stanza singola largo Cavalieri di Malta, Milano",635,€ 635/mese,1,1,11 m²,,Centralizzato,"aria condizionata, arredato",Largo Cavalieri di Malta,"Bande Nere, Inganni",Lorenteggio,45.4535,9.1379,HousingAnywhere,,10,https://www.immobiliare.it/annunci/126041343/,
126600555,"Stanza singola viale Sondrio, Milano",615,€ 615/mese,1,1,12 m²,,Centralizzato,arredato,Viale Sondrio,"Cenisio, Sarpi, Isola",Isola,45.4904,9.1995,HousingAnywhere,,10,https://www.immobiliare.it/annunci/126600555/,
123022147,"Stanza singola via Leopoldo Sabbatini, Milano",670,€ 670/mese,1,1,12 m²,,Centralizzato,arredato,Via Leopoldo Sabbatini,Navigli,Bocconi,45.4486,9.1881,HousingAnywhere,,7,https://www.immobiliare.it/annunci/123022147/,
127490328,"Stanza in affitto in appartamento viale Legioni Romane, Milano",700,€ 700/mese,5+,3,171 m²,3°,Autonomo,"fibra ottica, porta blindata, esposizione esterna, impianto tv centralizzato",Viale Legioni Romane,"Bande Nere, Inganni",Bande Nere,45.4597,9.13124,Spacest.com by Roomless,02 8974 1955,7,https://www.immobiliare.it/annunci/127490328/,
125391881,"Stanza singola viale Brianza, Milano",595,€ 595/mese,1,1,18 m²,,Centralizzato,arredato,Viale Brianza,"Pasteur, Rovereto",Pasteur,45.4874,9.2137,HousingAnywhere,,10,https://www.immobiliare.it/annunci/125391881/,
125391495,"Stanza singola viale Tibaldi, Milano",625,€ 625/mese,1,1,9 m²,,Centralizzato,arredato,Viale Tibaldi,Navigli,Corso San Gottardo,45.4443,9.1824,HousingAnywhere,,10,https://www.immobiliare.it/annunci/125391495/,
126552363,"Stanza singola via Bartolomeo D'Alviano, Milano",670,€ 670/mese,1,1,9 m²,,Centralizzato,arredato,Via Bartolomeo D'Alviano,"Bande Nere, Inganni",Bande Nere,45.4566,9.1396,HousingAnywhere,,10,https://www.immobiliare.it/annunci/126552363/,
125391771,"Stanza singola via Salvatore Barzilai, Milano",690,€ 690/mese,1,1,9 m²,,Centralizzato,arredato,Via Salvatore Barzilai,"Bande Nere, Inganni",Lorenteggio,45.4528,9.1394,HousingAnywhere,,10,https://www.immobiliare.it/annunci/125391771/,
127197705,"Stanza singola via Privata Poggibonsi, Milano",670,€ 670/mese,1,1,9 m²,,Centralizzato,arredato,Via Privata Poggibonsi,"Bande Nere, Inganni",Gambara,45.4656,9.1396,HousingAnywhere,,10,https://www.immobiliare.it/annunci/127197705/,
125598983,"Stanza singola largo Cavalieri di Malta, Milano",700,€ 700/mese,1,1,14 m²,,Centralizzato,arredato,Largo Cavalieri di Malta,"Bande Nere, Inganni",Lorenteggio,45.4535,9.1379,HousingAnywhere,,10,https://www.immobiliare.it/annunci/125598983/,
127130837,"Stanza singola via Salvatore Barzilai, Milano",685,€ 685/mese,1,1,11 m²,,Centralizzato,arredato,Via Salvatore Barzilai,"Bande Nere, Inganni",Lorenteggio,45.4528,9.1394,HousingAnywhere,,10,https://www.immobiliare.it/annunci/127130837/,
125391911,"Stanza singola via Salvatore Barzilai, Milano",700,€ 700/mese,1,1,11 m²,,Centralizzato,arredato,Via Salvatore Barzilai,"Bande Nere, Inganni",Lorenteggio,45.4528,9.1394,HousingAnywhere,,10,https://www.immobiliare.it/annunci/125391911/,
123802597,"Stanza singola viale Brianza, Milano",600,€ 600/mese,1,1,15 m²,,Autonomo,arredato,Viale Brianza,"Pasteur, Rovereto",Pasteur,45.4884,9.2119,HousingAnywhere,,10,https://www.immobiliare.it/annunci/123802597/,
125846945,"Stanza singola via Pasquale Fornari, Milano",590,€ 590/mese,1,1,11 m²,,Centralizzato,arredato,Via Pasquale Fornari,"Bande Nere, Inganni",Gambara,45.462,9.1447,HousingAnywhere,,10,https://www.immobiliare.it/annunci/125846945/,
125846901,"Stanza singola via Lentasio, Milano",620,€ 620/mese,1,1,15 m²,,Centralizzato,arredato,Via Lentasio,Centro,Missori,45.458,9.1912,HousingAnywhere,,10,https://www.immobiliare.it/annunci/125846901/,
125846823,"Stanza singola via Giuseppe Frua, Milano",660,€ 660/mese,1,1,10 m²,,Centralizzato,arredato,Via Giuseppe Frua,"Solari, Washington",Frua,45.4649,9.1498,HousingAnywhere,,10,https://www.immobiliare.it/annunci/125846823/,
123802153,"Stanza singola via Luigi Boccherini, Milano",680,€ 680/mese,1,1,20 m²,,Centralizzato,arredato,Via Luigi Boccherini,"Città Studi, Susa",Casoretto,45.4879,9.2223,HousingAnywhere,,7,https://www.immobiliare.it/annunci/123802153/,
124565647,"Stanza singola via Pietro Marocco, Milano",600,€ 600/mese,1,1,13 m²,,Autonomo,arredato,Via Pietro Marocco,"Pasteur, Rovereto",Pasteur,45.4899,9.2127,HousingAnywhere,,10,https://www.immobiliare.it/annunci/124565647/,
126242209,"Stanza singola via Carlo Marochetti, Milano",700,€ 700/mese,1,1,15 m²,,Centralizzato,arredato,Via Carlo Marochetti,"Corvetto, Rogoredo",Corvetto,45.4391,9.2264,HousingAnywhere,,7,https://www.immobiliare.it/annunci/126242209/,
126037949,"Stanza singola viale Francesco Restelli, Milano",640,€ 640/mese,1,1,12 m²,,Centralizzato,"aria condizionata, arredato",Viale Francesco Restelli,"Cenisio, Sarpi, Isola",Isola,45.4893,9.196,HousingAnywhere,,10,https://www.immobiliare.it/annunci/126037949/,
127460288,"Stanza singola via Salvatore Barzilai, Milano",665,€ 665/mese,1,1,11 m²,,Centralizzato,arredato,Via Salvatore Barzilai,"Bande Nere, Inganni",Lorenteggio,45.4528,9.1394,HousingAnywhere,,10,https://www.immobiliare.it/annunci/127460288/,
127130825,"Stanza singola via Francesco Primaticcio, Milano",690,€ 690/mese,1,1,14 m²,,Centralizzato,arredato,Via Francesco Primaticcio,"Bande Nere, Inganni",Bande Nere,45.4564,9.1317,HousingAnywhere,,10,https://www.immobiliare.it/annunci/127130825/,
126041213,"Stanza singola via Volterra, Milano",695,€ 695/mese,1,1,14 m²,,Centralizzato,arredato,Via Volterra,"Solari, Washington",Washington,45.4623,9.1533,HousingAnywhere,,10,https://www.immobiliare.it/annunci/126041213/,
127460276,"Stanza singola via Salvatore Barzilai, Milano",695,€ 695/mese,1,1,12 m²,,Assente,arredato,Via Salvatore Barzilai,"Bande Nere, Inganni",Lorenteggio,45.4528,9.1394,HousingAnywhere,,10,https://www.immobiliare.it/annunci/127460276/,
126891297,"Stanza singola viale Papiniano, Milano",650,€ 650/mese,1,1,11 m²,,Centralizzato,arredato,Viale Papiniano,"Genova, Ticinese",San Vittore,45.4587,9.1691,HousingAnywhere,,10,https://www.immobiliare.it/annunci/126891297/,
126936503,"Stanza singola via Jacopo della Quercia, Milano",590,€ 590/mese,1,1,13 m²,,Autonomo,arredato,Via Jacopo della Quercia,"Fiera, Sempione, City Life, Portello",Monte Rosa - Lotto,45.4752,9.145,HousingAnywhere,,10,https://www.immobiliare.it/annunci/126936503/,
126036855,"Stanza multipla via Bonaventura Zumbini, Milano",625,€ 625/mese,1,1,22 m²,,Centralizzato,"aria condizionata, arredato",Via Bonaventura Zumbini,"Famagosta, Barona",Barona,45.4414,9.1583,HousingAnywhere,,10,https://www.immobiliare.it/annunci/126036855/,
126040487,"Stanza singola via Mac Mahon, Milano",630,€ 630/mese,1,1,14 m²,,Centralizzato,arredato,Via Mac Mahon,"Uptown, Cascina Merlata, Viale Certosa",Certosa,45.4972,9.1533,HousingAnywhere,,10,https://www.immobiliare.it/annunci/126040487/,
125391939,"Stanza singola via Giuseppe Frua, Milano",605,€ 605/mese,1,1,10 m²,,Centralizzato,arredato,Via Giuseppe Frua,"Solari, Washington",Frua,45.4649,9.1498,HousingAnywhere,,10,https://www.immobiliare.it/annunci/125391939/,
126040025,"Stanza singola viale Brianza, Milano",600,€ 600/mese,1,1,15 m²,,Autonomo,arredato,Viale Brianza,"Pasteur, Rovereto",Pasteur,45.4884,9.2119,HousingAnywhere,,10,https://www.immobiliare.it/annunci/126040025/,
126791915,"Stanza singola viale Carlo Espinasse, Milano",595,€ 595/mese,1,1,14 m²,,Assente,arredato,Viale Carlo Espinasse,"Uptown, Cascina Merlata, Viale Certosa",Certosa,45.4988,9.1411,HousingAnywhere,,10,https://www.immobiliare.it/annunci/126791915/,
126041421,"Stanza singola via Salvatore Barzilai, Milano",670,€ 670/mese,1,1,9 m²,,Centralizzato,arredato,Via Salvatore Barzilai,"Bande Nere, Inganni",Lorenteggio,45.4528,9.1394,HousingAnywhere,,10,https://www.immobiliare.it/annunci/126041421/,
127010009,"Stanza singola via Giuseppe Frua, Milano",610,€ 610/mese,1,1,18 m²,,Centralizzato,arredato,Via Giuseppe Frua,"Solari, Washington",Frua,45.4649,9.1498,HousingAnywhere,,10,https://www.immobiliare.it/annunci/127010009/,
127301279,"Stanza singola via Pasquale Fornari, Milano",680,€ 680/mese,1,1,17 m²,,Centralizzato,arredato,Via Pasquale Fornari,"Bande Nere, Inganni",Gambara,45.462,9.1447,HousingAnywhere,,10,https://www.immobiliare.it/annunci/127301279/,
123123837,"Stanza singola via Alessandro Litta Modignani, Milano",600,€ 600/mese,1,1,19 m²,,Centralizzato,arredato,Via Alessandro Litta Modignani,"Affori, Bovisa",Affori,45.5209,9.1532,HousingAnywhere,,7,https://www.immobiliare.it/annunci/123123837/,
127460250,"Stanza singola via Salvatore Barzilai, Milano",640,€ 640/mese,1,1,9 m²,,Centralizzato,arredato,Via Salvatore Barzilai,"Bande Nere, Inganni",Lorenteggio,45.4528,9.1394,HousingAnywhere,,10,https://www.immobiliare.it/annunci/127460250/,
127009991,"Stanza singola via Verbano, Milano",695,€ 695/mese,1,1,14 m²,,Centralizzato,arredato,Via Verbano,"Porta Vittoria, Lodi",Lodi - Brenta,45.4428,9.2136,HousingAnywhere,,10,https://www.immobiliare.it/annunci/127009991/,
127460342,"Stanza singola via Bartolomeo D'Alviano, Milano",595,€ 595/mese,1,1,9 m²,,Centralizzato,arredato,Via Bartolomeo D'Alviano,"Bande Nere, Inganni",Bande Nere,45.4566,9.1396,HousingAnywhere,,10,https://www.immobiliare.it/annunci/127460342/,
126041271,"Stanza singola via Salvatore Barzilai, Milano",635,€ 635/mese,1,1,9 m²,,Centralizzato,arredato,Via Salvatore Barzilai,"Bande Nere, Inganni",Lorenteggio,45.4528,9.1394,HousingAnywhere,,10,https://www.immobiliare.it/annunci/126041271/,
126041487,"Stanza singola via Innocenzo Isimbardi, Milano",600,€ 600/mese,1,1,11 m²,,Centralizzato,arredato,Via Innocenzo Isimbardi,"Abbiategrasso, Chiesa Rossa",Cermenate - Abbiategrasso,45.4328,9.1808,HousingAnywhere,,7,https://www.immobiliare.it/annunci/126041487/,
125392253,"Stanza singola piazza Maria Adelaide di Savoia, Milano",615,€ 615/mese,1,1,17 m²,,Centralizzato,arredato,Piazza Maria Adelaide di Savoia,"Porta Venezia, Indipendenza",Indipendenza,45.4729,9.2147,HousingAnywhere,,10,https://www.immobiliare.it/annunci/125392253/,
125532075,"Stanza singola via Pasquale Fornari, Milano",660,€ 660/mese,1,1,16 m²,,Centralizzato,arredato,Via Pasquale Fornari,"Bande Nere, Inganni",Gambara,45.462,9.1447,HousingAnywhere,,10,https://www.immobiliare.it/annunci/125532075/,
125846855,"Stanza singola via Giuseppe Frua, Milano",610,€ 610/mese,1,1,17 m²,,Centralizzato,arredato,Via Giuseppe Frua,"Solari, Washington",Frua,45.4649,9.1498,HousingAnywhere,,10,https://www.immobiliare.it/annunci/125846855/,
126726109,"Stanza singola via Pasquale Fornari, Milano",640,€ 640/mese,1,1,11 m²,,Centralizzato,arredato,Via Pasquale Fornari,"Bande Nere, Inganni",Gambara,45.462,9.1447,HousingAnywhere,,10,https://www.immobiliare.it/annunci/126726109/,
125846839,"Stanza singola via Salvatore Barzilai, Milano",635,€ 635/mese,1,1,12 m²,,Centralizzato,arredato,Via Salvatore Barzilai,"Bande Nere, Inganni",Lorenteggio,45.4528,9.1394,HousingAnywhere,,10,https://www.immobiliare.it/annunci/125846839/,
126936511,"Stanza singola viale Certosa, Milano",685,€ 685/mese,1,1,10 m²,,Assente,arredato,Viale Certosa,"Uptown, Cascina Merlata, Viale Certosa",Ghisolfa - Mac Mahon,45.49,9.1514,HousingAnywhere,,10,https://www.immobiliare.it/annunci/126936511/,
127460238,"Stanza singola via Salvatore Barzilai, Milano",665,€ 665/mese,1,1,12 m²,,Centralizzato,arredato,Via Salvatore Barzilai,"Bande Nere, Inganni",Lorenteggio,45.4528,9.1394,HousingAnywhere,,10,https://www.immobiliare.it/annunci/127460238/,
127513798,"Stanza in affitto in appartamento viale Legioni Romane, Milano",675,€ 675/mese,5+,3,171 m²,3°,Autonomo,"fibra ottica, porta blindata, esposizione esterna, impianto tv centralizzato",Viale Legioni Romane,"Bande Nere, Inganni",Bande Nere,45.4597,9.13124,Spacest.com by Roomless,02 8974 1955,7,https://www.immobiliare.it/annunci/127513798/,
126040073,"Stanza singola via Pietro Marocco, Milano",600,€ 600/mese,1,1,13 m²,,Autonomo,arredato,Via Pietro Marocco,"Pasteur, Rovereto",Pasteur,45.4899,9.2127,HousingAnywhere,,10,https://www.immobiliare.it/annunci/126040073/,
125586459,"Stanza singola viale Carlo Espinasse, Milano",695,€ 695/mese,1,1,12 m²,,Centralizzato,arredato,Viale Carlo Espinasse,"Uptown, Cascina Merlata, Viale Certosa",Certosa,45.4988,9.1411,HousingAnywhere,,10,https://www.immobiliare.it/annunci/125586459/,
127460110,"Stanza singola via Leone Tolstoi, Milano",700,€ 700/mese,1,1,10 m²,,Centralizzato,arredato,Via Leone Tolstoi,"Napoli, Soderini",Piazza Napoli,45.4539,9.1494,HousingAnywhere,,10,https://www.immobiliare.it/annunci/127460110/,
127229139,"Stanza singola via Salvatore Barzilai, Milano",625,€ 625/mese,1,1,13 m²,,Centralizzato,arredato,Via Salvatore Barzilai,"Bande Nere, Inganni",Lorenteggio,45.4528,9.1394,HousingAnywhere,,10,https://www.immobiliare.it/annunci/127229139/,
126037945,"Stanza singola viale Francesco Restelli, Milano",690,€ 690/mese,1,1,12 m²,,Centralizzato,arredato,Viale Francesco Restelli,"Cenisio, Sarpi, Isola",Isola,45.4893,9.196,HousingAnywhere,,10,https://www.immobiliare.it/annunci/126037945/,
126367631,"Stanza singola via Salvatore Barzilai, Milano",655,€ 655/mese,1,1,11 m²,,Centralizzato,arredato,Via Salvatore Barzilai,"Bande Nere, Inganni",Lorenteggio,45.4528,9.1394,HousingAnywhere,,10,https://www.immobiliare.it/annunci/126367631/,
126037947,"Stanza singola viale Francesco Restelli, Milano",640,€ 640/mese,1,1,12 m²,,Centralizzato,"aria condizionata, arredato",Viale Francesco Restelli,"Cenisio, Sarpi, Isola",Isola,45.4893,9.196,HousingAnywhere,,10,https://www.immobiliare.it/annunci/126037947/,
127460228,"Stanza singola via Salvatore Barzilai, Milano",620,€ 620/mese,1,1,12 m²,,Centralizzato,arredato,Via Salvatore Barzilai,"Bande Nere, Inganni",Lorenteggio,45.4528,9.1394,HousingAnywhere,,10,https://www.immobiliare.it/annunci/127460228/,
126037943,"Stanza singola via Emilio FaÃ  Di Bruno, Milano",700,€ 700/mese,1,1,12 m²,,Centralizzato,"aria condizionata, arredato",Via Emilio FaÃ  Di Bruno,"Porta Vittoria, Lodi",Martini - Insubria,45.4518,9.2226,HousingAnywhere,,10,https://www.immobiliare.it/annunci/126037943/,
126040071,"Stanza singola via Pietro Marocco, Milano",700,€ 700/mese,1,1,13 m²,,Autonomo,arredato,Via Pietro Marocco,"Pasteur, Rovereto",Pasteur,45.4899,9.2127,HousingAnywhere,,10,https://www.immobiliare.it/annunci/126040071/,
126041233,"Stanza singola viale Legioni Romane, Milano",685,€ 685/mese,1,1,14 m²,,Centralizzato,arredato,Viale Legioni Romane,"Bande Nere, Inganni",Bande Nere,45.4601,9.1321,HousingAnywhere,,10,https://www.immobiliare.it/annunci/126041233/,
122943286,"Stanza singola via Pietro Marocco, Milano",600,€ 600/mese,1,1,13 m²,,Autonomo,arredato,Via Pietro Marocco,"Pasteur, Rovereto",Pasteur,45.4899,9.2127,HousingAnywhere,,10,https://www.immobiliare.it/annunci/122943286/,
126037939,"Stanza singola via Emilio FaÃ  Di Bruno, Milano",700,€ 700/mese,1,1,12 m²,,Centralizzato,"aria condizionata, arredato",Via Emilio FaÃ  Di Bruno,"Porta Vittoria, Lodi",Martini - Insubria,45.4518,9.2226,HousingAnywhere,,10,https://www.immobiliare.it/annunci/126037939/,
126848787,"Stanza singola via Salvatore Barzilai, Milano",690,€ 690/mese,1,1,9 m²,,Centralizzato,arredato,Via Salvatore Barzilai,"Bande Nere, Inganni",Lorenteggio,45.4528,9.1394,HousingAnywhere,,10,https://www.immobiliare.it/annunci/126848787/,
126552351,"Stanza singola via Bartolomeo D'Alviano, Milano",630,€ 630/mese,1,1,11 m²,,Centralizzato,arredato,Via Bartolomeo D'Alviano,"Bande Nere, Inganni",Bande Nere,45.4566,9.1396,HousingAnywhere,,10,https://www.immobiliare.it/annunci/126552351/,
127010005,"Stanza singola viale Legioni Romane, Milano",655,€ 655/mese,1,1,9 m²,,Centralizzato,arredato,Viale Legioni Romane,"Bande Nere, Inganni",Bande Nere,45.4601,9.1321,HousingAnywhere,,10,https://www.immobiliare.it/annunci/127010005/,
125391943,"Stanza singola via Antonio Panizzi, Milano",600,€ 600/mese,1,1,11 m²,,Centralizzato,arredato,Via Antonio Panizzi,"Bande Nere, Inganni",Lorenteggio,45.452,9.1377,HousingAnywhere,,10,https://www.immobiliare.it/annunci/125391943/,
127130813,"Stanza singola via Giovanni Battista Soresina, Milano",610,€ 610/mese,1,1,14 m²,,Centralizzato,arredato,Via Giovanni Battista Soresina,"Solari, Washington",Vercelli - Wagner,45.4648,9.1621,HousingAnywhere,,10,https://www.immobiliare.it/annunci/127130813/,
125390931,"Stanza singola via Gardone, Milano",620,€ 620/mese,1,1,18 m²,,Centralizzato,arredato,Via Gardone,"Corvetto, Rogoredo",Corvetto,45.4391,9.2117,HousingAnywhere,,10,https://www.immobiliare.it/annunci/125390931/,
125390887,"Stanza singola via Vincenzo Giordano Orsini, Milano",635,€ 635/mese,1,1,14 m²,,Centralizzato,arredato,Via Vincenzo Giordano Orsini,"Bande Nere, Inganni",Bande Nere,45.4622,9.1349,HousingAnywhere,,10,https://www.immobiliare.it/annunci/125390887/,
126037723,"Stanza singola via Luigi Boccherini, Milano",680,€ 680/mese,1,1,20 m²,,Centralizzato,arredato,Via Luigi Boccherini,"Città Studi, Susa",Città Studi,45.4848,9.2227,HousingAnywhere,,7,https://www.immobiliare.it/annunci/126037723/,
125392099,"Stanza singola via Giuseppe Frua, Milano",610,€ 610/mese,1,1,15 m²,,Centralizzato,arredato,Via Giuseppe Frua,"Solari, Washington",Frua,45.4649,9.1498,HousingAnywhere,,10,https://www.immobiliare.it/annunci/125392099/,
126041397,"Stanza singola largo Cavalieri di Malta, Milano",690,€ 690/mese,1,1,11 m²,,Centralizzato,arredato,Largo Cavalieri di Malta,"Bande Nere, Inganni",Lorenteggio,45.4535,9.1379,HousingAnywhere,,10,https://www.immobiliare.it/annunci/126041397/,
126041353,"Stanza singola largo Cavalieri di Malta, Milano",590,€ 590/mese,1,1,12 m²,,Centralizzato,arredato,Largo Cavalieri di Malta,"Bande Nere, Inganni",Lorenteggio,45.4535,9.1379,HousingAnywhere,,10,https://www.immobiliare.it/annunci/126041353/,
126891287,"Stanza singola via Salvatore Barzilai, Milano",700,€ 700/mese,1,1,17 m²,,Centralizzato,arredato,Via Salvatore Barzilai,"Bande Nere, Inganni",Lorenteggio,45.4528,9.1394,HousingAnywhere,,10,https://www.immobiliare.it/annunci/126891287/,
126040075,"Stanza singola via Pietro Marocco, Milano",600,€ 600/mese,1,1,13 m²,,Autonomo,arredato,Via Pietro Marocco,"Pasteur, Rovereto",Pasteur,45.4899,9.2127,HousingAnywhere,,10,https://www.immobiliare.it/annunci/126040075/,
127460220,"Stanza singola largo Cavalieri di Malta, Milano",660,€ 660/mese,1,1,11 m²,,Centralizzato,arredato,Largo Cavalieri di Malta,"Bande Nere, Inganni",Lorenteggio,45.4535,9.1379,HousingAnywhere,,10,https://www.immobiliare.it/annunci/127460220/,
126041461,"Stanza singola via Innocenzo Isimbardi, Milano",600,€ 600/mese,1,1,14 m²,,Centralizzato,arredato,Via Innocenzo Isimbardi,"Abbiategrasso, Chiesa Rossa",Cermenate - Abbiategrasso,45.4328,9.1808,HousingAnywhere,,7,https://www.immobiliare.it/annunci/126041461/,
126936493,"Stanza singola via Jacopo della Quercia, Milano",590,€ 590/mese,1,1,19 m²,,Autonomo,arredato,Via Jacopo della Quercia,"Fiera, Sempione, City Life, Portello",Monte Rosa - Lotto,45.4752,9.145,HousingAnywhere,,10,https://www.immobiliare.it/annunci/126936493/,
126041227,"Stanza singola via Don Carlo Gnocchi, Milano",660,€ 660/mese,1,1,14 m²,,Centralizzato,arredato,Via Don Carlo Gnocchi,"San Siro, Trenno",San Siro,45.4719,9.1255,HousingAnywhere,,10,https://www.immobiliare.it/annunci/126041227/,
125718081,"Stanza singola Bovisasca, Milano",690,€ 690/mese,3,2,100 m²,1°,Autonomo,"sistema di allarme, connessione ad internet, lavatrice, lavastoviglie, microonde, con biancheria, ingresso privato, armadi, bagno per disabili, cucina",Via Bovisasca,"Affori, Bovisa",Bovisasca,45.5175,9.15515,Privato/Nessuna,,16,https://www.immobiliare.it/annunci/125718081/,
126570363,"Stanza in affitto in appartamento via CORRADO ii° IL SALICO, Milano",680,€ 680/mese,5,2,18 m²,Piano rialzato,Autonomo,"cancello elettrico, fibra ottica, porta blindata, esposizione interna, impianto tv centralizzato, arredato",via CORRADO ii° IL SALICO,"Ripamonti, Vigentino",Ripamonti - Fondazione Prada,45.4413,9.19221,FirstHome,02 3540 6614,31,https://www.immobiliare.it/annunci/126570363/,
127274991,"Stanza in affitto in appartamento via Luigi Boccherini, Milano",680,€ 680/mese,5+,2,300 m²,1°,Assente,"fibra ottica, porta blindata, esposizione esterna, impianto tv centralizzato",Via Luigi Boccherini,"Città Studi, Susa",Città Studi,45.4847,9.22274,Spacest.com by Roomless,02 8974 1955,11,https://www.immobiliare.it/annunci/127274991/,
126814999,"Stanza in affitto in appartamento via Francesco de Sanctis, Milano",600,€ 600/mese,3,1,65 m²,"1°, con ascensore",Centralizzato,"impianto di allarme, esposizione esterna, balcone, arredato",Via Francesco de Sanctis,"Abbiategrasso, Chiesa Rossa",Cermenate - Abbiategrasso,45.4362,9.17968,Affiliato Toscano - Agenzia di Milano Cermenate,366 168 4040,7,https://www.immobiliare.it/annunci/126814999/,
127317351,"Stanza in affitto in appartamento via Luigi Boccherini, Milano",680,€ 680/mese,5+,2,300 m²,1°,Assente,"fibra ottica, porta blindata, esposizione esterna, impianto tv centralizzato",Via Luigi Boccherini,"Città Studi, Susa",Città Studi,45.4847,9.22274,Spacest.com by Roomless,02 8974 1955,11,https://www.immobiliare.it/annunci/127317351/,
127355789,"Stanza in affitto in appartamento via Luigi Boccherini, Milano",680,€ 680/mese,5+,2,300 m²,1°,Assente,"fibra ottica, porta blindata, esposizione esterna, impianto tv centralizzato",Via Luigi Boccherini,"Città Studi, Susa",Città Studi,45.4847,9.22274,Spacest.com by Roomless,02 8974 1955,9,https://www.immobiliare.it/annunci/127355789/,
126568813,"Stanza in affitto in appartamento via CORRADO ii° IL SALICO, Milano",700,€ 700/mese,5,2,22 m²,Piano rialzato,Autonomo,"fibra ottica, porta blindata, esposizione interna, impianto tv centralizzato, arredato",via CORRADO ii° IL SALICO,"Ripamonti, Vigentino",Ripamonti - Fondazione Prada,45.4413,9.19221,FirstHome,02 3540 6614,30,https://www.immobiliare.it/annunci/126568813/,
127483486,"Stanza in affitto in appartamento piazza Emilia, Milano",700,€ 700/mese,2,1,15 m²,"1° piano, con ascensore",Centralizzato,"aria condizionata, videocitofono, porta blindata, arredato",Piazza Emilia,"Porta Venezia, Indipendenza",Indipendenza,45.4628,9.21672,Dama RE,02 8974 3871,16,https://www.immobiliare.it/annunci/127483486/,
127384367,"Stanza in affitto in appartamento via Giovanni Paisiello, Milano",590,€ 590/mese,4,1,86 m²,"3°, con ascensore",Autonomo,"fibra ottica, porta blindata, esposizione esterna, impianto tv centralizzato",Via Giovanni Paisiello,"Città Studi, Susa",Città Studi,45.4813,9.21732,Spacest.com by Roomless,02 8974 1955,6,https://www.immobiliare.it/annunci/127384367/,
127419511,"Stanza in affitto in appartamento viale Giovanni Suzzani 269, Milano",650,€ 650/mese,3,2,15 m²,"4° piano, con ascensore",Centralizzato,porta blindata,Viale Giovanni Suzzani 269,"Bicocca, Niguarda",Bignami - Ponale,45.5253,9.20832,TEMPOCASA Milano Bicocca,02 3540 6858,14,https://www.immobiliare.it/annunci/127419511/,
126570281,"Stanza in affitto in appartamento via CORRADO ii° IL SALICO, Milano",670,€ 670/mese,5,2,17 m²,Piano rialzato,Autonomo,"cancello elettrico, fibra ottica, porta blindata, esposizione interna, impianto tv centralizzato, arredato",via CORRADO ii° IL SALICO,"Ripamonti, Vigentino",Ripamonti - Fondazione Prada,45.4413,9.19221,FirstHome,02 3540 6614,34,https://www.immobiliare.it/annunci/126570281/,
127142801,"Stanza in affitto in appartamento via luigi chiarelli, 8, Milano",700,€ 700/mese,2,2,90 m²,,Centralizzato,"aria condizionata, porta blindata","via luigi chiarelli, 8","San Siro, Trenno",Gallaratese,45.4923,9.12188,Elitea,02 5964 7845,45,https://www.immobiliare.it/annunci/127142801/,
127460112,"Stanza singola via Vincenzo Giordano Orsini, Milano",690,€ 690/mese,1,1,14 m²,,Centralizzato,arredato,Via Vincenzo Giordano Orsini,"Bande Nere, Inganni",Bande Nere,45.4622,9.1349,HousingAnywhere,,9,https://www.immobiliare.it/annunci/127460112/,
126037875,"Stanza singola via Bartolomeo d'Alviano, Milano",640,€ 640/mese,1,1,16 m²,,Centralizzato,arredato,Via Bartolomeo d'Alviano,"Bande Nere, Inganni",Lorenteggio,45.4551,9.1403,HousingAnywhere,,9,https://www.immobiliare.it/annunci/126037875/,
126042367,"Stanza singola viale Lodovico Scarampo, Milano",600,€ 600/mese,1,1,16 m²,,Centralizzato,arredato,Viale Lodovico Scarampo,"Fiera, Sempione, City Life, Portello",Monte Rosa - Lotto,45.4823,9.1486,HousingAnywhere,,6,https://www.immobiliare.it/annunci/126042367/,
126041683,"Stanza singola via Leopoldo Sabbatini, Milano",670,€ 670/mese,1,1,15 m²,,Centralizzato,arredato,Via Leopoldo Sabbatini,Navigli,Bocconi,45.4487,9.1879,HousingAnywhere,,6,https://www.immobiliare.it/annunci/126041683/,
126582073,"Stanza in affitto in appartamento via CORRADO ii° IL SALICO, Milano",650,€ 650/mese,1,1,25 m²,1° piano,Centralizzato,"impianto tv centralizzato, arredato, esposizione doppia",via CORRADO ii° IL SALICO,"Ripamonti, Vigentino",Ripamonti - Fondazione Prada,45.4413,9.19221,FirstHome,02 3540 6614,21,https://www.immobiliare.it/annunci/126582073/,
125820655,"Stanza singola via Leopoldo Sabbatini, Milano",670,€ 670/mese,1,1,15 m²,,Centralizzato,arredato,Via Leopoldo Sabbatini,Navigli,Bocconi,45.4487,9.1879,HousingAnywhere,,6,https://www.immobiliare.it/annunci/125820655/,
127381551,"Stanza singola via Francesco Petrarca, Milano",620,€ 620/mese,1,1,15 m²,,Centralizzato,arredato,Via Francesco Petrarca,"Arco della Pace, Arena, Pagano",Vincenzo Monti,45.4711,9.169,HousingAnywhere,,9,https://www.immobiliare.it/annunci/127381551/,
126552369,"Stanza singola via Bartolomeo D'Alviano, Milano",690,€ 690/mese,1,1,8 m²,,Centralizzato,arredato,Via Bartolomeo D'Alviano,"Bande Nere, Inganni",Bande Nere,45.4566,9.1396,HousingAnywhere,,9,https://www.immobiliare.it/annunci/126552369/,
120555246,"Stanza singola viale Gran Sasso, Milano",690,€ 690/mese,1,1,9 m²,,Autonomo,arredato,Viale Gran Sasso,"Città Studi, Susa",Città Studi,45.4822,9.2204,HousingAnywhere,,6,https://www.immobiliare.it/annunci/120555246/,
125982031,"Stanza singola piazza Carlo Stuparich, Milano",625,€ 625/mese,1,1,16 m²,,Centralizzato,arredato,Piazza Carlo Stuparich,"Fiera, Sempione, City Life, Portello",Monte Rosa - Lotto,45.4831,9.1434,HousingAnywhere,,9,https://www.immobiliare.it/annunci/125982031/,
124322601,"Stanza singola via Tolmezzo, Milano",695,€ 695/mese,1,1,9 m²,,Centralizzato,"aria condizionata, arredato",Via Tolmezzo,"Udine, Lambrate",Udine,45.4923,9.2332,HousingAnywhere,,6,https://www.immobiliare.it/annunci/124322601/,
126584129,"Stanza in affitto in appartamento via CORRADO ii° IL SALICO, Milano",590,€ 590/mese,1,1,16 m²,Piano terra,Centralizzato,"porta blindata, esposizione esterna, impianto tv centralizzato, arredato",via CORRADO ii° IL SALICO,"Ripamonti, Vigentino",Ripamonti - Fondazione Prada,45.4413,9.19221,FirstHome,02 3540 6614,20,https://www.immobiliare.it/annunci/126584129/,
126037721,"Stanza singola via Luigi Boccherini, Milano",680,€ 680/mese,1,1,15 m²,,Autonomo,arredato,Via Luigi Boccherini,"Città Studi, Susa",Città Studi,45.4848,9.2227,HousingAnywhere,,6,https://www.immobiliare.it/annunci/126037721/,
126600569,"Stanza singola largo Cavalieri di Malta, Milano",600,€ 600/mese,1,1,11 m²,,Centralizzato,arredato,Largo Cavalieri di Malta,"Bande Nere, Inganni",Lorenteggio,45.4535,9.1379,HousingAnywhere,,9,https://www.immobiliare.it/annunci/126600569/,
126037959,"Stanza singola via Carlo Valvassori Peroni, Milano",680,€ 680/mese,1,1,16 m²,,Centralizzato,arredato,Via Carlo Valvassori Peroni,"Città Studi, Susa",Città Studi,45.4821,9.2367,HousingAnywhere,,9,https://www.immobiliare.it/annunci/126037959/,
127647018,"Stanza in affitto in appartamento viale Piceno, Milano",665,€ 665/mese,5+,2,130 m²,1°,Autonomo,"fibra ottica, porta blindata, esposizione esterna, impianto tv centralizzato",Viale Piceno,"Città Studi, Susa",Plebisciti - Susa,45.4659,9.2176,Spacest.com by Roomless,02 8974 1955,6,https://www.immobiliare.it/annunci/127647018/,
127317533,"Stanza in affitto in appartamento via Ferrante Aporti, Milano",660,€ 660/mese,5+,2,130 m²,3°,Assente,"fibra ottica, porta blindata, esposizione esterna, impianto tv centralizzato",Via Ferrante Aporti,"Pasteur, Rovereto",Pasteur,45.4909,9.21135,Spacest.com by Roomless,02 8974 1955,14,https://www.immobiliare.it/annunci/127317533/,
127646796,"Stanza in affitto in appartamento viale Piceno, Milano",665,€ 665/mese,5+,2,130 m²,1°,Autonomo,"fibra ottica, porta blindata, esposizione esterna, impianto tv centralizzato",Viale Piceno,"Città Studi, Susa",Plebisciti - Susa,45.4659,9.2176,Spacest.com by Roomless,02 8974 1955,6,https://www.immobiliare.it/annunci/127646796/,
127490438,"Stanza in affitto in appartamento via Ferrante Aporti, Milano",660,€ 660/mese,5+,2,130 m²,3°,Assente,"fibra ottica, porta blindata, esposizione esterna, impianto tv centralizzato",Via Ferrante Aporti,"Pasteur, Rovereto",Pasteur,45.4909,9.21135,Spacest.com by Roomless,02 8974 1955,16,https://www.immobiliare.it/annunci/127490438/,
125820605,"Stanza singola via dei Ciclamini, Milano",690,€ 690/mese,1,1,12 m²,,Centralizzato,arredato,Via dei Ciclamini,"Bande Nere, Inganni",Primaticcio,45.4558,9.1279,HousingAnywhere,,8,https://www.immobiliare.it/annunci/125820605/,
125320131,"Stanza singola via Bartolomeo d'Alviano, Milano",600,€ 600/mese,1,1,13 m²,,Centralizzato,arredato,Via Bartolomeo d'Alviano,"Bande Nere, Inganni",Lorenteggio,45.4551,9.1403,HousingAnywhere,,8,https://www.immobiliare.it/annunci/125320131/,
121328646,"Stanza singola via Gerolamo Forni, Milano",700,€ 700/mese,1,1,20 m²,,Centralizzato,,Via Gerolamo Forni,"Affori, Bovisa",Comasina,45.5269,9.166,HousingAnywhere,,5,https://www.immobiliare.it/annunci/121328646/,
126035761,"Stanza singola via Felice Poggi, Milano",600,€ 600/mese,1,1,15 m²,,Centralizzato,arredato,Via Felice Poggi,"Città Studi, Susa",Città Studi,45.4834,9.2282,HousingAnywhere,,5,https://www.immobiliare.it/annunci/126035761/,
126037787,"Stanza singola via Orbetello, Milano",620,€ 620/mese,1,1,15 m²,,Autonomo,arredato,Via Orbetello,"Cimiano, Crescenzago, Adriano",Crescenzago,45.502,9.2463,HousingAnywhere,,5,https://www.immobiliare.it/annunci/126037787/,
126495809,"Stanza singola via Oropa, Milano",600,€ 600/mese,2,1,28 m²,1°,Assente,"ripostiglio, balcone, cucina, sistema di allarme, connessione ad internet, lavatrice, lavastoviglie, tv satellitare/pay tv, portineria, con biancheria, parquet, attacco telefonico, tv, aria condizionata, armadi",Via Oropa,"Cimiano, Crescenzago, Adriano",Cimiano,45.4978,9.2361,Wincapitalrealty,02 5964 9217,1,https://www.immobiliare.it/annunci/126495809/,
126042101,"Stanza singola piazza Piero Gobetti, Milano",700,€ 700/mese,1,1,15 m²,,Autonomo,arredato,Piazza Piero Gobetti,"Città Studi, Susa",Città Studi,45.4858,9.2349,HousingAnywhere,,5,https://www.immobiliare.it/annunci/126042101/,
126037801,"Stanza singola viale Sarca, Milano",620,€ 620/mese,1,1,18 m²,,Autonomo,arredato,Viale Sarca,"Bicocca, Niguarda",Bicocca,45.5163,9.2089,HousingAnywhere,,5,https://www.immobiliare.it/annunci/126037801/,
127347517,"Stanza singola piazzale Giovanni delle Bande Nere, Milano",670,€ 670/mese,1,1,23 m²,4°,Assente,"ripostiglio, giardino, balcone, terrazzo, cucina, connessione ad internet, lavatrice, lavastoviglie, microonde, portineria, parquet, aria condizionata, armadi",Piazzale Giovanni delle Bande Nere,"Bande Nere, Inganni",Bande Nere,45.4614,9.1375,SRG,02 9994 8031,1,https://www.immobiliare.it/annunci/127347517/,
126037879,"Stanza singola via Bartolomeo d'Alviano, Milano",640,€ 640/mese,1,1,14 m²,,Centralizzato,arredato,Via Bartolomeo d'Alviano,"Bande Nere, Inganni",Lorenteggio,45.4551,9.1403,HousingAnywhere,,8,https://www.immobiliare.it/annunci/126037879/,
126037877,"Stanza singola via Bartolomeo d'Alviano, Milano",640,€ 640/mese,1,1,16 m²,,Centralizzato,arredato,Via Bartolomeo d'Alviano,"Bande Nere, Inganni",Lorenteggio,45.4551,9.1403,HousingAnywhere,,8,https://www.immobiliare.it/annunci/126037877/,
126037805,"Stanza singola via Jacopino da Tradate, Milano",690,€ 690/mese,1,1,12 m²,,Autonomo,arredato,Via Jacopino da Tradate,"Uptown, Cascina Merlata, Viale Certosa",Certosa,45.4969,9.1492,HousingAnywhere,,5,https://www.immobiliare.it/annunci/126037805/,
126041641,"Stanza singola viale Monza, Milano",600,€ 600/mese,1,1,14 m²,,Centralizzato,"aria condizionata, arredato",Viale Monza,"Pasteur, Rovereto",Pasteur,45.4923,9.2187,HousingAnywhere,,5,https://www.immobiliare.it/annunci/126041641/,
126037813,"Stanza singola via Jacopino da Tradate, Milano",590,€ 590/mese,1,1,12 m²,,Autonomo,arredato,Via Jacopino da Tradate,"Uptown, Cascina Merlata, Viale Certosa",Certosa,45.4969,9.1492,HousingAnywhere,,5,https://www.immobiliare.it/annunci/126037813/,
127303705,"Stanza in affitto in appartamento via Luigi Boccherini, Milano",680,€ 680/mese,5+,2,300 m²,1°,Assente,"fibra ottica, porta blindata, esposizione esterna, impianto tv centralizzato",Via Luigi Boccherini,"Città Studi, Susa",Città Studi,45.4847,9.22274,Spacest.com by Roomless,02 8974 1955,7,https://www.immobiliare.it/annunci/127303705/,
119733896,"Stanza doppia viale Famagosta, Milano",650,€ 650/mese,1,1,,1° piano,Assente,"ripostiglio, giardino, balcone, cucina, lavatrice, lavastoviglie, microonde, tv satellitare/pay tv, portineria, bagno privato, bagno in comune, tv, armadi",Viale Famagosta,"Famagosta, Barona",Famagosta,45.4371,9.1614,Bonzano Real Estate,02 3540 7951,12,https://www.immobiliare.it/annunci/119733896/,
127569986,"Stanza in affitto in appartamento viale Corsica, Milano",650,€ 650/mese,3,1,75 m²,1°,Assente,"fibra ottica, porta blindata, esposizione esterna, impianto tv centralizzato",Viale Corsica,"Porta Vittoria, Lodi",Porta Vittoria,45.4623,9.2333,Spacest.com by Roomless,02 8974 1955,6,https://www.immobiliare.it/annunci/127569986/,
126496321,"Stanza singola via Tito Livio 2, Milano",700,€ 700/mese,3,2,90 m²,1°,Assente,"ripostiglio, balcone, cucina, connessione ad internet, lavatrice, lavastoviglie, microonde, tv satellitare/pay tv, bagno privato, attacco telefonico, tv, aria condizionata, armadi",Via Tito Livio,"Porta Vittoria, Lodi",Lodi - Brenta,45.4524,9.2146,A Casa Di Imma | Real Estate,02 8126 0735,10,https://www.immobiliare.it/annunci/126496321/,
127570238,"Stanza in affitto in appartamento via Luigi Boccherini, Milano",680,€ 680/mese,5+,3,20 m²,1°,Assente,"fibra ottica, porta blindata, esposizione esterna, impianto tv centralizzato",Via Luigi Boccherini,"Città Studi, Susa",Città Studi,45.4847,9.22274,Spacest.com by Roomless,02 8974 1955,7,https://www.immobiliare.it/annunci/127570238/,
125681655,"Stanza in affitto in appartamento via Passo Rolle, Milano",700,€ 700/mese,1,1,15 m²,"1° piano, con ascensore",Assente,"aria condizionata, fibra ottica, porta blindata, balcone, impianto tv centralizzato, arredato",Via Passo Rolle,"Udine, Lambrate",Quartiere Feltre,45.4889,9.2476,Studio Casa Milano,02 8736 4200,18,https://www.immobiliare.it/annunci/125681655/,
127355901,"Stanza in affitto in appartamento via Mac Mahon, Milano",680,€ 680/mese,3,1,70 m²,2°,Assente,"fibra ottica, porta blindata, esposizione esterna, impianto tv centralizzato",Via Mac Mahon,"Uptown, Cascina Merlata, Viale Certosa",Certosa,45.497,9.15361,Spacest.com by Roomless,02 8974 1955,7,https://www.immobiliare.it/annunci/127355901/,
127118711,"Stanza singola via Giuseppe Bruschetti, Milano",650,€ 650/mese,1,1,10 m²,,Centralizzato,arredato,Via Giuseppe Bruschetti,"Maggiolina, Istria",Cascina dei Pomi,45.4924,9.2078,HousingAnywhere,,7,https://www.immobiliare.it/annunci/127118711/,
125390951,"Stanza singola via Don Carlo Gnocchi, Milano",695,€ 695/mese,1,1,10 m²,,Centralizzato,arredato,Via Don Carlo Gnocchi,"San Siro, Trenno",San Siro,45.4719,9.1255,HousingAnywhere,,7,https://www.immobiliare.it/annunci/125390951/,
126791909,"Stanza singola via Giuseppe Bruschetti, Milano",640,€ 640/mese,1,1,21 m²,,Centralizzato,arredato,Via Giuseppe Bruschetti,"Maggiolina, Istria",Cascina dei Pomi,45.4924,9.2078,HousingAnywhere,,7,https://www.immobiliare.it/annunci/126791909/,
127138781,"Stanza singola via Giuseppe Bruschetti, Milano",670,€ 670/mese,1,1,20 m²,,Centralizzato,arredato,Via Giuseppe Bruschetti,"Maggiolina, Istria",Cascina dei Pomi,45.4924,9.2078,HousingAnywhere,,7,https://www.immobiliare.it/annunci/127138781/,
126041217,"Stanza singola via Giuseppe Bruschetti, Milano",680,€ 680/mese,1,1,19 m²,,Centralizzato,arredato,Via Giuseppe Bruschetti,"Maggiolina, Istria",Cascina dei Pomi,45.4924,9.2078,HousingAnywhere,,7,https://www.immobiliare.it/annunci/126041217/,
125392387,"Stanza singola viale Carlo Espinasse, Milano",610,€ 610/mese,1,1,15 m²,,Centralizzato,arredato,Viale Carlo Espinasse,"Uptown, Cascina Merlata, Viale Certosa",Certosa,45.4988,9.1411,HousingAnywhere,,7,https://www.immobiliare.it/annunci/125392387/,
125846659,"Stanza singola via Angelo de Vincenti, Milano",620,€ 620/mese,1,1,9 m²,,Centralizzato,arredato,Via Angelo de Vincenti,"San Siro, Trenno",San Siro,45.4773,9.1412,HousingAnywhere,,7,https://www.immobiliare.it/annunci/125846659/,
127191055,"Stanza in affitto in appartamento via Rogoredo 27, Milano",600,€ 600/mese,3,,100 m²,3° piano,Assente,"bagno in comune, aria condizionata",Via Rogoredo,"Ponte Lambro, Santa Giulia",Santa Giulia,45.4318,9.2425,Solo Affitti Milano Master2,02 8127 3559,10,https://www.immobiliare.it/annunci/127191055/,
126260941,"Stanza singola via Mosè Bianchi, Milano",680,€ 680/mese,5,3,150 m²,Piano rialzato,Assente,"cucina, connessione ad internet, lavastoviglie, microonde, tv satellitare/pay tv",Via Mosè Bianchi,"Fiera, Sempione, City Life, Portello",Monte Rosa - Lotto,45.4735,9.1479,Casteller real estate agency srl,0461 171 5830,2,https://www.immobiliare.it/annunci/126260941/,
124142161,"Stanza singola via delle Orchidee, Milano",600,€ 600/mese,1,1,18 m²,,Centralizzato,arredato,Via delle Orchidee,"Bande Nere, Inganni",Primaticcio,45.4562,9.1282,HousingAnywhere,,4,https://www.immobiliare.it/annunci/124142161/,
122519254,"Stanza singola via Luigi Scrosati, Milano",700,€ 700/mese,1,1,10 m²,,Centralizzato,arredato,Via Luigi Scrosati,"Bande Nere, Inganni",Lorenteggio,45.4539,9.1401,HousingAnywhere,,4,https://www.immobiliare.it/annunci/122519254/,
127130823,"Stanza singola via delle Forze Armate, Milano",605,€ 605/mese,1,1,11 m²,,Centralizzato,arredato,Via delle Forze Armate,"Bisceglie, Baggio, Olmi",Baggio,45.4597,9.105,HousingAnywhere,,6,https://www.immobiliare.it/annunci/127130823/,
125773327,"Stanza singola via Adeodato Ressi, Milano",635,€ 635/mese,1,1,11 m²,,Centralizzato,arredato,Via Adeodato Ressi,"Maggiolina, Istria",Maggiolina,45.496,9.2054,HousingAnywhere,,6,https://www.immobiliare.it/annunci/125773327/,
127516170,"Stanza in affitto in appartamento viale Vittorio Veneto 8, Milano",700,€ 700/mese,1,2,18 m²,,Autonomo,"bagno in comune, tv, aria condizionata, fibra ottica, impianto tv con parabola satellitare",Viale Vittorio Veneto,"Porta Venezia, Indipendenza",Porta Venezia,45.4759,9.20297,Solo Affitti - Agenzia Milano Master 1,02 5964 5601,23,https://www.immobiliare.it/annunci/127516170/,
121912658,"Stanza doppia via Ambrogio Campiglio 4, Milano",600,€ 600/mese,,1,20 m²,1°,Assente,"balcone, cucina",Via Ambrogio Campiglio,"Città Studi, Susa",Città Studi,45.4818,9.2327,Affiliato Tecnocasa: STIMA IMMOBILIARE SRL,02 8295 4503,12,https://www.immobiliare.it/annunci/121912658/,
127220765,"Stanza doppia viale Famagosta 30, Milano",690,€ 690/mese,1,1,22 m²,Piano terra,Centralizzato,"connessione ad internet, piscina, campo da tennis, lavatrice, microonde, con biancheria, armadi, cucina",Viale Famagosta,"Famagosta, Barona",Famagosta,45.437,9.16026,Privato/Nessuna,,17,https://www.immobiliare.it/annunci/127220765/,
126042999,"Stanza singola via Carlo Marx, Milano",650,€ 650/mese,1,1,10 m²,,Autonomo,arredato,Via Carlo Marx,"Bisceglie, Baggio, Olmi",Quarto Cagnino,45.4721,9.1115,HousingAnywhere,,5,https://www.immobiliare.it/annunci/126042999/,
125391627,"Stanza singola via Felice Casati, Milano",595,€ 595/mese,1,1,12 m²,,Centralizzato,arredato,Via Felice Casati,"Centrale, Repubblica",Buenos Aires,45.4789,9.2032,HousingAnywhere,,5,https://www.immobiliare.it/annunci/125391627/,
127352385,"Stanza singola viale Legioni Romane, Milano",685,€ 685/mese,1,1,13 m²,,Centralizzato,arredato,Viale Legioni Romane,"Bande Nere, Inganni",Bande Nere,45.4601,9.1321,HousingAnywhere,,5,https://www.immobiliare.it/annunci/127352385/,
126335219,"Stanza singola viale Legioni Romane, Milano",685,€ 685/mese,1,1,14 m²,,Centralizzato,arredato,Viale Legioni Romane,"Bande Nere, Inganni",Bande Nere,45.4601,9.1321,HousingAnywhere,,5,https://www.immobiliare.it/annunci/126335219/,
126335217,"Stanza singola via delle Forze Armate, Milano",655,€ 655/mese,1,1,14 m²,,Centralizzato,arredato,Via delle Forze Armate,"Bisceglie, Baggio, Olmi",Baggio,45.4597,9.105,HousingAnywhere,,5,https://www.immobiliare.it/annunci/126335217/,
126041229,"Stanza singola viale Legioni Romane, Milano",700,€ 700/mese,1,1,16 m²,,Centralizzato,arredato,Viale Legioni Romane,"Bande Nere, Inganni",Bande Nere,45.4601,9.1321,HousingAnywhere,,5,https://www.immobiliare.it/annunci/126041229/,
125058269,"Stanza singola via Matteo Civitali 73, Milano",620,€ 620/mese,4,1,30 m²,2°,Centralizzato,"microonde, lavastoviglie, lavatrice, tv, armadi, cucina",Via Matteo Civitali,"San Siro, Trenno",San Siro,45.4748,9.12882,Privato/Nessuna,,2,https://www.immobiliare.it/annunci/125058269/,
126036859,"Stanza singola via Luigi Scrosati, Milano",660,€ 660/mese,1,1,9 m²,,Centralizzato,arredato,Via Luigi Scrosati,"Bande Nere, Inganni",Lorenteggio,45.4539,9.1401,HousingAnywhere,,3,https://www.immobiliare.it/annunci/126036859/,
122626708,"Stanza singola via Luigi Scrosati, Milano",700,€ 700/mese,1,1,10 m²,,Centralizzato,arredato,Via Luigi Scrosati,"Bande Nere, Inganni",Lorenteggio,45.4539,9.1401,HousingAnywhere,,3,https://www.immobiliare.it/annunci/122626708/,
123287965,"Stanza singola via Luigi Scrosati, Milano",690,€ 690/mese,1,1,12 m²,,Centralizzato,arredato,Via Luigi Scrosati,"Bande Nere, Inganni",Lorenteggio,45.4539,9.1401,HousingAnywhere,,3,https://www.immobiliare.it/annunci/123287965/,
123294511,"Stanza singola via Luigi Scrosati, Milano",690,€ 690/mese,1,1,10 m²,,Centralizzato,arredato,Via Luigi Scrosati,"Bande Nere, Inganni",Lorenteggio,45.4539,9.1401,HousingAnywhere,,3,https://www.immobiliare.it/annunci/123294511/,
127509670,"Stanza singola via Alessandro Litta Modignani 109, Milano",650,€ 650/mese,3,1,,4°,Centralizzato,"balcone, ascensore, connessione ad internet, lavatrice, lavastoviglie, microonde, armadi, cucina",Via Alessandro Litta Modignani,"Affori, Bovisa",Affori,45.5201,9.15376,Privato/Nessuna,,8,https://www.immobiliare.it/annunci/127509670/,
127459982,"Stanza singola via Luigi Scrosati, Milano",690,€ 690/mese,1,1,10 m²,,Centralizzato,arredato,Via Luigi Scrosati,"Bande Nere, Inganni",Lorenteggio,45.4539,9.1401,HousingAnywhere,,3,https://www.immobiliare.it/annunci/127459982/,
123123145,"Stanza singola via delle Orchidee, Milano",630,€ 630/mese,1,1,18 m²,,Centralizzato,arredato,Via delle Orchidee,"Bande Nere, Inganni",Primaticcio,45.4562,9.1282,HousingAnywhere,,3,https://www.immobiliare.it/annunci/123123145/,
127393583,"Stanza singola Bastioni di Porta Volta 11, Milano",600,€ 600/mese,4,1,100 m²,2°,Centralizzato,"ascensore, lavatrice, microonde, portineria, con biancheria, tv, armadi, accesso per disabili",Bastioni di Porta Volta,"Garibaldi, Moscova, Porta Nuova",Moscova,45.4791,9.18197,Privato/Nessuna,,4,https://www.immobiliare.it/annunci/127393583/,
126041207,"Stanza singola viale Legioni Romane, Milano",590,€ 590/mese,1,1,13 m²,,Centralizzato,arredato,Viale Legioni Romane,"Bande Nere, Inganni",Bande Nere,45.4601,9.1321,HousingAnywhere,,4,https://www.immobiliare.it/annunci/126041207/,
110136743,"Stanza singola via Pallanza, Milano",600,€ 600/mese,1,1,6 m²,,Autonomo,arredato,Via Pallanza,"Maggiolina, Istria",Maggiolina,45.5029,9.1998,HousingAnywhere,,5,https://www.immobiliare.it/annunci/110136743/,
125391885,"Stanza singola viale Tibaldi, Milano",630,€ 630/mese,1,1,10 m²,,Centralizzato,arredato,Viale Tibaldi,Navigli,Corso San Gottardo,45.4443,9.1824,HousingAnywhere,,4,https://www.immobiliare.it/annunci/125391885/,
110136745,"Stanza singola via Pallanza, Milano",600,€ 600/mese,1,1,6 m²,,Autonomo,arredato,Via Pallanza,"Maggiolina, Istria",Maggiolina,45.5029,9.1998,HousingAnywhere,,5,https://www.immobiliare.it/annunci/110136745/,
124267169,"Stanza singola piazzale Lodi, Milano",650,€ 650/mese,4,1,150 m²,8°,Assente,"ripostiglio, balcone, cucina, sistema di allarme, microonde, bagno privato",Piazzale Lodi,"Porta Romana, Cadore, Montenero",Porta Romana - Medaglie d'Oro,45.4477,9.21,Wincapitalrealty,02 5964 9217,1,https://www.immobiliare.it/annunci/124267169/,
125820705,"Stanza singola via Antonio Kramer, Milano",600,€ 600/mese,1,1,15 m²,,Centralizzato,"aria condizionata, arredato",Via Antonio Kramer,"Porta Venezia, Indipendenza",Piave - Tricolore,45.4706,9.2084,HousingAnywhere,,2,https://www.immobiliare.it/annunci/125820705/,
125438371,"Stanza singola via Monte Cengio, Milano",675,€ 675/mese,1,1,10 m²,,Autonomo,arredato,Via Monte Cengio,"Ponte Lambro, Santa Giulia",Santa Giulia,45.4312,9.2456,HousingAnywhere,,2,https://www.immobiliare.it/annunci/125438371/,
127595550,"Stanza singola San Carlo, Milano",690,€ 690/mese,5,3,35 m²,4°,Assente,"cucina, connessione ad internet, lavatrice, lavastoviglie, microonde, portineria, bagno in comune, aria condizionata, armadi",Via Cascina Barocco,"San Siro, Trenno",San Carlo,45.4618,9.1085,Top Eventi Immobiliare srl,031 836 7656,11,https://www.immobiliare.it/annunci/127595550/,
126423243,"Stanza in affitto in casa indipendente via bonaventura zumbini , 36, Milano",600,€ 600/mese,2,1,16 m²,,Centralizzato,"porta blindata, arredato","via bonaventura zumbini , 36","Famagosta, Barona",Barona,45.4409,9.15633,Studio 15 Soluzioni Immobiliari Srl,02 3540 5769,7,https://www.immobiliare.it/annunci/126423243/,
126041389,"Stanza singola via Nicola D'Apulia, Milano",595,€ 595/mese,1,1,11 m²,,Centralizzato,arredato,Via Nicola D'Apulia,"Pasteur, Rovereto",Rovereto,45.4947,9.2151,HousingAnywhere,,2,https://www.immobiliare.it/annunci/126041389/,
122863512,"Stanza in affitto in appartamento via moltrasio, 3, Milano",600,€ 600/mese,1,1,20 m²,,Centralizzato,"fibra ottica, porta blindata, balcone, arredato","via moltrasio, 3","Bisceglie, Baggio, Olmi",Baggio,45.4582,9.08871,Colicci Immobiliare,02 8127 8041,8,https://www.immobiliare.it/annunci/122863512/,
127166643,"Stanza singola viale Legioni Romane, Milano",675,€ 675/mese,1,1,12 m²,,Centralizzato,arredato,Viale Legioni Romane,"Bande Nere, Inganni",Bande Nere,45.4601,9.1321,HousingAnywhere,,1,https://www.immobiliare.it/annunci/127166643/,
126956707,"Stanza singola viale Legioni Romane, Milano",700,€ 700/mese,1,1,18 m²,,Centralizzato,arredato,Viale Legioni Romane,"Bande Nere, Inganni",Bande Nere,45.4601,9.1321,HousingAnywhere,,1,https://www.immobiliare.it/annunci/126956707/,
123461961,"Stanza in affitto in appartamento Villa San Giovanni, Milano",650,€ 650/mese,3,2,14 m²,"6° piano, con ascensore",Centralizzato,"balcone, parzialmente arredato",Via Vipacco,"Precotto, Turro",Villa San Giovanni,45.5175,9.22541,Formula Abitare S.A.S. di Scavetta Emilia & C.,346 412 9450,10,https://www.immobiliare.it/annunci/123461961/,
124959537,"Stanza in affitto in appartamento via Fryderyk Chopin, Milano",620,€ 620/mese,,,33 m²,1°,Assente,,Via Fryderyk Chopin,"Ripamonti, Vigentino",Vigentino - Fatima,45.4279,9.2062,Riem,039 968 5843,0,https://www.immobiliare.it/annunci/124959537/,
127128675,"Stanza in affitto in appartamento Giulio Corrado Venini 1 ,, Milano",700,€ 700/mese,,,10 m²,,Assente,,"Giulio Corrado Venini 1 ,",Centro,Duomo,45.4637,9.18817,Stanza Semplice,0461 176 1935,21,https://www.immobiliare.it/annunci/127128675/,
126759887,"Stanza in affitto in appartamento via Marco d'Agrate, Milano",620,€ 620/mese,,,25 m²,1°,Assente,,Via Marco d'Agrate,"Corvetto, Rogoredo",Corvetto,45.4369,9.2128,Riem,039 968 5843,0,https://www.immobiliare.it/annunci/126759887/,
127128673,"Stanza in affitto in appartamento Tel Aviv 1 ,, Milano",700,€ 700/mese,,,24 m²,,Assente,,"Tel Aviv 1 ,",Centro,Duomo,45.4637,9.18817,Stanza Semplice,0461 176 1935,12,https://www.immobiliare.it/annunci/127128673/,
127128677,"Stanza in affitto in appartamento Corridoni 6 ,, Milano",700,€ 700/mese,,,13 m²,,Assente,,"Corridoni 6 ,",Centro,Duomo,45.4637,9.18817,Stanza Semplice,0461 176 1935,8,https://www.immobiliare.it/annunci/127128677/,
126261545,"Stanza in affitto in appartamento Beato Padre Pio da Pietralcina 2 ,, Milano",600,€ 600/mese,,,10 m²,,Assente,,"Beato Padre Pio da Pietralcina 2 ,",Centro,Duomo,45.4637,9.18817,Stanza Semplice,0461 176 1935,6,https://www.immobiliare.it/annunci/126261545/,
127617720,"Stanza singola via Gentile Bellini 10, Milano",650,€ 650/mese,3,1,20 m²,1°,Centralizzato,"balcone, ascensore, lavatrice, portineria, armadi, cucina",Via Gentile Bellini,"Famagosta, Barona",Giambellino,45.4495,9.14348,Privato/Nessuna,,14,https://www.immobiliare.it/annunci/127617720/,
127578178,"Stanza singola via Zuara 14, Milano",690,€ 690/mese,5+,2,,1°,Centralizzato,"terrazzo, connessione ad internet, ripostiglio, lavatrice, lavastoviglie, microonde, con biancheria, cucina",Via Zuara,"Napoli, Soderini",Tripoli - Soderini,45.4571,9.14954,Privato/Nessuna,,16,https://www.immobiliare.it/annunci/127578178/,
127509610,"Stanza singola via Alfonso Capecelatro 20, Milano",600,€ 600/mese,5,1,18 m²,6°,Centralizzato,"ascensore, lavatrice, lavastoviglie, portineria, armadi, cucina",Via Alfonso Capecelatro,"San Siro, Trenno",San Siro,45.4692,9.13259,Privato/Nessuna,,5,https://www.immobiliare.it/annunci/127509610/,
127493634,"Stanza singola via Antonio Lissoni 13, Milano",600,€ 600/mese,5+,2,120 m²,1°,Centralizzato,"ascensore, connessione ad internet, giardino, lavastoviglie, microonde, con biancheria, tv, armadi, cucina",Via Antonio Lissoni,"Bicocca, Niguarda",Bignami - Ponale,45.5225,9.20801,Privato/Nessuna,,5,https://www.immobiliare.it/annunci/127493634/,
98018788,"Stanza singola piazza Tirana 6, Milano",650,€ 650/mese,5+,2,14 m²,4°,Centralizzato,"connessione ad internet, ripostiglio, lavatrice, lavastoviglie, microonde, ascensore, tv, armadi, cucina",Piazza Tirana,"Famagosta, Barona",Giambellino,45.4447,9.12829,Privato/Nessuna,,17,https://www.immobiliare.it/annunci/98018788/,
117480917,"Stanza singola via Volvinio 48, Milano",600,€ 600/mese,2,1,35 m²,1°,Centralizzato,"lavatrice, balcone, ascensore, armadi, cucina",Via Volvinio,"Abbiategrasso, Chiesa Rossa",Cermenate - Abbiategrasso,45.4338,9.1836,Privato/Nessuna,,16,https://www.immobiliare.it/annunci/117480917/,
87494704,"Stanza singola via Ugo Betti 127, Milano",650,€ 650/mese,1,2,110 m²,Piano rialzato,Centralizzato,"balcone, connessione ad internet, lavatrice, microonde, giardino, cucina, sistema di allarme, ascensore, ripostiglio, campo da tennis, lavastoviglie, bagno privato, parquet, armadi, tv, ingresso privato, arredato",Via Ugo Betti,"San Siro, Trenno",Gallaratese,45.4945,9.10704,Privato/Nessuna,,15,https://www.immobiliare.it/annunci/87494704/,
118873569,"Stanza singola viale Ungheria 13, Milano",650,€ 650/mese,3,1,80 m²,Piano rialzato,Centralizzato,"balcone, ascensore, connessione ad internet, giardino, lavatrice, lavastoviglie, microonde, portineria, tv, con biancheria, armadi, cucina",Viale Ungheria,Forlanini,Viale Ungheria - Mecenate,45.4461,9.24923,Privato/Nessuna,,19,https://www.immobiliare.it/annunci/118873569/,
125414737,"Stanza singola via Pietro Gaggia 19, Milano",650,€ 650/mese,1,1,18 m²,Piano terra,Centralizzato,"connessione ad internet, giardino, piscina, cucina",Via Pietro Gaggia,"Porta Vittoria, Lodi",Bologna - Sulmona,45.4385,9.2336,Privato/Nessuna,,10,https://www.immobiliare.it/annunci/125414737/,
113823673,"Stanza singola via Padova 186, Milano",610,€ 610/mese,3,1,90 m²,6°,Centralizzato,"lavatrice, terrazzo, tv, armadi, con biancheria, cucina",Via Padova,"Cimiano, Crescenzago, Adriano",Cimiano,45.5013,9.23701,Privato/Nessuna,,9,https://www.immobiliare.it/annunci/113823673/,
110008693,"Stanza singola via Lazzaro Palazzi 4, Milano",700,€ 700/mese,2,1,25 m²,4°,Autonomo,"balcone, connessione ad internet, ripostiglio, lavatrice, microonde, portineria, ascensore, armadi, bagno privato, cucina",Via Lazzaro Palazzi,"Porta Venezia, Indipendenza",Porta Venezia,45.4764,9.20591,Privato/Nessuna,,8,https://www.immobiliare.it/annunci/110008693/,
122686974,"Stanza doppia via Palmanova 53, Milano",700,€ 700/mese,5+,2,20 m²,3°,Autonomo,"balcone, ascensore, sistema di allarme, giardino, lavatrice, armadi, cucina",Via Palmanova,"Cimiano, Crescenzago, Adriano",Cimiano,45.4954,9.23456,Privato/Nessuna,,13,https://www.immobiliare.it/annunci/122686974/,
112067679,"Stanza singola via Sulmona 23, Milano",600,€ 600/mese,3,1,16 m²,Piano rialzato,Centralizzato,"ascensore, connessione ad internet, lavatrice, lavastoviglie, microonde, portineria, armadi, tv, accesso per disabili, bagno per disabili, cucina",Via Sulmona,"Porta Vittoria, Lodi",Bologna - Sulmona,45.4448,9.22829,Privato/Nessuna,,6,https://www.immobiliare.it/annunci/112067679/,
126544735,"Stanza singola via Monte Popera 11, Milano",650,€ 650/mese,3,1,20 m²,6°,Centralizzato,"balcone, ascensore, connessione ad internet, ripostiglio, lavatrice, portineria, armadi, cucina",Via Monte Popera,"Ponte Lambro, Santa Giulia",Santa Giulia,45.4315,9.24627,Privato/Nessuna,,11,https://www.immobiliare.it/annunci/126544735/,
120489746,"Stanza singola via Monte Palombino 10, Milano",600,€ 600/mese,5+,2,18 m²,3°,Autonomo,"connessione ad internet, lavatrice, microonde, armadi, cucina",Via Monte Palombino,"Ponte Lambro, Santa Giulia",Santa Giulia,45.4322,9.24451,Privato/Nessuna,,18,https://www.immobiliare.it/annunci/120489746/,
103742044,"Stanza singola via Flavio Andò 3, Milano",600,€ 600/mese,2,1,18 m²,1°,Centralizzato,"ascensore, connessione ad internet, ripostiglio, lavatrice, lavastoviglie, microonde, balcone, armadi, tv, cucina",Via Flavio Andò,,,45.4998,9.15103,Privato/Nessuna,,19,https://www.immobiliare.it/annunci/103742044/,
121470426,"Stanza singola via Ugo Ojetti, Milano",600,€ 600/mese,4,1,17 m²,2°,Centralizzato,"ascensore, connessione ad internet, ripostiglio, giardino, lavatrice, lavastoviglie, microonde, con biancheria, cucina",Via Ugo Ojetti,"San Siro, Trenno",Gallaratese,45.4943,9.11216,Privato/Nessuna,,12,https://www.immobiliare.it/annunci/121470426/,
121984446,"Stanza singola via Emilio Broglio 25, Milano",670,€ 670/mese,4,1,,1°,Assente,"connessione ad internet, lavatrice, lavastoviglie, microonde, cucina",Via Emilio Broglio,"Affori, Bovisa",Bovisa,45.5023,9.16252,Privato/Nessuna,,19,https://www.immobiliare.it/annunci/121984446/,
118616035,"Stanza singola via Accademia 39, Milano",700,€ 700/mese,3,1,100 m²,2°,Assente,"ripostiglio, balcone, cucina, connessione ad internet, lavatrice, lavastoviglie, microonde, portineria, bagno in comune, parquet, tv, aria condizionata, armadi",Via Accademia,"Città Studi, Susa",Casoretto,45.487,9.2278,Centro Casa Costruzioni,02 5964 5283,9,https://www.immobiliare.it/annunci/118616035/,
123722943,"Stanza singola Milano, Guido Guarini Matteucci 1, Milano",655,€ 655/mese,5+,2,16 m²,"3° piano, con ascensore",Centralizzato,"arredata, bagno in comune, armadi, aria condizionata, balcone, arredato","Milano, Guido Guarini Matteucci 1","Bicocca, Niguarda",Ca' Granda,45.5052,9.1993,Phosphoro S.R.L.,0461 176 1936,13,https://www.immobiliare.it/annunci/123722943/,
124988747,"Stanza singola via Rimini 24, Milano",680,€ 680/mese,3,1,60 m²,3°,Assente,bagno in comune,Via Rimini,"Famagosta, Barona",Famagosta,45.4409,9.171,Marnini Sas,02 5964 7482,19,https://www.immobiliare.it/annunci/124988747/,
122306742,"Stanza singola viale Ungheria 19, Milano",650,€ 650/mese,2,1,65 m²,6°,Assente,"balcone, cucina, lavatrice, microonde, portineria, bagno in comune, parquet, aria condizionata, armadi",Viale Ungheria,Forlanini,Viale Ungheria - Mecenate,45.4462,9.251,Affiliato Tecnorete: STUDIO IMMOBILIARE UNGHERIA SRL,02 5964 5916,7,https://www.immobiliare.it/annunci/122306742/,
126613589,"Stanza singola via Angelo Masina 7, Milano",650,€ 650/mese,4,2,85 m²,3°,Assente,"cucina, lavatrice, lavastoviglie, microonde, bagno in comune, aria condizionata, armadi",Via Angelo Masina,"Affori, Bovisa",Dergano,45.4991,9.174,Sognocasa srl,02 8295 1858,14,https://www.immobiliare.it/annunci/126613589/,
126999913,"Stanza doppia via Giacomo Boni 2, Milano",640,€ 640/mese,3,1,95 m²,2°,Assente,"ripostiglio, giardino, balcone, cucina, connessione ad internet, lavatrice, lavastoviglie, tv satellitare/pay tv, portineria, bagno in comune, attacco telefonico, tv, aria condizionata, armadi",Via Giacomo Boni,"Solari, Washington",Washington,45.4612,9.1571,Prestige Solutions,02 8126 0360,26,https://www.immobiliare.it/annunci/126999913/,
125528991,"Stanza singola via Medeghino 7, Milano",600,€ 600/mese,4,2,140 m²,4°,Assente,"bagno privato, bagno in comune, aria condizionata",Via Medeghino,"Abbiategrasso, Chiesa Rossa",Chiesa Rossa,45.4325,9.1827,Marnini Sas,02 5964 7482,8,https://www.immobiliare.it/annunci/125528991/,
125429505,"Stanza singola via Luigi Chiarelli 12, Milano",670,€ 670/mese,3,1,95 m²,5°,Assente,"ripostiglio, balcone, cucina, lavatrice, bagno in comune, armadi",Via Luigi Chiarelli,"San Siro, Trenno",Gallaratese,45.4914,9.1216,QT8 Immobiliare S.N.C. di Sandra Innocenti & C.,02 8974 1152,28,https://www.immobiliare.it/annunci/125429505/,
125271547,"Stanza doppia via Lorenzo Valla 25, Milano",600,€ 600/mese,2,1,62 m²,7°,Assente,"giardino, balcone, cucina, lavatrice, lavastoviglie, portineria, bagno in comune, tv, aria condizionata, armadi",Via Lorenzo Valla,"Abbiategrasso, Chiesa Rossa",Chiesa Rossa,45.4338,9.1853,F.I.L. Casa Agency S.r.l.,02 4952 3960,19,https://www.immobiliare.it/annunci/125271547/,
123100463,"Stanza singola piazza Tirana 2, Milano",630,€ 630/mese,4,1,15 m²,6°,Assente,"ripostiglio, balcone, lavatrice, bagno in comune, tv, armadi",Piazza Tirana,"Famagosta, Barona",Giambellino,45.4448,9.1286,Vendereoaffittare.com,02 5964 3719,13,https://www.immobiliare.it/annunci/123100463/,
127390673,"Stanza singola via Giacomo Zanella, Milano",600,€ 600/mese,5,1,18 m²,6°,Assente,"giardino, balcone, terrazzo, cucina, bagno in comune, parquet, tv, aria condizionata",Via Giacomo Zanella,"Città Studi, Susa",Argonne - Corsica,45.4642,9.2282,Grimaldi Immobiliare Milano Maggiolina,02 5964 5473,39,https://www.immobiliare.it/annunci/127390673/,
125844601,"Stanza doppia via Santa Rita da Cascia 23, Milano",600,€ 600/mese,3,1,70 m²,2°,Assente,"ripostiglio, giardino, balcone, connessione ad internet, lavatrice, lavastoviglie, microonde, portineria, aria condizionata, armadi",Via Santa Rita da Cascia,"Famagosta, Barona",Barona,45.4406,9.1508,MiHome,02 5964 8217,30,https://www.immobiliare.it/annunci/125844601/,
126535985,"Stanza singola via Brunico 22, Milano",700,€ 700/mese,4,2,137 m²,6°,Assente,"giardino, balcone, terrazzo, cucina, lavatrice, lavastoviglie, tv satellitare/pay tv, bagno in comune, parquet, attacco telefonico, tv, armadi",Via Brunico,"Precotto, Turro",Villa San Giovanni,45.5185,9.2233,EVOL Consulenze Immobiliari,02 5964 7813,10,https://www.immobiliare.it/annunci/126535985/,
127649290,"Stanza singola via Beltrame Cristiani 27, Milano",600,€ 600/mese,,3+,140 m²,7°,Assente,"ripostiglio, cucina, connessione ad internet, lavatrice, microonde, bagno in comune, parquet, aria condizionata, armadi",Via Beltrame Cristiani,"Bicocca, Niguarda",Bignami - Ponale,45.5233,9.2056,Studio6Erre,02 8736 4208,40,https://www.immobiliare.it/annunci/127649290/,
117767391,"Stanza singola via Alserio 3, Milano",625,€ 625/mese,3,1,,1° piano,Assente,"cucina, connessione ad internet, lavatrice, lavastoviglie, microonde, portineria, bagno in comune, tv, armadi",Via Alserio,"Cenisio, Sarpi, Isola",Farini,45.4914,9.1848,SoluzioneSama - SAMA Srl,02 4422 0279,17,https://www.immobiliare.it/annunci/117767391/,
125674219,"Stanza singola via Agrigento 1, Milano",700,€ 700/mese,4,1,75 m²,Piano terra,Assente,,Via Agrigento,"San Siro, Trenno",QT8,45.4832,9.1369,Marnini Sas,02 5964 7482,30,https://www.immobiliare.it/annunci/125674219/,
122617726,"Stanza singola via Rimini 24, Milano",680,€ 680/mese,4,1,55 m²,1°,Assente,"bagno in comune, aria condizionata",Via Rimini,"Famagosta, Barona",Famagosta,45.4409,9.171,Marnini Sas,02 5964 7482,14,https://www.immobiliare.it/annunci/122617726/,
126612029,"Stanza singola viale Umbria 66, Milano",700,€ 700/mese,3,1,70 m²,2°,Assente,"giardino, cucina, connessione ad internet, lavatrice, bagno in comune, parquet, armadi",Viale Umbria,"Porta Vittoria, Lodi",Martini - Insubria,45.4551,9.2166,Sognocasa srl,02 8295 1858,20,https://www.immobiliare.it/annunci/126612029/,
127342475,"Stanza singola Bocconi, Milano",650,€ 650/mese,4,2,85 m²,3°,Assente,"cucina, lavatrice, bagno in comune, armadi",Via Giuseppe Ripamonti,Navigli,Bocconi,45.4501,9.197,Gabetti Franchising Milano Navigli Bocconi,02 3540 6541,22,https://www.immobiliare.it/annunci/127342475/,
126668189,"Stanza singola via Varesina 124, Milano",650,€ 650/mese,3,1,75 m²,3°,Assente,"balcone, cucina, lavatrice, bagno in comune, armadi",Via Varesina,"Uptown, Cascina Merlata, Viale Certosa",Certosa,45.5005,9.1422,Sognocasa srl,02 8295 1858,10,https://www.immobiliare.it/annunci/126668189/,
126918677,"Stanza singola viale Ca' Granda 44, Milano",600,€ 600/mese,3,1,17 m²,2°,Assente,"balcone, cucina, lavatrice, microonde, portineria, bagno in comune",Viale Ca' Granda,"Bicocca, Niguarda",Prato Centenaro,45.5088,9.1917,4Real Estate,02 5964 9472,15,https://www.immobiliare.it/annunci/126918677/,
127340927,"Stanza singola Bocconi, Milano",700,€ 700/mese,4,2,85 m²,3°,Assente,"cucina, lavatrice, bagno in comune, parquet, armadi",Via Giuseppe Ripamonti,Navigli,Bocconi,45.4501,9.197,Gabetti Franchising Milano Navigli Bocconi,02 3540 6541,19,https://www.immobiliare.it/annunci/127340927/,
126611519,"Stanza singola via Empoli 11, Milano",600,€ 600/mese,4,2,80 m²,3°,Assente,"giardino, balcone, terrazzo, cucina, connessione ad internet, lavatrice, lavastoviglie, bagno in comune",Via Empoli,"Bicocca, Niguarda",Bignami - Ponale,45.5258,9.206,Sognocasa srl,02 8295 1858,15,https://www.immobiliare.it/annunci/126611519/,
126744629,"Stanza singola via Giacomo Pinaroli, Milano",600,€ 600/mese,3,1,78 m²,2°,Assente,"balcone, cucina, connessione ad internet, lavatrice, lavastoviglie, microonde, portineria, bagno in comune, armadi",Via Giacomo Pinaroli,"Porta Romana, Cadore, Montenero",Cadore,45.4592,9.2131,Io Casa,02 8974 4152,16,https://www.immobiliare.it/annunci/126744629/,
124549525,"Stanza singola corso Lodi, Milano",700,€ 700/mese,4,2,119 m²,Piano terra,Assente,"connessione ad internet, lavatrice, lavastoviglie",Corso Lodi,"Porta Vittoria, Lodi",Lodi - Brenta,45.4429,9.2183,Io Casa,02 8974 4152,16,https://www.immobiliare.it/annunci/124549525/,
119621403,"Stanza singola via Generale Giuseppe Govone 68, Milano",650,€ 650/mese,2,1,20 m²,2°,Centralizzato,"ascensore, connessione ad internet, lavatrice, armadi, cucina",Via Generale Giuseppe Govone,"Uptown, Cascina Merlata, Viale Certosa",Ghisolfa - Mac Mahon,45.4927,9.16326,Privato/Nessuna,,4,https://www.immobiliare.it/annunci/119621403/,
120022914,"Stanza doppia via Empedocle 16, Milano",630,€ 630/mese,3,1,60 m²,"2 piani: Piano rialzato, 1°",Autonomo,"connessione ad internet, ripostiglio, portineria, lavastoviglie, lavatrice, ascensore, armadi, ingresso privato, con biancheria, accesso per disabili, bagno per disabili, cucina",Via Empedocle,"Precotto, Turro",Villa San Giovanni,45.5191,9.22886,Privato/Nessuna,,3,https://www.immobiliare.it/annunci/120022914/,
121990418,"Stanza singola via Bartolomeo d'Alviano 2, Milano",700,€ 700/mese,2,1,4 m²,4°,Centralizzato,"balcone, ascensore, giardino, lavatrice, portineria, cucina",Via Bartolomeo d'Alviano,"Napoli, Soderini",Tripoli - Soderini,45.4528,9.14212,Privato/Nessuna,,11,https://www.immobiliare.it/annunci/121990418/,
109860009,"Stanza singola viale Giovanni Suzzani 294, Milano",600,€ 600/mese,4,2,127 m²,1°,Centralizzato,"ascensore, connessione ad internet, ripostiglio, lavatrice, lavastoviglie, balcone, giardino, armadi, cucina",Viale Giovanni Suzzani,"Bicocca, Niguarda",Bignami - Ponale,45.528,9.21052,Privato/Nessuna,,9,https://www.immobiliare.it/annunci/109860009/,
95732380,"Stanza singola via Orobia 33, Milano",600,€ 600/mese,5,1,110 m²,1°,Autonomo,"balcone, connessione ad internet, ripostiglio, giardino, lavatrice, microonde, con biancheria, armadi, accesso per disabili, bagno per disabili, cucina",Via Orobia,"Ripamonti, Vigentino",Ripamonti - Fondazione Prada,45.44,9.20594,Privato/Nessuna,,9,https://www.immobiliare.it/annunci/95732380/,
120294248,"Stanza singola via San Mirocle 10, Milano",600,€ 600/mese,4,2,14 m²,7°,Autonomo,"ascensore, connessione ad internet, ripostiglio, giardino, lavatrice, lavastoviglie, microonde, terrazzo, armadi, bagno privato, cucina",Via San Mirocle,"Ponte Lambro, Santa Giulia",Santa Giulia,45.4347,9.2453,Privato/Nessuna,,12,https://www.immobiliare.it/annunci/120294248/,
127368665,"Stanza singola via Sulmona 23, Milano",650,€ 650/mese,2,1,14 m²,4°,Centralizzato,"balcone, ascensore, lavatrice, microonde, portineria, armadi, cucina",Via Sulmona,"Porta Vittoria, Lodi",Bologna - Sulmona,45.4448,9.22829,Privato/Nessuna,,11,https://www.immobiliare.it/annunci/127368665/,
124473629,"Stanza singola via Appennini 157, Milano",600,€ 600/mese,3,1,15 m²,1°,Centralizzato,"connessione ad internet, ripostiglio, lavatrice, lavastoviglie, microonde, giardino, ascensore, ingresso privato, armadi, con biancheria, cucina",Via Appennini,"San Siro, Trenno",Gallaratese,45.5053,9.10043,Privato/Nessuna,,12,https://www.immobiliare.it/annunci/124473629/,
123154073,"Stanza doppia via Cardinale Ascanio Sforza 37, Milano",600,€ 1.200/mese | € 600 a posto letto,2,1,56 m²,4°,Centralizzato,"balcone, terrazzo, ascensore, ripostiglio, lavatrice, lavastoviglie, microonde, portineria, tv, armadi, cucina",Via Cardinale Ascanio Sforza,Navigli,Ascanio Sforza,45.4486,9.17749,Privato/Nessuna,,17,https://www.immobiliare.it/annunci/123154073/,
117883375,"Stanza singola via Valle Antigorio 11, Milano",600,€ 600/mese,2,1,13 m²,2°,Centralizzato,"balcone, connessione ad internet, ripostiglio, lavatrice, lavastoviglie, microonde, armadi, tv, con biancheria, bagno per disabili, cucina",Via Valle Antigorio,"Bisceglie, Baggio, Olmi",Bisceglie,45.4598,9.11054,Privato/Nessuna,,18,https://www.immobiliare.it/annunci/117883375/,
116842585,"Stanza singola via Guglielmo Koerner 5, Milano",636,€ 636/mese,3,1,18 m²,Piano rialzato,Centralizzato,"connessione ad internet, ripostiglio, lavatrice, portineria, armadi, cucina",Via Guglielmo Koerner,"Bicocca, Niguarda",Prato Centenaro,45.5102,9.20097,Privato/Nessuna,,8,https://www.immobiliare.it/annunci/116842585/,
127322015,"Stanza singola via Paolo Mantegazza 4, Milano",599,€ 599/mese,3,1,90 m²,3°,Centralizzato,"ascensore, connessione ad internet, ripostiglio, lavatrice, lavastoviglie, microonde, armadi, cucina",Via Paolo Mantegazza,"Uptown, Cascina Merlata, Viale Certosa",Certosa,45.4981,9.14943,Privato/Nessuna,,6,https://www.immobiliare.it/annunci/127322015/,
125998681,"Stanza doppia via Francesco Brioschi 71, Milano",550,€ 1.100/mese | € 550 a posto letto,3,1,13 m²,1°,Centralizzato,"terrazzo, connessione ad internet, giardino, lavatrice, lavastoviglie, portineria, tv, armadi, cucina",Via Francesco Brioschi,"Abbiategrasso, Chiesa Rossa",Pezzotti - Meda,45.4404,9.18168,Privato/Nessuna,,10,https://www.immobiliare.it/annunci/125998681/,
87283946,"Stanza singola via Padova 52, Milano",700,€ 700/mese,4,2,20 m²,1°,Autonomo,"connessione ad internet, cucina, ripostiglio, lavastoviglie, lavatrice, microonde, parquet, armadi, arredato",Via Padova,"Pasteur, Rovereto",Pasteur,45.4901,9.222,Privato/Nessuna,,8,https://www.immobiliare.it/annunci/87283946/,
122564786,"Stanza singola via Mac Mahon 119, Milano",630,€ 630/mese,2,1,17 m²,Piano rialzato,Centralizzato,"balcone, connessione ad internet, ripostiglio, giardino, lavatrice, lavastoviglie, microonde, portineria, tv, armadi, bagno per disabili, cucina",Via Mac Mahon,"Affori, Bovisa",Bovisa,45.4985,9.15157,Privato/Nessuna,,12,https://www.immobiliare.it/annunci/122564786/,
123974163,"Stanza singola via Monte Peralba 8, Milano",640,€ 640/mese,4,3+,18 m²,3°,Centralizzato,"connessione ad internet, ripostiglio, lavatrice, lavastoviglie, microonde, bagno privato, armadi, cucina",Via Monte Peralba,"Ponte Lambro, Santa Giulia",Santa Giulia,45.4319,9.24356,Privato/Nessuna,,20,https://www.immobiliare.it/annunci/123974163/,
122543654,"Stanza singola via Bolama 7, Milano",680,€ 680/mese,3,1,10 m²,Piano terra,Autonomo,"connessione ad internet, giardino, lavatrice, lavastoviglie, microonde, armadi, cucina",Via Bolama,"Precotto, Turro",Villa San Giovanni,45.5167,9.22499,Privato/Nessuna,,9,https://www.immobiliare.it/annunci/122543654/,
122978994,"Stanza singola via degli Imbriani 40, Milano",600,€ 600/mese,3,1,65 m²,1°,Autonomo,"balcone, connessione ad internet, lavatrice, microonde, portineria, tv, cucina",Via degli Imbriani,"Affori, Bovisa",Bovisa,45.5008,9.16741,Privato/Nessuna,,14,https://www.immobiliare.it/annunci/122978994/,
95306968,"Stanza singola via Val Devero 19, Milano",650,€ 650/mese,4,2,107 m²,12°,Centralizzato,"ascensore, connessione ad internet, lavatrice, lavastoviglie, microonde, balcone, giardino, ripostiglio, sistema di allarme, con biancheria, armadi, tv, bagno privato, ingresso privato, accesso per disabili, cucina",Via Val Devero,"Bisceglie, Baggio, Olmi",Bisceglie,45.4588,9.11125,Privato/Nessuna,,20,https://www.immobiliare.it/annunci/95306968/,
118542991,"Stanza multipla via Don Giuseppe Andreoli 19, Milano",600,€ 600/mese,3,1,18 m²,Piano terra,Autonomo,"giardino, connessione ad internet, lavatrice, microonde, portineria, armadi, con biancheria, cucina",Via Don Giuseppe Andreoli,"Affori, Bovisa",Bovisa,45.5035,9.16202,Privato/Nessuna,,17,https://www.immobiliare.it/annunci/118542991/,
117816527,"Stanza singola via Valle Antigorio 11, Milano",700,€ 700/mese,2,1,16 m²,2°,Centralizzato,"balcone, connessione ad internet, ripostiglio, lavatrice, lavastoviglie, microonde, bagno per disabili, cucina",Via Valle Antigorio,"Bisceglie, Baggio, Olmi",Bisceglie,45.4598,9.11054,Privato/Nessuna,,18,https://www.immobiliare.it/annunci/117816527/,
121795874,"Stanza singola viale Sarca 91, Milano",600,€ 600/mese,5+,3,10 m²,Piano terra,Centralizzato,"lavatrice, lavastoviglie, portineria, connessione ad internet, bagno privato, armadi, cucina",Viale Sarca,"Bicocca, Niguarda",Prato Centenaro,45.5102,9.20523,Privato/Nessuna,,11,https://www.immobiliare.it/annunci/121795874/,
80120359,"Stanza singola piazzale Veronica Gambara, Milano",600,€ 600/mese,4,1,21 m²,Piano terra,Centralizzato,"connessione ad internet, cucina, portineria, giardino, lavastoviglie, lavatrice, microonde, ripostiglio, ascensore, armadi, tv, arredato",Piazzale Veronica Gambara,"Bande Nere, Inganni",Gambara,45.4644,9.14231,Privato/Nessuna,,8,https://www.immobiliare.it/annunci/80120359/,
126077565,"Stanza singola viale San Gimignano -, Milano",670,€ 670/mese,4,2,18 m²,7°,Autonomo,"balcone, ascensore, connessione ad internet, ripostiglio, giardino, lavatrice, lavastoviglie, microonde, portineria, tv, armadi, cucina",Viale San Gimignano,"Bande Nere, Inganni",Bande Nere,45.4584,9.13657,Privato/Nessuna,,8,https://www.immobiliare.it/annunci/126077565/,
116562951,"Stanza singola viale Certosa 182, Milano",600,€ 600/mese,4,2,120 m²,1°,Centralizzato,"balcone, connessione ad internet, ripostiglio, lavatrice, lavastoviglie, microonde, portineria, armadi, tv, cucina",Viale Certosa,"Uptown, Cascina Merlata, Viale Certosa",Certosa,45.4979,9.13486,Privato/Nessuna,,10,https://www.immobiliare.it/annunci/116562951/,
125343129,"Stanza singola via Ettore Bugatti 8, Milano",680,€ 680/mese,4,2,,3°,Autonomo,"connessione ad internet, lavatrice, lavastoviglie, microonde, portineria, cucina",Via Ettore Bugatti,"Abbiategrasso, Chiesa Rossa",Gratosoglio,45.4174,9.17755,Privato/Nessuna,,7,https://www.immobiliare.it/annunci/125343129/,
121993204,"Stanza singola via Mario Borsa 28, Milano",700,€ 700/mese,5+,1,10 m²,10°,Centralizzato,"connessione ad internet, ripostiglio, lavatrice, microonde, armadi, cucina",Via Mario Borsa,"San Siro, Trenno",Gallaratese,45.5022,9.10214,Privato/Nessuna,,7,https://www.immobiliare.it/annunci/121993204/,
97131904,"Stanza singola viale Molise, Milano",650,€ 650/mese,2,1,25 m²,7°,Centralizzato,"balcone, lavastoviglie, lavatrice, microonde, portineria, armadi, cucina",Viale Molise,"Porta Vittoria, Lodi",Martini - Insubria,45.4559,9.22376,Privato/Nessuna,,5,https://www.immobiliare.it/annunci/97131904/,
122030756,"Stanza singola via Arturo Martini 2, Milano",590,€ 590/mese,5+,1,16 m²,2°,Centralizzato,"connessione ad internet, ripostiglio, lavatrice, microonde, ascensore, giardino, armadi, cucina",Via Arturo Martini,"Abbiategrasso, Chiesa Rossa",Gratosoglio,45.4149,9.17182,Privato/Nessuna,,9,https://www.immobiliare.it/annunci/122030756/,
126392229,"Stanza singola via Gallarate 28, Milano",600,€ 600/mese,5,2,12 m²,3°,Centralizzato,"terrazzo, ascensore, connessione ad internet, lavatrice, microonde, cucina",Via Gallarate,"Fiera, Sempione, City Life, Portello",Portello - Parco Vittoria,45.4938,9.14148,Privato/Nessuna,,6,https://www.immobiliare.it/annunci/126392229/,
125688079,"Stanza singola via Stadera 12, Milano",590,€ 590/mese,3,1,24 m²,Piano rialzato,Centralizzato,"balcone, ascensore, connessione ad internet, ripostiglio, giardino, lavatrice, microonde, tv, armadi, cucina",Via Stadera,"Abbiategrasso, Chiesa Rossa",Cermenate - Abbiategrasso,45.4343,9.18222,Privato/Nessuna,,7,https://www.immobiliare.it/annunci/125688079/,
82457284,"Stanza singola via Michele Saponaro 18, Milano",660,€ 660/mese,2,1,22 m²,8°,Assente,"balcone, connessione ad internet, ripostiglio, cucina, ascensore, portineria, lavastoviglie, lavatrice, microonde, parquet, armadi, arredato",Via Michele Saponaro,"Abbiategrasso, Chiesa Rossa",Gratosoglio,45.41,9.17369,Privato/Nessuna,,6,https://www.immobiliare.it/annunci/82457284/,
126428023,"Stanza doppia viale Tunisia, Milano",442,€ 884/mese | € 442 a posto letto,,1,20 m²,2°,Autonomo,"ascensore, connessione ad internet, lavatrice, microonde, portineria, armadi, cucina",Viale Tunisia,"Centrale, Repubblica",Repubblica,45.4786,9.20274,Privato/Nessuna,,10,https://www.immobiliare.it/annunci/126428023/,
125861099,"Stanza singola via Camillo Giussani 31, Milano",620,€ 620/mese,4,2,,9°,Centralizzato,"ascensore, connessione ad internet, ripostiglio, lavatrice, lavastoviglie, microonde, cucina",Via Camillo Giussani,"Famagosta, Barona",Tre Castelli - Faenza,45.4407,9.13925,Privato/Nessuna,,16,https://www.immobiliare.it/annunci/125861099/,
121892046,"Stanza doppia viale Bligny 16A, Milano",600,€ 600/mese,2,1,56 m²,2°,Centralizzato,"ascensore, connessione ad internet, ripostiglio, giardino, lavatrice, lavastoviglie, microonde, portineria, armadi, cucina",Viale Bligny,Navigli,Bocconi,45.451,9.18885,Privato/Nessuna,,14,https://www.immobiliare.it/annunci/121892046/,
123342453,"Stanza singola via Vittorio Emanuele Orlando 30, Milano",590,€ 590/mese,5,2,11 m²,1°,Autonomo,"balcone, ascensore, connessione ad internet, ripostiglio, lavatrice, lavastoviglie, armadi, con biancheria, cucina",Via Vittorio Emanuele Orlando,"Abbiategrasso, Chiesa Rossa",Gratosoglio,45.4182,9.17441,Privato/Nessuna,,19,https://www.immobiliare.it/annunci/123342453/,
121198396,"Stanza singola viale Corsica 75, Milano",700,€ 700/mese,2,1,20 m²,2°,Centralizzato,"balcone, ascensore, connessione ad internet, ripostiglio, lavatrice, lavastoviglie, portineria, tv, armadi, cucina",Viale Corsica,"Porta Vittoria, Lodi",Porta Vittoria,45.4623,9.23301,Privato/Nessuna,,5,https://www.immobiliare.it/annunci/121198396/,
111337249,"Stanza doppia via Giovanni Battista Grassi 5, Milano",650,€ 650/mese,2,1,28 m²,5°,Centralizzato,"sistema di allarme, connessione ad internet, lavatrice, bagno privato, tv, ingresso privato, armadi, cucina",Via Giovanni Battista Grassi,"Affori, Bovisa",Vialba,45.5124,9.12708,Privato/Nessuna,,5,https://www.immobiliare.it/annunci/111337249/,
126426031,"Stanza singola via San Colombano 7/22, Milano",600,€ 600/mese,4,1,14 m²,1°,Autonomo,"connessione ad internet, ripostiglio, giardino, lavatrice, lavastoviglie, microonde, armadi, cucina",Via San Colombano,"Famagosta, Barona",Tre Castelli - Faenza,45.4386,9.12686,Privato/Nessuna,,7,https://www.immobiliare.it/annunci/126426031/,
125045229,"Stanza singola via Beato Padre Pio da Pietrelcina 12, Milano",700,€ 700/mese,3,1,12 m²,2°,Centralizzato,"ascensore, connessione ad internet, ripostiglio, lavatrice, lavastoviglie, microonde, armadi, cucina",Via Beato Padre Pio da Pietrelcina,"Abbiategrasso, Chiesa Rossa",Chiesa Rossa,45.4287,9.17472,Privato/Nessuna,,12,https://www.immobiliare.it/annunci/125045229/,
99750448,"Stanza singola via Demonte 1, Milano",600,€ 600/mese,4,1,13 m²,3°,Centralizzato,"connessione ad internet, ripostiglio, giardino, lavatrice, lavastoviglie, microonde, portineria, con biancheria, armadi, cucina",Via Demonte,"Bicocca, Niguarda",Prato Centenaro,45.5104,9.19987,Privato/Nessuna,,10,https://www.immobiliare.it/annunci/99750448/,
115935927,"Stanza singola via Jan Palach 14, Milano",650,€ 650/mese,4,2,100 m²,6°,Centralizzato,"balcone, ascensore, connessione ad internet, lavatrice, lavastoviglie, microonde, armadi, cucina",Via Jan Palach,"Famagosta, Barona",Cantalupa - San Paolo,45.4263,9.16792,Privato/Nessuna,,12,https://www.immobiliare.it/annunci/115935927/,
113424655,"Stanza singola via Bessarione 19, Milano",700,€ 700/mese,3,1,110 m²,1°,Centralizzato,"balcone, connessione ad internet, lavatrice, portineria, ripostiglio, palestra, piscina, armadi, tv, con biancheria, cucina",Via Bessarione,"Corvetto, Rogoredo",Corvetto,45.4387,9.21652,Privato/Nessuna,,16,https://www.immobiliare.it/annunci/113424655/,
117372081,"Stanza singola via Ravenna 24, Milano",600,€ 600/mese,4,3+,15 m²,4°,Centralizzato,"balcone, ascensore, connessione ad internet, lavatrice, lavastoviglie, microonde, portineria, cucina",Via Ravenna,"Corvetto, Rogoredo",Corvetto,45.4351,9.21943,Privato/Nessuna,,15,https://www.immobiliare.it/annunci/117372081/,
122771028,"Stanza singola piazzale Aquileia, Milano",650,€ 650/mese,5+,2,145 m²,4°,Centralizzato,"ascensore, connessione ad internet, lavatrice, lavastoviglie, portineria, tv, armadi, cucina",Piazzale Aquileia,"Solari, Washington",Dezza,45.4613,9.1643,Privato/Nessuna,,19,https://www.immobiliare.it/annunci/122771028/,
116497013,"Stanza singola via Melchiorre Gioia 121, Milano",700,€ 700/mese,5+,1,15 m²,Piano rialzato,Centralizzato,"ascensore, connessione ad internet, ripostiglio, lavatrice, microonde, portineria, bagno per disabili, cucina",Via Melchiorre Gioia,"Maggiolina, Istria",Maggiolina,45.4929,9.20463,Privato/Nessuna,,20,https://www.immobiliare.it/annunci/116497013/,
126277747,"Stanza singola via degli Imbriani 37, Milano",620,€ 620/mese,5+,3,200 m²,Piano rialzato,Centralizzato,"connessione ad internet, lavatrice, microonde, armadi, ingresso privato, cucina",Via degli Imbriani,"Affori, Bovisa",Bovisa,45.4996,9.16869,Privato/Nessuna,,11,https://www.immobiliare.it/annunci/126277747/,
101253739,"Stanza singola via Pinerolo 16, Milano",680,€ 680/mese,4,2,21 m²,1°,Centralizzato,"connessione ad internet, ripostiglio, giardino, lavatrice, lavastoviglie, microonde, portineria, ascensore, balcone, con biancheria, bagno privato, armadi, accesso per disabili, cucina",Via Pinerolo,"San Siro, Trenno",San Siro,45.4767,9.11546,Privato/Nessuna,,18,https://www.immobiliare.it/annunci/101253739/,
113086375,"Stanza singola via Mario Borsa 34, Milano",700,€ 700/mese,3,1,90 m²,3°,Centralizzato,"balcone, connessione ad internet, ripostiglio, lavatrice, lavastoviglie, microonde, bagno privato, tv, armadi, cucina",Via Mario Borsa,"San Siro, Trenno",Gallaratese,45.5021,9.10362,Privato/Nessuna,,20,https://www.immobiliare.it/annunci/113086375/,
106851085,"Stanza doppia via Lorenzo Valla 25, Milano",650,€ 650/mese,2,1,65 m²,3°,Centralizzato,"balcone, connessione ad internet, giardino, lavatrice, lavastoviglie, microonde, portineria, con biancheria, tv, armadi, bagno per disabili, cucina",Via Lorenzo Valla,"Abbiategrasso, Chiesa Rossa",Chiesa Rossa,45.4338,9.18528,Privato/Nessuna,,20,https://www.immobiliare.it/annunci/106851085/,
121074858,"Stanza singola via Luigi Cislaghi 6, Milano",600,€ 600/mese,5+,2,,Piano terra,Autonomo,"connessione ad internet, lavatrice, microonde, tv, con biancheria, armadi, cucina",Via Luigi Cislaghi,"Precotto, Turro",Precotto,45.5121,9.22582,Privato/Nessuna,,18,https://www.immobiliare.it/annunci/121074858/,
112461843,"Stanza singola via Giovanni Montemartini 4, Milano",620,€ 620/mese,5,2,,2°,Centralizzato,"connessione ad internet, ripostiglio, giardino, lavatrice, microonde, portineria, armadi, cucina",Via Giovanni Montemartini,"Corvetto, Rogoredo",Corvetto,45.4366,9.22625,Privato/Nessuna,,10,https://www.immobiliare.it/annunci/112461843/,
102622888,"Stanza singola via Ambrogio Campiglio 9, Milano",630,€ 630/mese,5,2,20 m²,3°,Centralizzato,"connessione ad internet, lavatrice, lavastoviglie, portineria, giardino, ascensore, armadi, cucina",Via Ambrogio Campiglio,"Città Studi, Susa",Città Studi,45.482,9.23356,Privato/Nessuna,,14,https://www.immobiliare.it/annunci/102622888/,
115983523,"Stanza singola via Don Carlo Gnocchi 12, Milano",650,€ 650/mese,5+,2,17 m²,4°,Centralizzato,"connessione ad internet, lavatrice, lavastoviglie, microonde, portineria, ascensore, ripostiglio, giardino, armadi, accesso per disabili, bagno per disabili, cucina",Via Don Carlo Gnocchi,"San Siro, Trenno",San Siro,45.4728,9.12417,Privato/Nessuna,,8,https://www.immobiliare.it/annunci/115983523/,
118636495,"Stanza singola via Camillo Giussani, Milano",700,€ 700/mese,4,2,123 m²,9°,Centralizzato,"balcone, ascensore, connessione ad internet, ripostiglio, lavatrice, lavastoviglie, microonde, tv, armadi, cucina",Via Camillo Giussani,"Famagosta, Barona",Tre Castelli - Faenza,45.4409,9.13932,Privato/Nessuna,,14,https://www.immobiliare.it/annunci/118636495/,
123455941,"Stanza singola via Paolo Pallia 2, Milano",600,€ 600/mese,3,2,90 m²,1°,Autonomo,"balcone, ascensore, connessione ad internet, ripostiglio, lavatrice, lavastoviglie, armadi, accesso per disabili, cucina",Via Paolo Pallia,"Corvetto, Rogoredo",Rogoredo,45.4361,9.2336,Privato/Nessuna,,17,https://www.immobiliare.it/annunci/123455941/,
104691247,"Stanza singola via Civenna 9, Milano",650,€ 650/mese,2,1,18 m²,5°,Centralizzato,"connessione ad internet, lavatrice, lavastoviglie, microonde, ascensore, tv, armadi, cucina",Via Civenna,"Uptown, Cascina Merlata, Viale Certosa",Certosa,45.4964,9.13136,Privato/Nessuna,,7,https://www.immobiliare.it/annunci/104691247/,
119814964,"Stanza singola via Alberto Nota 41, Milano",650,€ 650/mese,5,1,20 m²,Piano terra,Centralizzato,"ascensore, connessione ad internet, ripostiglio, lavatrice, microonde, portineria, armadi, cucina",Via Alberto Nota,"Bicocca, Niguarda",Bicocca,45.5173,9.20809,Privato/Nessuna,,9,https://www.immobiliare.it/annunci/119814964/,
113981943,"Stanza singola via delle Azalee 7, Milano",700,€ 700/mese,5+,2,110 m²,1°,Centralizzato,"balcone, terrazzo, ascensore, connessione ad internet, lavatrice, microonde, bagno privato, tv, armadi, cucina",Via delle Azalee,"Bande Nere, Inganni",Primaticcio,45.4579,9.1291,Privato/Nessuna,,9,https://www.immobiliare.it/annunci/113981943/,
117625095,"Stanza singola viale Fulvio Testi 38, Milano",600,€ 600/mese,3,1,10 m²,"2 piani: Piano rialzato, 2°",Centralizzato,"ascensore, sistema di allarme, connessione ad internet, giardino, lavatrice, lavastoviglie, microonde, con biancheria, armadi, cucina",Viale Fulvio Testi,"Bicocca, Niguarda",Ca' Granda,45.5056,9.20068,Privato/Nessuna,,14,https://www.immobiliare.it/annunci/117625095/,
119374675,"Stanza singola via Pantigliate 7, Milano",600,€ 600/mese,1,1,35 m²,3°,Centralizzato,"lavatrice, microonde, armadi, cucina",Via Pantigliate,"Bande Nere, Inganni",Bande Nere,45.4593,9.13197,Privato/Nessuna,,20,https://www.immobiliare.it/annunci/119374675/,
124633205,"Stanza singola via Marco d'Agrate 15, Milano",700,€ 700/mese,4,1,100 m²,4°,Centralizzato,"balcone, ascensore, lavatrice, portineria, armadi, cucina",Via Marco d'Agrate,"Corvetto, Rogoredo",Corvetto,45.4368,9.21405,Privato/Nessuna,,13,https://www.immobiliare.it/annunci/124633205/,
116401923,"Stanza singola via Val Trompia 48, Milano",700,€ 700/mese,5+,3,35 m²,1°,Centralizzato,"connessione ad internet, lavatrice, microonde, bagno privato, ingresso privato, armadi, cucina",Via Val Trompia,"Affori, Bovisa",Roserio,45.5186,9.13251,Privato/Nessuna,,15,https://www.immobiliare.it/annunci/116401923/,
124958995,"Stanza singola via Lorenteggio 141, Milano",625,€ 625/mese,3,1,,3°,Centralizzato,"ascensore, lavatrice, lavastoviglie, portineria, cucina",Via Lorenteggio,"Famagosta, Barona",Giambellino,45.4512,9.1408,Privato/Nessuna,,4,https://www.immobiliare.it/annunci/124958995/,
92497692,"Stanza singola via Postumia 30, Milano",650,€ 650/mese,4,2,20 m²,5°,Autonomo,"balcone, giardino, lavatrice, microonde, ascensore, con biancheria, bagno privato, tv, armadi, cucina",Via Postumia,"San Siro, Trenno",San Carlo,45.472,9.11556,Privato/Nessuna,,10,https://www.immobiliare.it/annunci/92497692/,
118934511,"Stanza singola viale Fulvio Testi 38, Milano",600,€ 600/mese,5,1,10 m²,"2 piani: Piano rialzato, 2°",Centralizzato,"connessione ad internet, giardino, lavatrice, lavastoviglie, microonde, ascensore, sistema di allarme, cucina",Viale Fulvio Testi,"Bicocca, Niguarda",Ca' Granda,45.5056,9.20068,Privato/Nessuna,,17,https://www.immobiliare.it/annunci/118934511/,
86219882,"Stanza singola via Marco Bruto 11, Milano",700,€ 700/mese,2,1,30 m²,4°,Centralizzato,"connessione ad internet, balcone, ripostiglio, lavatrice, cucina, arredato",Via Marco Bruto,Forlanini,Quartiere Forlanini,45.4598,9.23903,Privato/Nessuna,,16,https://www.immobiliare.it/annunci/86219882/,
110409603,"Stanza singola largo Camillo Caccia Dominioni 3, Milano",650,€ 650/mese,3,1,,1°,Centralizzato,"balcone, connessione ad internet, ripostiglio, lavatrice, lavastoviglie, microonde, portineria, armadi, cucina",Largo Camillo Caccia Dominioni,"Ripamonti, Vigentino",Ripamonti - Fondazione Prada,45.438,9.19626,Privato/Nessuna,,10,https://www.immobiliare.it/annunci/110409603/,
125143239,"Stanza singola via Mar Nero, Milano",700,€ 700/mese,2,1,20 m²,8°,Centralizzato,"balcone, connessione ad internet, giardino, lavatrice, lavastoviglie, microonde, portineria, ascensore, con biancheria, tv, armadi, cucina",Via Mar Nero,"Bisceglie, Baggio, Olmi",Bisceglie,45.4577,9.10434,Privato/Nessuna,,8,https://www.immobiliare.it/annunci/125143239/,
126384421,"Stanza singola via Alfredo Catalani 73, Milano",600,€ 600/mese,3,1,20 m²,Piano rialzato,Centralizzato,"ascensore, connessione ad internet, lavatrice, armadi, cucina",Via Alfredo Catalani,"Città Studi, Susa",Casoretto,45.4874,9.22468,Privato/Nessuna,,9,https://www.immobiliare.it/annunci/126384421/,
121665492,"Stanza singola via Sesto San Giovanni 31, Milano",600,€ 600/mese,5+,2,16 m²,3°,Autonomo,"ascensore, connessione ad internet, lavatrice, lavastoviglie, microonde, armadi, tv, cucina",Via Sesto San Giovanni,"Bicocca, Niguarda",Bicocca,45.5164,9.21612,Privato/Nessuna,,9,https://www.immobiliare.it/annunci/121665492/,
119867182,"Stanza singola via delle Forze Armate 13, Milano",600,€ 600/mese,1,1,20 m²,Piano terra,Centralizzato,"ripostiglio, lavatrice, microonde, portineria, ingresso privato, armadi",Via delle Forze Armate,"Bande Nere, Inganni",Gambara,45.4634,9.13826,Privato/Nessuna,,9,https://www.immobiliare.it/annunci/119867182/,
116139075,"Stanza singola via Mincio 22, Milano",680,€ 680/mese,3,1,18 m²,5°,Centralizzato,"terrazzo, ascensore, connessione ad internet, lavatrice, lavastoviglie, microonde, portineria, ripostiglio, giardino, armadi, cucina",Via Mincio,"Corvetto, Rogoredo",Corvetto,45.439,9.21784,Privato/Nessuna,,14,https://www.immobiliare.it/annunci/116139075/,
120110166,"Stanza singola via Gioacchino Murat 67, Milano",600,€ 600/mese,4,1,20 m²,1°,Centralizzato,"ascensore, ripostiglio, lavatrice, microonde, portineria, armadi, cucina",Via Gioacchino Murat,"Maggiolina, Istria",Istria,45.5007,9.19375,Privato/Nessuna,,20,https://www.immobiliare.it/annunci/120110166/,
114112387,"Stanza singola via Sant'Abbondio 13, Milano",590,€ 590/mese,5+,2,96 m²,4°,Centralizzato,"balcone, connessione ad internet, ripostiglio, lavatrice, lavastoviglie, microonde, bagno privato, ingresso privato, armadi, cucina",Via Sant'Abbondio,"Abbiategrasso, Chiesa Rossa",Chiesa Rossa,45.4254,9.17144,Privato/Nessuna,,13,https://www.immobiliare.it/annunci/114112387/,
61069664,"Stanza singola via Carlo Boncompagni, Milano",650,€ 650/mese,4,2,14 m²,3°,Autonomo,"giardino, lavastoviglie, lavatrice, microonde, portineria, ripostiglio, sistema di allarme, connessione ad internet, balcone, cucina, ascensore, bagno in comune, parquet, tv, ingresso privato, armadi, arredata, arredato",Via Carlo Boncompagni,"Corvetto, Rogoredo",Corvetto,45.4385,9.23058,Privato/Nessuna,,6,https://www.immobiliare.it/annunci/61069664/,
125607865,"Stanza singola viale dell'Innovazione 24, Milano",630,€ 630/mese,3,2,15 m²,4°,Centralizzato,"connessione ad internet, ripostiglio, lavatrice, microonde, lavastoviglie, cucina",Viale dell'Innovazione,"Bicocca, Niguarda",Bicocca,45.5137,9.21259,Privato/Nessuna,,8,https://www.immobiliare.it/annunci/125607865/,
118979847,"Stanza singola via Carlo Cicogna Mozzoni 9, Milano",620,€ 620/mese,5+,1,25 m²,Piano terra,Centralizzato,"connessione ad internet, lavatrice, lavastoviglie, microonde, portineria, armadi, con biancheria, accesso per disabili, cucina",Via Carlo Cicogna Mozzoni,"Affori, Bovisa",Affori,45.5157,9.15776,Privato/Nessuna,,8,https://www.immobiliare.it/annunci/118979847/,
118008841,"Stanza singola via Cino da Pistoia 15, Milano",650,€ 650/mese,3,1,15 m²,1°,Centralizzato,"connessione ad internet, lavatrice, portineria, armadi, cucina",Via Cino da Pistoia,"Bicocca, Niguarda",Ca' Granda,45.5087,9.20011,Privato/Nessuna,,14,https://www.immobiliare.it/annunci/118008841/,
124594507,"Stanza singola via Don Carlo Porro 3, Milano",600,€ 600/mese,5,1,,1°,Centralizzato,"balcone, connessione ad internet, ripostiglio, giardino, lavatrice, lavastoviglie, microonde, terrazzo, armadi, cucina",Via Don Carlo Porro,"Precotto, Turro",Precotto,45.5109,9.22946,Privato/Nessuna,,13,https://www.immobiliare.it/annunci/124594507/,
122671102,"Stanza singola via Monte Popera 9, Milano",700,€ 700/mese,3,2,11 m²,1°,Autonomo,"sistema di allarme, connessione ad internet, lavastoviglie, lavatrice, microonde, ingresso privato, armadi, bagno privato, tv, cucina",Via Monte Popera,"Ponte Lambro, Santa Giulia",Santa Giulia,45.4309,9.24573,Privato/Nessuna,,17,https://www.immobiliare.it/annunci/122671102/,
126210959,"Stanza singola via Francesco Brioschi 65, Milano",700,€ 700/mese,5,1,90 m²,2°,Autonomo,"balcone, connessione ad internet, lavatrice, lavastoviglie, microonde, giardino, con biancheria, bagno privato, tv, armadi, bagno per disabili, cucina",Via Francesco Brioschi,"Abbiategrasso, Chiesa Rossa",Pezzotti - Meda,45.4404,9.18168,Privato/Nessuna,,14,https://www.immobiliare.it/annunci/126210959/,
118733011,"Stanza singola viale San Gimignano 2/1, Milano",700,€ 700/mese,5+,2,90 m²,9°,Centralizzato,"ascensore, ripostiglio, lavatrice, microonde, portineria, armadi, tv, accesso per disabili, cucina",Viale San Gimignano,"Bande Nere, Inganni",Lorenteggio,45.4527,9.13722,Privato/Nessuna,,11,https://www.immobiliare.it/annunci/118733011/,
120774018,"Stanza singola via Gian Girolamo Savoldo 4, Milano",690,€ 690/mese,,,20 m²,Piano terra,Centralizzato,"connessione ad internet, lavatrice, portineria, con biancheria, ingresso privato",Via Gian Girolamo Savoldo,"Bicocca, Niguarda",Prato Centenaro,45.5092,9.20418,Privato/Nessuna,,7,https://www.immobiliare.it/annunci/120774018/,
123693587,"Stanza singola via Ponte Nuovo 26, Milano",680,€ 680/mese,5+,2,105 m²,3°,Centralizzato,"balcone, connessione ad internet, lavatrice, microonde, tv, armadi, cucina",Via Ponte Nuovo,"Cimiano, Crescenzago, Adriano",Ponte Nuovo,45.5068,9.2372,Privato/Nessuna,,9,https://www.immobiliare.it/annunci/123693587/,
127380593,"Stanza doppia largo Oreste Murani 4, Milano",415,€ 830/mese | € 415 a posto letto,3,2,80 m²,9°,Centralizzato,"balcone, ascensore, connessione ad internet, lavatrice, lavastoviglie, microonde, portineria, bagno privato, armadi, ingresso privato, cucina",Largo Oreste Murani,"Città Studi, Susa",Città Studi,45.4735,9.23518,Privato/Nessuna,,12,https://www.immobiliare.it/annunci/127380593/,
121686728,"Stanza singola via Trasimeno 48, Milano",650,€ 650/mese,3,1,13 m²,10°,Centralizzato,"ascensore, connessione ad internet, lavatrice, lavastoviglie, microonde, portineria, tv, armadi, cucina",Via Trasimeno,"Cimiano, Crescenzago, Adriano",Quartiere Adriano,45.5148,9.24908,Privato/Nessuna,,15,https://www.immobiliare.it/annunci/121686728/,
127277311,"Stanza singola via Giuseppe Carozzi 5, Milano",600,€ 600/mese,,,18 m²,6°,Centralizzato,"connessione ad internet, giardino, lavatrice, lavastoviglie, portineria, armadi",Via Giuseppe Carozzi,"Bande Nere, Inganni",Inganni,45.4557,9.11837,Privato/Nessuna,,9,https://www.immobiliare.it/annunci/127277311/,
123651247,"Stanza singola via Enrico Falck 45, Milano",650,€ 650/mese,5,1,20 m²,13°,Centralizzato,"ascensore, ripostiglio, lavatrice, microonde, terrazzo, tv, armadi, cucina",Via Enrico Falck,"San Siro, Trenno",Gallaratese,45.4986,9.10303,Privato/Nessuna,,20,https://www.immobiliare.it/annunci/123651247/,
126406403,"Stanza singola via Ruggero Leoncavallo 45, Milano",600,€ 600/mese,3,1,,4°,Centralizzato,"ascensore, lavatrice, microonde, cucina",Via Ruggero Leoncavallo,"Città Studi, Susa",Casoretto,45.4914,9.22614,Privato/Nessuna,,20,https://www.immobiliare.it/annunci/126406403/,
117984369,"Stanza singola via Tibullo, Milano",620,€ 620/mese,4,2,15 m²,4°,Centralizzato,"ascensore, connessione ad internet, lavatrice, microonde, ingresso privato, armadi, cucina",Via Tibullo,"Uptown, Cascina Merlata, Viale Certosa",Certosa,45.4973,9.13356,Privato/Nessuna,,19,https://www.immobiliare.it/annunci/117984369/,
126343569,"Stanza singola via Carlo Alberto Pisani Dossi 29, Milano",590,€ 590/mese,4,2,121 m²,2°,Centralizzato,"ascensore, connessione ad internet, ripostiglio, giardino, lavatrice, armadi, cucina",Via Carlo Alberto Pisani Dossi,"Udine, Lambrate",Quartiere Feltre,45.4895,9.24337,Privato/Nessuna,,14,https://www.immobiliare.it/annunci/126343569/,
125057079,"Stanza singola via dei Missaglia 57A, Milano",650,€ 650/mese,4,2,100 m²,6°,Autonomo,"terrazzo, ascensore, balcone, connessione ad internet, ripostiglio, lavatrice, lavastoviglie, microonde, bagno privato, tv, armadi, accesso per disabili, cucina",Via dei Missaglia,"Abbiategrasso, Chiesa Rossa",Chiesa Rossa,45.4221,9.17957,Privato/Nessuna,,20,https://www.immobiliare.it/annunci/125057079/,
123294021,"Stanza singola via Sesto San Giovanni 31, Milano",700,€ 700/mese,3,1,70 m²,Piano rialzato,Assente,"connessione ad internet, lavatrice, lavastoviglie, microonde, armadi, cucina",Via Sesto San Giovanni,"Bicocca, Niguarda",Bicocca,45.5164,9.21612,Privato/Nessuna,,10,https://www.immobiliare.it/annunci/123294021/,
122830382,"Stanza singola via Carlo Ravizza 20, Milano",600,€ 600/mese,3,2,,10°,Centralizzato,"ascensore, connessione ad internet, ripostiglio, cucina",Via Carlo Ravizza,"Fiera, Sempione, City Life, Portello",Amendola - Buonarroti,45.4692,9.15058,Privato/Nessuna,,9,https://www.immobiliare.it/annunci/122830382/,
118442071,"Stanza singola via Ambrogio Campiglio 9, Milano",650,€ 650/mese,4,2,20 m²,2°,Centralizzato,"ascensore, connessione ad internet, giardino, lavatrice, lavastoviglie, portineria, armadi, cucina",Via Ambrogio Campiglio,"Città Studi, Susa",Città Studi,45.482,9.23356,Privato/Nessuna,,20,https://www.immobiliare.it/annunci/118442071/,
126381991,"Stanza singola viale Ca' Granda 18, Milano",600,€ 600/mese,4,2,100 m²,Piano rialzato,Centralizzato,"balcone, connessione ad internet, ripostiglio, giardino, lavatrice, microonde, portineria, armadi, cucina",Viale Ca' Granda,"Bicocca, Niguarda",Ca' Granda,45.5067,9.19934,Privato/Nessuna,,8,https://www.immobiliare.it/annunci/126381991/,
123222875,"Stanza singola via Flumendosa 49, Milano",650,€ 650/mese,3,1,80 m²,1°,Centralizzato,"balcone, ascensore, lavatrice, lavastoviglie, giardino, armadi, accesso per disabili, cucina",Via Flumendosa,"Cimiano, Crescenzago, Adriano",Crescenzago,45.5069,9.24844,Privato/Nessuna,,20,https://www.immobiliare.it/annunci/123222875/,
126737585,"Stanza singola via Ferdinando Lassalle 6, Milano",700,€ 700/mese,3,1,,6°,Centralizzato,"ripostiglio, lavatrice, lavastoviglie, microonde, portineria, balcone, ascensore, armadi, cucina",Via Ferdinando Lassalle,"Abbiategrasso, Chiesa Rossa",Chiesa Rossa,45.4311,9.18252,Privato/Nessuna,,16,https://www.immobiliare.it/annunci/126737585/,
117502283,"Posto letto in doppia corso Buenos Aires 14, Milano",700,€ 700 a posto letto,5,2,110 m²,2°,Centralizzato,"balcone, ascensore, connessione ad internet, lavatrice, lavastoviglie, microonde, tv, armadi, cucina",Corso Buenos Aires,"Centrale, Repubblica",Morgagni,45.4767,9.2076,Privato/Nessuna,,17,https://www.immobiliare.it/annunci/117502283/,
104428073,"Stanza doppia via Carlo Bianconi 7, Milano",700,€ 700/mese,3,1,85 m²,1°,Centralizzato,"balcone, lavatrice, armadi, cucina",Via Carlo Bianconi,"Ripamonti, Vigentino",Vigentino - Fatima,45.4345,9.20429,Privato/Nessuna,,14,https://www.immobiliare.it/annunci/104428073/,
126871593,"Stanza singola via Zurigo 12, Milano",650,€ 650/mese,3,1,65 m²,6°,Centralizzato,"balcone, ascensore, connessione ad internet, ripostiglio, lavatrice, bagno privato, tv, armadi, cucina",Via Zurigo,"Bande Nere, Inganni",Inganni,45.4566,9.11853,Privato/Nessuna,,12,https://www.immobiliare.it/annunci/126871593/,
125987607,"Stanza singola via San Giusto 37, Milano",650,€ 650/mese,5+,2,150 m²,1°,Autonomo,"balcone, ascensore, connessione ad internet, lavatrice, microonde, portineria, armadi, cucina",Via San Giusto,"San Siro, Trenno",San Carlo,45.4727,9.11839,Privato/Nessuna,,19,https://www.immobiliare.it/annunci/125987607/,
120459236,"Stanza singola largo Rapallo 1, Milano",650,€ 650/mese,5+,2,25 m²,1°,Centralizzato,"ripostiglio, giardino, connessione ad internet, lavatrice, microonde, portineria, armadi, cucina",Largo Rapallo,"Bicocca, Niguarda",Ca' Granda,45.507,9.19236,Privato/Nessuna,,10,https://www.immobiliare.it/annunci/120459236/,
112935881,"Stanza singola via Giacomo Venezian 8, Milano",700,€ 700/mese,3,1,71 m²,2°,Autonomo,"balcone, lavatrice, lavastoviglie, microonde, connessione ad internet, ascensore, bagno privato, ingresso privato, armadi, cucina",Via Giacomo Venezian,"Città Studi, Susa",Città Studi,45.4742,9.23102,Privato/Nessuna,,7,https://www.immobiliare.it/annunci/112935881/,
118611691,"Stanza singola via Carlo Poma 23, Milano",700,€ 700/mese,4,1,28 m²,3°,Centralizzato,"ripostiglio, lavatrice, lavastoviglie, microonde, ascensore, armadi, cucina",Via Carlo Poma,"Porta Venezia, Indipendenza",Indipendenza,45.4651,9.21617,Privato/Nessuna,,13,https://www.immobiliare.it/annunci/118611691/,
122765944,"Stanza singola via Dora Baltea 9, Milano",650,€ 650/mese,4,1,25 m²,4°,Centralizzato,"balcone, ascensore, lavatrice, lavastoviglie, microonde, portineria, cucina",Via Dora Baltea,"Bicocca, Niguarda",Bruzzano,45.5271,9.16896,Privato/Nessuna,,11,https://www.immobiliare.it/annunci/122765944/,
125691653,"Stanza singola via Arezzo 8, Milano",650,€ 650/mese,3,1,68 m²,1°,Centralizzato,"ascensore, connessione ad internet, giardino, lavatrice, ripostiglio, portineria, microonde, balcone, con biancheria, tv, armadi, cucina",Via Arezzo,"Bicocca, Niguarda",Bignami - Ponale,45.5257,9.20737,Privato/Nessuna,,9,https://www.immobiliare.it/annunci/125691653/,
119372575,"Stanza singola via Francesco Gonin 69, Milano",700,€ 700/mese,5,2,20 m²,14°,Autonomo,"ascensore, ripostiglio, lavatrice, portineria, terrazzo, armadi, cucina",Via Francesco Gonin,"Famagosta, Barona",Giambellino,45.4409,9.11894,Privato/Nessuna,,12,https://www.immobiliare.it/annunci/119372575/,
124490693,"Stanza doppia via Celeste Clericetti 38, Milano",400,€ 800/mese | € 400 a posto letto,5,1,65 m²,Piano rialzato,Centralizzato,"ascensore, connessione ad internet, ripostiglio, lavatrice, tv, armadi, cucina",Via Celeste Clericetti,"Città Studi, Susa",Città Studi,45.4795,9.23553,Privato/Nessuna,,15,https://www.immobiliare.it/annunci/124490693/,
117538533,"Stanza singola via Mecenate 5, Milano",700,€ 700/mese,3,1,70 m²,Piano rialzato,Centralizzato,"ripostiglio, lavatrice, lavastoviglie, microonde, portineria, connessione ad internet, armadi, cucina",Via Mecenate,Forlanini,Quartiere Forlanini,45.4561,9.24403,Privato/Nessuna,,12,https://www.immobiliare.it/annunci/117538533/,
125136909,"Stanza singola via Alessandro Arnaboldi 6, Milano",700,€ 700/mese,5+,3+,60 m²,1°,Autonomo,"connessione ad internet, ripostiglio, giardino, lavatrice, microonde, bagno privato, tv, armadi, cucina",Via Alessandro Arnaboldi,"Uptown, Cascina Merlata, Viale Certosa",Certosa,45.4901,9.14914,Privato/Nessuna,,7,https://www.immobiliare.it/annunci/125136909/,
121846096,"Stanza singola largo Vulci 5, Milano",690,€ 690/mese,5+,2,,3°,Centralizzato,"ascensore, connessione ad internet, lavatrice, cucina",Largo Vulci,"Maggiolina, Istria",Istria,45.4985,9.19353,Privato/Nessuna,,11,https://www.immobiliare.it/annunci/121846096/,
105240711,"Stanza doppia viale delle Rimembranze di Greco, Milano",700,€ 700/mese,2,1,55 m²,3°,Centralizzato,"ascensore, connessione ad internet, ripostiglio, lavatrice, microonde, portineria, balcone, tv, armadi, cucina",Viale delle Rimembranze di Greco,"Maggiolina, Istria",Cascina dei Pomi,45.4995,9.21201,Privato/Nessuna,,9,https://www.immobiliare.it/annunci/105240711/,
119221981,"Stanza singola via Filippo Abbiati 2, Milano",650,€ 650/mese,3,1,18 m²,3°,Centralizzato,"balcone, connessione ad internet, giardino, lavatrice, microonde, lavastoviglie, portineria, armadi, cucina",Via Filippo Abbiati,"San Siro, Trenno",San Siro,45.4729,9.14123,Privato/Nessuna,,9,https://www.immobiliare.it/annunci/119221981/,
117363429,"Stanza singola via Esiodo 24, Milano",700,€ 700/mese,5+,2,145 m²,Seminterrato,Centralizzato,"connessione ad internet, ripostiglio, lavatrice, microonde, armadi, cucina",Via Esiodo,"Precotto, Turro",Precotto,45.5135,9.22347,Privato/Nessuna,,7,https://www.immobiliare.it/annunci/117363429/,
127149873,"Stanza singola via Meloria, Milano",700,€ 700/mese,5+,2,20 m²,1°,Centralizzato,"balcone, ascensore, connessione ad internet, ripostiglio, lavatrice, lavastoviglie, microonde, portineria, armadi, cucina",Via Meloria,"Fiera, Sempione, City Life, Portello",Monte Rosa - Lotto,45.4828,9.14604,Privato/Nessuna,,14,https://www.immobiliare.it/annunci/127149873/,
110713295,"Stanza singola via Monte Cristallo, Milano",600,€ 600/mese,2,1,,1°,Centralizzato,"balcone, ascensore, bagno privato, ingresso privato, armadi",Via Monte Cristallo,"Cenisio, Sarpi, Isola",Zara,45.4933,9.19128,Privato/Nessuna,,3,https://www.immobiliare.it/annunci/110713295/,
113634739,"Stanza singola via Enrico Falck 45, Milano",690,€ 690/mese,5,1,25 m²,13°,Centralizzato,"ripostiglio, lavatrice, microonde, cucina",Via Enrico Falck,"San Siro, Trenno",Gallaratese,45.4986,9.10303,Privato/Nessuna,,16,https://www.immobiliare.it/annunci/113634739/,
111715597,"Stanza singola via Cattaro 9, Milano",600,€ 600/mese,3,1,25 m²,1°,Centralizzato,"ascensore, ripostiglio, connessione ad internet, lavatrice, lavastoviglie, microonde, portineria, con biancheria, tv, armadi, cucina",Via Cattaro,"Bicocca, Niguarda",Niguarda,45.5184,9.19341,Privato/Nessuna,,7,https://www.immobiliare.it/annunci/111715597/,
121846074,"Stanza singola largo Vulci 5, Milano",690,€ 690/mese,5+,2,15 m²,3°,Centralizzato,"ascensore, connessione ad internet, balcone, cucina",Largo Vulci,"Maggiolina, Istria",Istria,45.4985,9.19353,Privato/Nessuna,,10,https://www.immobiliare.it/annunci/121846074/,
121380748,"Stanza doppia via Antonio Tolomeo Trivulzio 4, Milano",500,€ 1.000/mese | € 500 a posto letto,5,2,100 m²,2°,Centralizzato,"balcone, ascensore, connessione ad internet, ripostiglio, lavatrice, lavastoviglie, microonde, portineria, bagno privato, armadi, cucina",Via Antonio Tolomeo Trivulzio,"Fiera, Sempione, City Life, Portello",De Angeli,45.4664,9.14773,Privato/Nessuna,,19,https://www.immobiliare.it/annunci/121380748/,
117985963,"Stanza singola via Alex Visconti, Milano",620,€ 620/mese,4,1,100 m²,4°,Centralizzato,"balcone, ascensore, connessione ad internet, ripostiglio, lavatrice, lavastoviglie, microonde, cucina",Via Alex Visconti,"San Siro, Trenno",Gallaratese,45.5033,9.10211,Privato/Nessuna,,10,https://www.immobiliare.it/annunci/117985963/,
121147056,"Stanza singola via Don Carlo Gnocchi 11, Milano",600,€ 600/mese,5,2,,3°,Centralizzato,"ascensore, connessione ad internet, ripostiglio, giardino, palestra, lavatrice, lavastoviglie, microonde, portineria, accesso per disabili, cucina",Via Don Carlo Gnocchi,"San Siro, Trenno",San Siro,45.474,9.12356,Privato/Nessuna,,20,https://www.immobiliare.it/annunci/121147056/,
113529861,"Stanza singola via Lepontina 13, Milano",700,€ 700/mese,4,1,70 m²,1°,Autonomo,"balcone, connessione ad internet, ripostiglio, lavatrice, lavastoviglie, portineria, armadi, cucina",Via Lepontina,"Cenisio, Sarpi, Isola",Farini,45.4933,9.18448,Privato/Nessuna,,13,https://www.immobiliare.it/annunci/113529861/,
111522035,"Stanza singola via Giovanni Ameglio 13, Milano",600,€ 600/mese,5+,2,25 m²,1°,Centralizzato,"ascensore, connessione ad internet, ripostiglio, lavatrice, portineria, cucina",Via Giovanni Ameglio,"Affori, Bovisa",Quarto Oggiaro,45.5089,9.13101,Privato/Nessuna,,2,https://www.immobiliare.it/annunci/111522035/,
127518972,"Stanza singola via Matteo Civitali 46, Milano",700,€ 700/mese,2,1,15 m²,5°,Centralizzato,"balcone, ascensore, connessione ad internet, lavatrice, terrazzo, armadi, cucina",Via Matteo Civitali,"San Siro, Trenno",San Siro,45.4731,9.1316,Privato/Nessuna,,2,https://www.immobiliare.it/annunci/127518972/,
125818987,"Stanza singola via Fratelli Fraschini 3, Milano",650,€ 650/mese,2,1,43 m²,2°,Centralizzato,"terrazzo, ascensore, microonde, portineria, tv, armadi, cucina",Via Fratelli Fraschini,"Abbiategrasso, Chiesa Rossa",Gratosoglio,45.4172,9.17978,Privato/Nessuna,,17,https://www.immobiliare.it/annunci/125818987/,
122824744,"Stanza singola piazzale Martesana 10, Milano",650,€ 650/mese,1,1,30 m²,3°,Centralizzato,"ascensore, lavatrice, lavastoviglie, portineria, tv, armadi, bagno per disabili, cucina",Piazzale Martesana,"Precotto, Turro",Precotto,45.5097,9.22422,Privato/Nessuna,,7,https://www.immobiliare.it/annunci/122824744/,
122887864,"Stanza singola via 5 Maggio 19, Milano",675,€ 675/mese,5,1,120 m²,6°,Centralizzato,"balcone, terrazzo, ascensore, connessione ad internet, ripostiglio, lavatrice, microonde, portineria, con biancheria, armadi, cucina",Via 5 Maggio,"Affori, Bovisa",Quarto Oggiaro,45.51,9.13373,Privato/Nessuna,,8,https://www.immobiliare.it/annunci/122887864/,
122978020,"Stanza tripla via Giorgio Merula 5, Milano",650,€ 650/mese,5,1,64 m²,3°,Centralizzato,"balcone, ascensore, connessione ad internet, giardino, lavastoviglie, lavatrice, microonde, tv, armadi, cucina",Via Giorgio Merula,"Famagosta, Barona",Tre Castelli - Faenza,45.44,9.12851,Privato/Nessuna,,5,https://www.immobiliare.it/annunci/122978020/,
127364069,"Stanza singola via Appennini 43, Milano",645,€ 645/mese,4,1,14 m²,7°,Centralizzato,"ascensore, connessione ad internet, ripostiglio, giardino, lavatrice, lavastoviglie, microonde, balcone, tv, armadi, cucina",Via Appennini,"San Siro, Trenno",Gallaratese,45.5019,9.10609,Privato/Nessuna,,6,https://www.immobiliare.it/annunci/127364069/,
98419106,"Stanza singola via Porto Corsini 22, Milano",650,€ 650/mese,5,2,12 m²,2°,Centralizzato,"balcone, terrazzo, connessione ad internet, ripostiglio, giardino, microonde, lavatrice, ascensore, tv, ingresso privato, armadi, cucina",Via Porto Corsini,"Precotto, Turro",Villa San Giovanni,45.5232,9.22585,Privato/Nessuna,,8,https://www.immobiliare.it/annunci/98419106/,
119782174,"Stanza singola via Ugo Betti 149, Milano",650,€ 650/mese,4,2,20 m²,4°,Centralizzato,"ascensore, connessione ad internet, ripostiglio, lavatrice, lavastoviglie, microonde, armadi, tv, cucina",Via Ugo Betti,"San Siro, Trenno",Gallaratese,45.4958,9.10815,Privato/Nessuna,,7,https://www.immobiliare.it/annunci/119782174/,
112739665,"Stanza doppia via Giovanni Pacini 40, Milano",550,€ 1.100/mese | € 550 a posto letto,3,1,80 m²,Piano rialzato,Centralizzato,"sistema di allarme, connessione ad internet, giardino, lavatrice, microonde, portineria, ascensore, con biancheria, tv, armadi, cucina",Via Giovanni Pacini,"Città Studi, Susa",Città Studi,45.4828,9.23117,Privato/Nessuna,,9,https://www.immobiliare.it/annunci/112739665/,
116573279,"Stanza singola via Antonio Bazzini 37, Milano",700,€ 700/mese,3,1,18 m²,Piano terra,Autonomo,"terrazzo, connessione ad internet, lavatrice, lavastoviglie, giardino, ingresso privato, cucina",Via Antonio Bazzini,"Città Studi, Susa",Città Studi,45.4841,9.2249,Privato/Nessuna,,5,https://www.immobiliare.it/annunci/116573279/,
100315838,"Stanza singola via Tavazzano 12, Milano",590,€ 590/mese,3,1,15 m²,4°,Centralizzato,"balcone, ascensore, connessione ad internet, ripostiglio, lavatrice, portineria, armadi, cucina",Via Tavazzano,"Uptown, Cascina Merlata, Viale Certosa",Certosa,45.4937,9.14796,Privato/Nessuna,,7,https://www.immobiliare.it/annunci/100315838/,
114195951,"Stanza singola via Lorenteggio 201, Milano",600,€ 600/mese,5+,1,95 m²,3°,Centralizzato,"connessione ad internet, lavatrice, lavastoviglie, microonde, portineria, armadi, cucina",Via Lorenteggio,"Famagosta, Barona",Giambellino,45.4468,9.12721,Privato/Nessuna,,7,https://www.immobiliare.it/annunci/114195951/,
127137775,"Stanza singola via Adolfo Omodeo 29, Milano",700,€ 700/mese,3,2,20 m²,4°,Autonomo,cucina,Via Adolfo Omodeo,"San Siro, Trenno",Gallaratese,45.492,9.11686,Privato/Nessuna,,8,https://www.immobiliare.it/annunci/127137775/,
121280592,"Stanza singola via Padova 276, Milano",650,€ 650/mese,3,1,14 m²,Piano rialzato,Autonomo,"ascensore, connessione ad internet, lavatrice, lavastoviglie, microonde, portineria, armadi, cucina",Via Padova,"Cimiano, Crescenzago, Adriano",Crescenzago,45.5079,9.24571,Privato/Nessuna,,8,https://www.immobiliare.it/annunci/121280592/,
122871890,"Stanza singola via Nicola Romeo 7, Milano",640,€ 640/mese,4,2,130 m²,3°,Autonomo,"terrazzo, lavatrice, portineria, cucina",Via Nicola Romeo,"Abbiategrasso, Chiesa Rossa",Gratosoglio,45.4181,9.18084,Privato/Nessuna,,9,https://www.immobiliare.it/annunci/122871890/,
126448083,"Stanza singola via Filippo Baldinucci 97, Milano",650,€ 650/mese,3,1,16 m²,5°,Centralizzato,"ascensore, connessione ad internet, ripostiglio, lavatrice, lavastoviglie, armadi, cucina",Via Filippo Baldinucci,"Affori, Bovisa",Bovisa,45.503,9.16767,Privato/Nessuna,,8,https://www.immobiliare.it/annunci/126448083/,
113029795,"Stanza singola via Ambrogio Binda 25, Milano",650,€ 650/mese,2,1,65 m²,2°,Centralizzato,"balcone, ascensore, connessione ad internet, lavatrice, lavastoviglie, microonde, portineria, cucina",Via Ambrogio Binda,"Famagosta, Barona",Barona,45.442,9.15505,Privato/Nessuna,,13,https://www.immobiliare.it/annunci/113029795/,
126437075,"Stanza singola via Ettore Bellani 2, Milano",650,€ 650/mese,3,2,16 m²,2°,Centralizzato,"balcone, ascensore, connessione ad internet, ripostiglio, giardino, lavatrice, lavastoviglie, microonde, portineria, armadi, accesso per disabili, cucina",Via Ettore Bellani,"Centrale, Repubblica",Melchiorre Gioia,45.4637,9.18813,Privato/Nessuna,,12,https://www.immobiliare.it/annunci/126437075/,
98458470,"Stanza singola via Vincenzo Gianferrari 10, Milano",670,€ 670/mese,2,1,20 m²,1°,Centralizzato,"lavatrice, giardino, ripostiglio, connessione ad internet, armadi, cucina",Via Vincenzo Gianferrari,"Maggiolina, Istria",Istria,45.4986,9.19245,Privato/Nessuna,,20,https://www.immobiliare.it/annunci/98458470/,
126377483,"Stanza singola via Giovanni Pezzotti, Milano",600,€ 600/mese,3,1,,1°,Centralizzato,"ascensore, connessione ad internet, giardino, portineria, lavatrice, balcone, tv, armadi, cucina",Via Giovanni Pezzotti,"Abbiategrasso, Chiesa Rossa",Pezzotti - Meda,45.4405,9.18328,Privato/Nessuna,,11,https://www.immobiliare.it/annunci/126377483/,
122561482,"Stanza singola via Nicola Piccinni 21, Milano",650,€ 650/mese,4,1,120 m²,Interrato (-1),Centralizzato,"connessione ad internet, lavatrice, microonde, portineria, tv, ingresso privato, armadi, cucina",Via Nicola Piccinni,"Centrale, Repubblica",Buenos Aires,45.4827,9.21556,Privato/Nessuna,,9,https://www.immobiliare.it/annunci/122561482/,
102462232,"Stanza singola via George Washington 48, Milano",645,€ 645/mese,3,1,12 m²,4°,Centralizzato,"connessione ad internet, ripostiglio, lavatrice, lavastoviglie, microonde, ascensore, terrazzo, sistema di allarme, campo da tennis, armadi, cucina",Via George Washington,"Solari, Washington",Washington,45.4629,9.15474,Privato/Nessuna,,10,https://www.immobiliare.it/annunci/102462232/,
115138915,"Stanza singola via Siro Capsoni 9, Milano",600,€ 600/mese,3,1,,1°,Autonomo,"balcone, lavatrice, lavastoviglie, armadi, cucina",Via Siro Capsoni,"Bicocca, Niguarda",Bruzzano,45.528,9.17347,Privato/Nessuna,,9,https://www.immobiliare.it/annunci/115138915/,
124537213,"Stanza doppia via Val Lagarina 2, Milano",680,€ 680/mese,5,1,85 m²,1°,Centralizzato,"connessione ad internet, lavatrice, lavastoviglie, armadi, cucina",Via Val Lagarina,"Affori, Bovisa",Roserio,45.5189,9.13067,Privato/Nessuna,,7,https://www.immobiliare.it/annunci/124537213/,
118859439,"Stanza singola via Zante 19, Milano",650,€ 650/mese,2,1,15 m²,1°,Centralizzato,"balcone, terrazzo, ascensore, caminetto, ripostiglio, lavatrice, microonde, portineria, tv, armadi, cucina",Via Zante,Forlanini,Quartiere Forlanini,45.4578,9.24834,Privato/Nessuna,,9,https://www.immobiliare.it/annunci/118859439/,
111384025,"Stanza singola piazza San Materno 2, Milano",650,€ 650/mese,2,1,18 m²,4°,Autonomo,"ripostiglio, lavatrice, armadi, cucina",Piazza San Materno,"Città Studi, Susa",Casoretto,45.4887,9.2261,Privato/Nessuna,,9,https://www.immobiliare.it/annunci/111384025/,
126227085,"Stanza singola via Guido da Velate, Milano",650,€ 650/mese,3,1,10 m²,1°,Autonomo,"terrazzo, ascensore, connessione ad internet, ripostiglio, campo da tennis, lavastoviglie, lavatrice, portineria, cucina",Via Guido da Velate,"Bicocca, Niguarda",Niguarda,45.5235,9.19371,Privato/Nessuna,,18,https://www.immobiliare.it/annunci/126227085/,
125364605,"Stanza singola via Carlo Valvassori Peroni 86, Milano",700,€ 700/mese,3,1,15 m²,6°,Centralizzato,"ascensore, sistema di allarme, connessione ad internet, ripostiglio, lavatrice, lavastoviglie, microonde, armadi, cucina",Via Carlo Valvassori Peroni,"Città Studi, Susa",Città Studi,45.4841,9.23658,Privato/Nessuna,,8,https://www.immobiliare.it/annunci/125364605/,
124965059,"Stanza singola via Vivarini 3, Milano",700,€ 700/mese,4,1,25 m²,3°,Centralizzato,"connessione ad internet, ripostiglio, lavatrice, lavastoviglie, armadi, ingresso privato, tv, cucina",Via Vivarini,"Abbiategrasso, Chiesa Rossa",Pezzotti - Meda,45.439,9.18017,Privato/Nessuna,,13,https://www.immobiliare.it/annunci/124965059/,
109669245,"Stanza singola piazza Pietro Frattini 15, Milano",650,€ 650/mese,4,2,20 m²,4°,Centralizzato,"ripostiglio, lavatrice, microonde, portineria, armadi, cucina",Piazza Pietro Frattini,"Famagosta, Barona",Giambellino,45.4512,9.14238,Privato/Nessuna,,7,https://www.immobiliare.it/annunci/109669245/,
125228049,"Stanza singola via Civenna 9, Milano",625,€ 625/mese,2,1,65 m²,4°,Centralizzato,"balcone, ascensore, connessione ad internet, lavatrice, lavastoviglie, microonde, armadi, cucina",Via Civenna,"Uptown, Cascina Merlata, Viale Certosa",Certosa,45.4958,9.13185,Privato/Nessuna,,9,https://www.immobiliare.it/annunci/125228049/,
115809543,"Stanza singola via Giambellino, Milano",700,€ 700/mese,3,1,,6°,Centralizzato,"ascensore, connessione ad internet, lavatrice, armadi, cucina",Via Giambellino,"Famagosta, Barona",Giambellino,45.4489,9.1429,Privato/Nessuna,,18,https://www.immobiliare.it/annunci/115809543/,
127322163,"Stanza singola via Medeghino 24, Milano",620,€ 620/mese,4,2,110 m²,1°,Centralizzato,"connessione ad internet, giardino, lavatrice, microonde, portineria, armadi, cucina",Via Medeghino,"Abbiategrasso, Chiesa Rossa",Cermenate - Abbiategrasso,45.4315,9.17976,Privato/Nessuna,,5,https://www.immobiliare.it/annunci/127322163/,
123067517,"Stanza singola via Enrico Cosenz 81, Milano",650,€ 650/mese,5+,2,100 m²,4°,Autonomo,"connessione ad internet, ripostiglio, lavatrice, lavastoviglie, cucina",Via Enrico Cosenz,"Affori, Bovisa",Bovisa,45.5064,9.16008,Privato/Nessuna,,7,https://www.immobiliare.it/annunci/123067517/,
127350389,"Stanza singola viale Cassala 61, Milano",700,€ 700/mese,5+,1,,3°,Centralizzato,"balcone, terrazzo, ascensore, ripostiglio, lavatrice, lavastoviglie, microonde, portineria, cucina",Viale Cassala,Navigli,Navigli - Darsena,45.4444,9.1667,Privato/Nessuna,,7,https://www.immobiliare.it/annunci/127350389/,
124809971,"Stanza singola via Ermanno Barigozzi 22, Milano",700,€ 700/mese,3,1,14 m²,4°,Centralizzato,"balcone, ascensore, portineria, lavatrice, ripostiglio, cucina",Via Ermanno Barigozzi,Forlanini,Quartiere Forlanini,45.4594,9.24286,Privato/Nessuna,,8,https://www.immobiliare.it/annunci/124809971/,
124395893,"Stanza singola via Ettore Ciccotti 8, Milano",700,€ 700/mese,5,1,96 m²,3°,Centralizzato,"terrazzo, balcone, ascensore, connessione ad internet, ripostiglio, giardino, lavatrice, microonde, portineria, armadi, tv, cucina",Via Ettore Ciccotti,"Affori, Bovisa",Affori,45.5221,9.16513,Privato/Nessuna,,7,https://www.immobiliare.it/annunci/124395893/,
120820198,"Stanza singola viale Giovanni da Cermenate 66, Milano",650,€ 650/mese,4,1,65 m²,1°,Centralizzato,"balcone, ascensore, lavatrice, tv, armadi, cucina",Viale Giovanni da Cermenate,"Abbiategrasso, Chiesa Rossa",Cermenate - Abbiategrasso,45.4372,9.18326,Privato/Nessuna,,7,https://www.immobiliare.it/annunci/120820198/,
126935513,"Stanza singola piazza Abbiategrasso 17, Milano",650,€ 650/mese,2,1,67 m²,6°,Autonomo,"ascensore, connessione ad internet, ripostiglio, piscina, campo da tennis, lavatrice, microonde, cucina",Piazza Abbiategrasso,"Abbiategrasso, Chiesa Rossa",Cermenate - Abbiategrasso,45.4302,9.17813,Privato/Nessuna,,7,https://www.immobiliare.it/annunci/126935513/,
122148692,"Stanza singola viale Misurata 17, Milano",600,€ 600/mese,2,1,25 m²,1°,Centralizzato,"balcone, ascensore, connessione ad internet, ripostiglio, lavatrice, microonde, portineria, tv, ingresso privato, armadi, cucina",Viale Misurata,"Solari, Washington",Washington,45.4575,9.1516,Privato/Nessuna,,7,https://www.immobiliare.it/annunci/122148692/,
118651467,"Stanza singola via Palanzone 12, Milano",650,€ 650/mese,5,1,25 m²,4°,Centralizzato,"ascensore, ripostiglio, lavatrice, microonde, portineria, armadi, bagno per disabili, cucina",Via Palanzone,"Bicocca, Niguarda",Niguarda,45.5189,9.19509,Privato/Nessuna,,7,https://www.immobiliare.it/annunci/118651467/,
112653409,"Stanza singola via Giampietrino 1, Milano",690,€ 690/mese,4,1,12 m²,1°,Autonomo,"balcone, connessione ad internet, lavatrice, lavastoviglie, tv, armadi, cucina",Via Giampietrino,"Affori, Bovisa",Bovisa,45.5026,9.15345,Privato/Nessuna,,7,https://www.immobiliare.it/annunci/112653409/,
117673471,"Stanza doppia via Grivola 9, Milano",700,€ 700/mese,3,1,65 m²,Piano terra,Centralizzato,"lavatrice, microonde, ascensore, armadi, cucina",Via Grivola,"Bicocca, Niguarda",Niguarda,45.5177,9.19347,Privato/Nessuna,,7,https://www.immobiliare.it/annunci/117673471/,
126016935,"Stanza singola via Lucca 2, Milano",650,€ 650/mese,5+,2,4 m²,3°,Centralizzato,"ascensore, connessione ad internet, ripostiglio, giardino, lavatrice, lavastoviglie, microonde, con biancheria, armadi, cucina",Via Lucca,"Bisceglie, Baggio, Olmi",Bisceglie,45.4568,9.11327,Privato/Nessuna,,18,https://www.immobiliare.it/annunci/126016935/,
126255419,"Stanza singola via Arezzo 7, Milano",650,€ 650/mese,3,1,65 m²,Piano rialzato,Centralizzato,"ascensore, giardino, lavatrice, lavastoviglie, microonde, portineria, tv, armadi, accesso per disabili, cucina",Via Arezzo,"Bicocca, Niguarda",Bignami - Ponale,45.5257,9.20737,Privato/Nessuna,,7,https://www.immobiliare.it/annunci/126255419/,
117728931,"Stanza singola via Asiago 41, Milano",700,€ 700/mese,2,1,,2°,Autonomo,"ascensore, lavatrice, microonde, cucina",Via Asiago,"Precotto, Turro",Gorla,45.5058,9.22885,Privato/Nessuna,,9,https://www.immobiliare.it/annunci/117728931/,
122543610,"Stanza doppia via Giovanni Pacini 40, Milano",550,€ 1.100/mese | € 550 a posto letto,3,1,80 m²,Piano rialzato,Centralizzato,"ascensore, connessione ad internet, giardino, lavatrice, microonde, portineria, con biancheria, tv, armadi, cucina",Via Giovanni Pacini,"Città Studi, Susa",Città Studi,45.4828,9.23117,Privato/Nessuna,,13,https://www.immobiliare.it/annunci/122543610/,
123484285,"Stanza singola via Beltrame Cristiani, Milano",600,€ 600/mese,2,2,100 m²,5°,Assente,"ascensore, ripostiglio, connessione ad internet, cucina",Via Beltrame Cristiani,"Bicocca, Niguarda",Bignami - Ponale,45.523,9.20693,Privato/Nessuna,,9,https://www.immobiliare.it/annunci/123484285/,
123629221,"Stanza singola via Donna Prassede 6, Milano",650,€ 650/mese,4,2,15 m²,1°,Autonomo,"terrazzo, connessione ad internet, ripostiglio, giardino, lavatrice, lavastoviglie, microonde, ascensore, armadi, accesso per disabili, bagno per disabili, cucina",Via Donna Prassede,"Famagosta, Barona",Cantalupa - San Paolo,45.4315,9.16972,Privato/Nessuna,,11,https://www.immobiliare.it/annunci/123629221/,
126874473,"Stanza singola via Cesare Ajraghi 3, Milano",650,€ 650/mese,4,2,,Piano terra,Centralizzato,"giardino, lavatrice, lavastoviglie, microonde, cucina",Via Cesare Ajraghi,"Uptown, Cascina Merlata, Viale Certosa",Certosa,45.4975,9.14871,Privato/Nessuna,,8,https://www.immobiliare.it/annunci/126874473/,
122339266,"Stanza singola via Gerolamo Arganini 10, Milano",650,€ 650/mese,5+,2,,2°,Assente,"ascensore, connessione ad internet, lavastoviglie, lavatrice, portineria, microonde, cucina",Via Gerolamo Arganini,"Bicocca, Niguarda",Niguarda,45.5164,9.20168,Privato/Nessuna,,8,https://www.immobiliare.it/annunci/122339266/,
127492340,"Stanza singola via Concilio Vaticano II 6, Milano",650,€ 650/mese,5,1,,4°,Centralizzato,"balcone, ascensore, connessione ad internet, ripostiglio, lavatrice, lavastoviglie, microonde, portineria, tv, ingresso privato, armadi, cucina",Via Concilio Vaticano II,"Affori, Bovisa",Quarto Oggiaro,45.5123,9.14833,Privato/Nessuna,,9,https://www.immobiliare.it/annunci/127492340/,
127137123,"Stanza singola via Ragusa, Milano",650,€ 650/mese,3,1,18 m²,3°,Autonomo,"balcone, armadi, cucina",Via Ragusa,"Maggiolina, Istria",Maggiolina,45.4976,9.1968,Privato/Nessuna,,8,https://www.immobiliare.it/annunci/127137123/,
126550671,"Stanza singola via Alfonso Cossa 18, Milano",600,€ 600/mese,3,1,65 m²,Piano rialzato,Centralizzato,"connessione ad internet, ripostiglio, giardino, portineria, microonde, lavatrice, armadi, cucina",Via Alfonso Cossa,Forlanini,Quartiere Forlanini,45.4605,9.2448,Privato/Nessuna,,20,https://www.immobiliare.it/annunci/126550671/,
121837240,"Stanza singola via Giuseppe De Finetti 4, Milano",650,€ 650/mese,2,2,12 m²,7°,Autonomo,"connessione ad internet, giardino, lavatrice, lavastoviglie, microonde, ripostiglio, tv, armadi, con biancheria, accesso per disabili, cucina",Via Giuseppe De Finetti,"Famagosta, Barona",Cantalupa - San Paolo,45.4242,9.1574,Privato/Nessuna,,6,https://www.immobiliare.it/annunci/121837240/,
119605331,"Stanza doppia via Eugenio Carpi 30, Milano",400,€ 800/mese | € 400 a posto letto,3,2,15 m²,4°,Centralizzato,"connessione ad internet, lavatrice, lavastoviglie, microonde, ascensore, armadi, accesso per disabili, bagno per disabili, cucina",Via Eugenio Carpi,"Città Studi, Susa",Casoretto,45.4878,9.23329,Privato/Nessuna,,7,https://www.immobiliare.it/annunci/119605331/,
117154543,"Stanza singola via Giuseppe Pozzobonelli 6, Milano",650,€ 650/mese,4,2,18 m²,2°,Centralizzato,"ascensore, connessione ad internet, lavatrice, lavastoviglie, microonde, portineria, bagno privato, armadi, cucina",Via Giuseppe Pozzobonelli,"Bicocca, Niguarda",Niguarda,45.5219,9.19513,Privato/Nessuna,,7,https://www.immobiliare.it/annunci/117154543/,
115146861,"Stanza singola via Mac Mahon 110, Milano",680,€ 680/mese,4,2,150 m²,9°,Centralizzato,"balcone, connessione ad internet, ripostiglio, giardino, lavatrice, microonde, portineria, ascensore, armadi, tv, bagno privato, cucina",Via Mac Mahon,"Affori, Bovisa",Bovisa,45.4969,9.15425,Privato/Nessuna,,8,https://www.immobiliare.it/annunci/115146861/,
127134517,"Stanza singola via Carlo d'Adda 1, Milano",700,€ 700/mese,5,1,12 m²,8°,Centralizzato,"balcone, lavatrice, lavastoviglie, portineria, armadi, cucina",Via Carlo d'Adda,Navigli,Navigli - Darsena,45.4484,9.16031,Privato/Nessuna,,6,https://www.immobiliare.it/annunci/127134517/,
124484383,"Stanza singola via Pietro Boifava, Milano",650,€ 650/mese,2,1,16 m²,4°,Centralizzato,"balcone, ascensore, ripostiglio, lavatrice, lavastoviglie, armadi, cucina",Via Pietro Boifava,"Abbiategrasso, Chiesa Rossa",Chiesa Rossa,45.427,9.17364,Privato/Nessuna,,1,https://www.immobiliare.it/annunci/124484383/,
126374163,"Stanza singola via Mac Mahon 111, Milano",650,€ 650/mese,3,1,70 m²,3°,Centralizzato,"connessione ad internet, ripostiglio, lavatrice, lavastoviglie, microonde, portineria, armadi, cucina",Via Mac Mahon,"Uptown, Cascina Merlata, Viale Certosa",Ghisolfa - Mac Mahon,45.4941,9.15777,Privato/Nessuna,,7,https://www.immobiliare.it/annunci/126374163/,
114474883,"Stanza singola via Pietro Boifava 6, Milano",600,€ 600/mese,4,2,110 m²,3°,Centralizzato,"connessione ad internet, ripostiglio, giardino, lavatrice, microonde, armadi, cucina",Via Pietro Boifava,"Abbiategrasso, Chiesa Rossa",Chiesa Rossa,45.4267,9.17152,Privato/Nessuna,,6,https://www.immobiliare.it/annunci/114474883/,
126969477,"Stanza singola via Mar Nero 12, Milano",630,€ 630/mese,3,1,24 m²,2°,Centralizzato,"balcone, ascensore, connessione ad internet, lavatrice, portineria, con biancheria, bagno privato, cucina",Via Mar Nero,"Bisceglie, Baggio, Olmi",Bisceglie,45.4577,9.10434,Privato/Nessuna,,4,https://www.immobiliare.it/annunci/126969477/,
120457966,"Stanza singola via Pier Alessandro Paravia 73, Milano",600,€ 600/mese,3,1,75 m²,1°,Centralizzato,"ascensore, connessione ad internet, ripostiglio, lavatrice, lavastoviglie, balcone, armadi, cucina",Via Pier Alessandro Paravia,"San Siro, Trenno",San Siro,45.4735,9.134,Privato/Nessuna,,6,https://www.immobiliare.it/annunci/120457966/,
126194087,"Stanza singola viale Coni Zugna 57, Milano",650,€ 650/mese,5,1,70 m²,3°,Centralizzato,"balcone, ascensore, portineria, lavatrice, cucina",Viale Coni Zugna,"Solari, Washington",Solari,45.4563,9.1706,Privato/Nessuna,,6,https://www.immobiliare.it/annunci/126194087/,
125816789,"Stanza singola via Raffaello Giolli 25, Milano",590,€ 590/mese,4,2,15 m²,1°,Centralizzato,"ascensore, connessione ad internet, ripostiglio, lavatrice, lavastoviglie, microonde, armadi, cucina",Via Raffaello Giolli,"Bicocca, Niguarda",Bignami - Ponale,45.5265,9.2108,Privato/Nessuna,,5,https://www.immobiliare.it/annunci/125816789/,
126559501,"Stanza singola via Vittorio Scialoia 12, Milano",700,€ 700/mese,3,1,58 m²,3°,Autonomo,"balcone, terrazzo, ripostiglio, microonde, lavatrice, armadi, cucina",Via Vittorio Scialoia,"Affori, Bovisa",Affori,45.5104,9.179,Privato/Nessuna,,5,https://www.immobiliare.it/annunci/126559501/,
125580891,"Stanza singola via Volvinio 18, Milano",650,€ 650/mese,3,1,65 m²,5°,Centralizzato,"terrazzo, balcone, connessione ad internet, ripostiglio, lavatrice, tv, armadi, cucina",Via Volvinio,"Abbiategrasso, Chiesa Rossa",Cermenate - Abbiategrasso,45.4363,9.18347,Privato/Nessuna,,6,https://www.immobiliare.it/annunci/125580891/,
120644634,"Stanza singola via Andrea Costa 2, Milano",700,€ 700/mese,5+,2,120 m²,5°,Centralizzato,"balcone, ascensore, connessione ad internet, lavatrice, lavastoviglie, cucina",Via Andrea Costa,"Città Studi, Susa",Casoretto,45.4863,9.21838,Privato/Nessuna,,4,https://www.immobiliare.it/annunci/120644634/,
95589058,"Stanza singola via George Washington 48, Milano",695,€ 695/mese,3,1,16 m²,4°,Centralizzato,"ascensore, sistema di allarme, connessione ad internet, ripostiglio, lavatrice, lavastoviglie, microonde, campo da tennis, armadi, cucina",Via George Washington,"Solari, Washington",Washington,45.4629,9.15474,Privato/Nessuna,,7,https://www.immobiliare.it/annunci/95589058/,
123624463,"Stanza singola via Enrico Tazzoli 11, Milano",610,€ 610/mese,4,1,77 m²,2°,Centralizzato,"connessione ad internet, lavatrice, portineria, microonde, armadi, cucina",Via Enrico Tazzoli,"Garibaldi, Moscova, Porta Nuova",Garibaldi - Corso Como,45.485,9.18357,Privato/Nessuna,,6,https://www.immobiliare.it/annunci/123624463/,
122579856,"Stanza singola via Camillo Giussani 20, Milano",650,€ 650/mese,5,2,110 m²,1°,Centralizzato,"ascensore, sistema di allarme, connessione ad internet, ripostiglio, lavatrice, lavastoviglie, cucina",Via Camillo Giussani,"Famagosta, Barona",Tre Castelli - Faenza,45.4403,9.13885,Privato/Nessuna,,6,https://www.immobiliare.it/annunci/122579856/,
115052767,"Stanza singola via Lodovico il Moro 163, Milano",600,€ 600/mese,2,1,30 m²,2°,Centralizzato,"lavatrice, microonde, ripostiglio, lavastoviglie, armadi, cucina",Via Lodovico il Moro,"Famagosta, Barona",Tre Castelli - Faenza,45.4408,9.12914,Privato/Nessuna,,6,https://www.immobiliare.it/annunci/115052767/,
121242812,"Stanza singola piazza Caiazzo, Milano",700,€ 700/mese,3,1,11 m²,4°,Centralizzato,"ascensore, lavatrice, portineria, ripostiglio, armadi, cucina",Piazza Caiazzo,"Centrale, Repubblica",Buenos Aires,45.4849,9.20967,Privato/Nessuna,,6,https://www.immobiliare.it/annunci/121242812/,
125282851,"Stanza singola via Padova, Milano",600,€ 600/mese,3,1,20 m²,4°,Assente,"balcone, cucina, portineria, bagno in comune",Via Padova,"Cimiano, Crescenzago, Adriano",Cimiano,45.5022,9.2379,Immobiliare Piola,039 240 3287,14,https://www.immobiliare.it/annunci/125282851/,
127341499,"Stanza singola Bocconi, Milano",650,€ 650/mese,3,2,85 m²,3°,Assente,"cucina, lavatrice, bagno in comune, parquet, armadi",Via Giuseppe Ripamonti,Navigli,Bocconi,45.4501,9.197,Gabetti Franchising Milano Navigli Bocconi,02 3540 6541,21,https://www.immobiliare.it/annunci/127341499/,
126823337,"Stanza singola via Cadore 22, Milano",650,€ 650/mese,4,2,110 m²,2 piani: da 3° a 4°,Assente,"cucina, lavatrice, lavastoviglie, microonde",Via Cadore,"Porta Romana, Cadore, Montenero",Cadore,45.4585,9.2129,Domus Property Solutions,02 8974 3311,38,https://www.immobiliare.it/annunci/126823337/,
127019585,"Stanza singola Tre Castelli - Faenza, Milano",700,€ 700/mese,5,,117 m²,2°,Assente,"balcone, cucina, connessione ad internet, lavatrice, bagno in comune, aria condizionata, armadi",Via Camillo Giussani,"Famagosta, Barona",Tre Castelli - Faenza,45.4404,9.1391,MilanHousing,02 3651 7940,11,https://www.immobiliare.it/annunci/127019585/,
124736491,"Stanza singola viale delle Rimembranze di Lambrate 13/B, Milano",650,€ 650/mese,4,1,100 m²,"1°, con ascensore",Autonomo,"ripostiglio, balcone, cucina, connessione ad internet, portineria",Viale delle Rimembranze di Lambrate 13/B,"Udine, Lambrate",Lambrate,45.4829,9.2414,TEMPOCASA Milano Lambrate,02 8295 2126,26,https://www.immobiliare.it/annunci/124736491/,
124736487,"Stanza singola viale delle Rimembranze di Lambrate 13/B, Milano",650,€ 650/mese,4,1,100 m²,"1°, con ascensore",Autonomo,"ripostiglio, cucina, connessione ad internet, microonde",Viale delle Rimembranze di Lambrate 13/B,"Udine, Lambrate",Lambrate,45.4829,9.2414,TEMPOCASA Milano Lambrate,02 8295 2126,21,https://www.immobiliare.it/annunci/124736487/,
115232003,"Stanza doppia via Roberto Sarfatti 26/4, Milano",700,€ 700/mese,1,1,14 m²,4°,Assente,"balcone, cucina, portineria, bagno in comune, aria condizionata",Via Roberto Sarfatti,Navigli,Bocconi,45.4478,9.1898,RE/MAX Renova,02 9475 3274,17,https://www.immobiliare.it/annunci/115232003/,
125033853,"Stanza singola via Plinio 41, Milano",700,€ 700/mese,4,2,139 m²,3°,Assente,"balcone, cucina, lavatrice, lavastoviglie, microonde, bagno in comune, tv, aria condizionata, armadi",Via Plinio,"Città Studi, Susa",Città Studi,45.4766,9.2178,CFC Immobiliare Pacini,02 8974 4586,40,https://www.immobiliare.it/annunci/125033853/,
115378535,"Stanza singola via Arezzo 10, Milano",650,€ 650/mese,4,1,11 m²,2°,Assente,"ripostiglio, giardino, balcone, cucina, connessione ad internet, lavatrice, microonde, portineria, bagno in comune, armadi",Via Arezzo,"Bicocca, Niguarda",Bignami - Ponale,45.5265,9.2049,Chance immobiliare,02 8127 3297,32,https://www.immobiliare.it/annunci/115378535/,
127061347,"Stanza in affitto in casa indipendente via Felice Casati, 39, Milano",620,€ 620/mese,5+,3+,18 m²,1°,Assente,porta blindata,"Via Felice Casati, 39","Centrale, Repubblica",Repubblica,45.4799,9.20081,Zappyrent.com,02 8973 5897,20,https://www.immobiliare.it/annunci/127061347/,
126787111,"Stanza in affitto in casa indipendente via Felice Casati, 39, Milano",600,€ 600/mese,5+,3+,18 m²,1°,Assente,porta blindata,"Via Felice Casati, 39","Centrale, Repubblica",Repubblica,45.4799,9.20081,Zappyrent.com,02 8973 5897,22,https://www.immobiliare.it/annunci/126787111/,
122040750,"Stanza singola via Rimini 24, Milano",680,€ 680/mese,2,1,58 m²,1°,Assente,aria condizionata,Via Rimini,"Famagosta, Barona",Famagosta,45.4409,9.171,Marnini Sas,02 5964 7482,4,https://www.immobiliare.it/annunci/122040750/,
127530506,"Stanza singola via Illirico 12, Milano",600,€ 600/mese,5+,2,150 m²,2°,Assente,"balcone, cucina, connessione ad internet, lavatrice, lavastoviglie, microonde, portineria, bagno in comune, aria condizionata, armadi",Via Illirico,"Città Studi, Susa",Città Studi,45.4697,9.2325,Mario Santoni Ditta Individuale,02 8736 0754,15,https://www.immobiliare.it/annunci/127530506/,
126449925,"Stanza singola viale famagosta, Milano",650,€ 650/mese,4,2,16 m²,7°,Centralizzato,"ripostiglio, balcone, cucina, connessione ad internet, lavatrice, tv satellitare/pay tv, bagno in comune, aria condizionata, porta blindata",viale famagosta,"Famagosta, Barona",Famagosta,45.4373,9.1611,Studio Carlo Torre srl,02 8973 7717,20,https://www.immobiliare.it/annunci/126449925/,
126449923,"Stanza singola viale Famagosta, Milano",590,€ 590/mese,4,2,14 m²,7°,Centralizzato,"ripostiglio, balcone, cucina, connessione ad internet, lavatrice, tv satellitare/pay tv, bagno privato, bagno in comune, aria condizionata, porta blindata",Viale Famagosta,"Famagosta, Barona",Famagosta,45.4373,9.1611,Studio Carlo Torre srl,02 8973 7717,20,https://www.immobiliare.it/annunci/126449923/,
126717421,"Stanza singola via Pesaro 15, Milano",600,€ 600/mese,1,1,40 m²,6°,Assente,"terrazzo, cucina, lavatrice, lavastoviglie, tv, aria condizionata, armadi",Via Pesaro,"Bicocca, Niguarda",Bruzzano,45.531,9.1719,StileCasa,02 3540 6575,16,https://www.immobiliare.it/annunci/126717421/,
121792160,"Stanza doppia via Belgirate 20, Milano",600,€ 600/mese,5,2,15 m²,1°,Assente,"ripostiglio, giardino, balcone, terrazzo, cucina, connessione ad internet, lavatrice, lavastoviglie, microonde, tv satellitare/pay tv, portineria, bagno in comune, parquet, tv, armadi",Via Belgirate,"Maggiolina, Istria",Maggiolina,45.4949,9.2025,Grimaldi Immobiliare Milano Maggiolina,02 5964 5473,14,https://www.immobiliare.it/annunci/121792160/,
125867487,"Stanza singola via Carlo Girola 6, Milano",650,€ 650/mese,2,1,11 m²,2°,Assente,"ripostiglio, giardino, cucina, connessione ad internet, lavatrice, microonde, bagno in comune, aria condizionata, armadi",Via Carlo Girola,"Bicocca, Niguarda",Prato Centenaro,45.5107,9.1944,Chance immobiliare,02 8127 3297,25,https://www.immobiliare.it/annunci/125867487/,
87582048,"Stanza doppia via Luigi Alamanni 18, Milano",500,€ 1.000/mese | € 500 a posto letto,4,1,90 m²,2°,Centralizzato,"connessione ad internet, ripostiglio, cucina, giardino, portineria, lavatrice, microonde, ascensore, ingresso privato, parquet, armadi, arredato",Via Luigi Alamanni,"Ripamonti, Vigentino",Vigentino - Fatima,45.4334,9.19856,Privato/Nessuna,,20,https://www.immobiliare.it/annunci/87582048/,
127030421,"Stanza singola via Legnone 54, Milano",700,€ 700/mese,2,1,70 m²,Piano rialzato,Centralizzato,"connessione ad internet, lavatrice, lavastoviglie, microonde, terrazzo, armadi, cucina",Via Legnone,"Affori, Bovisa",Dergano,45.5015,9.18078,Privato/Nessuna,,10,https://www.immobiliare.it/annunci/127030421/,
125986765,"Stanza singola via Comacchio 3, Milano",650,€ 650/mese,3,1,16 m²,1°,Centralizzato,"balcone, ascensore, connessione ad internet, lavatrice, lavastoviglie, portineria, con biancheria, armadi, cucina",Via Comacchio,"Corvetto, Rogoredo",Corvetto,45.4375,9.21865,Privato/Nessuna,,12,https://www.immobiliare.it/annunci/125986765/,
127364641,"Stanza in affitto in casa indipendente viale Gran Sasso, 10, Milano",690,€ 690/mese,1,1,18 m²,4°,Assente,porta blindata,"Viale Gran Sasso, 10","Città Studi, Susa",Città Studi,45.4829,9.21803,Zappyrent.com,02 8973 5897,10,https://www.immobiliare.it/annunci/127364641/,
109752933,"Stanza singola viale Corsica 55, Milano",670,€ 670/mese,3,2,100 m²,5°,Assente,"balcone, cucina, lavatrice, lavastoviglie, portineria, bagno privato, bagno in comune, aria condizionata, ingresso privato, armadi",Viale Corsica,"Città Studi, Susa",Argonne - Corsica,45.4625,9.2311,Immobiliare My House,02 8974 3566,11,https://www.immobiliare.it/annunci/109752933/,
123384859,"Stanza singola via Angelo Rizzoli, Milano",600,€ 600/mese,5,2,156 m²,3°,Assente,"balcone, cucina, lavatrice, microonde, bagno in comune, aria condizionata, ingresso privato, armadi",Via Angelo Rizzoli,"Cimiano, Crescenzago, Adriano",Crescenzago,45.5084,9.2553,Immobiliare My House,02 8974 3566,19,https://www.immobiliare.it/annunci/123384859/,
127525100,"Stanza singola via Andrea Ponti 20, Milano",600,€ 600/mese,2,1,35 m²,3°,Assente,"ripostiglio, giardino, balcone, terrazzo, cucina, connessione ad internet, lavatrice, microonde, tv satellitare/pay tv, bagno privato, parquet, tv, aria condizionata, armadi",Via Andrea Ponti,"Famagosta, Barona",Barona,45.4453,9.1565,Domus Progetto Milano Srl,02 5964 8054,28,https://www.immobiliare.it/annunci/127525100/,
114753557,"Stanza doppia via delle Ande 12, Milano",600,€ 1.200/mese | € 600 a posto letto,2,1,,5°,Centralizzato,"connessione ad internet, ripostiglio, lavatrice, lavastoviglie, microonde, portineria, armadi, cucina",Via delle Ande,"San Siro, Trenno",Gallaratese,45.495,9.12842,Privato/Nessuna,,6,https://www.immobiliare.it/annunci/114753557/,
120438084,"Stanza singola via Aldo Carpi 4, Milano",650,€ 650/mese,3,1,19 m²,6°,Autonomo,"ascensore, connessione ad internet, lavastoviglie, giardino, lavatrice, microonde, armadi, cucina",Via Aldo Carpi,"San Siro, Trenno",Trenno,45.4941,9.10001,Privato/Nessuna,,20,https://www.immobiliare.it/annunci/120438084/,
115080249,"Stanza doppia via Lorenteggio 22, Milano",600,€ 600/mese,2,1,70 m²,2°,Centralizzato,"balcone, ascensore, connessione ad internet, lavatrice, lavastoviglie, microonde, portineria, armadi, ingresso privato, tv, bagno privato, cucina",Via Lorenteggio,"Napoli, Soderini",Tripoli - Soderini,45.4541,9.14878,Privato/Nessuna,,6,https://www.immobiliare.it/annunci/115080249/,
125406279,"Stanza doppia piazza Giovanni Bausan 10, Milano",470,€ 940/mese | € 470 a posto letto,5,1,20 m²,2°,Centralizzato,"ascensore, ripostiglio, lavatrice, microonde, portineria, armadi, cucina",Piazza Giovanni Bausan,"Affori, Bovisa",Bovisa,45.5026,9.16536,Privato/Nessuna,,6,https://www.immobiliare.it/annunci/125406279/,
126291095,"Stanza singola viale Renato Serra 7, Milano",700,€ 700/mese,2,1,20 m²,5°,Centralizzato,"balcone, ascensore, giardino, lavatrice, lavastoviglie, microonde, portineria, armadi, cucina",Viale Renato Serra,"Fiera, Sempione, City Life, Portello",Monte Rosa - Lotto,45.4847,9.14391,Privato/Nessuna,,6,https://www.immobiliare.it/annunci/126291095/,
113934667,"Stanza singola via Paolo Gerolamo Biumi 14A, Milano",600,€ 600/mese,3,2,10 m²,1°,Autonomo,"lavatrice, ripostiglio, microonde, cucina",Via Paolo Gerolamo Biumi,"Cimiano, Crescenzago, Adriano",Ponte Nuovo,45.5061,9.23627,Privato/Nessuna,,6,https://www.immobiliare.it/annunci/113934667/,
121489284,"Stanza singola via Monti Sabini 24, Milano",650,€ 650/mese,3,1,90 m²,2°,Centralizzato,"balcone, ascensore, connessione ad internet, ripostiglio, giardino, lavatrice, portineria, armadi, cucina",Via Monti Sabini,"Ripamonti, Vigentino",Vigentino - Fatima,45.4293,9.20054,Privato/Nessuna,,1,https://www.immobiliare.it/annunci/121489284/,
121370004,"Stanza singola via Barnaba Oriani 31, Milano",650,€ 650/mese,2,1,30 m²,"2 piani: Piano rialzato, 1°",Autonomo,"giardino, lavatrice, armadi, cucina",Via Barnaba Oriani,"Uptown, Cascina Merlata, Viale Certosa",Certosa,45.5012,9.13554,Privato/Nessuna,,6,https://www.immobiliare.it/annunci/121370004/,
119846100,"Stanza singola via Ponale 48, Milano",650,€ 650/mese,3,1,90 m²,3°,Centralizzato,"terrazzo, connessione ad internet, lavatrice, microonde, portineria, cucina",Via Ponale,"Bicocca, Niguarda",Bignami - Ponale,45.5231,9.20789,Privato/Nessuna,,6,https://www.immobiliare.it/annunci/119846100/,
119892766,"Stanza singola viale Giovanni Suzzani 250, Milano",600,€ 600/mese,4,1,90 m²,3°,Centralizzato,"terrazzo, ascensore, connessione ad internet, lavatrice, lavastoviglie, microonde, armadi, cucina",Viale Giovanni Suzzani,"Bicocca, Niguarda",Bignami - Ponale,45.5235,9.20756,Privato/Nessuna,,4,https://www.immobiliare.it/annunci/119892766/,
103375150,"Stanza singola via Filippo Tommaso Marinetti, Milano",650,€ 650/mese,3,1,85 m²,4°,Centralizzato,"ascensore, connessione ad internet, lavatrice, microonde, portineria, cucina",Via Filippo Tommaso Marinetti,Centro,Duomo,45.4637,9.18813,Privato/Nessuna,,8,https://www.immobiliare.it/annunci/103375150/,
121449896,"Stanza singola via Antonio Panizzi 5, Milano",650,€ 650/mese,5+,2,92 m²,9°,Assente,"ascensore, connessione ad internet, ripostiglio, giardino, lavatrice, lavastoviglie, microonde, portineria, tv, armadi, cucina",Via Antonio Panizzi,"Bande Nere, Inganni",Lorenteggio,45.4522,9.13771,Privato/Nessuna,,8,https://www.immobiliare.it/annunci/121449896/,
113005375,"Stanza singola viale Abruzzi 88, Milano",670,€ 670/mese,3,1,100 m²,1°,Centralizzato,"connessione ad internet, giardino, ripostiglio, lavatrice, microonde, tv, cucina",Viale Abruzzi,"Città Studi, Susa",Città Studi,45.4846,9.21723,Privato/Nessuna,,5,https://www.immobiliare.it/annunci/113005375/,
121611266,"Stanza singola piazza Piero Gobetti 2, Milano",650,€ 650/mese,3,1,80 m²,5°,Autonomo,"ascensore, connessione ad internet, lavatrice, microonde, cucina",Piazza Piero Gobetti,"Città Studi, Susa",Città Studi,45.4858,9.23333,Privato/Nessuna,,6,https://www.immobiliare.it/annunci/121611266/,
112799171,"Stanza singola via Aurelio Nicolodi, Milano",700,€ 700/mese,5+,2,140 m²,2°,Autonomo,"balcone, ascensore, connessione ad internet, caminetto, ripostiglio, palestra, lavatrice, tv, cucina",Via Aurelio Nicolodi,"Affori, Bovisa",Affori,45.5122,9.16378,Privato/Nessuna,,8,https://www.immobiliare.it/annunci/112799171/,
110925423,"Stanza singola piazza Geremia Bonomelli 4, Milano",600,€ 600/mese,3,1,70 m²,4°,Centralizzato,"balcone, terrazzo, connessione ad internet, lavatrice, lavastoviglie, cucina",Piazza Geremia Bonomelli,"Porta Vittoria, Lodi",Lodi - Brenta,45.4413,9.21389,Privato/Nessuna,,5,https://www.immobiliare.it/annunci/110925423/,
121713602,"Stanza singola via Val Leventina 6, Milano",700,€ 700/mese,3,2,,3°,Centralizzato,"ascensore, ripostiglio, giardino, lavatrice, lavastoviglie, portineria, cucina",Via Val Leventina,"San Siro, Trenno",San Siro,45.4682,9.13819,Privato/Nessuna,,17,https://www.immobiliare.it/annunci/121713602/,
108917595,"Stanza singola via Riccardo Pitteri 4, Milano",700,€ 700/mese,3,1,13 m²,2°,Centralizzato,"connessione ad internet, ripostiglio, giardino, lavatrice, lavastoviglie, microonde, armadi, ingresso privato, cucina",Via Riccardo Pitteri,"Udine, Lambrate",Lambrate,45.4729,9.24905,Privato/Nessuna,,8,https://www.immobiliare.it/annunci/108917595/,
116447779,"Stanza singola via Zurigo 12, Milano",650,€ 650/mese,2,1,25 m²,6°,Centralizzato,"terrazzo, ascensore, connessione ad internet, balcone, lavatrice, tv, armadi, cucina",Via Zurigo,"Bande Nere, Inganni",Inganni,45.4573,9.11996,Privato/Nessuna,,9,https://www.immobiliare.it/annunci/116447779/,
123129443,"Stanza singola via Marostica 29, Milano",650,€ 650/mese,3,2,79 m²,Piano terra,Centralizzato,"connessione ad internet, lavatrice, lavastoviglie, portineria, bagno privato, cucina",Via Marostica,"Bande Nere, Inganni",Gambara,45.4615,9.14325,Privato/Nessuna,,7,https://www.immobiliare.it/annunci/123129443/,
102970372,"Stanza singola via Carlo Marx 16, Milano",600,€ 600/mese,5+,2,20 m²,2°,Centralizzato,"ascensore, connessione ad internet, ripostiglio, lavatrice, lavastoviglie, microonde, tv, armadi, cucina",Via Carlo Marx,"Bisceglie, Baggio, Olmi",Quarto Cagnino,45.472,9.11188,Privato/Nessuna,,10,https://www.immobiliare.it/annunci/102970372/,
127006727,"Stanza singola via Aristotele 39, Milano",610,€ 610/mese,3,1,16 m²,5°,Centralizzato,"ascensore, ripostiglio, lavatrice, microonde, portineria, armadi, cucina",Via Aristotele,"Precotto, Turro",Gorla,45.508,9.22498,Privato/Nessuna,,6,https://www.immobiliare.it/annunci/127006727/,
124191013,"Posto letto in doppia via Moncucco 26, Milano",600,€ 600 a posto letto,3,2,16 m²,4°,Autonomo,"terrazzo, ascensore, ripostiglio, lavatrice, lavastoviglie, microonde, armadi, cucina",Via Moncucco,"Famagosta, Barona",Famagosta,45.4396,9.16621,Privato/Nessuna,,7,https://www.immobiliare.it/annunci/124191013/,
122231822,"Stanza singola via Giuseppe Ripamonti 110, Milano",700,€ 700/mese,5+,1,20 m²,2°,Centralizzato,"ascensore, connessione ad internet, lavatrice, lavastoviglie, portineria, ripostiglio, armadi, tv, cucina",Via Giuseppe Ripamonti,"Ripamonti, Vigentino",Ripamonti - Fondazione Prada,45.4396,9.19979,Privato/Nessuna,,11,https://www.immobiliare.it/annunci/122231822/,
127299733,"Stanza singola via Ugo Betti 99, Milano",600,€ 600/mese,1,2,50 m²,Piano rialzato,Centralizzato,"balcone, terrazzo, connessione ad internet, sistema di allarme, giardino, lavatrice, microonde, ascensore, con biancheria, bagno privato, tv, armadi, ingresso privato, bagno per disabili, cucina",Via Ugo Betti,"San Siro, Trenno",Gallaratese,45.4938,9.10827,Privato/Nessuna,,0,https://www.immobiliare.it/annunci/127299733/,
124549571,"Stanza singola via Guido De Ruggiero 89, Milano",600,€ 600/mese,5,2,15 m²,2°,Centralizzato,"ripostiglio, lavatrice, microonde, armadi, cucina",Via Guido De Ruggiero,"Abbiategrasso, Chiesa Rossa",Gratosoglio,45.4151,9.17391,Privato/Nessuna,,5,https://www.immobiliare.it/annunci/124549571/,
121371200,"Stanza singola via Novara 89, Milano",590,€ 590/mese,2,1,8 m²,2°,Autonomo,"connessione ad internet, lavatrice, lavastoviglie, microonde, armadi, accesso per disabili, cucina",Via Novara,"San Siro, Trenno",San Siro,45.472,9.12062,Privato/Nessuna,,5,https://www.immobiliare.it/annunci/121371200/,
122571966,"Stanza singola via Viterbo 41, Milano",600,€ 600/mese,4,2,,7°,Centralizzato,"ascensore, connessione ad internet, lavatrice, microonde, armadi, cucina",Via Viterbo,"Bisceglie, Baggio, Olmi",Bisceglie,45.4558,9.10578,Privato/Nessuna,,4,https://www.immobiliare.it/annunci/122571966/,
124872679,"Stanza singola Alzaia Naviglio Pavese 66, Milano",700,€ 700/mese,3,2,14 m²,1°,Centralizzato,"connessione ad internet, ripostiglio, lavatrice, microonde, portineria, armadi, cucina",Alzaia Naviglio Pavese,Navigli,Navigli - Darsena,45.4444,9.17593,Privato/Nessuna,,5,https://www.immobiliare.it/annunci/124872679/,
110695973,"Stanza doppia via Generale Giuseppe Govone 26, Milano",680,€ 680/mese,5,1,20 m²,4°,Centralizzato,"ascensore, lavatrice, portineria, armadi, cucina",Via Generale Giuseppe Govone,"Cenisio, Sarpi, Isola",Cenisio,45.4893,9.16782,Privato/Nessuna,,5,https://www.immobiliare.it/annunci/110695973/,
123074223,"Stanza singola via Ettore Ponti 34, Milano",700,€ 700/mese,3,1,17 m²,Piano rialzato,Centralizzato,"connessione ad internet, lavatrice, lavastoviglie, microonde, cucina",Via Ettore Ponti,"Famagosta, Barona",Barona,45.4422,9.15435,Privato/Nessuna,,9,https://www.immobiliare.it/annunci/123074223/,
121879834,"Stanza doppia via dei Transiti 25, Milano",600,€ 1.200/mese | € 600 a posto letto,3,1,18 m²,1°,Autonomo,"balcone, ascensore, lavatrice, microonde, cucina",Via dei Transiti,"Pasteur, Rovereto",Pasteur,45.4909,9.21877,Privato/Nessuna,,5,https://www.immobiliare.it/annunci/121879834/,
126723485,"Stanza singola via Guido De Ruggiero 5, Milano",600,€ 600/mese,2,1,110 m²,7°,Autonomo,"balcone, ascensore, connessione ad internet, ripostiglio, lavatrice, lavastoviglie, microonde, con biancheria, tv, armadi, cucina",Via Guido De Ruggiero,"Abbiategrasso, Chiesa Rossa",Gratosoglio,45.4173,9.17391,Privato/Nessuna,,5,https://www.immobiliare.it/annunci/126723485/,
117346253,"Stanza singola piazzale Susa 6, Milano",650,€ 650/mese,2,1,80 m²,1°,Centralizzato,"terrazzo, ripostiglio, lavatrice, lavastoviglie, portineria, armadi, cucina",Piazzale Susa,"Città Studi, Susa",Plebisciti - Susa,45.4675,9.22335,Privato/Nessuna,,7,https://www.immobiliare.it/annunci/117346253/,
105468977,"Stanza singola via Martiri Triestini 9, Milano",690,€ 690/mese,2,1,30 m²,5°,Centralizzato,"balcone, ripostiglio, lavatrice, portineria, armadi, cucina",Via Martiri Triestini,"San Siro, Trenno",San Siro,45.474,9.14305,Privato/Nessuna,,5,https://www.immobiliare.it/annunci/105468977/,
117616871,"Stanza singola via Imperia 17, Milano",624,€ 624/mese,3,1,60 m²,6°,Centralizzato,"ascensore, connessione ad internet, ripostiglio, microonde, portineria, lavatrice, armadi, ingresso privato, bagno per disabili, cucina",Via Imperia,"Famagosta, Barona",Famagosta,45.4418,9.17233,Privato/Nessuna,,5,https://www.immobiliare.it/annunci/117616871/,
110589117,"Stanza singola via Renato Simoni 3, Milano",600,€ 600/mese,2,1,15 m²,5°,Centralizzato,"lavatrice, tv, armadi, cucina",Via Renato Simoni,"Affori, Bovisa",Vialba,45.5157,9.14482,Privato/Nessuna,,4,https://www.immobiliare.it/annunci/110589117/,
105932573,"Stanza singola via Arturo Graf 30, Milano",650,€ 650/mese,5,1,16 m²,7°,Centralizzato,"ascensore, lavatrice, lavastoviglie, portineria, armadi, cucina",Via Arturo Graf,"Affori, Bovisa",Quarto Oggiaro,45.5127,9.14236,Privato/Nessuna,,11,https://www.immobiliare.it/annunci/105932573/,
118070285,"Stanza singola viale Famagosta, Milano",700,€ 700/mese,2,1,15 m²,3°,Assente,"ascensore, giardino, ripostiglio, lavatrice, portineria, armadi, cucina",Viale Famagosta,"Famagosta, Barona",Famagosta,45.4374,9.16609,Privato/Nessuna,,5,https://www.immobiliare.it/annunci/118070285/,
111047043,"Stanza singola via Feltre 71, Milano",633,€ 633/mese,4,2,8 m²,4°,Centralizzato,"connessione ad internet, ripostiglio, campo da tennis, lavatrice, lavastoviglie, microonde, portineria, ingresso privato, armadi, accesso per disabili, bagno per disabili, cucina",Via Feltre,"Udine, Lambrate",Parco Lambro,45.4921,9.24432,Privato/Nessuna,,3,https://www.immobiliare.it/annunci/111047043/,
119355293,"Stanza singola via Masolino da Panicale 2, Milano",630,€ 630/mese,4,1,13 m²,4°,Centralizzato,"ascensore, connessione ad internet, ripostiglio, lavatrice, lavastoviglie, microonde, cucina",Via Masolino da Panicale,"Uptown, Cascina Merlata, Viale Certosa",Certosa,45.4931,9.15137,Privato/Nessuna,,6,https://www.immobiliare.it/annunci/119355293/,
110062955,"Stanza singola via Tito Livio 35, Milano",625,€ 625/mese,3,1,,4°,Centralizzato,"balcone, connessione ad internet, lavatrice, portineria, microonde, ripostiglio, armadi, tv, cucina",Via Tito Livio,"Porta Vittoria, Lodi",Martini - Insubria,45.4506,9.22003,Privato/Nessuna,,7,https://www.immobiliare.it/annunci/110062955/,
123682543,"Stanza singola via Pandino, Milano",600,€ 600/mese,4,1,75 m²,Piano rialzato,Autonomo,"connessione ad internet, giardino, lavatrice, microonde, ingresso privato, armadi, cucina",Via Pandino,"Famagosta, Barona",Tre Castelli - Faenza,45.4439,9.14226,Privato/Nessuna,,4,https://www.immobiliare.it/annunci/123682543/,
125019933,"Stanza singola viale Giovanni da Cermenate 37, Milano",600,€ 600/mese,4,2,,Piano rialzato,Centralizzato,"ascensore, lavatrice, portineria, armadi, cucina",Viale Giovanni da Cermenate,"Abbiategrasso, Chiesa Rossa",Pezzotti - Meda,45.438,9.18035,Privato/Nessuna,,6,https://www.immobiliare.it/annunci/125019933/,
120746852,"Stanza singola via Giovanni Battista Casella 11, Milano",700,€ 700/mese,2,1,16 m²,4°,Centralizzato,"balcone, portineria, armadi, cucina",Via Giovanni Battista Casella,"Uptown, Cascina Merlata, Viale Certosa",Certosa,45.4957,9.14592,Privato/Nessuna,,6,https://www.immobiliare.it/annunci/120746852/,
114725021,"Stanza singola via Bartolomeo Colleoni 9, Milano",600,€ 600/mese,2,1,14 m²,7°,Centralizzato,"connessione ad internet, giardino, lavatrice, microonde, portineria, ascensore, armadi, cucina",Via Bartolomeo Colleoni,"Fiera, Sempione, City Life, Portello",Sempione,45.4832,9.15466,Privato/Nessuna,,7,https://www.immobiliare.it/annunci/114725021/,
125372391,"Stanza singola via Toscolano 1, Milano",600,€ 600/mese,3,1,115 m²,1°,Centralizzato,"ascensore, connessione ad internet, ripostiglio, lavatrice, balcone, armadi, cucina",Via Toscolano,Forlanini,Quartiere Forlanini,45.4584,9.24199,Privato/Nessuna,,4,https://www.immobiliare.it/annunci/125372391/,
110227025,"Stanza singola via Derna 15, Milano",700,€ 700/mese,3,1,80 m²,2°,Centralizzato,"balcone, connessione ad internet, ripostiglio, lavatrice, lavastoviglie, microonde, tv, armadi, cucina",Via Derna,"Cimiano, Crescenzago, Adriano",Cimiano,45.4995,9.23648,Privato/Nessuna,,13,https://www.immobiliare.it/annunci/110227025/,
126571175,"Stanza singola viale Gran Sasso 40, Milano",600,€ 600/mese,4,2,240 m²,Interrato (-1),Autonomo,"connessione ad internet, ripostiglio, lavatrice, lavastoviglie, microonde, portineria, cucina",Viale Gran Sasso,"Città Studi, Susa",Città Studi,45.482,9.22015,Privato/Nessuna,,9,https://www.immobiliare.it/annunci/126571175/,
126384705,"Stanza singola via Villapizzone 43, Milano",650,€ 650/mese,,,20 m²,5°,Centralizzato,"balcone, connessione ad internet, ripostiglio, campo da tennis, lavatrice, lavastoviglie, microonde, portineria, armadi",Via Villapizzone,"Uptown, Cascina Merlata, Viale Certosa",Certosa,45.5009,9.14524,Privato/Nessuna,,9,https://www.immobiliare.it/annunci/126384705/,
114349577,"Stanza doppia via dei Valtorta 57, Milano",690,€ 690/mese,5,2,150 m²,2°,Centralizzato,"connessione ad internet, lavatrice, lavastoviglie, microonde, portineria, armadi, cucina",Via dei Valtorta,"Cimiano, Crescenzago, Adriano",Cimiano,45.5005,9.22975,Privato/Nessuna,,4,https://www.immobiliare.it/annunci/114349577/,
123224761,"Stanza singola via Val Maira 11, Milano",650,€ 650/mese,5,2,115 m²,6°,Centralizzato,"ascensore, connessione ad internet, ripostiglio, lavatrice, lavastoviglie, microonde, portineria, armadi, tv, cucina",Via Val Maira,"Bicocca, Niguarda",Prato Centenaro,45.5083,9.19707,Privato/Nessuna,,7,https://www.immobiliare.it/annunci/123224761/,
76319584,"Stanza singola via Carlo Farini 93, Milano",700,€ 700/mese | € 700 a posto letto,2,1,,4° piano,Assente,"cucina, ascensore, lavatrice, microonde, balcone, parquet, armadi, tv, arredato",Via Carlo Farini,"Cenisio, Sarpi, Isola",Farini,45.497,9.18631,Privato/Nessuna,,13,https://www.immobiliare.it/annunci/76319584/,
119745596,"Stanza singola via Domenico Veneziano 5, Milano",590,€ 590/mese,3,1,80 m²,6°,Centralizzato,"balcone, ascensore, connessione ad internet, lavatrice, microonde, armadi, cucina",Via Domenico Veneziano,"Porta Vittoria, Lodi",Bologna - Sulmona,45.4436,9.22518,Privato/Nessuna,,9,https://www.immobiliare.it/annunci/119745596/,
122300768,"Stanza singola via Conchetta 19a, Milano",700,€ 700/mese,3,1,100 m²,4°,Autonomo,"balcone, ripostiglio, lavatrice, microonde, armadi, cucina",Via Conchetta,Navigli,Ascanio Sforza,45.4458,9.17736,Privato/Nessuna,,20,https://www.immobiliare.it/annunci/122300768/,
126477313,"Stanza singola via Palmanova 38, Milano",650,€ 650/mese,4,1,15 m²,3°,Centralizzato,"connessione ad internet, ripostiglio, giardino, lavatrice, lavastoviglie, microonde, portineria, armadi, cucina",Via Palmanova,"Cimiano, Crescenzago, Adriano",Cimiano,45.4992,9.24008,Privato/Nessuna,,11,https://www.immobiliare.it/annunci/126477313/,
122516418,"Stanza singola via Cassano d'Adda 30, Milano",635,€ 635/mese,3,1,,4°,Centralizzato,"ascensore, connessione ad internet, lavatrice, cucina",Via Cassano d'Adda,"Corvetto, Rogoredo",Corvetto,45.4371,9.21161,Privato/Nessuna,,4,https://www.immobiliare.it/annunci/122516418/,
120878016,"Stanza singola via Lodovico il Moro 159, Milano",600,€ 600/mese,2,1,20 m²,1°,Centralizzato,"balcone, ascensore, microonde, lavatrice, portineria, tv, armadi, cucina",Via Lodovico il Moro,"Famagosta, Barona",Tre Castelli - Faenza,45.441,9.12969,Privato/Nessuna,,5,https://www.immobiliare.it/annunci/120878016/,
114452857,"Stanza singola via Camillo Giussani 5, Milano",650,€ 650/mese,5+,1,120 m²,9°,Centralizzato,"sistema di allarme, ripostiglio, giardino, lavatrice, lavastoviglie, microonde, tv, ingresso privato, armadi, bagno privato, cucina",Via Camillo Giussani,"Famagosta, Barona",Tre Castelli - Faenza,45.4402,9.13718,Privato/Nessuna,,4,https://www.immobiliare.it/annunci/114452857/,
126207469,"Stanza singola via Giuseppe Meda 47, Milano",600,€ 600/mese,1,1,60 m²,3°,Autonomo,"balcone, ascensore, connessione ad internet, lavatrice, microonde, armadi, cucina",Via Giuseppe Meda,"Abbiategrasso, Chiesa Rossa",Pezzotti - Meda,45.4392,9.17863,Privato/Nessuna,,5,https://www.immobiliare.it/annunci/126207469/,
96229014,"Stanza singola via Francesco Brioschi 60, Milano",600,€ 600/mese,3,1,60 m²,Piano terra,Autonomo,"giardino, lavatrice, lavastoviglie, microonde, tv, armadi, cucina",Via Francesco Brioschi,"Abbiategrasso, Chiesa Rossa",Pezzotti - Meda,45.4417,9.18149,Privato/Nessuna,,3,https://www.immobiliare.it/annunci/96229014/,
114961007,"Stanza singola via Lepontina 13, Milano",700,€ 700/mese,2,1,65 m²,1°,Autonomo,"connessione ad internet, lavatrice, lavastoviglie, portineria, cucina",Via Lepontina,"Cenisio, Sarpi, Isola",Farini,45.4933,9.18448,Privato/Nessuna,,10,https://www.immobiliare.it/annunci/114961007/,
123093123,"Stanza singola viale Edoardo Jenner 65, Milano",600,€ 600/mese,,1,20 m²,Piano rialzato,Centralizzato,"microonde, lavatrice, portineria, ascensore, cucina",Viale Edoardo Jenner,"Cenisio, Sarpi, Isola",Farini,45.4965,9.17347,Privato/Nessuna,,8,https://www.immobiliare.it/annunci/123093123/,
123748617,"Stanza singola via Ruggero Leoncavallo 33, Milano",670,€ 670/mese,3,1,20 m²,3°,Centralizzato,"balcone, ascensore, connessione ad internet, ripostiglio, lavastoviglie, lavatrice, microonde, portineria, tv, armadi, cucina",Via Ruggero Leoncavallo,"Pasteur, Rovereto",Parco Trotter,45.4918,9.2271,Privato/Nessuna,,8,https://www.immobiliare.it/annunci/123748617/,
110959317,"Stanza singola via Lomellina 25, Milano",650,€ 650/mese,2,1,,2°,Centralizzato,"ascensore, ripostiglio, lavatrice, portineria, cucina",Via Lomellina,"Città Studi, Susa",Argonne - Corsica,45.4651,9.22999,Privato/Nessuna,,9,https://www.immobiliare.it/annunci/110959317/,
119118401,"Stanza doppia via Mario Borsa 10, Milano",630,€ 630/mese,3,1,90 m²,5°,Centralizzato,"balcone, ascensore, connessione ad internet, ripostiglio, lavatrice, microonde, portineria, armadi, accesso per disabili, cucina",Via Mario Borsa,"San Siro, Trenno",Gallaratese,45.5009,9.10499,Privato/Nessuna,,14,https://www.immobiliare.it/annunci/119118401/,
110214115,"Stanza singola via Rembrandt 67, Milano",650,€ 650/mese,3,1,14 m²,7°,Centralizzato,"balcone, ascensore, ripostiglio, lavatrice, microonde, portineria, armadi, cucina",Via Rembrandt,"Bande Nere, Inganni",Piazzale Siena,45.4674,9.13237,Privato/Nessuna,,5,https://www.immobiliare.it/annunci/110214115/,
120467896,"Stanza singola via Giovanni Ambrogio De Predis 4, Milano",650,€ 650/mese,5,1,110 m²,3°,Centralizzato,"ascensore, connessione ad internet, ripostiglio, lavastoviglie, lavatrice, portineria, cucina",Via Giovanni Ambrogio De Predis,"Uptown, Cascina Merlata, Viale Certosa",Certosa,45.4962,9.15299,Privato/Nessuna,,5,https://www.immobiliare.it/annunci/120467896/,
118170887,"Stanza singola via degli Imbriani 19, Milano",700,€ 700/mese,,,,4°,Autonomo,"balcone, connessione ad internet, ripostiglio, lavatrice, lavastoviglie, microonde, armadi",Via degli Imbriani,"Affori, Bovisa",Bovisa,45.4981,9.16982,Privato/Nessuna,,16,https://www.immobiliare.it/annunci/118170887/,
123460375,"Stanza singola via Sant'Uguzzone 5, Milano",650,€ 650/mese,3,2,,3°,Centralizzato,"ascensore, connessione ad internet, ripostiglio, lavatrice, lavastoviglie, cucina",Via Sant'Uguzzone,"Precotto, Turro",Villa San Giovanni,45.5205,9.22613,Privato/Nessuna,,5,https://www.immobiliare.it/annunci/123460375/,
126947139,"Stanza singola piazzale Loreto, Milano",600,€ 600/mese,3,1,,7°,Centralizzato,"balcone, connessione ad internet, ripostiglio, lavatrice, portineria, tv, armadi, cucina",Piazzale Loreto,"Città Studi, Susa",Città Studi,45.486,9.21681,Privato/Nessuna,,6,https://www.immobiliare.it/annunci/126947139/,
112082821,"Stanza singola via Giovanni Ambrogio De Predis 4, Milano",650,€ 650/mese,2,1,,3°,Centralizzato,"lavatrice, lavastoviglie, portineria, cucina",Via Giovanni Ambrogio De Predis,"Uptown, Cascina Merlata, Viale Certosa",Certosa,45.4962,9.15299,Privato/Nessuna,,5,https://www.immobiliare.it/annunci/112082821/,
117268441,"Stanza singola viale Renato Serra 7, Milano",700,€ 700/mese,2,1,18 m²,5°,Centralizzato,"balcone, ascensore, giardino, lavatrice, lavastoviglie, microonde, portineria, armadi, cucina",Viale Renato Serra,"San Siro, Trenno",Monte Stella,45.4855,9.14385,Privato/Nessuna,,5,https://www.immobiliare.it/annunci/117268441/,
88083863,"Stanza singola via Ercolano 1, Milano",700,€ 700/mese,4,2,,1°,Centralizzato,"balcone, connessione ad internet, cucina, ripostiglio, portineria, lavastoviglie, lavatrice, microonde, ascensore, giardino, armadi, tv, accesso per disabili, arredato",Via Ercolano,"Affori, Bovisa",Bovisa,45.4965,9.1552,Privato/Nessuna,,11,https://www.immobiliare.it/annunci/88083863/,
127241045,"Stanza singola via Giovita Scalvini 3, Milano",635,€ 635/mese,3,1,25 m²,1°,Centralizzato,"balcone, terrazzo, connessione ad internet, ripostiglio, lavatrice, lavastoviglie, portineria, con biancheria, armadi, cucina",Via Giovita Scalvini,"Affori, Bovisa",Bovisa,45.499,9.16839,Privato/Nessuna,,5,https://www.immobiliare.it/annunci/127241045/,
109494441,"Stanza doppia via Tito Livio 12, Milano",540,€ 1.080/mese | € 540 a posto letto,3,1,,3°,Centralizzato,"balcone, ascensore, connessione ad internet, lavatrice, lavastoviglie, portineria, tv, armadi, cucina",Via Tito Livio,"Porta Vittoria, Lodi",Lodi - Brenta,45.4519,9.21598,Privato/Nessuna,,6,https://www.immobiliare.it/annunci/109494441/,
118152583,"Stanza singola via Cascina Barocco 4, Milano",700,€ 700/mese,2,1,60 m²,1°,Autonomo,"ascensore, lavatrice, armadi, tv, cucina",Via Cascina Barocco,"San Siro, Trenno",San Carlo,45.4609,9.10908,Privato/Nessuna,,5,https://www.immobiliare.it/annunci/118152583/,
123165879,"Stanza doppia corso Lodi 102A, Milano",490,€ 980/mese | € 490 a posto letto,4,2,,3°,Centralizzato,"connessione ad internet, ripostiglio, lavatrice, lavastoviglie, microonde, portineria, armadi, cucina",Corso Lodi,"Corvetto, Rogoredo",Corvetto,45.4419,9.21989,Privato/Nessuna,,6,https://www.immobiliare.it/annunci/123165879/,
103907381,"Stanza singola via Postumia 31, Milano",600,€ 600/mese,5,1,120 m²,5°,Autonomo,"ascensore, lavatrice, connessione ad internet, armadi, cucina",Via Postumia,"San Siro, Trenno",San Carlo,45.4717,9.11595,Privato/Nessuna,,5,https://www.immobiliare.it/annunci/103907381/,
112467449,"Stanza singola piazza Caiazzo 2, Milano",700,€ 700/mese,5+,1,80 m²,4°,Centralizzato,"ripostiglio, lavatrice, portineria, cucina",Piazza Caiazzo,"Centrale, Repubblica",Buenos Aires,45.4849,9.20961,Privato/Nessuna,,6,https://www.immobiliare.it/annunci/112467449/,
127573102,"Stanza singola via del Ricordo 10, Milano",650,€ 650/mese,3,1,15 m²,3°,Centralizzato,"balcone, ascensore, giardino, lavatrice, lavastoviglie, portineria, ripostiglio, tv, armadi, cucina",Via del Ricordo,"Cimiano, Crescenzago, Adriano",Ponte Nuovo,45.5109,9.24493,Privato/Nessuna,,6,https://www.immobiliare.it/annunci/127573102/,
126379047,"Stanza singola viale Abruzzi 91, Milano",700,€ 700/mese,2,1,92 m²,4°,Centralizzato,"ascensore, ripostiglio, lavatrice, lavastoviglie, microonde, con biancheria, armadi, cucina",Viale Abruzzi,"Centrale, Repubblica",Morgagni,45.4763,9.217,Privato/Nessuna,,4,https://www.immobiliare.it/annunci/126379047/,
124352885,"Stanza singola piazza Napoli 24, Milano",700,€ 700/mese,4,1,20 m²,1°,Centralizzato,"balcone, ascensore, lavatrice, lavastoviglie, microonde, portineria, giardino, ripostiglio, armadi, cucina",Piazza Napoli,"Napoli, Soderini",Piazza Napoli,45.4538,9.15216,Privato/Nessuna,,4,https://www.immobiliare.it/annunci/124352885/,
122798510,"Stanza singola via Gerolamo Borgazzi 5, Milano",700,€ 700/mese,4,2,20 m²,4°,Centralizzato,"lavatrice, microonde, portineria, armadi, ingresso privato, tv, cucina",Via Gerolamo Borgazzi,"Genova, Ticinese",Ticinese,45.4529,9.18618,Privato/Nessuna,,3,https://www.immobiliare.it/annunci/122798510/,
126742239,"Stanza singola viale Argonne 200, Milano",700,€ 700/mese,2,1,45 m²,4°,Autonomo,"balcone, connessione ad internet, bagno privato, cucina",Viale Argonne,"Città Studi, Susa",Città Studi,45.4684,9.22908,Privato/Nessuna,,0,https://www.immobiliare.it/annunci/126742239/,
122047226,"Stanza singola via Val Trompia 32, Milano",650,€ 650/mese,1,2,20 m²,2°,Centralizzato,"balcone, connessione ad internet, ripostiglio, giardino, lavatrice, microonde, con biancheria, tv, armadi, cucina",Via Val Trompia,"Affori, Bovisa",Roserio,45.5182,9.13218,Privato/Nessuna,,5,https://www.immobiliare.it/annunci/122047226/,
125815569,"Stanza singola viale Monza 61, Milano",650,€ 650/mese,2,1,20 m²,4°,Centralizzato,"ascensore, ripostiglio, lavatrice, portineria, armadi, cucina",Viale Monza,"Precotto, Turro",Turro,45.5011,9.22125,Privato/Nessuna,,4,https://www.immobiliare.it/annunci/125815569/,
114211411,"Stanza singola viale Monza 104, Milano",680,€ 680/mese,4,1,20 m²,3°,Centralizzato,"balcone, ascensore, ripostiglio, lavatrice, microonde, portineria, armadi, cucina",Viale Monza,"Precotto, Turro",Turro,45.4994,9.22084,Privato/Nessuna,,4,https://www.immobiliare.it/annunci/114211411/,
115269371,"Stanza singola via Filippo Palizzi 119B, Milano",600,€ 600/mese,2,1,69 m²,2°,Autonomo,"balcone, connessione ad internet, lavatrice, bagno privato, ingresso privato, cucina",Via Filippo Palizzi,"Affori, Bovisa",Quarto Oggiaro,45.5083,9.13432,Privato/Nessuna,,7,https://www.immobiliare.it/annunci/115269371/,
99655086,"Stanza singola via Tito Livio, Milano",700,€ 700/mese,3,2,14 m²,5°,Autonomo,"connessione ad internet, giardino, lavatrice, lavastoviglie, microonde, portineria, terrazzo, ascensore, con biancheria, tv, armadi, accesso per disabili, cucina",Via Tito Livio,"Porta Vittoria, Lodi",Martini - Insubria,45.451,9.21882,Privato/Nessuna,,5,https://www.immobiliare.it/annunci/99655086/,
125416819,"Stanza singola via Astura, Milano",600,€ 600/mese,3,1,20 m²,1°,Centralizzato,"balcone, ascensore, lavatrice, portineria, connessione ad internet, armadi, cucina",Via Astura,"Ripamonti, Vigentino",Ripamonti - Fondazione Prada,45.4396,9.19548,Privato/Nessuna,,5,https://www.immobiliare.it/annunci/125416819/,
123084677,"Stanza singola via Giovanni Spadolini 10C, Milano",600,€ 600/mese,5,2,120 m²,2°,Autonomo,"ascensore, lavatrice, microonde, portineria, armadi, cucina",Via Giovanni Spadolini,"Ripamonti, Vigentino",Ripamonti - Fondazione Prada,45.4425,9.19179,Privato/Nessuna,,6,https://www.immobiliare.it/annunci/123084677/,
104631659,"Stanza singola via Beldiletto 2, Milano",600,€ 600/mese,4,1,,1°,Assente,"ascensore, lavatrice, lavastoviglie, cucina",Via Beldiletto,"Famagosta, Barona",Famagosta,45.4368,9.16242,Privato/Nessuna,,8,https://www.immobiliare.it/annunci/104631659/,
101487681,"Stanza singola viale Famagosta 42, Milano",700,€ 700/mese,5,1,90 m²,1°,Centralizzato,"ascensore, connessione ad internet, ripostiglio, giardino, lavatrice, lavastoviglie, microonde, tv, armadi, accesso per disabili, bagno per disabili, cucina",Viale Famagosta,"Famagosta, Barona",Famagosta,45.437,9.16207,Privato/Nessuna,,9,https://www.immobiliare.it/annunci/101487681/,
122815196,"Stanza singola via Mario Borsa 18, Milano",620,€ 620/mese,3,1,110 m²,12°,Centralizzato,"ascensore, lavatrice, microonde, armadi, cucina",Via Mario Borsa,"San Siro, Trenno",Gallaratese,45.5001,9.10447,Privato/Nessuna,,6,https://www.immobiliare.it/annunci/122815196/,
114489909,"Stanza doppia piazzale Istria 2, Milano",700,€ 700/mese,4,1,120 m²,4°,Autonomo,"balcone, connessione ad internet, lavatrice, microonde, portineria, armadi, cucina",Piazzale Istria,"Maggiolina, Istria",Maggiolina,45.5013,9.19835,Privato/Nessuna,,8,https://www.immobiliare.it/annunci/114489909/,
123983041,"Stanza singola via Abbadesse 52, Milano",620,€ 620/mese,,,20 m²,3°,Centralizzato,"balcone, connessione ad internet, lavatrice, ripostiglio, armadi",Via Abbadesse,"Cenisio, Sarpi, Isola",Zara,45.4933,9.19417,Privato/Nessuna,,7,https://www.immobiliare.it/annunci/123983041/,
127252333,"Stanza singola via Jacopino da Tradate 8, Milano",600,€ 600/mese,3,1,100 m²,3°,Autonomo,"connessione ad internet, lavatrice, lavastoviglie, microonde, portineria, armadi, cucina",Via Jacopino da Tradate,"Uptown, Cascina Merlata, Viale Certosa",Certosa,45.4954,9.1516,Privato/Nessuna,,3,https://www.immobiliare.it/annunci/127252333/,
116287491,"Stanza doppia via Sant'Ampellio, Milano",400,€ 800/mese | € 400 a posto letto,2,1,65 m²,1°,Centralizzato,"terrazzo, ripostiglio, lavatrice, lavastoviglie, portineria, tv, armadi, bagno per disabili, cucina",Via Sant'Ampellio,"Abbiategrasso, Chiesa Rossa",Pezzotti - Meda,45.4383,9.18519,Privato/Nessuna,,3,https://www.immobiliare.it/annunci/116287491/,
126258741,"Stanza singola via Giuseppe Ripamonti 227, Milano",595,€ 595/mese,2,1,14 m²,3°,Centralizzato,"balcone, ascensore, giardino, lavatrice, portineria, armadi, cucina",Via Giuseppe Ripamonti,"Ripamonti, Vigentino",Vigentino - Fatima,45.4289,9.20276,Privato/Nessuna,,5,https://www.immobiliare.it/annunci/126258741/,
123115881,"Stanza singola via delle Azalee 3, Milano",650,€ 650/mese,5+,2,110 m²,1°,Assente,"balcone, ascensore, connessione ad internet, giardino, ripostiglio, lavatrice, microonde, tv, cucina",Via delle Azalee,"Bande Nere, Inganni",Primaticcio,45.458,9.12962,Privato/Nessuna,,2,https://www.immobiliare.it/annunci/123115881/,
123390395,"Stanza doppia via Luigi Mercantini 2, Milano",450,€ 900/mese | € 450 a posto letto,2,1,100 m²,6°,Autonomo,"lavastoviglie, lavatrice, ascensore, cucina",Via Luigi Mercantini,"Affori, Bovisa",Bovisa,45.5022,9.1648,Privato/Nessuna,,4,https://www.immobiliare.it/annunci/123390395/,
119332581,"Stanza singola via San Giuseppe Cottolengo 40, Milano",700,€ 700/mese,3,1,50 m²,2°,Autonomo,"connessione ad internet, lavatrice, portineria, terrazzo, armadi, cucina",Via San Giuseppe Cottolengo,"Famagosta, Barona",Tre Castelli - Faenza,45.4408,9.14487,Privato/Nessuna,,8,https://www.immobiliare.it/annunci/119332581/,
118325819,"Stanza singola via Carlo Marochetti 19, Milano",650,€ 650/mese,4,1,20 m²,3°,Centralizzato,"connessione ad internet, portineria, lavatrice, armadi, accesso per disabili, cucina",Via Carlo Marochetti,"Corvetto, Rogoredo",Corvetto,45.4387,9.22711,Privato/Nessuna,,8,https://www.immobiliare.it/annunci/118325819/,
114654019,"Stanza doppia via Giuditta Pasta 11, Milano",610,€ 610/mese,5,2,25 m²,Piano terra,Centralizzato,"giardino, lavatrice, lavastoviglie, microonde, bagno privato, armadi, cucina",Via Giuditta Pasta,"Bicocca, Niguarda",Niguarda,45.5148,9.18351,Privato/Nessuna,,4,https://www.immobiliare.it/annunci/114654019/,
122176332,"Stanza singola via Soperga 31, Milano",700,€ 700/mese,3,1,28 m²,3°,Centralizzato,"ascensore, connessione ad internet, lavatrice, lavastoviglie, con biancheria, ingresso privato, cucina",Via Soperga,"Pasteur, Rovereto",Pasteur,45.4892,9.21068,Privato/Nessuna,,5,https://www.immobiliare.it/annunci/122176332/,
123523223,"Stanza singola via Padova 217, Milano",690,€ 690/mese,2,1,20 m²,7°,Centralizzato,"balcone, ripostiglio, lavastoviglie, lavatrice, portineria, tv, armadi, cucina",Via Padova,"Cimiano, Crescenzago, Adriano",Crescenzago,45.5045,9.24087,Privato/Nessuna,,8,https://www.immobiliare.it/annunci/123523223/,
121043186,"Stanza singola viale Fulvio Testi, Milano",700,€ 700/mese,5+,3,,2°,Centralizzato,"balcone, ascensore, lavatrice, microonde, portineria, bagno privato, tv, armadi, cucina",Viale Fulvio Testi,"Maggiolina, Istria",Maggiolina,45.5023,9.1984,Privato/Nessuna,,9,https://www.immobiliare.it/annunci/121043186/,
125098113,"Stanza singola via Ponte Vetero ND, Milano",600,€ 600/mese,3,1,20 m²,2°,Autonomo,"connessione ad internet, lavatrice, ingresso privato, cucina",Via Ponte Vetero,Centro,Brera,45.4698,9.18506,Privato/Nessuna,,4,https://www.immobiliare.it/annunci/125098113/,
58589374,"Stanza doppia via Luigi Devoto 10, Milano",380,€ 760/mese | € 380 a posto letto,3,1,,Piano rialzato,Centralizzato,"lavastoviglie, lavatrice, ripostiglio, connessione ad internet, cucina, parquet, tv, aria condizionata, armadi, arredata, arredato",Via Luigi Devoto,"Città Studi, Susa",Argonne - Corsica,45.4637,9.23379,Privato/Nessuna,,4,https://www.immobiliare.it/annunci/58589374/,
120958270,"Stanza singola Alzaia Naviglio Pavese 66, Milano",700,€ 700/mese,3,2,16 m²,1°,Centralizzato,"ascensore, connessione ad internet, ripostiglio, lavatrice, microonde, portineria, armadi, cucina",Alzaia Naviglio Pavese,Navigli,Navigli - Darsena,45.4444,9.17593,Privato/Nessuna,,4,https://www.immobiliare.it/annunci/120958270/,
122678866,"Stanza singola via Adelina Patti 2, Milano",600,€ 600/mese,,,20 m²,2°,Centralizzato,"lavatrice, lavastoviglie, microonde",Via Adelina Patti,"Affori, Bovisa",Bovisa,45.4982,9.17047,Privato/Nessuna,,11,https://www.immobiliare.it/annunci/122678866/,
125779909,"Stanza singola piazzale Carlo Maciachini 1, Milano",650,€ 650/mese,5+,2,30 m²,5°,Autonomo,"lavastoviglie, lavatrice, microonde, portineria, cucina",Piazzale Carlo Maciachini,"Cenisio, Sarpi, Isola",Farini,45.4974,9.18568,Privato/Nessuna,,3,https://www.immobiliare.it/annunci/125779909/,
120745886,"Stanza singola via Tagliamento 4, Milano",600,€ 600/mese,2,1,57 m²,3°,Centralizzato,"lavatrice, portineria, ascensore, armadi, cucina",Via Tagliamento,"Ripamonti, Vigentino",Ripamonti - Fondazione Prada,45.444,9.21477,Privato/Nessuna,,3,https://www.immobiliare.it/annunci/120745886/,
110134027,"Stanza singola via Giancarlo Sismondi 53, Milano",680,€ 680/mese,5,1,16 m²,7°,Centralizzato,"terrazzo, balcone, connessione ad internet, ripostiglio, lavatrice, lavastoviglie, portineria, tv, armadi, cucina",Via Giancarlo Sismondi,"Città Studi, Susa",Argonne - Corsica,45.4657,9.23277,Privato/Nessuna,,3,https://www.immobiliare.it/annunci/110134027/,
126801707,"Stanza doppia via Giovanni Fantoni 20, Milano",650,€ 650/mese,4,1,20 m²,Piano rialzato,Autonomo,"terrazzo, connessione ad internet, lavatrice, microonde, tv, armadi, cucina",Via Giovanni Fantoni,"San Siro, Trenno",San Siro,45.4685,9.13565,Privato/Nessuna,,3,https://www.immobiliare.it/annunci/126801707/,
121805560,"Stanza singola via Giorgio Marazzani 12, Milano",650,€ 650/mese,,,15 m²,1°,Centralizzato,"connessione ad internet, lavatrice, tv, armadi",Via Giorgio Marazzani,"Cimiano, Crescenzago, Adriano",Cimiano,45.4958,9.23867,Privato/Nessuna,,12,https://www.immobiliare.it/annunci/121805560/,
126736323,"Stanza doppia Strada Provinciale Milano-Lentate 6, Milano",305,€ 610/mese | € 305 a posto letto,2,1,70 m²,Piano rialzato,Centralizzato,"ascensore, connessione ad internet, lavatrice, microonde, armadi, cucina",Strada Provinciale Milano-Lentate,"Affori, Bovisa",Dergano,45.503,9.177,Privato/Nessuna,,3,https://www.immobiliare.it/annunci/126736323/,
125873209,"Stanza singola via Francesco De Lemene 32, Milano",600,€ 600/mese,4,2,140 m²,2°,Centralizzato,"terrazzo, balcone, ascensore, connessione ad internet, ripostiglio, lavatrice, lavastoviglie, armadi, cucina",Via Francesco De Lemene,"Uptown, Cascina Merlata, Viale Certosa",Certosa,45.4941,9.13685,Privato/Nessuna,,3,https://www.immobiliare.it/annunci/125873209/,
125101361,"Stanza singola via Giovanni Battista Bertini 5, Milano",700,€ 700/mese,2,1,25 m²,1°,Assente,"balcone, cucina",Via Giovanni Battista Bertini,"Cenisio, Sarpi, Isola",Paolo Sarpi,45.4815,9.17035,Privato/Nessuna,,7,https://www.immobiliare.it/annunci/125101361/,
118792123,"Stanza singola via Emilio De Marchi 8, Milano",620,€ 620/mese,5+,3,16 m²,7°,Centralizzato,"balcone, ascensore, connessione ad internet, giardino, lavatrice, armadi, cucina",Via Emilio De Marchi,"Maggiolina, Istria",Cascina dei Pomi,45.4985,9.2086,Privato/Nessuna,,2,https://www.immobiliare.it/annunci/118792123/,
114464535,"Stanza singola via Ruggero Leoncavallo 17, Milano",700,€ 700/mese,,,,2°,Centralizzato,"lavatrice, lavastoviglie, microonde, portineria, ascensore",Via Ruggero Leoncavallo,"Pasteur, Rovereto",Parco Trotter,45.4909,9.22456,Privato/Nessuna,,13,https://www.immobiliare.it/annunci/114464535/,
122498006,"Stanza doppia via Cardinale Ascanio Sforza, Milano",600,€ 1.200/mese | € 600 a posto letto,1,1,45 m²,1°,Centralizzato,"ascensore, giardino, lavatrice, portineria, armadi, bagno privato, cucina",Via Cardinale Ascanio Sforza,"Abbiategrasso, Chiesa Rossa",Pezzotti - Meda,45.4427,9.17606,Privato/Nessuna,,8,https://www.immobiliare.it/annunci/122498006/,
119057253,"Stanza singola via Gerolamo Forni 72, Milano",650,€ 650/mese,5+,1,20 m²,1°,Centralizzato,"ascensore, connessione ad internet, giardino, lavatrice, portineria, sistema di allarme, ripostiglio, ingresso privato, armadi, bagno per disabili, cucina",Via Gerolamo Forni,"Affori, Bovisa",Comasina,45.5267,9.16543,Privato/Nessuna,,7,https://www.immobiliare.it/annunci/119057253/,
124173747,"Stanza singola via Abbazia 4, Milano",610,€ 610/mese,3,1,20 m²,3°,Centralizzato,"balcone, ripostiglio, lavatrice, microonde, armadi, cucina",Via Abbazia,"Maggiolina, Istria",Maggiolina,45.5007,9.19881,Privato/Nessuna,,7,https://www.immobiliare.it/annunci/124173747/,
125988715,"Stanza singola via Paolo Rotta 10, Milano",650,€ 650/mese,5,2,20 m²,2°,Centralizzato,"balcone, connessione ad internet, lavatrice, lavastoviglie, microonde, portineria, bagno privato, armadi, cucina",Via Paolo Rotta,"Bicocca, Niguarda",Niguarda,45.5163,9.18996,Privato/Nessuna,,12,https://www.immobiliare.it/annunci/125988715/,
118189265,"Stanza singola via Dalmazio Birago 4, Milano",600,€ 600/mese,1,1,68 m²,1°,Centralizzato,"balcone, lavatrice, microonde, portineria, armadi, cucina",Via Dalmazio Birago,"Città Studi, Susa",Città Studi,45.4696,9.23131,Privato/Nessuna,,6,https://www.immobiliare.it/annunci/118189265/,
122628826,"Stanza singola via Tommaso Gulli 49, Milano",650,€ 650/mese,4,2,12 m²,5°,Centralizzato,"ascensore, connessione ad internet, lavatrice, microonde, cucina",Via Tommaso Gulli,"Bande Nere, Inganni",Piazzale Siena,45.4652,9.12885,Privato/Nessuna,,2,https://www.immobiliare.it/annunci/122628826/,
123860527,"Stanza singola via Tito Vignoli 44, Milano",600,€ 600/mese,4,2,16 m²,4°,Centralizzato,"balcone, ascensore, sistema di allarme, connessione ad internet, lavatrice, microonde, portineria, ingresso privato, armadi, cucina",Via Tito Vignoli,"Famagosta, Barona",Giambellino,45.4528,9.14744,Privato/Nessuna,,8,https://www.immobiliare.it/annunci/123860527/,
125723827,"Stanza singola via Aosta, Milano",650,€ 650/mese,,,19 m²,1°,Centralizzato,"lavatrice, ascensore, armadi",Via Aosta,"Cenisio, Sarpi, Isola",Cenisio,45.4923,9.1657,Privato/Nessuna,,7,https://www.immobiliare.it/annunci/125723827/,
127125729,"Stanza singola via Giovanni Arrivabene 4, Milano",700,€ 700/mese,3,1,25 m²,3°,Centralizzato,"balcone, terrazzo, connessione ad internet, lavatrice, lavastoviglie, armadi, cucina",Via Giovanni Arrivabene,"Affori, Bovisa",Bovisa,45.4995,9.16693,Privato/Nessuna,,2,https://www.immobiliare.it/annunci/127125729/,
119098693,"Stanza singola via Giovanni Spadolini 11A, Milano",660,€ 660/mese,4,1,,2°,Centralizzato,"lavatrice, lavastoviglie, microonde, portineria, armadi, cucina",Via Giovanni Spadolini,"Ripamonti, Vigentino",Ripamonti - Fondazione Prada,45.444,9.19332,Privato/Nessuna,,3,https://www.immobiliare.it/annunci/119098693/,
127135235,"Stanza singola piazza Federico Bonola 1, Milano",590,€ 590/mese,5+,3,12 m²,4°,Centralizzato,"connessione ad internet, ripostiglio, lavatrice, lavastoviglie, bagno privato, armadi, cucina",Piazza Federico Bonola,"San Siro, Trenno",Gallaratese,45.4974,9.1074,Privato/Nessuna,,6,https://www.immobiliare.it/annunci/127135235/,
127074821,"Stanza singola via Tommaso Gulli 3, Milano",690,€ 690/mese,5,2,,2°,Centralizzato,"connessione ad internet, lavatrice, lavastoviglie, ingresso privato, cucina",Via Tommaso Gulli,"Bande Nere, Inganni",Piazzale Siena,45.4652,9.13212,Privato/Nessuna,,3,https://www.immobiliare.it/annunci/127074821/,
122163520,"Stanza singola via Bir Acheim 24, Milano",600,€ 600/mese,4,1,75 m²,Piano terra,Autonomo,"balcone, connessione ad internet, giardino, lavatrice, armadi, tv, cucina",Via Bir Acheim,"Affori, Bovisa",Bovisasca,45.5165,9.15421,Privato/Nessuna,,6,https://www.immobiliare.it/annunci/122163520/,
114593661,"Stanza singola via Beato Padre Pio da Pietrelcina 8, Milano",690,€ 690/mese,5,2,50 m²,1°,Centralizzato,"balcone, connessione ad internet, ripostiglio, lavatrice, lavastoviglie, microonde, bagno privato, tv, cucina",Via Beato Padre Pio da Pietrelcina,"Abbiategrasso, Chiesa Rossa",Chiesa Rossa,45.4284,9.17472,Privato/Nessuna,,7,https://www.immobiliare.it/annunci/114593661/,
126965497,"Stanza singola viale Faenza 2, Milano",660,€ 660/mese,3,1,20 m²,1°,Centralizzato,"balcone, terrazzo, lavatrice, lavastoviglie, armadi, cucina",Viale Faenza,"Famagosta, Barona",Tre Castelli - Faenza,45.4369,9.14852,Privato/Nessuna,,2,https://www.immobiliare.it/annunci/126965497/,
119427595,"Stanza singola via dei Fontanili 43, Milano",600,€ 600/mese,,,25 m²,2°,Centralizzato,"balcone, connessione ad internet, giardino, lavatrice, lavastoviglie, microonde, portineria, armadi, tv",Via dei Fontanili,"Ripamonti, Vigentino",Ripamonti - Fondazione Prada,45.439,9.19591,Privato/Nessuna,,11,https://www.immobiliare.it/annunci/119427595/,
120031624,"Stanza singola via Francesco Brioschi 68, Milano",600,€ 600/mese,5,1,60 m²,Piano terra,Autonomo,"connessione ad internet, giardino, lavatrice, microonde, tv, ingresso privato, armadi, cucina",Via Francesco Brioschi,"Abbiategrasso, Chiesa Rossa",Pezzotti - Meda,45.4411,9.18145,Privato/Nessuna,,1,https://www.immobiliare.it/annunci/120031624/,
120832222,"Stanza singola via delle Forze Armate 80, Milano",650,€ 650/mese,4,1,40 m²,1°,Autonomo,"balcone, connessione ad internet, lavatrice, lavastoviglie, armadi, cucina",Via delle Forze Armate,"Bande Nere, Inganni",Piazzale Siena,45.4631,9.12859,Privato/Nessuna,,5,https://www.immobiliare.it/annunci/120832222/,
108718781,"Stanza singola via Nicostrato Castellini, Milano",600,€ 600/mese,2,2,25 m²,2°,Autonomo,"balcone, connessione ad internet, ripostiglio, lavatrice, lavastoviglie, microonde, con biancheria, tv, armadi, cucina",Via Nicostrato Castellini,"Cenisio, Sarpi, Isola",Farini,45.4962,9.17022,Privato/Nessuna,,3,https://www.immobiliare.it/annunci/108718781/,
126547415,"Stanza singola via Ugo Betti 32, Milano",600,€ 600/mese,5,1,110 m²,1°,Centralizzato,"balcone, connessione ad internet, ripostiglio, lavatrice, microonde, con biancheria, bagno privato, ingresso privato, armadi, cucina",Via Ugo Betti,"San Siro, Trenno",Gallaratese,45.4935,9.11154,Privato/Nessuna,,2,https://www.immobiliare.it/annunci/126547415/,
103821869,"Stanza singola via Francesco Brioschi 44, Milano",700,€ 700/mese,2,1,20 m²,1°,Autonomo,"ascensore, connessione ad internet, ripostiglio, lavatrice, microonde, armadi, cucina",Via Francesco Brioschi,"Abbiategrasso, Chiesa Rossa",Pezzotti - Meda,45.4435,9.18103,Privato/Nessuna,,4,https://www.immobiliare.it/annunci/103821869/,
114738383,"Stanza singola via Fra' Cristoforo 14, Milano",650,€ 650/mese,5+,2,20 m²,6°,Centralizzato,"balcone, connessione ad internet, ripostiglio, lavatrice, lavastoviglie, microonde, portineria, ascensore, bagno privato, tv, armadi, cucina",Via Fra' Cristoforo,"Famagosta, Barona",Cantalupa - San Paolo,45.435,9.17135,Privato/Nessuna,,3,https://www.immobiliare.it/annunci/114738383/,
123973955,"Stanza singola via Cesare Beruto 1b, Milano",700,€ 700/mese,2,1,17 m²,Piano rialzato,Centralizzato,"balcone, connessione ad internet, lavatrice, ascensore, tv, armadi, cucina",Via Cesare Beruto,"Città Studi, Susa",Città Studi,45.4815,9.23526,Privato/Nessuna,,4,https://www.immobiliare.it/annunci/123973955/,
122437158,"Stanza singola viale Monte Ceneri 34, Milano",680,€ 680/mese,2,1,70 m²,3°,Assente,"balcone, cucina",Viale Monte Ceneri,"Uptown, Cascina Merlata, Viale Certosa",Ghisolfa - Mac Mahon,45.4924,9.15484,Privato/Nessuna,,2,https://www.immobiliare.it/annunci/122437158/,
122951384,"Stanza singola viale Giovanni Suzzani 274, Milano",700,€ 700/mese,,,,6°,Centralizzato,"balcone, tv, armadi",Viale Giovanni Suzzani,"Bicocca, Niguarda",Bignami - Ponale,45.526,9.20946,Privato/Nessuna,,7,https://www.immobiliare.it/annunci/122951384/,
113034265,"Stanza singola via Ettore Ponti, Milano",650,€ 650/mese,3,1,12 m²,2°,Centralizzato,"balcone, connessione ad internet, lavatrice, lavastoviglie, microonde, portineria, bagno privato, tv, ingresso privato, armadi, accesso per disabili, cucina",Via Ettore Ponti,"Famagosta, Barona",Barona,45.4422,9.15483,Privato/Nessuna,,7,https://www.immobiliare.it/annunci/113034265/,
125510571,"Stanza singola via Giovanni Pezzotti 36, Milano",700,€ 700/mese,1,1,9 m²,1°,Centralizzato,"balcone, connessione ad internet, lavatrice, ascensore, armadi, bagno per disabili, cucina",Via Giovanni Pezzotti,"Abbiategrasso, Chiesa Rossa",Pezzotti - Meda,45.4405,9.18328,Privato/Nessuna,,5,https://www.immobiliare.it/annunci/125510571/,
122666554,"Stanza singola via Maffeo Pantaleoni 7, Milano",700,€ 700/mese,4,2,10 m²,4°,Centralizzato,"ascensore, connessione ad internet, giardino, lavatrice, portineria, bagno privato, armadi, cucina",Via Maffeo Pantaleoni,"Affori, Bovisa",Dergano,45.4978,9.17358,Privato/Nessuna,,5,https://www.immobiliare.it/annunci/122666554/,
127291097,"Stanza singola via Padova 330, Milano",600,€ 600/mese,2,1,65 m²,Piano rialzato,Centralizzato,"lavatrice, lavastoviglie, microonde, portineria, giardino, connessione ad internet, cucina",Via Padova,"Cimiano, Crescenzago, Adriano",Crescenzago,45.5108,9.25282,Privato/Nessuna,,5,https://www.immobiliare.it/annunci/127291097/,
114058705,"Stanza singola via Giuseppe Ripamonti 156, Milano",650,€ 650/mese,,,29 m²,3°,Centralizzato,"balcone, connessione ad internet, ripostiglio, giardino, lavatrice, lavastoviglie, microonde, armadi, tv",Via Giuseppe Ripamonti,"Ripamonti, Vigentino",Vigentino - Fatima,45.4358,9.20052,Privato/Nessuna,,9,https://www.immobiliare.it/annunci/114058705/,
122951460,"Stanza singola via Vittorio Gassman 11, Milano",650,€ 650/mese,3,1,110 m²,4°,Autonomo,"balcone, terrazzo, lavatrice, cucina",Via Vittorio Gassman,"Cimiano, Crescenzago, Adriano",Quartiere Adriano,45.5136,9.23666,Privato/Nessuna,,5,https://www.immobiliare.it/annunci/122951460/,
127159477,"Stanza doppia via Zurigo 12, Milano",650,€ 650/mese,,1,,6°,Centralizzato,"balcone, ascensore, lavatrice, cucina",Via Zurigo,"Bande Nere, Inganni",Inganni,45.4566,9.11853,Privato/Nessuna,,8,https://www.immobiliare.it/annunci/127159477/,
125662661,"Stanza doppia via Nicolò Barabino 7, Milano",450,€ 900/mese | € 450 a posto letto,4,1,85 m²,2°,Centralizzato,"ascensore, connessione ad internet, lavatrice, portineria, armadi, cucina",Via Nicolò Barabino,"Corvetto, Rogoredo",Corvetto,45.4338,9.22253,Privato/Nessuna,,1,https://www.immobiliare.it/annunci/125662661/,
123093989,"Stanza singola viale Ca' Granda 2, Milano",680,€ 680/mese,5+,2,12 m²,4°,Centralizzato,"lavatrice, tv, armadi, cucina",Viale Ca' Granda,"Bicocca, Niguarda",Ca' Granda,45.5069,9.19956,Privato/Nessuna,,2,https://www.immobiliare.it/annunci/123093989/,
112990193,"Stanza doppia piazza Francesco Carrara 13, Milano",625,€ 625/mese,,,20 m²,2 piani: da 8° a 9°,Autonomo,"balcone, connessione ad internet, lavatrice, microonde, lavastoviglie, armadi",Piazza Francesco Carrara,"Abbiategrasso, Chiesa Rossa",Pezzotti - Meda,45.4381,9.17593,Privato/Nessuna,,7,https://www.immobiliare.it/annunci/112990193/,
74625460,"Stanza singola via Francesco Brioschi 44, Milano",650,€ 650/mese,2,1,15 m²,1°,Autonomo,"connessione ad internet, cucina, ripostiglio, lavatrice, microonde, armadi, tv, arredato",Via Francesco Brioschi,"Abbiategrasso, Chiesa Rossa",Pezzotti - Meda,45.4435,9.18103,Privato/Nessuna,,5,https://www.immobiliare.it/annunci/74625460/,
118013885,"Stanza singola via Palmanova 95, Milano",680,€ 680/mese,2,1,20 m²,1°,Centralizzato,"ascensore, connessione ad internet, lavatrice, portineria, armadi, cucina",Via Palmanova,"Cimiano, Crescenzago, Adriano",Cimiano,45.501,9.24187,Privato/Nessuna,,5,https://www.immobiliare.it/annunci/118013885/,
112427977,"Stanza singola via Cardinale Giovanni Cagliero 23, Milano",600,€ 600/mese,,,25 m²,5°,Centralizzato,"balcone, terrazzo, connessione ad internet, ripostiglio, giardino, lavatrice, portineria, ascensore, armadi",Via Cardinale Giovanni Cagliero,"Maggiolina, Istria",Maggiolina,45.4964,9.20109,Privato/Nessuna,,6,https://www.immobiliare.it/annunci/112427977/,
125733623,"Stanza singola via Padova 267, Milano",600,€ 600/mese,2,1,60 m²,1°,Assente,"balcone, lavatrice, microonde, portineria, tv, armadi, cucina",Via Padova,"Cimiano, Crescenzago, Adriano",Cimiano,45.5074,9.24471,Privato/Nessuna,,2,https://www.immobiliare.it/annunci/125733623/,
124272943,"Stanza singola via Belluno 1, Milano",590,€ 590/mese,5+,2,55 m²,1°,Centralizzato,"balcone, connessione ad internet, ripostiglio, lavatrice, lavastoviglie, armadi, ingresso privato, bagno per disabili, cucina",Via Belluno,"Cimiano, Crescenzago, Adriano",Crescenzago,45.5097,9.25154,Privato/Nessuna,,2,https://www.immobiliare.it/annunci/124272943/,
116193241,"Stanza singola viale Ca' Granda 2, Milano",600,€ 600/mese,5,2,15 m²,8°,Centralizzato,"lavatrice, lavastoviglie, microonde, portineria, armadi, tv, cucina",Viale Ca' Granda,"Bicocca, Niguarda",Ca' Granda,45.5069,9.19956,Privato/Nessuna,,3,https://www.immobiliare.it/annunci/116193241/,
124973101,"Stanza singola via Arona 6, Milano",700,€ 700/mese,5+,2,,4°,Autonomo,"balcone, ascensore, ripostiglio, giardino, portineria, ingresso privato, armadi, accesso per disabili, cucina",Via Arona,"Fiera, Sempione, City Life, Portello",Sempione,45.4836,9.15963,Privato/Nessuna,,4,https://www.immobiliare.it/annunci/124973101/,
110474025,"Stanza singola via Piero della Francesca 69, Milano",700,€ 700/mese,,,50 m²,2°,Centralizzato,"balcone, sistema di allarme, connessione ad internet, ripostiglio, lavatrice, microonde, con biancheria, armadi, bagno privato, bagno per disabili",Via Piero della Francesca,"Fiera, Sempione, City Life, Portello",Sempione,45.4868,9.15907,Privato/Nessuna,,7,https://www.immobiliare.it/annunci/110474025/,
114071975,"Stanza singola via Bernardo Davanzati 5, Milano",600,€ 600/mese,2,1,60 m²,2°,Centralizzato,"balcone, giardino, lavatrice, portineria, ascensore, tv, ingresso privato, armadi, cucina",Via Bernardo Davanzati,"Affori, Bovisa",Dergano,45.5024,9.17503,Privato/Nessuna,,2,https://www.immobiliare.it/annunci/114071975/,
119018715,"Stanza singola via Giulio e Corrado Venini 33, Milano",650,€ 650/mese,,,70 m²,4°,Autonomo,"connessione ad internet, ripostiglio, lavatrice, lavastoviglie, armadi",Via Giulio e Corrado Venini,"Pasteur, Rovereto",Pasteur,45.4893,9.21371,Privato/Nessuna,,6,https://www.immobiliare.it/annunci/119018715/,
126267623,"Stanza singola via Palmanova 154, Milano",600,€ 600/mese,2,1,15 m²,1°,Centralizzato,"balcone, lavatrice, portineria, armadi, cucina",Via Palmanova,"Cimiano, Crescenzago, Adriano",Cimiano,45.4992,9.24008,Privato/Nessuna,,1,https://www.immobiliare.it/annunci/126267623/,
123010485,"Stanza doppia via Orbetello 4, Milano",440,€ 880/mese | € 440 a posto letto,2,1,55 m²,3°,Centralizzato,"balcone, connessione ad internet, lavatrice, microonde, ripostiglio, bagno privato, armadi, cucina",Via Orbetello,"Cimiano, Crescenzago, Adriano",Crescenzago,45.502,9.24633,Privato/Nessuna,,0,https://www.immobiliare.it/annunci/123010485/,
124684247,"Stanza singola via Gerolamo Arganini 10, Milano",700,€ 700/mese,2,2,15 m²,7°,Centralizzato,"balcone, ascensore, connessione ad internet, ripostiglio, lavastoviglie, microonde, portineria, lavatrice, armadi, cucina",Via Gerolamo Arganini,"Bicocca, Niguarda",Niguarda,45.5164,9.20168,Privato/Nessuna,,6,https://www.immobiliare.it/annunci/124684247/,
118685451,"Stanza singola viale Fulvio Testi 110, Milano",670,€ 670/mese,4,2,100 m²,Piano terra,Centralizzato,"terrazzo, ascensore, connessione ad internet, lavatrice, microonde, portineria, bagno privato, cucina",Viale Fulvio Testi,"Bicocca, Niguarda",Bicocca,45.5134,9.20501,Privato/Nessuna,,4,https://www.immobiliare.it/annunci/118685451/,
120833730,"Stanza singola via Angelo Scarsellini 17, Milano",650,€ 650/mese,5+,2,180 m²,6°,Centralizzato,"terrazzo, balcone, connessione ad internet, ripostiglio, lavatrice, microonde, portineria, armadi, accesso per disabili, cucina",Via Angelo Scarsellini,"Affori, Bovisa",Affori,45.5107,9.17155,Privato/Nessuna,,5,https://www.immobiliare.it/annunci/120833730/,
127252603,"Stanza singola via Ambrogio Binda 56, Milano",600,€ 600/mese,,,20 m²,1°,Centralizzato,"balcone, lavatrice, lavastoviglie, portineria, ingresso privato, armadi",Via Ambrogio Binda,"Famagosta, Barona",Barona,45.4407,9.15466,Privato/Nessuna,,5,https://www.immobiliare.it/annunci/127252603/,
121043418,"Stanza doppia viale Fulvio Testi, Milano",500,€ 1.000/mese | € 500 a posto letto,3,3,,2°,Centralizzato,"balcone, ascensore, lavatrice, portineria, microonde, bagno privato, tv, armadi, cucina",Viale Fulvio Testi,"Maggiolina, Istria",Maggiolina,45.5024,9.19852,Privato/Nessuna,,6,https://www.immobiliare.it/annunci/121043418/,
121762306,"Stanza singola via Leone Tolstoj 24/1, Milano",680,€ 680/mese,,,15 m²,3°,Centralizzato,"connessione ad internet, lavatrice, lavastoviglie, microonde, portineria, con biancheria, bagno privato, armadi, accesso per disabili, bagno per disabili",Via Leone Tolstoj,"Napoli, Soderini",Piazza Napoli,45.4521,9.15073,Privato/Nessuna,,6,https://www.immobiliare.it/annunci/121762306/,
122084980,"Stanza doppia via Giasone del Maino 14, Milano",700,€ 700/mese,3,1,15 m²,3°,Centralizzato,"connessione ad internet, microonde, armadi, cucina",Via Giasone del Maino,"Solari, Washington",Washington,45.4628,9.15323,Privato/Nessuna,,1,https://www.immobiliare.it/annunci/122084980/,
114260519,"Stanza singola via Padova 213, Milano",600,€ 600/mese,2,1,55 m²,3°,Centralizzato,"lavatrice, microonde, portineria, armadi, cucina",Via Padova,"Cimiano, Crescenzago, Adriano",Crescenzago,45.5042,9.24039,Privato/Nessuna,,0,https://www.immobiliare.it/annunci/114260519/,
127105389,"Stanza singola viale Toscana 13, Milano",650,€ 650/mese,2,1,20 m²,1°,Centralizzato,"balcone, ascensore, connessione ad internet, ripostiglio, giardino, lavatrice, lavastoviglie, portineria, armadi, cucina",Viale Toscana,"Ripamonti, Vigentino",Ripamonti - Fondazione Prada,45.4462,9.19283,Privato/Nessuna,,1,https://www.immobiliare.it/annunci/127105389/,
124048519,"Stanza singola via Francesco Cilea, Milano",700,€ 700/mese,2,1,18 m²,4°,Centralizzato,"balcone, ascensore, ripostiglio, giardino, lavatrice, microonde, armadi, cucina",Via Francesco Cilea,"San Siro, Trenno",Gallaratese,45.4974,9.10347,Privato/Nessuna,,0,https://www.immobiliare.it/annunci/124048519/,
120179006,"Stanza singola via Giulio Carcano 33, Milano",670,€ 670/mese,5+,1,30 m²,2°,Autonomo,"balcone, ripostiglio, lavatrice, giardino, connessione ad internet, armadi, cucina",Via Giulio Carcano,"Abbiategrasso, Chiesa Rossa",Pezzotti - Meda,45.4394,9.18221,Privato/Nessuna,,0,https://www.immobiliare.it/annunci/120179006/,
108991059,"Stanza doppia via Gianfranco Zuretti 53, Milano",400,€ 800/mese | € 400 a posto letto,3,1,16 m²,Piano terra,Centralizzato,"ascensore, armadi, cucina",Via Gianfranco Zuretti,"Maggiolina, Istria",Cascina dei Pomi,45.4954,9.20956,Privato/Nessuna,,0,https://www.immobiliare.it/annunci/108991059/,
124974917,"Stanza singola via Mecenate 5, Milano",700,€ 700/mese,5,1,70 m²,Piano rialzato,Centralizzato,"balcone, connessione ad internet, ripostiglio, lavatrice, lavastoviglie, microonde, portineria, armadi, cucina",Via Mecenate,Forlanini,Quartiere Forlanini,45.4561,9.24403,Privato/Nessuna,,0,https://www.immobiliare.it/annunci/124974917/,
113010463,"Stanza singola via André-Marie Ampère 11, Milano",639,€ 639/mese,5+,,,3°,Centralizzato,"ascensore, connessione ad internet, ripostiglio, lavatrice, lavastoviglie, microonde, portineria, armadi, accesso per disabili, cucina",Via André-Marie Ampère,"Città Studi, Susa",Città Studi,45.4807,9.22637,Privato/Nessuna,,0,https://www.immobiliare.it/annunci/113010463/,
122558604,"Stanza singola via Asiago 2, Milano",600,€ 600/mese,3,1,16 m²,4°,Centralizzato,"connessione ad internet, ripostiglio, lavatrice, lavastoviglie, microonde, armadi, cucina",Via Asiago,"Precotto, Turro",Gorla,45.5051,9.22494,Privato/Nessuna,,2,https://www.immobiliare.it/annunci/122558604/,
118598113,"Stanza doppia via Lisiade Pedroni 20, Milano",350,€ 700/mese | € 350 a posto letto,1,2,26 m²,1°,Autonomo,"balcone, terrazzo, connessione ad internet, microonde, lavatrice, giardino, armadi, cucina",Via Lisiade Pedroni,"Affori, Bovisa",Affori,45.5097,9.1689,Privato/Nessuna,,0,https://www.immobiliare.it/annunci/118598113/,
125275777,"Stanza singola via Rovigno 11, Milano",600,€ 600/mese,,1,20 m²,4°,Centralizzato,"portineria, lavatrice, cucina",Via Rovigno,"Precotto, Turro",Turro,45.5067,9.2454,Privato/Nessuna,,7,https://www.immobiliare.it/annunci/125275777/,
126632873,"Stanza singola via San Miniato 8, Milano",680,€ 680/mese,,,20 m²,1°,Centralizzato,"balcone, connessione ad internet, giardino, ripostiglio, lavatrice, microonde, portineria, bagno privato, armadi",Via San Miniato,"Bicocca, Niguarda",Bignami - Ponale,45.5249,9.20657,Privato/Nessuna,,8,https://www.immobiliare.it/annunci/126632873/,
119355357,"Stanza singola via Cuore Immacolato di Maria 12A, Milano",700,€ 700/mese,3,2,,2°,Centralizzato,"terrazzo, balcone, lavatrice, lavastoviglie, bagno privato, cucina",Via Cuore Immacolato di Maria,"Ripamonti, Vigentino",Vigentino - Fatima,45.4359,9.19553,Privato/Nessuna,,1,https://www.immobiliare.it/annunci/119355357/,
126646059,"Stanza singola via Ernesto Breda 22a, Milano",600,€ 600/mese,2,1,10 m²,1°,Centralizzato,cucina,Via Ernesto Breda,"Bicocca, Niguarda",Bicocca,45.5085,9.21399,Privato/Nessuna,,3,https://www.immobiliare.it/annunci/126646059/,
127313793,"Stanza singola via Rombon 40, Milano",650,€ 650/mese,,,,8°,Centralizzato,"balcone, ripostiglio, lavatrice, armadi",Via Rombon,"Udine, Lambrate",Lambrate,45.4862,9.24249,Privato/Nessuna,,4,https://www.immobiliare.it/annunci/127313793/,
90942158,"Stanza singola via Odoardo Tabacchi 56, Milano",650,€ 650/mese,5,2,14 m²,1°,Centralizzato,"connessione ad internet, ripostiglio, lavatrice, ascensore, armadi, cucina, arredato",Via Odoardo Tabacchi,Navigli,Corso San Gottardo,45.4478,9.18616,Privato/Nessuna,,2,https://www.immobiliare.it/annunci/90942158/,
125228053,"Stanza singola via Ernesto Reinach 6, Milano",700,€ 700/mese,,,20 m²,2°,Centralizzato,"balcone, connessione ad internet, ripostiglio, lavatrice, microonde, portineria, ascensore, bagno privato, tv, armadi, cucina",Via Ernesto Reinach,"Affori, Bovisa",Dergano,45.5036,9.18753,Privato/Nessuna,,6,https://www.immobiliare.it/annunci/125228053/,
126268217,"Stanza singola via Francesco Denti, Milano",650,€ 650/mese,,,,2°,Centralizzato,"portineria, armadi",Via Francesco Denti,"Città Studi, Susa",Città Studi,45.4757,9.22439,Privato/Nessuna,,3,https://www.immobiliare.it/annunci/126268217/,
121845372,"Stanza singola via Francesco De Sanctis 33, Milano",650,€ 650/mese,2,1,20 m²,1°,Centralizzato,"balcone, ascensore, giardino, lavatrice, portineria, armadi, cucina",Via Francesco De Sanctis,"Abbiategrasso, Chiesa Rossa",Cermenate - Abbiategrasso,45.4362,9.17906,Privato/Nessuna,,0,https://www.immobiliare.it/annunci/121845372/,
120548886,"Stanza singola largo Camillo Caccia Dominioni 1, Milano",650,€ 650/mese,4,1,15 m²,2°,Centralizzato,"balcone, cucina",Largo Camillo Caccia Dominioni,"Ripamonti, Vigentino",Ripamonti - Fondazione Prada,45.4383,9.19574,Privato/Nessuna,,0,https://www.immobiliare.it/annunci/120548886/,
114544857,"Stanza doppia via Giovanni Battista Boeri 11, Milano",650,€ 650/mese,5+,3,175 m²,7°,Centralizzato,"balcone, ascensore, connessione ad internet, ripostiglio, giardino, piscina, campo da tennis, palestra, lavatrice, portineria, armadi, cucina",Via Giovanni Battista Boeri,"Abbiategrasso, Chiesa Rossa",Pezzotti - Meda,45.441,9.18614,Privato/Nessuna,,0,https://www.immobiliare.it/annunci/114544857/,
119111899,"Stanza doppia via Romeo Frassinetti 12, Milano",350,€ 700/mese | € 350 a posto letto,,,50 m²,3°,Assente,"balcone, ascensore, armadi, bagno privato",Via Romeo Frassinetti,"San Siro, Trenno",San Siro,45.4699,9.1415,Privato/Nessuna,,3,https://www.immobiliare.it/annunci/119111899/,
86495062,"Stanza singola via Ruggero Bonghi 23, Milano",650,€ 650/mese | € 650 a posto letto,,,,,Assente,"balcone, connessione ad internet, parquet, arredato",Via Ruggero Bonghi,"Abbiategrasso, Chiesa Rossa",Pezzotti - Meda,45.441,9.18266,Privato/Nessuna,,6,https://www.immobiliare.it/annunci/86495062/,
93956400,"Stanza singola via Giovanni da Milano 7, Milano",650,€ 650/mese,,,15 m²,6°,Centralizzato,"terrazzo, lavatrice, ascensore, armadi, cucina",Via Giovanni da Milano,"Città Studi, Susa",Città Studi,45.4693,9.22474,Privato/Nessuna,,5,https://www.immobiliare.it/annunci/93956400/,
125284169,"Stanza doppia via Conte Verde 23, Milano",370,€ 740/mese | € 370 a posto letto,,,,Piano rialzato,Assente,,Via Conte Verde,"Affori, Bovisa",Dergano,45.5037,9.17888,Privato/Nessuna,,6,https://www.immobiliare.it/annunci/125284169/,
111637717,"Stanza singola via Cefalù 24, Milano",650,€ 650/mese,,,5 m²,5°,Centralizzato,"balcone, connessione ad internet, lavatrice, microonde, portineria, sistema di allarme, con biancheria, tv, armadi",Via Cefalù,"San Siro, Trenno",Gallaratese,45.5014,9.11513,Privato/Nessuna,,4,https://www.immobiliare.it/annunci/111637717/,
121038370,"Stanza singola via della Chiesa Rossa, Milano",600,€ 600/mese,4,1,10 m²,3°,Autonomo,"microonde, lavastoviglie, lavatrice, ripostiglio, armadi, cucina",Via della Chiesa Rossa,"Abbiategrasso, Chiesa Rossa",Cermenate - Abbiategrasso,45.4313,9.17265,Privato/Nessuna,,2,https://www.immobiliare.it/annunci/121038370/,
127021551,"Stanza singola viale Monza, Milano",667,€ 667/mese,3,1,90 m²,4°,Centralizzato,"balcone, ascensore, lavatrice, microonde, portineria, cucina",Viale Monza,"Precotto, Turro",Turro,45.5011,9.22125,Privato/Nessuna,,0,https://www.immobiliare.it/annunci/127021551/,
122616668,"Stanza singola via Medeghino 24, Milano",700,€ 700/mese,,1,,3°,Centralizzato,"connessione ad internet, lavatrice, microonde, portineria, tv, armadi",Via Medeghino,"Abbiategrasso, Chiesa Rossa",Cermenate - Abbiategrasso,45.4313,9.17975,Privato/Nessuna,,0,https://www.immobiliare.it/annunci/122616668/,
108968973,"Stanza singola via Andrea Solari 19, Milano",700,€ 700/mese,3,1,10 m²,4°,Centralizzato,"connessione ad internet, ripostiglio, lavatrice, lavastoviglie, microonde, portineria, armadi, cucina",Via Andrea Solari,"Solari, Washington",Solari,45.4558,9.16513,Privato/Nessuna,,0,https://www.immobiliare.it/annunci/108968973/,
118836965,"Stanza singola piazza Abbiategrasso, Milano",650,€ 650/mese,5+,1,18 m²,4°,Centralizzato,"balcone, ascensore, connessione ad internet, giardino, lavatrice, microonde, ripostiglio, tv, ingresso privato, armadi, cucina",Piazza Abbiategrasso,"Abbiategrasso, Chiesa Rossa",Chiesa Rossa,45.4292,9.17734,Privato/Nessuna,,0,https://www.immobiliare.it/annunci/118836965/,
78813599,"Stanza singola via Castel Morrone, Milano",650,€ 650/mese | € 650 a posto letto,1,1,,4° piano,Assente,"balcone, connessione ad internet, cucina, ascensore, lavatrice, parquet, armadi, arredato",Via Castel Morrone,"Porta Venezia, Indipendenza",Indipendenza,45.4702,9.21434,Privato/Nessuna,,3,https://www.immobiliare.it/annunci/78813599/,
127070817,"Stanza singola via Palmaria 4, Milano",700,€ 700/mese,4,1,12 m²,1°,Centralizzato,"ascensore, connessione ad internet, lavatrice, microonde, armadi, cucina",Via Palmaria,"Affori, Bovisa",Affori,45.5152,9.17738,Privato/Nessuna,,2,https://www.immobiliare.it/annunci/127070817/,
117294665,"Stanza singola viale Monza 167, Milano",650,€ 650/mese,3,1,95 m²,1°,Centralizzato,"balcone, lavatrice, lavastoviglie, microonde, portineria, con biancheria, bagno privato, tv, armadi, cucina",Viale Monza,"Precotto, Turro",Turro,45.5024,9.22141,Privato/Nessuna,,0,https://www.immobiliare.it/annunci/117294665/,
111801097,"Stanza singola via Cardinale Ascanio Sforza 63, Milano",650,€ 650/mese,4,1,20 m²,1°,Centralizzato,"ascensore, bagno per disabili, cucina",Via Cardinale Ascanio Sforza,Navigli,Ascanio Sforza,45.4453,9.1767,Privato/Nessuna,,1,https://www.immobiliare.it/annunci/111801097/,
99815550,"Stanza singola via Fryderyk Chopin, Milano",600,€ 600/mese,,,20 m²,3°,Centralizzato,"balcone, ascensore, connessione ad internet, microonde, bagno privato, armadi, bagno per disabili, cucina",Via Fryderyk Chopin,"Ripamonti, Vigentino",Vigentino - Fatima,45.4279,9.20618,Privato/Nessuna,,4,https://www.immobiliare.it/annunci/99815550/,
122528728,"Stanza singola piazzale Ferdinando Martini 14, Milano",700,€ 700/mese,4,1,110 m²,Interrato (-4),Centralizzato,"connessione ad internet, lavatrice, lavastoviglie, microonde, portineria, con biancheria, tv, armadi, cucina",Piazzale Ferdinando Martini,"Porta Vittoria, Lodi",Martini - Insubria,45.4558,9.21991,Privato/Nessuna,,1,https://www.immobiliare.it/annunci/122528728/,
122005106,"Stanza singola via Giuseppe Antonio Borgese 1, Milano",600,€ 600/mese,4,1,20 m²,2°,Centralizzato,"balcone, connessione ad internet, lavatrice, microonde, portineria, armadi, accesso per disabili, cucina",Via Giuseppe Antonio Borgese,"Cenisio, Sarpi, Isola",Cenisio,45.4886,9.16901,Privato/Nessuna,,0,https://www.immobiliare.it/annunci/122005106/,
126874399,"Stanza doppia via Fryderyk Chopin 27, Milano",700,€ 700/mese,2,1,,Piano rialzato,Centralizzato,"balcone, ascensore, ripostiglio, giardino, lavatrice, lavastoviglie, microonde, portineria, tv, ingresso privato, armadi, cucina",Via Fryderyk Chopin,"Ripamonti, Vigentino",Vigentino - Fatima,45.4278,9.20617,Privato/Nessuna,,0,https://www.immobiliare.it/annunci/126874399/,
125585077,"Stanza singola via Ernesto Reinach 6, Milano",650,€ 650/mese,3,1,80 m²,3°,Centralizzato,"balcone, connessione ad internet, ripostiglio, giardino, lavatrice, portineria, microonde, ascensore, tv, armadi, cucina",Via Ernesto Reinach,"Affori, Bovisa",Dergano,45.5036,9.18753,Privato/Nessuna,,0,https://www.immobiliare.it/annunci/125585077/,
86722380,"Stanza singola via Alberto Caroncini 1, Milano",600,€ 600/mese | € 600 a posto letto,,,,,Assente,"balcone, connessione ad internet, armadi, arredato",Via Alberto Caroncini,"Porta Vittoria, Lodi",Lodi - Brenta,45.4499,9.21984,Privato/Nessuna,,5,https://www.immobiliare.it/annunci/86722380/,
122763906,"Stanza singola viale Carlo Espinasse 36, Milano",700,€ 700/mese,4,1,110 m²,Piano terra,Centralizzato,"sistema di allarme, lavatrice, lavastoviglie, microonde, portineria, tv, ingresso privato, armadi, cucina",Viale Carlo Espinasse,"Uptown, Cascina Merlata, Viale Certosa",Certosa,45.4959,9.14327,Privato/Nessuna,,1,https://www.immobiliare.it/annunci/122763906/,
125878079,"Stanza singola via Antonio Canova 35, Milano",600,€ 600/mese,,,18 m²,5°,Centralizzato,"bagno privato, armadi",Via Antonio Canova,"Arco della Pace, Arena, Pagano",Arco della Pace,45.476,9.16836,Privato/Nessuna,,3,https://www.immobiliare.it/annunci/125878079/,
112427975,"Stanza doppia via Tolentino 5, Milano",650,€ 650/mese,2,1,110 m²,3°,Centralizzato,"balcone, portineria, cucina",Via Tolentino,"Cenisio, Sarpi, Isola",Cenisio,45.4888,9.15994,Privato/Nessuna,,0,https://www.immobiliare.it/annunci/112427975/,
127062723,"Stanza singola via Temistocle Calzecchi 5, Milano",650,€ 650/mese,3,2,25 m²,Piano rialzato,Centralizzato,"connessione ad internet, ripostiglio, lavatrice, microonde, armadi, tv, cucina",Via Temistocle Calzecchi,"Città Studi, Susa",Città Studi,45.4716,9.2349,Privato/Nessuna,,3,https://www.immobiliare.it/annunci/127062723/,
126745853,"Stanza singola Autostrada Milano-Genova 66, Milano",590,€ 590/mese,4,1,,3°,Centralizzato,"balcone, ascensore, lavatrice, ripostiglio, connessione ad internet, microonde, portineria, armadi, cucina",Autostrada Milano-Genova,"Famagosta, Barona",Famagosta,45.4439,9.18232,Privato/Nessuna,,0,https://www.immobiliare.it/annunci/126745853/,
126416911,"Stanza singola via Vigilio Inama 17, Milano",670,€ 670/mese,,,15 m²,4°,Centralizzato,"connessione ad internet, ripostiglio, lavatrice, lavastoviglie, microonde",Via Vigilio Inama,"Città Studi, Susa",Città Studi,45.4727,9.23239,Privato/Nessuna,,1,https://www.immobiliare.it/annunci/126416911/,
122436460,"Stanza singola via Antonio Salieri 1, Milano",700,€ 700/mese,3,1,70 m²,4°,Centralizzato,"balcone, ascensore, connessione ad internet, ripostiglio, lavatrice, lavastoviglie, microonde, armadi, cucina",Via Antonio Salieri,"Città Studi, Susa",Città Studi,45.4856,9.23495,Privato/Nessuna,,0,https://www.immobiliare.it/annunci/122436460/,
126430495,"Stanza singola via Giuseppe Antonio Borgese 1, Milano",600,€ 600/mese,5,1,16 m²,2°,Centralizzato,"ascensore, connessione ad internet, lavatrice, microonde, portineria, armadi, accesso per disabili, cucina",Via Giuseppe Antonio Borgese,"Cenisio, Sarpi, Isola",Cenisio,45.4888,9.16924,Privato/Nessuna,,0,https://www.immobiliare.it/annunci/126430495/,
117116301,"Stanza singola via Masolino da Panicale 4, Milano",695,€ 695/mese,,,80 m²,4°,Centralizzato,"connessione ad internet, ripostiglio, lavatrice, lavastoviglie, microonde, armadi",Via Masolino da Panicale,"Uptown, Cascina Merlata, Viale Certosa",Certosa,45.4932,9.15158,Privato/Nessuna,,3,https://www.immobiliare.it/annunci/117116301/,
127226497,"Stanza singola via Giuseppe Sercognani 8, Milano",600,€ 600/mese,4,1,100 m²,1°,Assente,"ripostiglio, balcone, cucina, connessione ad internet, lavatrice, bagno in comune, attacco telefonico, armadi",Via Giuseppe Sercognani,"Affori, Bovisa",Bovisa,45.5,9.1507,InstaHome,02 5964 7216,18,https://www.immobiliare.it/annunci/127226497/,
125068387,"Stanza singola via Giacomo Zanella, Milano",600,€ 600/mese,4,2,15 m²,Piano terra,Assente,"cucina, lavatrice, bagno in comune, ingresso privato, armadi",Via Giacomo Zanella,"Città Studi, Susa",Argonne - Corsica,45.4642,9.2282,Immobiliare My House,02 8974 3566,10,https://www.immobiliare.it/annunci/125068387/,
127285851,"Stanza singola via Vespri Siciliani 1, Milano",670,€ 670/mese,4,1,85 m²,8°,Assente,"balcone, cucina, connessione ad internet, lavatrice, portineria, bagno in comune, attacco telefonico, armadi",Via Vespri Siciliani,"Napoli, Soderini",Piazza Napoli,45.4535,9.1521,InstaHome,02 5964 7216,11,https://www.immobiliare.it/annunci/127285851/,
127065645,"Stanza singola via Saverio Mercadante, Milano",600,€ 600/mese,4,1,100 m²,1°,Assente,"balcone, cucina, portineria, bagno in comune",Via Saverio Mercadante,"Centrale, Repubblica",Buenos Aires,45.4837,9.2127,Immobiliare Piola,039 240 3287,20,https://www.immobiliare.it/annunci/127065645/,
121255752,"Stanza singola via Giovanni Maria Bicetti De Buttinoni, Milano",600,€ 600/mese,5,2,130 m²,3°,Assente,"ripostiglio, cucina, connessione ad internet, lavatrice, lavastoviglie, microonde, tv satellitare/pay tv, bagno in comune, tv, armadi",Via Giovanni Maria Bicetti De Buttinoni,"Uptown, Cascina Merlata, Viale Certosa",Certosa,45.5023,9.1416,Simo Immobiliare,02 5964 5269,13,https://www.immobiliare.it/annunci/121255752/,
114458497,"Stanza doppia viale Monza, Milano",700,€ 700/mese,3,1,80 m²,4°,Assente,"ripostiglio, balcone, cucina, sistema di allarme, connessione ad internet, lavatrice, lavastoviglie, microonde, bagno in comune, tv, aria condizionata, armadi",Viale Monza,"Precotto, Turro",Turro,45.5016,9.2215,Sognocasa srl,02 8295 1858,41,https://www.immobiliare.it/annunci/114458497/,
118041683,"Stanza singola via Friuli 2, Milano",700,€ 700/mese,3,1,85 m²,4°,Assente,"ripostiglio, cucina, connessione ad internet, lavatrice, lavastoviglie, microonde, bagno in comune, parquet, aria condizionata, armadi",Via Friuli,"Porta Romana, Cadore, Montenero",Porta Romana - Medaglie d'Oro,45.4486,9.2088,Skyline Arena,039 974 6672,32,https://www.immobiliare.it/annunci/118041683/,
126491775,"Stanza singola via Lorenzo Valla 25, Milano",590,€ 590/mese,3,1,70 m²,4°,Assente,"balcone, cucina, connessione ad internet, lavatrice, lavastoviglie, tv satellitare/pay tv, portineria, bagno in comune, parquet, tv, aria condizionata, armadi",Via Lorenzo Valla,"Abbiategrasso, Chiesa Rossa",Chiesa Rossa,45.4338,9.1853,IMI immobiliare Milano - Partner Navigli,02 9994 4976,23,https://www.immobiliare.it/annunci/126491775/,
123046745,"Stanza singola via Feltre 74, Milano",620,€ 620/mese,3,1,90 m²,9°,Assente,"balcone, cucina, connessione ad internet, lavatrice, microonde, bagno in comune",Via Feltre,"Udine, Lambrate",Quartiere Feltre,45.491,9.2454,CFC Immobiliare Pacini,02 8974 4586,13,https://www.immobiliare.it/annunci/123046745/,
125603975,"Stanza doppia via Gentile Bellini 2, Milano",700,€ 700/mese,2,1,20 m²,1°,Assente,"ripostiglio, balcone, cucina, connessione ad internet, lavatrice, microonde, portineria, bagno in comune, tv, aria condizionata, armadi",Via Gentile Bellini,"Famagosta, Barona",Giambellino,45.4509,9.1427,Pirchioimmobili,334 729 1156,17,https://www.immobiliare.it/annunci/125603975/,
125717965,"Stanza singola via Melchiorre Gioia 135, Milano",600,€ 600/mese,3,1,85 m²,1°,Assente,"ripostiglio, balcone, cucina, lavatrice, portineria, bagno in comune, aria condizionata, armadi",Via Melchiorre Gioia,"Maggiolina, Istria",Maggiolina,45.4945,9.2065,Alesi Immobiliare,02 3540 6484,17,https://www.immobiliare.it/annunci/125717965/,
122852676,"Stanza singola via Savona 65, Milano",600,€ 600/mese,4,1,80 m²,1°,Assente,"ripostiglio, giardino, cucina, lavatrice, microonde, tv satellitare/pay tv, portineria, bagno in comune, tv, aria condizionata, armadi",Via Savona,"Solari, Washington",Solari,45.4523,9.1588,Capitani Immobiliare Srl,02 8973 7724,13,https://www.immobiliare.it/annunci/122852676/,
127598646,"Stanza singola via Pomezia 10B, Milano",650,€ 650/mese,4,1,90 m²,1°,Assente,"ripostiglio, balcone, cucina, lavatrice, lavastoviglie, microonde, portineria, bagno in comune, parquet, aria condizionata, armadi",Via Pomezia,"Pasteur, Rovereto",Pasteur,45.4897,9.2161,Geom. Matteo Valli - Agente Immobiliare,02 5964 9425,21,https://www.immobiliare.it/annunci/127598646/,
125265919,"Stanza singola via Lomellina 13, Milano",600,€ 600/mese,4,1,12 m²,4°,Assente,"balcone, cucina, connessione ad internet, lavatrice, lavastoviglie, microonde, portineria, bagno in comune, aria condizionata, armadi",Via Lomellina,"Città Studi, Susa",Argonne - Corsica,45.464,9.23,Rossana Dimunno,02 5964 7318,15,https://www.immobiliare.it/annunci/125265919/,
114857925,"Stanza singola via Maddalena Donadoni Giudice 1, Milano",650,€ 650/mese,5+,2,18 m²,Piano terra,Centralizzato,"ascensore, connessione ad internet, giardino, lavatrice, lavastoviglie, microonde, armadi, cucina",Via Maddalena Donadoni Giudice,"Affori, Bovisa",Bovisa,45.5037,9.16158,Privato/Nessuna,,20,https://www.immobiliare.it/annunci/114857925/,
127437832,"Stanza doppia viale Argonne 42, Milano",670,€ 670/mese,5,2,140 m²,7°,Assente,"ripostiglio, giardino, balcone, cucina, lavatrice, lavastoviglie, portineria, bagno in comune, aria condizionata, armadi",Viale Argonne,"Città Studi, Susa",Argonne - Corsica,45.4677,9.231,Sognocasa srl,02 8295 1858,23,https://www.immobiliare.it/annunci/127437832/,
101628643,"Stanza singola via Umberto Masotto 27, Milano",610,€ 610/mese,3,1,90 m²,Piano rialzato,Assente,"ripostiglio, balcone, cucina, connessione ad internet, lavatrice, lavastoviglie, microonde, tv, aria condizionata, armadi",Via Umberto Masotto,"Città Studi, Susa",Argonne - Corsica,45.4671,9.2336,Sognocasa srl,02 8295 1858,28,https://www.immobiliare.it/annunci/101628643/,
126478863,"Stanza singola corso Lodi 82, Milano",650,€ 650/mese,3,1,67 m²,2°,Assente,"ripostiglio, cucina, lavatrice, portineria, bagno in comune, tv, armadi",Corso Lodi,"Porta Vittoria, Lodi",Lodi - Brenta,45.4432,9.2172,Studio Toio Milano,02 8974 1106,13,https://www.immobiliare.it/annunci/126478863/,
98209254,"Stanza singola via Conchetta 6, Milano",700,€ 700/mese,4,1,22 m²,3°,Assente,"ripostiglio, balcone, cucina, connessione ad internet, lavatrice, lavastoviglie, microonde, bagno in comune, parquet, armadi",Via Conchetta,Navigli,Ascanio Sforza,45.4467,9.1788,Antonio Falcone,02 8295 6685,23,https://www.immobiliare.it/annunci/98209254/,
127598570,"Stanza singola via Pomezia 10B, Milano",650,€ 650/mese,4,1,90 m²,1°,Assente,"ripostiglio, balcone, cucina, lavatrice, lavastoviglie, microonde, portineria, bagno in comune, aria condizionata, armadi",Via Pomezia,"Pasteur, Rovereto",Pasteur,45.4897,9.2161,Geom. Matteo Valli - Agente Immobiliare,02 5964 9425,24,https://www.immobiliare.it/annunci/127598570/,
124895987,"Stanza singola via Savona 65C, Milano",700,€ 700/mese,4,1,80 m²,1°,Assente,"ripostiglio, giardino, cucina, connessione ad internet, lavatrice, microonde, tv satellitare/pay tv, portineria, bagno in comune, tv, aria condizionata, armadi",Via Savona,"Solari, Washington",Solari,45.452,9.1581,Capitani Immobiliare Srl,02 8973 7724,13,https://www.immobiliare.it/annunci/124895987/,
127615878,"Stanza singola viale Famagosta 26, Milano",650,€ 650/mese,3,1,75 m²,1°,Assente,"ripostiglio, giardino, piscina, balcone, cucina, connessione ad internet, campo da tennis, lavatrice, microonde, portineria, con biancheria, bagno in comune, aria condizionata, armadi",Viale Famagosta,"Famagosta, Barona",Famagosta,45.437,9.1594,InstaHome,02 5964 7216,26,https://www.immobiliare.it/annunci/127615878/,
127101837,"Stanza singola via Giulio e Corrado Venini 33, Milano",650,€ 650/mese,4,1,90 m²,5°,Assente,"ripostiglio, balcone, cucina, lavatrice, microonde, bagno in comune, armadi",Via Giulio e Corrado Venini,"Pasteur, Rovereto",Pasteur,45.4893,9.2137,InstaHome,02 5964 7216,11,https://www.immobiliare.it/annunci/127101837/,
127254203,"Stanza doppia via George Washington 105, Milano",625,€ 625/mese,3,1,17 m²,2°,Assente,"bagno in comune, armadi",Via George Washington,"Solari, Washington",Solari,45.4556,9.1552,Grimaldi Immobiliare Milano Darsena,02 5964 5462,17,https://www.immobiliare.it/annunci/127254203/,
126418389,"Stanza singola viale Certosa 284, Milano",700,€ 700/mese,2,2,45 m²,Piano terra,Assente,"cucina, connessione ad internet, lavatrice, bagno privato, attacco telefonico, aria condizionata, armadi",Viale Certosa,"Uptown, Cascina Merlata, Viale Certosa",Musocco,45.5022,9.1252,Top Case Milano,02 5964 8952,12,https://www.immobiliare.it/annunci/126418389/,
127536862,"Stanza singola via Cesare Saldini 18, Milano",650,€ 650/mese,5,1,80 m²,Piano rialzato,Centralizzato,"ascensore, connessione ad internet, lavastoviglie, microonde, cucina",Via Cesare Saldini,"Città Studi, Susa",Città Studi,45.4712,9.22749,Privato/Nessuna,,8,https://www.immobiliare.it/annunci/127536862/,
127536560,"Stanza singola via Zante 19, Milano",600,€ 600/mese,4,2,15 m²,3°,Centralizzato,"ascensore, ripostiglio, lavatrice, lavastoviglie, microonde, portineria, armadi, cucina",Via Zante,Forlanini,Quartiere Forlanini,45.4577,9.24722,Privato/Nessuna,,12,https://www.immobiliare.it/annunci/127536560/,
127528192,"Stanza singola viale Murillo 33, Milano",700,€ 700/mese,2,1,120 m²,4°,Autonomo,"connessione ad internet, lavatrice, lavastoviglie, microonde, portineria, ascensore, tv, armadi, cucina",Viale Murillo,"San Siro, Trenno",San Siro,45.4752,9.14317,Privato/Nessuna,,4,https://www.immobiliare.it/annunci/127528192/,
127508978,"Stanza singola via Fra' Cristoforo 8, Milano",600,€ 600/mese,4,1,15 m²,2°,Centralizzato,"ascensore, ripostiglio, giardino, lavatrice, lavastoviglie, portineria, cucina",Via Fra' Cristoforo,"Famagosta, Barona",Cantalupa - San Paolo,45.436,9.17185,Privato/Nessuna,,8,https://www.immobiliare.it/annunci/127508978/,
127486414,"Stanza singola via Mondovì 2, Milano",700,€ 700/mese,,,55 m²,1°,Assente,"balcone, ascensore, bagno privato, tv, armadi, ingresso privato, cucina",Via Mondovì,"Cimiano, Crescenzago, Adriano",Crescenzago,45.5036,9.24174,Privato/Nessuna,,10,https://www.immobiliare.it/annunci/127486414/,
127442464,"Stanza singola via Vespri Siciliani 20, Milano",650,€ 650/mese,4,1,90 m²,1°,Centralizzato,"ascensore, connessione ad internet, ripostiglio, lavatrice, lavastoviglie, microonde, portineria, armadi, cucina",Via Vespri Siciliani,"Napoli, Soderini",Piazza Napoli,45.4531,9.15014,Privato/Nessuna,,5,https://www.immobiliare.it/annunci/127442464/,
127439140,"Stanza singola via Michelino da Besozzo 14, Milano",650,€ 650/mese,3,2,77 m²,4°,Centralizzato,"terrazzo, connessione ad internet, ripostiglio, lavatrice, lavastoviglie, microonde, portineria, bagno privato, armadi, cucina",Via Michelino da Besozzo,"Uptown, Cascina Merlata, Viale Certosa",Certosa,45.4941,9.15089,Privato/Nessuna,,18,https://www.immobiliare.it/annunci/127439140/,
127422649,"Stanza singola viale Monza 167, Milano",590,€ 590/mese,1,1,20 m²,1°,Centralizzato,"balcone, ascensore, lavatrice, lavastoviglie, microonde, portineria, armadi, cucina",Viale Monza,"Precotto, Turro",Turro,45.5025,9.22142,Privato/Nessuna,,9,https://www.immobiliare.it/annunci/127422649/,
127422503,"Stanza singola via Cadore 17, Milano",650,€ 650/mese,5,2,10 m²,5°,Autonomo,"terrazzo, connessione ad internet, ripostiglio, lavatrice, lavastoviglie, microonde, tv, cucina",Via Cadore,"Porta Romana, Cadore, Montenero",Cadore,45.4585,9.21379,Privato/Nessuna,,10,https://www.immobiliare.it/annunci/127422503/,
127413681,"Stanza doppia piazza Antonio Gramsci 3, Milano",670,€ 670/mese,3,1,20 m²,2°,Centralizzato,"lavatrice, lavastoviglie, connessione ad internet, microonde, cucina",Piazza Antonio Gramsci,"Cenisio, Sarpi, Isola",Paolo Sarpi,45.4813,9.16846,Privato/Nessuna,,1,https://www.immobiliare.it/annunci/127413681/,
127293753,"Stanza singola via Emilio Broglio 19, Milano",650,€ 650/mese,4,1,12 m²,1°,Autonomo,"balcone, ascensore, connessione ad internet, ripostiglio, giardino, lavatrice, lavastoviglie, microonde, cucina",Via Emilio Broglio,"Affori, Bovisa",Bovisa,45.5026,9.16325,Privato/Nessuna,,6,https://www.immobiliare.it/annunci/127293753/,
120443142,"Stanza singola via Demonte 2, Milano",700,€ 700/mese,3,1,20 m²,1°,Centralizzato,"giardino, lavatrice, lavastoviglie, portineria, armadi, cucina",Via Demonte,"Bicocca, Niguarda",Prato Centenaro,45.5109,9.19924,Privato/Nessuna,,10,https://www.immobiliare.it/annunci/120443142/,
127096923,"Stanza singola via Monfalcone 14, Milano",700,€ 700/mese,5,2,12 m²,4°,Centralizzato,"ascensore, connessione ad internet, ripostiglio, lavatrice, lavastoviglie, terrazzo, con biancheria, armadi, tv, cucina",Via Monfalcone,"Cimiano, Crescenzago, Adriano",Cimiano,45.4926,9.23793,Privato/Nessuna,,15,https://www.immobiliare.it/annunci/127096923/,
126991441,"Stanza singola viale Giovanni Suzzani 92, Milano",600,€ 600/mese,3,1,15 m²,Piano rialzato,Centralizzato,"balcone, ascensore, connessione ad internet, lavatrice, lavastoviglie, microonde, portineria, con biancheria, tv, armadi, cucina",Viale Giovanni Suzzani,"Bicocca, Niguarda",Prato Centenaro,45.5114,9.19744,Privato/Nessuna,,9,https://www.immobiliare.it/annunci/126991441/,
124772219,"Stanza singola via Giovanni Pastorelli 19, Milano",620,€ 620/mese,4,2,15 m²,1°,Assente,"balcone, terrazzo, cucina, lavatrice, lavastoviglie, microonde, portineria, bagno in comune, aria condizionata, armadi",Via Giovanni Pastorelli,Navigli,Navigli - Darsena,45.4463,9.1605,FsCasa,02 5964 9017,29,https://www.immobiliare.it/annunci/124772219/,
106374259,"Stanza singola via Antonio Lecchi 7, Milano",630,€ 630/mese,5,2,150 m²,5°,Assente,"ripostiglio, balcone, cucina, connessione ad internet, lavatrice, lavastoviglie, microonde, bagno in comune, attacco telefonico, tv, aria condizionata, armadi",Via Antonio Lecchi,Navigli,Navigli - Darsena,45.4449,9.1743,TOTA IMMOBILIARE s.a.s.,02 5964 5871,12,https://www.immobiliare.it/annunci/106374259/,
127296909,"Stanza doppia via Mario Borsa, Milano",700,€ 700/mese,4,1,14 m²,12°,Assente,"ripostiglio, balcone, cucina, connessione ad internet, lavatrice, microonde, con biancheria, bagno in comune, attacco telefonico, tv, armadi",Via Mario Borsa,"San Siro, Trenno",Gallaratese,45.5009,9.1018,Casa All-Inclusive,039 240 9081,15,https://www.immobiliare.it/annunci/127296909/,
127350927,"Stanza singola via Vittorio Emanuele Orlando 6, Milano",600,€ 600/mese,4,2,120 m²,2°,Assente,"ripostiglio, balcone, cucina, connessione ad internet, lavatrice, lavastoviglie, microonde, parquet, armadi",Via Vittorio Emanuele Orlando,"Abbiategrasso, Chiesa Rossa",Gratosoglio,45.4179,9.1745,AZP CASE di Alessandro Zuin D.I.,02 5964 8613,16,https://www.immobiliare.it/annunci/127350927/,
126660455,"Stanza singola via Amero Cagnoni, Milano",650,€ 650/mese,5+,2,,Seminterrato,Centralizzato,"ascensore, connessione ad internet, ripostiglio, lavatrice, lavastoviglie, portineria, armadi, tv, cucina",Via Amero Cagnoni,"Bande Nere, Inganni",Gambara,45.4642,9.13854,Privato/Nessuna,,17,https://www.immobiliare.it/annunci/126660455/,
115823801,"Stanza singola corso Lodi 80, Milano",700,€ 700/mese,3,2,22 m²,2°,Centralizzato,"connessione ad internet, lavatrice, microonde, con biancheria, tv, ingresso privato, armadi, cucina",Corso Lodi,"Porta Vittoria, Lodi",Lodi - Brenta,45.4433,9.21702,Privato/Nessuna,,14,https://www.immobiliare.it/annunci/115823801/,
127561786,"Stanza singola viale Cassala 29, Milano",700,€ 700/mese,3,1,67 m²,4°,Assente,"balcone, cucina, connessione ad internet, lavatrice, microonde, bagno in comune, armadi",Viale Cassala,Navigli,Navigli - Darsena,45.4457,9.1611,RIM Restyling Immobiliare Milano,02 3540 6504,30,https://www.immobiliare.it/annunci/127561786/,
127662884,"Stanza doppia via Carlo Bianconi 7, Milano",700,€ 700/mese,4,1,85 m²,1°,Assente,"ripostiglio, giardino, balcone, cucina, connessione ad internet, lavatrice, microonde, tv satellitare/pay tv, portineria, bagno in comune, tv, armadi",Via Carlo Bianconi,"Ripamonti, Vigentino",Vigentino - Fatima,45.4345,9.2043,Capitani Immobiliare Srl,02 8973 7724,15,https://www.immobiliare.it/annunci/127662884/,
118246431,"Stanza doppia via Leone Tolstoj 106, Milano",700,€ 700/mese,4,1,98 m²,Piano rialzato,Assente,"ripostiglio, cucina, connessione ad internet, lavatrice, lavastoviglie, microonde, bagno in comune, armadi",Via Leone Tolstoj,"Napoli, Soderini",Tripoli - Soderini,45.4572,9.1478,Affiliato Tecnocasa: IMMOBILIARE TOLSTOI SNC,02 8295 4415,20,https://www.immobiliare.it/annunci/118246431/,
121736128,"Stanza singola via Giovanni Cimabue 4, Milano",630,€ 630/mese,5+,3,120 m²,2°,Assente,"balcone, cucina, connessione ad internet, lavatrice, lavastoviglie, microonde, portineria, con biancheria, bagno in comune, aria condizionata, armadi",Via Giovanni Cimabue,"San Siro, Trenno",Monte Stella,45.4873,9.1416,InstaHome,02 5964 7216,30,https://www.immobiliare.it/annunci/121736128/,
127253857,"Stanza singola via Val di Sole 11, Milano",600,€ 600/mese,4,1,90 m²,1°,Assente,"ripostiglio, balcone, cucina, connessione ad internet, lavatrice, lavastoviglie, microonde, portineria, bagno in comune, armadi",Via Val di Sole,"Ripamonti, Vigentino",Vigentino - Fatima,45.4319,9.203,AT Servizi Immobiliari,02 5832 4036,12,https://www.immobiliare.it/annunci/127253857/,
126648981,"Stanza singola via San Benigno 4, Milano",600,€ 600/mese,3,1,85 m²,5°,Assente,"ripostiglio, cucina, connessione ad internet, lavatrice, lavastoviglie, microonde, portineria, bagno in comune, armadi",Via San Benigno,"Città Studi, Susa",Città Studi,45.4707,9.2368,Studio Toio Milano,02 8974 1106,16,https://www.immobiliare.it/annunci/126648981/,
127387657,"Stanza singola viale Emilio Caldara 35, Milano",650,€ 650/mese,3,1,70 m²,3°,Assente,"balcone, cucina, lavatrice, lavastoviglie, microonde, portineria, bagno in comune, parquet, tv, aria condizionata, armadi",Viale Emilio Caldara,"Quadronno, Palestro, Guastalla",Quadronno - Crocetta,45.4556,9.2032,PROJECT VALUE RE SRL,02 8736 4230,17,https://www.immobiliare.it/annunci/127387657/,
126020421,"Stanza singola via Tito Livio 35, Milano",625,€ 625/mese,3,1,15 m²,4°,Assente,"cucina, connessione ad internet, lavatrice, microonde, tv satellitare/pay tv, portineria, bagno in comune, tv, armadi",Via Tito Livio,"Porta Vittoria, Lodi",Martini - Insubria,45.4506,9.22,Investitalia,02 5964 3746,13,https://www.immobiliare.it/annunci/126020421/,
126841781,"Stanza doppia via Giovan Battista Pergolesi 13, Milano",599,€ 599/mese,5+,2,200 m²,3°,Assente,"cucina, connessione ad internet, lavatrice, microonde, bagno in comune, aria condizionata, armadi",Via Giovan Battista Pergolesi,"Centrale, Repubblica",Buenos Aires,45.4842,9.2116,Casaltia,02 8127 8319,25,https://www.immobiliare.it/annunci/126841781/,
81531001,"Stanza singola via Umberto Masotto 27, Milano",670,€ 670/mese,4,1,20 m²,2°,Assente,"connessione ad internet, lavatrice, lavastoviglie, microonde, bagno in comune, tv, armadi",Via Umberto Masotto,"Città Studi, Susa",Argonne - Corsica,45.4671,9.2336,Immobiliare Bebbere,079 256 0938,24,https://www.immobiliare.it/annunci/81531001/,
112801219,"Stanza doppia via Gentile Bellini 8, Milano",650,€ 650/mese,4,1,20 m²,3°,Assente,"ripostiglio, balcone, cucina, lavatrice, bagno in comune, attacco telefonico, aria condizionata, armadi",Via Gentile Bellini,"Famagosta, Barona",Giambellino,45.4497,9.1434,Studio Casale,02 3540 6562,18,https://www.immobiliare.it/annunci/112801219/,
126183971,"Stanza singola via Marco d'Agrate 8, Milano",650,€ 650/mese,3,1,60 m²,2°,Assente,"cucina, connessione ad internet, lavatrice, bagno in comune, parquet, attacco telefonico, aria condizionata, armadi",Via Marco d'Agrate,"Corvetto, Rogoredo",Corvetto,45.437,9.2151,Just Housing Real Estate,02 5964 8031,20,https://www.immobiliare.it/annunci/126183971/,
126169971,"Stanza singola via Gaetano Sbodio, Milano",650,€ 650/mese,3,1,60 m²,2°,Assente,"cucina, connessione ad internet, lavatrice, lavastoviglie, bagno in comune",Via Gaetano Sbodio,"Udine, Lambrate",Lambrate,45.4839,9.2457,Immobiliare Piola,039 240 3287,15,https://www.immobiliare.it/annunci/126169971/,
127417595,"Stanza doppia via Alberto Nota 20, Milano",640,€ 640/mese,2,1,15 m²,4°,Assente,"balcone, cucina, connessione ad internet, lavatrice, lavastoviglie, tv satellitare/pay tv, portineria, con biancheria, bagno privato, parquet, aria condizionata, armadi",Via Alberto Nota,"Bicocca, Niguarda",Bicocca,45.5166,9.2081,BANKASA servizi immobiliari - Milano Niguarda,02 3540 6645,30,https://www.immobiliare.it/annunci/127417595/,
127290171,"Stanza singola via Tertulliano 60, Milano",600,€ 600/mese,3,1,14 m²,1°,Assente,"balcone, bagno in comune",Via Tertulliano,"Porta Vittoria, Lodi",Lodi - Brenta,45.4484,9.2207,Affiliato Tecnocasa: PROGETTO MILANO SRL,02 9475 9713,16,https://www.immobiliare.it/annunci/127290171/,
127586152,"Stanza singola via Francesco De Sanctis 11, Milano",600,€ 600/mese,4,1,91 m²,Piano rialzato,Assente,"ripostiglio, balcone, cucina, connessione ad internet, lavatrice, microonde, bagno in comune, armadi",Via Francesco De Sanctis,"Abbiategrasso, Chiesa Rossa",Cermenate - Abbiategrasso,45.4363,9.1762,Immobiliare Casaeaffari,02 8951 8051,20,https://www.immobiliare.it/annunci/127586152/,
127646710,"Stanza in affitto in appartamento via Ravizza, Milano",620,€ 620/mese,5+,3,166 m²,"1°, con ascensore",Autonomo,"fibra ottica, porta blindata, esposizione esterna, impianto tv centralizzato",Via Ravizza,"Fiera, Sempione, City Life, Portello",Amendola - Buonarroti,45.4702,9.14972,Spacest.com by Roomless,02 8974 1955,11,https://www.immobiliare.it/annunci/127646710/,
127569794,"Stanza in affitto in appartamento viale Sarca, Milano",650,€ 650/mese,2,1,110 m²,1°,Autonomo,"fibra ottica, porta blindata, esposizione esterna, impianto tv centralizzato",Viale Sarca,"Bicocca, Niguarda",Greco - Segnano,45.5082,9.2047,Spacest.com by Roomless,02 8974 1955,13,https://www.immobiliare.it/annunci/127569794/,
127541582,"Stanza in affitto in appartamento via Bartolomeo D'Alviano, Milano",630,€ 630/mese,5,2,106 m²,1°,Autonomo,"fibra ottica, porta blindata, esposizione esterna, impianto tv centralizzato",Via Bartolomeo D'Alviano,"Bande Nere, Inganni",Lorenteggio,45.4534,9.14086,Spacest.com by Roomless,02 8974 1955,24,https://www.immobiliare.it/annunci/127541582/,
127462774,"Stanza in affitto in appartamento via Giuseppe Frua, Milano",630,€ 630/mese,5+,3,148 m²,"2°, con ascensore",Autonomo,"fibra ottica, porta blindata, esposizione esterna, impianto tv centralizzato",Via Giuseppe Frua,"Solari, Washington",Frua,45.4651,9.14874,Spacest.com by Roomless,02 8974 1955,40,https://www.immobiliare.it/annunci/127462774/,
127355395,"Stanza in affitto in appartamento via Amatore Sciesa, Milano",605,€ 605/mese,5,1,87 m²,2°,Autonomo,"fibra ottica, porta blindata, esposizione esterna, impianto tv centralizzato",VIA AMATORE SCIESA,"Porta Romana, Cadore, Montenero",Montenero,45.4613,9.20963,Spacest.com by Roomless,02 8974 1955,21,https://www.immobiliare.it/annunci/127355395/,
127326601,"Stanza in affitto in appartamento via Gustavo Modena, Milano",645,€ 645/mese,5,1,127 m²,1°,Autonomo,"fibra ottica, porta blindata, esposizione esterna, impianto tv centralizzato",Via Gustavo Modena,"Porta Venezia, Indipendenza",Indipendenza,45.4706,9.21677,Spacest.com by Roomless,02 8974 1955,18,https://www.immobiliare.it/annunci/127326601/,
127647032,"Stanza in affitto in appartamento via Antonio Canova, Milano",685,€ 685/mese,5+,3,287 m²,"2°, con ascensore",Autonomo,"fibra ottica, porta blindata, esposizione esterna, impianto tv centralizzato",Via Antonio Canova,"Arco della Pace, Arena, Pagano",Arco della Pace,45.476,9.16798,Spacest.com by Roomless,02 8974 1955,50,https://www.immobiliare.it/annunci/127647032/,
127541740,"Stanza in affitto in appartamento via Privata Poggibonsi, Milano",695,€ 695/mese,5,2,15 m²,"5°, con ascensore",Autonomo,"fibra ottica, porta blindata, esposizione esterna, impianto tv centralizzato",Via Privata Poggibonsi,"Bande Nere, Inganni",Gambara,45.4666,9.13984,Spacest.com by Roomless,02 8974 1955,28,https://www.immobiliare.it/annunci/127541740/,
127541524,"Stanza in affitto in appartamento via Giuseppe Frua, Milano",650,€ 650/mese,5+,3,148 m²,"8°, con ascensore",Autonomo,"fibra ottica, porta blindata, esposizione esterna, impianto tv centralizzato",Via Giuseppe Frua,"Solari, Washington",Frua,45.4653,9.14888,Spacest.com by Roomless,02 8974 1955,44,https://www.immobiliare.it/annunci/127541524/,
127504528,"Stanza in affitto in appartamento via Privata San Martiniano, Milano",630,€ 630/mese,5+,3,151 m²,"1°, con ascensore",Autonomo,"fibra ottica, porta blindata, esposizione esterna, impianto tv centralizzato",Via Privata S. Martiniano,"Corvetto, Rogoredo",Corvetto,45.4371,9.21564,Spacest.com by Roomless,02 8974 1955,61,https://www.immobiliare.it/annunci/127504528/,
127490274,"Stanza in affitto in appartamento via Pantigliate, Milano",675,€ 675/mese,5+,3,203 m²,3°,Autonomo,"fibra ottica, porta blindata, esposizione esterna, impianto tv centralizzato",Via Pantigliate,"Bande Nere, Inganni",Bande Nere,45.4594,9.13161,Spacest.com by Roomless,02 8974 1955,14,https://www.immobiliare.it/annunci/127490274/,
127356339,"Stanza in affitto in appartamento via Salvatore Barzilai, Milano",630,€ 630/mese,5+,2,131 m²,"8°, con ascensore",Autonomo,"fibra ottica, porta blindata, esposizione esterna, impianto tv centralizzato",Via Salvatore Barzilai,"Bande Nere, Inganni",Lorenteggio,45.4523,9.13914,Spacest.com by Roomless,02 8974 1955,21,https://www.immobiliare.it/annunci/127356339/,
127355911,"Stanza in affitto in appartamento via Ercolano, Milano",615,€ 615/mese,2,1,110 m²,1°,Autonomo,"fibra ottica, porta blindata, esposizione esterna, impianto tv centralizzato",Via Ercolano,"Affori, Bovisa",Bovisa,45.4969,9.15571,Spacest.com by Roomless,02 8974 1955,16,https://www.immobiliare.it/annunci/127355911/,
127326365,"Stanza in affitto in appartamento corso di Porta Romana, Milano",660,€ 660/mese,4,1,91 m²,6°,Autonomo,"fibra ottica, porta blindata, esposizione esterna, balcone, impianto tv centralizzato",Corso di Porta Romana,"Quadronno, Palestro, Guastalla",Quadronno - Crocetta,45.4542,9.1986,Spacest.com by Roomless,02 8974 1955,25,https://www.immobiliare.it/annunci/127326365/,
127304005,"Stanza in affitto in appartamento viale Renato Serra, Milano",675,€ 675/mese,5,2,133 m²,"1°, con ascensore",Autonomo,"fibra ottica, porta blindata, esposizione esterna, impianto tv centralizzato",Viale Renato Serra,"Fiera, Sempione, City Life, Portello",Monte Rosa - Lotto,45.4852,9.14473,Spacest.com by Roomless,02 8974 1955,29,https://www.immobiliare.it/annunci/127304005/,
127275173,"Stanza in affitto in appartamento via Giuseppe Pecchio, Milano",670,€ 670/mese,5+,3,172 m²,"2°, con ascensore",Autonomo,"fibra ottica, porta blindata, esposizione esterna, impianto tv centralizzato",Via Giuseppe Pecchio,"Città Studi, Susa",Città Studi,45.4843,9.21853,Spacest.com by Roomless,02 8974 1955,12,https://www.immobiliare.it/annunci/127275173/,
127570092,"Stanza in affitto in appartamento via Curtatone, Milano",600,€ 600/mese,5+,3,171 m²,5°,Autonomo,"fibra ottica, porta blindata, esposizione esterna, impianto tv centralizzato",Via Curtatone,"Quadronno, Palestro, Guastalla",Quadronno - Crocetta,45.4558,9.2023,Spacest.com by Roomless,02 8974 1955,22,https://www.immobiliare.it/annunci/127570092/,
127541888,"Stanza in affitto in appartamento via Pantigliate, Milano",685,€ 685/mese,5+,3,203 m²,1°,Autonomo,"fibra ottica, porta blindata, esposizione esterna, impianto tv centralizzato",Via Pantigliate,"Bande Nere, Inganni",Bande Nere,45.4594,9.13161,Spacest.com by Roomless,02 8974 1955,16,https://www.immobiliare.it/annunci/127541888/,
127541498,"Stanza in affitto in appartamento via Nicola Antonio Porpora, Milano",680,€ 680/mese,5,2,91 m²,"4°, con ascensore",Autonomo,"fibra ottica, porta blindata, esposizione esterna, impianto tv centralizzato",Via Nicola Antonio Porpora,"Città Studi, Susa",Casoretto,45.4862,9.22744,Spacest.com by Roomless,02 8974 1955,25,https://www.immobiliare.it/annunci/127541498/,
127384617,"Stanza in affitto in appartamento via Giuseppe Bruschetti, Milano",670,€ 670/mese,4,1,81 m²,"1°, con ascensore",Autonomo,"fibra ottica, porta blindata, esposizione esterna, impianto tv centralizzato",Via Giuseppe Bruschetti,"Maggiolina, Istria",Cascina dei Pomi,45.4926,9.20803,Spacest.com by Roomless,02 8974 1955,32,https://www.immobiliare.it/annunci/127384617/,
127326299,"Stanza in affitto in appartamento via Privata Procopio, Milano",605,€ 605/mese,5,1,103 m²,"1°, con ascensore",Autonomo,"fibra ottica, porta blindata, esposizione esterna, impianto tv centralizzato",Via Privata Procopio,"Solari, Washington",Washington,45.4562,9.1534,Spacest.com by Roomless,02 8974 1955,20,https://www.immobiliare.it/annunci/127326299/,
127326279,"Stanza in affitto in appartamento via Francesco Arese, Milano",635,€ 635/mese,5+,2,210 m²,"1°, con ascensore",Autonomo,"fibra ottica, porta blindata, esposizione esterna, impianto tv centralizzato",Via Francesco Arese,"Cenisio, Sarpi, Isola",Zara,45.4917,9.19063,Spacest.com by Roomless,02 8974 1955,27,https://www.immobiliare.it/annunci/127326279/,
127317433,"Stanza in affitto in appartamento viale Liguria, Milano",590,€ 590/mese,5,2,98 m²,1°,Autonomo,"fibra ottica, porta blindata, esposizione esterna, impianto tv centralizzato",Viale Liguria,Navigli,Navigli - Darsena,45.4439,9.17542,Spacest.com by Roomless,02 8974 1955,20,https://www.immobiliare.it/annunci/127317433/,
127303985,"Stanza in affitto in appartamento via Andrea Maria Ampère, Milano",630,€ 630/mese,5+,2,161 m²,7°,Autonomo,"fibra ottica, porta blindata, esposizione esterna, impianto tv centralizzato",Via Andrea Maria Ampère,"Città Studi, Susa",Città Studi,45.4829,9.22631,Spacest.com by Roomless,02 8974 1955,17,https://www.immobiliare.it/annunci/127303985/,
127646840,"Stanza in affitto in appartamento via Antonio Canova, Milano",685,€ 685/mese,5+,3,287 m²,"2°, con ascensore",Autonomo,"fibra ottica, porta blindata, esposizione esterna, impianto tv centralizzato",Via Antonio Canova,"Arco della Pace, Arena, Pagano",Arco della Pace,45.476,9.16798,Spacest.com by Roomless,02 8974 1955,50,https://www.immobiliare.it/annunci/127646840/,
