"id","bathrooms","heating","macrozone","microzone","price_n","rooms_n","price_sqm","surface_room","geometry","time_to_nearest_metro_mins","time_to_nearest_tram_mins","min_time_to_uni_mins"
126619903,"1","Assente","Uptown, Cascina Merlata, Viale Certosa","Ghisolfa - Mac Mahon",500,2,26.3157894736842,19,c(9.1559, 45.4926),19.2590610084271,3.39621196569388,24.8
126175263,"1","Assente","Bande Nere, Inganni","Gambara",550,4,6.3953488372093,17.2,c(9.1436, 45.4632),3.05505629733181,10.0215861216985,75.9
127213847,"1","Assente","Uptown, Cascina Merlata, Viale Certosa","Ghisolfa - Mac Mahon",570,5,5.7,16,c(9.1527, 45.4898),14.9242552332383,1.06808443358739,30.6
125127515,"2","Assente","Affori, Bovisa","Dergano",490,5,5.44444444444444,14.4,c(9.1722, 45.5001),13.0248195574467,3.95539573712096,22.2
123586715,"1","Centralizzato","Udine, Lambrate","Udine",400,1,25,16,c(9.2393, 45.4929),3.89416631699019,14.4396361289624,31.2
126041939,"1","Autonomo","Bisceglie, Baggio, Olmi","Quarto Cagnino",490,1,54.4444444444444,9,c(9.1113, 45.4725),10.7624773195571,15.4938181518565,88.1
126041677,"1","Centralizzato","Città Studi, Susa","Città Studi",420,1,42,10,c(9.2256, 45.4859),8.75709986403874,11.5162971141168,12
126041639,"1","Centralizzato","Città Studi, Susa","Casoretto",500,1,31.25,16,c(9.2245, 45.4874),9.44336724866997,12.4955019313246,15.1
116376057,"1","Assente","Affori, Bovisa","Affori",540,3,33.75,16,c(9.1671, 45.5185),5.58964362113274,27.8221530961673,34.9
127513642,"1","Autonomo","Bande Nere, Inganni","Gambara",455,4,6.40845070422535,14.2,c(9.14258, 45.463),3.35922459101249,11.1936879660167,76.6
125341349,"1","Assente","Cimiano, Crescenzago, Adriano","Cimiano",500,3,33.3333333333333,15,c(9.2379, 45.5022),5.78544271723051,22.3332771603982,41.6
120209326,"1","Assente","Abbiategrasso, Chiesa Rossa","Chiesa Rossa",445,2,7.67241379310345,23.2,c(9.182, 45.4317),6.41275343436552,1.91630343256795,101.5
125866583,"2","Assente","Bicocca, Niguarda","Bignami - Ponale",580,5,52.7272727272727,11,c(9.2111, 45.5274),1.69758579805221,2.83193384438855,88.2
127159473,"1","Assente","Abbiategrasso, Chiesa Rossa","Cermenate - Abbiategrasso",550,4,22,25,c(9.1796, 45.4335),6.65049733078476,2.30830090060649,102.4
127515790,"1","Assente","Corvetto, Rogoredo","Corvetto",500,3,5.68181818181818,23.4666666666667,c(9.2228, 45.4421),3.08488407400527,14.5760852229016,61.1
127533904,"2","Assente","Uptown, Cascina Merlata, Viale Certosa","Certosa",450,5,32.1428571428572,14,c(9.1428, 45.4952),17.4140941611961,0.837179937137733,23.2
126175061,"1","Assente","Affori, Bovisa","Bovisa",450,3,7.5,16,c(9.1446, 45.5019),29.0474186416911,1.30082236247704,14.6
124343417,"1","Assente","Napoli, Soderini","Piazza Napoli",550,3,9.16666666666667,16,c(9.1539, 45.4511),7.41429164652005,2.00470813403241,94.7
87582048,"1","Centralizzato","Ripamonti, Vigentino","Vigentino - Fatima",500,4,5.55555555555556,18,c(9.19856, 45.4334),26.5725479009283,3.18617106023858,88.3
127446952,"1","Assente","Ponte Lambro, Santa Giulia","Santa Giulia",470,4,15.6666666666667,20,c(9.2444, 45.432),8.20818505974148,23.0443097730101,87.3
123440331,"2","Assente","Uptown, Cascina Merlata, Viale Certosa","Certosa",500,4,25,20,c(9.1475, 45.4933),17.9609418973348,2.60201728497621,24.2
123662587,"1","Assente","Forlanini","Quartiere Forlanini",550,3,5.5,20,c(9.2507, 45.4589),13.6798354368884,9.50819839858425,50.3
127447474,"1","Assente","Ponte Lambro, Santa Giulia","Santa Giulia",470,4,15.6666666666667,20,c(9.2444, 45.432),8.20818505974148,23.0443097730101,87.3
127103839,"1","Assente","Città Studi, Susa","Casoretto",500,3,6.41025641025641,20.8,c(9.2331, 45.4862),4.30736522851628,4.49648530703374,16.2
94743370,"1","Assente","Bande Nere, Inganni","Piazzale Siena",450,2,34.6153846153846,13,c(9.1267, 45.468),14.2482992111686,14.3080895768696,75.1
115244887,"2","Assente","Bicocca, Niguarda","Bignami - Ponale",550,5,30.5555555555556,18,c(9.2081, 45.5217),1.74826598491505,1.57481734900658,77.8
126592155,"2","Assente","Solari, Washington","Solari",500,3,25,20,c(9.1703, 45.4562),4.19911394731981,2.20032022393396,77.8
125972243,"1","Centralizzato","Porta Vittoria, Lodi","Bologna - Sulmona",330,5,20.625,16,c(9.22731, 45.4429),6.43707738395382,14.7293370377862,60
115245685,"1","Assente","Città Studi, Susa","Argonne - Corsica",550,2,7.85714285714286,20,c(9.2298, 45.4674),2.84924584077141,6.10091907334329,20.2
127343357,"1","Assente","Bicocca, Niguarda","Prato Centenaro",540,3,6.13636363636364,23.4666666666667,c(9.1981, 45.5112),7.78398542125856,6.22227709432528,59.6
127306229,"1","Assente","Bicocca, Niguarda","Prato Centenaro",550,3,6.875,21.3333333333333,c(9.202, 45.5096),4.22618130838534,1.75999107011544,62.9
127578370,"1","Assente","Napoli, Soderini","Tripoli - Soderini",500,3,33.3333333333333,15,c(9.1471, 45.4538),1.18764652198948,5.83281054210433,91.8
106927935,"2","Assente","Cimiano, Crescenzago, Adriano","Cimiano",500,4,5.15463917525773,19.4,c(9.2411, 45.5004),1.54231283632438,24.0458497386185,40.3
127598696,"1","Assente","Pasteur, Rovereto","Pasteur",565,4,6.27777777777778,18,c(9.2161, 45.4897),2.45018294230765,2.10644773100751,25.2
121485442,"1","Assente","Cimiano, Crescenzago, Adriano","Cimiano",500,2,7.14285714285714,20,c(9.2411, 45.5004),1.54231283632438,24.0458497386185,40.3
120199818,"1","Assente","Famagosta, Barona","Barona",550,3,10.5769230769231,13.8666666666667,c(9.1552, 45.444),15.2587788689157,5.85871097282434,103.9
127423629,"2","Assente","Bisceglie, Baggio, Olmi","Quarto Cagnino",450,4,28.125,16,c(9.1122, 45.471),11.77085333866,15.8087361358074,88
112768253,"1","Assente","Maggiolina, Istria","Maggiolina",550,2,45.8333333333333,12,c(9.2037, 45.4954),10.2617576057233,5.09246796232377,40.2
126675465,"1","Assente","Bicocca, Niguarda","Niguarda",550,3,45.8333333333333,12,c(9.1918, 45.5135),15.7030437958342,1.62398388876159,53.3
127441576,"2","Assente","Bisceglie, Baggio, Olmi","Quarto Cagnino",500,4,23.8095238095238,21,c(9.1122, 45.471),11.77085333866,15.8087361358074,88
127658150,"1","Assente","Udine, Lambrate","Udine",575,3,8.84615384615385,17.3333333333333,c(9.2336, 45.4927),4.56334671502728,14.1590925550942,26.7
119948680,"1","Assente","Porta Romana, Cadore, Montenero","Montenero",500,4,5.55555555555556,18,c(9.2088, 45.4593),14.967592574653,2.13334123338058,42.4
127111143,"1","Assente","Cimiano, Crescenzago, Adriano","Cimiano",550,2,36.6666666666667,15,c(9.2367, 45.5032),8.0510720099621,20.5158025511028,43.6
127102075,"1","Assente","Città Studi, Susa","Città Studi",550,3,7.85714285714286,18.6666666666667,c(9.2331, 45.4728),8.27461017745962,3.1362425358432,15
127209789,"1","Assente","Uptown, Cascina Merlata, Viale Certosa","Musocco",440,4,22,20,c(9.1287, 45.5025),18.1415120504213,3.20900217662787,37.7
127209559,"1","Assente","Città Studi, Susa","Casoretto",540,4,27,20,c(9.227, 45.4861),9.33834175785482,11.2761403851812,11.5
126544091,"1","Assente","Udine, Lambrate","Quartiere Feltre",520,3,6.04651162790698,22.9333333333333,c(9.2421, 45.4888),7.82891515316799,9.69559940628404,27.1
124702643,"1","Assente","Città Studi, Susa","Casoretto",450,2,7.5,24,c(9.2273, 45.4902),11.4242413493863,14.0253442691348,18.3
102972386,"1","Assente","Bicocca, Niguarda","Bignami - Ponale",490,4,5.44444444444444,18,c(9.2088, 45.5224),1.07235021379423,0.787074634027932,79.2
125753445,"1","Assente","Maggiolina, Istria","Istria",470,2,7.23076923076923,26,c(9.1957, 45.4985),3.82805488638243,1.54401227264773,49.5
126733801,"1","Centralizzato","Udine, Lambrate","Udine",550,2,36.6666666666667,15,c(9.2343, 45.4943),5.88227671287423,16.6954296317088,29.2
127343611,"1","Assente","Bicocca, Niguarda","Prato Centenaro",550,3,6.25,23.4666666666667,c(9.1981, 45.5112),7.78398542125856,6.22227709432528,59.6
126635431,"1","Assente","Uptown, Cascina Merlata, Viale Certosa","Certosa",500,2,9.09090909090909,22,c(9.1497, 45.499),27.3041676322671,0.412350604968882,13.9
126641349,"1","Assente","Città Studi, Susa","Casoretto",450,2,8.18181818181818,22,c(9.2299, 45.4891),9.42157695128161,10.7805862522668,17.9
126016827,"1","Centralizzato","Bicocca, Niguarda","Prato Centenaro",550,3,39.2857142857143,14,c(9.20002, 45.5105),5.80344712403161,3.81879848523956,60.4
122188484,"2","Assente","Bande Nere, Inganni","Bande Nere",575,3,28.75,20,c(9.1332, 45.4626),4.39796885815153,20.0835125148697,79.7
114315133,"2","Assente","Bande Nere, Inganni","Lorenteggio",530,3,26.5,20,c(9.1383, 45.4521),5.01108284544661,7.8353076050099,96.2
123868677,"2","Assente","Bande Nere, Inganni","Lorenteggio",530,3,31.1764705882353,17,c(9.1383, 45.4521),5.01108284544661,7.8353076050099,96.2
126147253,"1","Assente","Porta Vittoria, Lodi","Martini - Insubria",500,3,5.55555555555556,24,c(9.2211, 45.4523),15.8320500868488,3.48718783442966,46
123360459,"2","Assente","Famagosta, Barona","Giambellino",550,3,5.5,20,c(9.1481, 45.4517),3.45089753274298,2.04623626280945,95.4
126249863,"2","Assente","Bande Nere, Inganni","Lorenteggio",530,3,31.1764705882353,17,c(9.1383, 45.4521),5.01108284544661,7.8353076050099,96.2
125869299,"1","Assente","Città Studi, Susa","Argonne - Corsica",550,4,55,10,c(9.2311, 45.4674),1.56691151284246,6.1906339111704,21.1
103482990,"1","Assente","Uptown, Cascina Merlata, Viale Certosa","Certosa",500,4,25,20,c(9.1442, 45.4964),20.0189671151823,1.68621358176115,24.4
126675081,"1","Assente","Bicocca, Niguarda","Niguarda",550,3,61.1111111111111,9,c(9.1918, 45.5135),15.7030437958342,1.62398388876159,53.3
121427078,"1","Assente","Città Studi, Susa","Città Studi",400,4,5.71428571428571,14,c(9.2341, 45.469),3.08885138152362,3.45119954428139,21.6
120888004,"1","Assente","Uptown, Cascina Merlata, Viale Certosa","Certosa",500,4,35.7142857142857,14,c(9.1475, 45.4933),17.9609418973348,2.60201728497621,24.2
124709313,"1","Centralizzato","Cimiano, Crescenzago, Adriano","Cimiano",565,4,51.3636363636364,11,c(9.23587, 45.5024),7.75983251338165,21.5176265974691,42
127528398,"1","Assente","Bande Nere, Inganni","Bande Nere",500,2,7.14285714285714,20,c(9.134, 45.4624),3.3688128795536,19.5570212005376,79.8
126804991,"1","Assente","Pasteur, Rovereto","Parco Trotter",540,3,7.71428571428571,18.6666666666667,c(9.2228, 45.4908),6.00409178863833,8.45225499512453,21
111570795,"1","Assente","San Siro, Trenno","San Carlo",320,3,20,16,c(9.1146, 45.4619),11.4529166642232,26.6958741171088,96.4
124326529,"3","Assente","Solari, Washington","Solari",500,4,33.3333333333333,15,c(9.163, 45.4584),2.84924124560614,3.76549970733126,85
123691519,"1","Assente","Forlanini","Quartiere Forlanini",530,3,5.09615384615385,20,c(9.2429, 45.4604),4.13870355561663,4.59872113881773,40.9
118503573,"1","Assente","Udine, Lambrate","Quartiere Feltre",580,3,6.23655913978495,24.8,c(9.247, 45.488),13.6950637659516,11.5261789783503,29.8
117416845,"2","Assente","Bande Nere, Inganni","Lorenteggio",550,3,34.375,16,c(9.1285, 45.4517),8.75315940371261,12.1853366458793,100
120170150,"1","Assente","Navigli","Ascanio Sforza",550,3,6.11111111111111,24,c(9.1784, 45.4457),13.4900900872448,1.14287577415863,84.1
96058846,"1","Assente","Porta Venezia, Indipendenza","Indipendenza",460,3,23,20,c(9.2155, 45.4655),5.63182011121578,5.67851675911056,28.4
127619756,"2","Centralizzato","Bande Nere, Inganni","Lorenteggio",570,4,5.37735849056604,21.2,c(9.1335, 45.4537),7.42701267259509,12.6965887133867,93.2
127614754,"1","Assente","Città Studi, Susa","Città Studi",530,4,5.19607843137255,20.4,c(9.234, 45.4861),3.4684479118156,3.56843460938468,16.5
127220789,"1","Assente","San Siro, Trenno","Gallaratese",530,4,5.52083333333333,19.2,c(9.1051, 45.5005),4.47024128454034,19.6768174183228,70.5
95553324,"1","Assente","Uptown, Cascina Merlata, Viale Certosa","Certosa",450,3,6.42857142857143,18.6666666666667,c(9.1482, 45.4925),17.6630938659442,1.50915834245503,25
121079630,"1","Assente","Affori, Bovisa","Quarto Oggiaro",480,3,6.85714285714286,18.6666666666667,c(9.1335, 45.5082),29.6061138557927,1.49787780084082,32.1
124937105,"1","Centralizzato","Ripamonti, Vigentino","Ripamonti - Fondazione Prada",550,3,22,25,c(9.19626, 45.438),23.338415381011,5.37391923107371,84.5
127037133,"2","Assente","San Siro, Trenno","Gallaratese",580,4,5.27272727272727,22,c(9.1187, 45.4985),8.2277143805027,8.57450296119342,55.1
127220957,"1","Assente","San Siro, Trenno","Gallaratese",530,4,5.52083333333333,19.2,c(9.1051, 45.5005),4.47024128454034,19.6768174183228,70.5
121107910,"1","Assente","Affori, Bovisa","Quarto Oggiaro",480,3,6.85714285714286,18.6666666666667,c(9.1335, 45.5082),29.6061138557927,1.49787780084082,32.1
124616275,"1","Assente","Precotto, Turro","Turro",500,3,25,20,c(9.2256, 45.5004),5.6236699052973,14.9955169024264,35.3
127619750,"2","Centralizzato","Bande Nere, Inganni","Lorenteggio",550,4,5.18867924528302,21.2,c(9.1335, 45.4537),7.42701267259509,12.6965887133867,93.2
126916749,"1","Autonomo","Cenisio, Sarpi, Isola","Zara",585,4,8.01369863013699,14.6,c(9.18968, 45.4956),6.42215376088594,5.27616997439537,43.8
126915707,"2","Autonomo","Corvetto, Rogoredo","Corvetto",450,4,30,15,c(9.21247, 45.4406),8.28317785763127,15.4276875379927,69.3
126916431,"1","Autonomo","Bande Nere, Inganni","Lorenteggio",460,4,6.76470588235294,13.6,c(9.13806, 45.4528),5.53949912717006,9.08048410476493,95.5
126916253,"2","Autonomo","Centrale, Repubblica","Centrale",545,4,36.3333333333333,15,c(9.20984, 45.4889),6.25293725282935,3.68242521365266,25.8
126915729,"1","Autonomo","Abbiategrasso, Chiesa Rossa","Pezzotti - Meda",525,5,5.58510638297872,15.04,c(9.17651, 45.4433),10.7736287115959,3.04408451189785,88.5
126917557,"1","Autonomo","Bande Nere, Inganni","Lorenteggio",565,4,8.828125,12.8,c(9.13993, 45.4517),3.03624398162402,6.39192427967209,96.3
126917695,"1","Autonomo","Bande Nere, Inganni","Lorenteggio",525,5,7.5,11.2,c(9.1396, 45.4521),3.44588651382254,7.17794153491936,95.5
126917329,"1","Autonomo","Bande Nere, Inganni","Lorenteggio",525,4,7.5,14,c(9.13661, 45.4538),7.05915019713265,11.1868115583264,91.2
126917093,"1","Autonomo","Bande Nere, Inganni","Lorenteggio",580,4,9.0625,12.8,c(9.13993, 45.4517),3.03624398162402,6.39192427967209,96.3
126916267,"1","Autonomo","Cenisio, Sarpi, Isola","Zara",545,3,10.6862745098039,13.6,c(9.18968, 45.4956),6.42215376088594,5.27616997439537,43.8
126917451,"3","Autonomo","Maggiolina, Istria","Maggiolina",570,5,38,15,c(9.19756, 45.4915),4.94163028067195,5.64162026842396,39.3
126916855,"2","Autonomo","Corvetto, Rogoredo","Corvetto",555,5,5.23584905660377,16.96,c(9.22606, 45.4366),5.35036704697806,24.8087171570559,69.4
126915909,"1","Autonomo","Corvetto, Rogoredo","Corvetto",490,3,7,18.6666666666667,c(9.21399, 45.4397),7.67029220947412,17.2146970837983,69.4
126917279,"1","Autonomo","Uptown, Cascina Merlata, Viale Certosa","Musocco",585,4,7.13414634146341,16.4,c(9.12875, 45.5036),19.7729118117278,4.77782088681054,39.2
126917205,"1","Autonomo","Bande Nere, Inganni","Bande Nere",585,4,8.35714285714286,14,c(9.13388, 45.4628),3.85178972349815,19.2206794980747,79
126915829,"1","Autonomo","Corvetto, Rogoredo","Corvetto",525,3,10.2941176470588,13.6,c(9.21392, 45.4397),7.73205728128034,17.1292897577722,69.5
126916841,"3","Autonomo","Maggiolina, Istria","Maggiolina",580,5,38.6666666666667,15,c(9.19756, 45.4915),4.94163028067195,5.64162026842396,39.3
126917457,"2","Autonomo","San Siro, Trenno","Gallaratese",585,5,39,15,c(9.12613, 45.4859),6.35948280278061,16.976072687648,53.7
126917107,"2","Autonomo","San Siro, Trenno","Gallaratese",585,5,39,15,c(9.12613, 45.4859),6.35948280278061,16.976072687648,53.7
126915709,"1","Autonomo","Bande Nere, Inganni","Gambara",465,5,5.10989010989011,14.56,c(9.14358, 45.4633),2.88088567674738,9.92506092537499,75.8
126917197,"1","Autonomo","Bande Nere, Inganni","Lorenteggio",515,4,6.95945945945946,14.8,c(9.13826, 45.4543),6.5769174803038,11.2023336859095,95
126916879,"1","Autonomo","Forlanini","Quartiere Forlanini",585,4,7.04819277108434,16.6,c(9.25051, 45.4585),13.7589876485617,8.89865575402758,51.8
126917607,"2","Autonomo","San Siro, Trenno","Gallaratese",585,5,39,15,c(9.12613, 45.4859),6.35948280278061,16.976072687648,53.7
126915705,"2","Autonomo","Porta Vittoria, Lodi","Lodi - Brenta",490,5,32.6666666666667,15,c(9.21768, 45.4435),1.62960211956068,12.2121463751196,63.2
126917431,"1","Autonomo","Bande Nere, Inganni","Lorenteggio",470,5,6.43835616438356,11.68,c(9.1396, 45.4526),3.64720129981479,7.85406220826184,94.6
126917275,"1","Autonomo","Uptown, Cascina Merlata, Viale Certosa","Musocco",580,4,7.07317073170732,16.4,c(9.12875, 45.5036),19.7729118117278,4.77782088681054,39.2
126916883,"2","Autonomo","Bande Nere, Inganni","Bande Nere",550,5,36.6666666666667,15,c(9.13529, 45.4609),1.79607526458299,20.1859915935936,81.2
126916837,"3","Autonomo","Maggiolina, Istria","Maggiolina",575,5,38.3333333333333,15,c(9.19756, 45.4915),4.94163028067195,5.64162026842396,39.3
126916759,"1","Autonomo","Napoli, Soderini","Tripoli - Soderini",550,4,6.25,17.6,c(9.14926, 45.4545),2.02604301911632,5.71499051507175,89.6
126915597,"1","Autonomo","Bande Nere, Inganni","Gambara",455,4,6.40845070422535,14.2,c(9.14258, 45.463),3.35922459101249,11.1936879660167,76.6
127012713,"1","Autonomo","Bande Nere, Inganni","Gambara",555,4,7.5,14.8,c(9.14434, 45.4623),4.81005714527675,10.5401264919321,77.5
126916655,"2","Autonomo","Abbiategrasso, Chiesa Rossa","Chiesa Rossa",585,5,5.31818181818182,17.6,c(9.17859, 45.427),5.44803741673785,1.6445845234532,112.1
126917005,"2","Autonomo","Solari, Washington","Dezza",560,5,6.15384615384615,14.56,c(9.15941, 45.4591),2.78954556034948,5.96000077453947,83.1
126917305,"1","Autonomo","Precotto, Turro","Villa San Giovanni",490,4,6.53333333333333,15,c(9.22341, 45.5172),3.3207524346945,6.17023454260475,63.2
126916801,"1","Autonomo","Uptown, Cascina Merlata, Viale Certosa","Certosa",585,5,6.5,14.4,c(9.15015, 45.4893),13.8484716271245,2.25487621838345,31.8
126916387,"2","Autonomo","Città Studi, Susa","Città Studi",495,5,33,15,c(9.22085, 45.4753),11.0240482163558,0.623388393711188,9.5
126984919,"2","Autonomo","Cenisio, Sarpi, Isola","Zara",560,5,5.89473684210526,15.2,c(9.18968, 45.4956),6.42215376088594,5.27616997439537,43.8
126916857,"2","Autonomo","San Siro, Trenno","Gallaratese",585,5,7.40506329113924,12.64,c(9.12694, 45.4944),8.19768025900694,9.97884445392558,43
126938219,"1","Autonomo","Uptown, Cascina Merlata, Viale Certosa","Certosa",525,5,5.83333333333333,14.4,c(9.15015, 45.4893),13.8484716271245,2.25487621838345,31.8
126917233,"2","Autonomo","Affori, Bovisa","Bovisasca",575,5,6.11702127659574,15.04,c(9.15399, 45.5171),19.1005724188004,25.9731381251268,33.2
126917191,"1","Autonomo","Bande Nere, Inganni","Lorenteggio",535,4,7.32876712328767,14.6,c(9.14075, 45.4519),2.02130997432749,6.05618836103308,95.3
126917047,"2","Autonomo","Abbiategrasso, Chiesa Rossa","Chiesa Rossa",580,5,5.27272727272727,17.6,c(9.17859, 45.427),5.44803741673785,1.6445845234532,112.1
126916141,"1","Autonomo","Affori, Bovisa","Affori",520,3,9.45454545454546,14.6666666666667,c(9.17351, 45.5174),6.71421382650752,22.313849979964,38.8
126917185,"3","Autonomo","Abbiategrasso, Chiesa Rossa","Chiesa Rossa",580,5,38.6666666666667,15,c(9.18433, 45.4326),9.65491973547738,1.58410983476799,98.4
126916221,"1","Autonomo","Bande Nere, Inganni","Bande Nere",505,4,7.21428571428571,14,c(9.13388, 45.4628),3.85178972349815,19.2206794980747,79
126915721,"1","Autonomo","Napoli, Soderini","Piazza Napoli",470,4,5.46511627906977,17.2,c(9.15297, 45.4507),7.92009700540196,2.57261520714271,95.8
126915715,"1","Autonomo","Centrale, Repubblica","Repubblica",455,3,30.3333333333333,15,c(9.20206, 45.4793),5.02770063921006,1.33603009989529,32.3
103313562,"2","Assente","Pasteur, Rovereto","Rovereto",500,4,25,20,c(9.2177, 45.496),2.32215799327103,2.72075060081993,32.2
126916831,"2","Autonomo","Bicocca, Niguarda","Ca' Granda",580,3,38.6666666666667,15,c(9.20256, 45.5058),3.05497278128588,2.55286140090128,58.3
126916773,"1","Autonomo","Uptown, Cascina Merlata, Viale Certosa","Musocco",580,4,7.07317073170732,16.4,c(9.12875, 45.5036),19.7729118117278,4.77782088681054,39.2
126917429,"1","Autonomo","Bande Nere, Inganni","Lorenteggio",540,5,7.3972602739726,11.68,c(9.1396, 45.4526),3.64720129981479,7.85406220826184,94.6
126916543,"1","Autonomo","Bande Nere, Inganni","Inganni",460,4,6.96969696969697,13.2,c(9.11907, 45.4565),4.27731223985161,24.5338104584336,97.8
126916401,"2","Autonomo","Pasteur, Rovereto","Pasteur",525,5,35,15,c(9.21404, 45.4874),4.32157164493509,2.10216373883025,21.4
127541894,"1","Autonomo","Bande Nere, Inganni","Lorenteggio",400,4,6.34920634920635,12.6,c(9.13914, 45.4523),4.05243613343563,7.80962944361716,95.2
127274939,"2","Autonomo","Centrale, Repubblica","Centrale",545,4,36.3333333333333,15,c(9.20984, 45.4889),6.25293725282935,3.68242521365266,25.8
127647048,"1","Autonomo","Precotto, Turro","Turro",445,4,8.09090909090909,11,c(9.22383, 45.5012),3.702247453693,14.4112337316388,37.1
127665988,"1","Assente","San Siro, Trenno","San Siro",550,2,36.6666666666667,15,c(9.1326, 45.4693),12.4902445438202,11.7131767291062,69
114859529,"1","Assente","Affori, Bovisa","Affori",560,4,28,20,c(9.1671, 45.5185),5.58964362113274,27.8221530961673,34.9
127622002,"2","Assente","Città Studi, Susa","Città Studi",560,4,31.1111111111111,18,c(9.2335, 45.4688),2.28338578147963,3.63714424065363,22
123434509,"1","Assente","Affori, Bovisa","Bovisa",450,3,26.4705882352941,17,c(9.1693, 45.5004),15.3645482172479,2.14908643187262,17.9
126997543,"1","Assente","Solari, Washington","Washington",510,3,5.36842105263158,25.3333333333333,c(9.1571, 45.4612),7.38708841501898,7.49274398023063,79.6
127443144,"1","Assente","Forlanini","Viale Ungheria - Mecenate",550,3,8.46153846153846,17.3333333333333,c(9.2448, 45.4521),17.992722641097,3.973289829522,55
127585940,"1","Centralizzato","Napoli, Soderini","Tripoli - Soderini",580,5,6.82352941176471,13.6,c(9.1487, 45.4585),7.68619270536649,12.3088479157819,82.7
117416769,"2","Assente","Solari, Washington","Solari",550,4,36.6666666666667,15,c(9.1638, 45.4539),7.52134579208211,2.58552488469074,85.6
122670056,"2","Autonomo","Affori, Bovisa","Vialba",410,4,22.7777777777778,18,c(9.12889, 45.5132),35.0988226666192,2.80747876047923,42.1
126916625,"1","Autonomo","Bande Nere, Inganni","Lorenteggio",500,4,7.93650793650794,12.6,c(9.14018, 45.4544),5.15120261407749,10.225952301839,91.4
126915737,"1","Autonomo","Fiera, Sempione, City Life, Portello","Monte Rosa - Lotto",525,3,6.03448275862069,23.2,c(9.14383, 45.4826),5.04047968726205,13.6982577226339,43.4
126916763,"1","Autonomo","Uptown, Cascina Merlata, Viale Certosa","Certosa",530,4,6.46341463414634,16.4,c(9.14426, 45.4945),17.1543073498478,0.772316414326131,23.4
126915753,"1","Autonomo","Bande Nere, Inganni","Gambara",510,5,6.62337662337662,12.32,c(9.14434, 45.4623),4.81005714527675,10.5401264919321,77.5
126916353,"2","Autonomo","Città Studi, Susa","Città Studi",500,5,33.3333333333333,15,c(9.22085, 45.4753),11.0240482163558,0.623388393711188,9.5
126917217,"2","Autonomo","Bisceglie, Baggio, Olmi","Bisceglie",580,5,5.22522522522523,17.76,c(9.11347, 45.4564),1.85960294223207,25.5269085372808,102.3
126916851,"2","Autonomo","Bande Nere, Inganni","Bande Nere",585,5,39,15,c(9.1365, 45.4552),9.22662479174229,13.5558011729396,88.9
126917221,"1","Autonomo","Uptown, Cascina Merlata, Viale Certosa","Certosa",540,5,6.66666666666667,12.96,c(9.14423, 45.4946),17.2846331327033,0.948418948993478,23.2
126917553,"3","Autonomo","Maggiolina, Istria","Maggiolina",580,5,38.6666666666667,15,c(9.19756, 45.4915),4.94163028067195,5.64162026842396,39.3
126916669,"1","Autonomo","Bande Nere, Inganni","Gambara",580,4,6.51685393258427,17.8,c(9.14358, 45.4633),2.88088567674738,9.92506092537499,75.8
126917441,"1","Autonomo","Bande Nere, Inganni","Gambara",540,4,8.4375,12.8,c(9.14359, 45.4628),3.73034001143834,10.505925409827,76.5
126916817,"1","Autonomo","Bande Nere, Inganni","Lorenteggio",565,4,7.63513513513514,14.8,c(9.13928, 45.4529),4.20773318240698,8.50423070727348,94.3
126917601,"3","Autonomo","Maggiolina, Istria","Maggiolina",555,5,37,15,c(9.19756, 45.4915),4.94163028067195,5.64162026842396,39.3
126917447,"1","Autonomo","Bande Nere, Inganni","Lorenteggio",585,4,9,13,c(9.13777, 45.4542),6.94498852610211,11.4122900427561,94.9
126915859,"1","Autonomo","Centrale, Repubblica","Repubblica",455,3,30.3333333333333,15,c(9.20206, 45.4793),5.02770063921006,1.33603009989529,32.3
126917035,"1","Autonomo","Corvetto, Rogoredo","Corvetto",580,4,7.73333333333333,15,c(9.21509, 45.4372),10.5198135389375,17.7623603913672,73.4
126968925,"1","Assente","Città Studi, Susa","Casoretto",500,3,7.14285714285714,18.6666666666667,c(9.2308, 45.4879),8.37392468615552,8.54186238014868,17
125832603,NA,"Assente","Abbiategrasso, Chiesa Rossa","Gratosoglio",450,2,6.81818181818182,20,c(9.1723, 45.4143),20.7112599516608,3.0929867065747,133.3
125713757,"1","Assente","San Siro, Trenno","San Carlo",520,3,26,20,c(9.1146, 45.4619),11.4529166642232,26.6958741171088,96.4
126915673,"2","Autonomo","Pasteur, Rovereto","Pasteur",455,5,30.3333333333333,15,c(9.21404, 45.4874),4.32157164493509,2.10216373883025,21.4
126915823,"3","Autonomo","San Siro, Trenno","San Siro",525,5,35,15,c(9.14164, 45.4777),3.80769844064389,5.27809263483538,51.8
126568803,"1","Centralizzato","Cimiano, Crescenzago, Adriano","Cimiano",550,2,42.3076923076923,13,c(9.23527, 45.4981),7.15338522604497,23.1081607863536,35.3
124144847,"1","Assente","Corvetto, Rogoredo","Corvetto",550,3,6.11111111111111,24,c(9.2245, 45.4413),2.05823510070063,16.4669477876609,60.2
127532284,"1","Assente","Uptown, Cascina Merlata, Viale Certosa","Certosa",450,3,30,15,c(9.1527, 45.4949),23.6814053118791,1.02828836297898,20.3
126915599,"1","Autonomo","Bande Nere, Inganni","Gambara",510,5,5.42553191489362,15.04,c(9.14434, 45.4623),4.81005714527675,10.5401264919321,77.5
127531618,"1","Assente","Abbiategrasso, Chiesa Rossa","Chiesa Rossa",500,4,6.17283950617284,16.2,c(9.1823, 45.4307),6.18970751635657,2.59078650014795,109.9
126872079,"1","Assente","Bicocca, Niguarda","Niguarda",480,4,32,15,c(9.1922, 45.5185),17.3135322272307,0.664133181425334,57
126421667,"1","Assente","Precotto, Turro","Turro",550,1,27.5,20,c(9.225, 45.5028),6.36677397071478,17.4557007620676,39
123233991,"1","Assente","Maggiolina, Istria","Maggiolina",550,3,8.46153846153846,17.3333333333333,c(9.2019, 45.4965),8.45226338751628,6.15644852046387,44
125095553,"1","Assente","Ripamonti, Vigentino","Ripamonti - Fondazione Prada",500,3,25,20,c(9.1997, 45.4407),17.1213724883805,0.686664768419026,75.7
113195993,"1","Assente","Udine, Lambrate","Udine",580,4,41.4285714285714,14,c(9.2355, 45.495),6.40841574388816,17.7287652728729,30.6
126916269,"2","Autonomo","Maggiolina, Istria","Maggiolina",455,5,30.3333333333333,15,c(9.20335, 45.4966),10.2248158757856,7.15619114014779,42.4
126917543,"3","Autonomo","San Siro, Trenno","San Siro",540,5,36,15,c(9.14164, 45.4777),3.80769844064389,5.27809263483538,51.8
126917289,"3","Autonomo","San Siro, Trenno","San Siro",540,5,36,15,c(9.14164, 45.4777),3.80769844064389,5.27809263483538,51.8
126916779,"2","Autonomo","Famagosta, Barona","Tre Castelli - Faenza",580,4,5.8,20,c(9.13738, 45.442),9.03785792968902,4.5459624929115,121.5
127551262,"3","Assente","Cimiano, Crescenzago, Adriano","Cimiano",540,5,30,18,c(9.23674, 45.4971),6.48246267595113,21.3240633801882,33.3
126916789,"1","Autonomo","Uptown, Cascina Merlata, Viale Certosa","Certosa",565,4,8.07142857142857,14,c(9.14426, 45.4945),17.1543073498478,0.772316414326131,23.4
126916907,"2","Autonomo","Pasteur, Rovereto","Rovereto",540,5,36,15,c(9.21499, 45.4946),5.71681200439732,1.43008554788887,32.9
124018105,"1","Assente","Porta Vittoria, Lodi","Lodi - Brenta",550,3,5.78947368421053,25.3333333333333,c(9.214, 45.442),5.6730677411101,16.2911368856682,67.5
125746295,"1","Assente","Napoli, Soderini","Piazza Napoli",550,2,7.85714285714286,20,c(9.1537, 45.4532),3.7797228665907,1.54518045923316,90.7
125960661,"1","Centralizzato","Udine, Lambrate","Ortica",570,1,33.5294117647059,17,c(9.23849, 45.4704),8.95560115676292,2.14833907266935,23.4
127579446,"1","Assente","San Siro, Trenno","Gallaratese",500,1,33.3333333333333,15,c(9.1051, 45.5005),4.47024128454034,19.6768174183228,70.5
127519884,"1","Assente","Cimiano, Crescenzago, Adriano","Cimiano",500,2,31.25,16,c(9.2352, 45.497),8.09202313007181,21.2127699292274,32.7
127578778,"1","Assente","San Siro, Trenno","Gallaratese",550,1,32.3529411764706,17,c(9.1051, 45.5005),4.47024128454034,19.6768174183228,70.5
127520242,"2","Assente","Uptown, Cascina Merlata, Viale Certosa","Musocco",450,3,28.125,16,c(9.1205, 45.512),28.8577999293393,6.83331448749371,48.4
124592703,"1","Centralizzato","Bisceglie, Baggio, Olmi","Quartiere Olmi",450,1,6.92307692307692,20,c(9.08316, 45.4519),36.8110545884951,44.9207732980486,133.2
127520068,"2","Assente","Uptown, Cascina Merlata, Viale Certosa","Musocco",450,3,28.125,16,c(9.1205, 45.512),28.8577999293393,6.83331448749371,48.4
127520440,"1","Assente","Bande Nere, Inganni","Bande Nere",450,3,32.1428571428572,14,c(9.1376, 45.4576),6.94027037897013,16.5764734352296,86.1
127579740,"1","Assente","San Siro, Trenno","Gallaratese",500,1,31.25,16,c(9.1051, 45.5005),4.47024128454034,19.6768174183228,70.5
127520330,"1","Assente","Uptown, Cascina Merlata, Viale Certosa","Musocco",450,3,28.125,16,c(9.1205, 45.512),28.8577999293393,6.83331448749371,48.4
126916411,"1","Autonomo","Uptown, Cascina Merlata, Viale Certosa","Certosa",505,2,12.625,16,c(9.14426, 45.4945),17.1543073498478,0.772316414326131,23.4
111482581,"2","Assente","Affori, Bovisa","Affori",550,5,13.75,20,c(9.1686, 45.519),4.54705805959457,28.4297136209853,36.7
113652063,"1","Assente","Affori, Bovisa","Bovisa",500,3,33.3333333333333,15,c(9.1687, 45.4996),16.7795342026099,1.00834878926999,17.5
117139311,"1","Assente","Affori, Bovisa","Bovisa",450,3,7.5,16,c(9.1638, 45.5009),20.8341602327493,3.29184248353228,10.8
110432033,"1","Assente","Uptown, Cascina Merlata, Viale Certosa","Certosa",510,4,6.375,16,c(9.1508, 45.4976),26.1792773483875,2.47373820498754,14.8
126915851,"2","Autonomo","Maggiolina, Istria","Maggiolina",455,5,30.3333333333333,15,c(9.20583, 45.4962),12.6018623303229,7.12582851502001,40.1
126917387,"1","Autonomo","Famagosta, Barona","Giambellino",470,4,6.91176470588235,13.6,c(9.14046, 45.4501),3.88570612373661,4.14016453425667,99.4
122398470,"1","Assente","Cimiano, Crescenzago, Adriano","Cimiano",520,3,20.8,25,c(9.2379, 45.5022),5.78544271723051,22.3332771603982,41.6
82224378,"1","Assente","Città Studi, Susa","Città Studi",540,5,36,15,c(9.23533, 45.4862),3.05479839999807,2.84607238380126,17.5
126027859,"1","Assente","Famagosta, Barona","Barona",420,1,35,12,c(9.1567, 45.441),14.2342958460147,11.3545249525247,105.3
126916235,"2","Autonomo","Centrale, Repubblica","Repubblica",510,4,34,15,c(9.20206, 45.4793),5.02770063921006,1.33603009989529,32.3
127222151,"1","Assente","Cenisio, Sarpi, Isola","Cenisio",575,3,26.1363636363636,22,c(9.1599, 45.4888),11.1528769520466,2.57527203076242,32.6
126223525,"1","Centralizzato","Porta Vittoria, Lodi","Bologna - Sulmona",310,1,20.6666666666667,15,c(9.22754, 45.4428),6.53308102963129,14.9539955589706,60.2
126810151,"1","Assente","Affori, Bovisa","Bovisa",540,3,7.71428571428571,18.6666666666667,c(9.1628, 45.5015),21.6038566732875,3.48448017036117,9.3
125348793,"1","Centralizzato","San Siro, Trenno","Gallaratese",435,2,6.04166666666667,20,c(9.10974, 45.4967),0.745589581989312,17.5725081010904,63.1
127405421,"1","Assente","Cimiano, Crescenzago, Adriano","Crescenzago",550,2,30.5555555555556,18,c(9.2464, 45.5048),1.66415688897237,15.8501145158855,49.2
126917243,"1","Autonomo","Forlanini","Viale Ungheria - Mecenate",585,4,9.28571428571429,12.6,c(9.24407, 45.4555),12.1375537569657,0.633478553342092,47.3
126359991,"1","Assente","Udine, Lambrate","Quartiere Feltre",580,3,6.17021276595745,25.0666666666667,c(9.247, 45.488),13.6950637659516,11.5261789783503,29.8
126309815,"3","Centralizzato","Arco della Pace, Arena, Pagano","Arena",560,1,46.6666666666667,12,c(9.18053, 45.4783),5.13167313153869,0.388475138515144,58.2
115151131,"1","Centralizzato","Città Studi, Susa","Città Studi",550,3,25,22,c(9.22454, 45.4802),1.43156143843883,2.43775987843007,4.1
125607223,"1","Autonomo","Forlanini","Viale Ungheria - Mecenate",560,2,37.3333333333333,15,c(9.24179, 45.4455),20.0975650588553,4.16282781670088,62
124133743,"2","Centralizzato","Precotto, Turro","Precotto",570,4,38,15,c(9.21805, 45.5121),7.8172614515069,5.02535902515422,58.7
126916787,"1","Autonomo","Uptown, Cascina Merlata, Viale Certosa","Certosa",565,4,8.07142857142857,14,c(9.14426, 45.4945),17.1543073498478,0.772316414326131,23.4
126033775,"1","Centralizzato","Affori, Bovisa","Affori",450,2,18,25,c(9.17189, 45.5217),4.38751037336126,24.7173888608768,43.9
127243543,"2","Centralizzato","Affori, Bovisa","Bovisa",530,5,29.4444444444444,18,c(9.16865, 45.5045),13.4277925480704,5.3664860282318,14.8
126917067,"2","Autonomo","Cimiano, Crescenzago, Adriano","Quartiere Adriano",535,4,35.6666666666667,15,c(9.23604, 45.5151),12.7758436462327,1.06897928325161,65.7
126785673,"2","Centralizzato","Corvetto, Rogoredo","Corvetto",550,4,39.2857142857143,14,c(9.21859, 45.4403),4.27971555562617,17.4701103095621,65.3
126423325,"1","Centralizzato","Famagosta, Barona","Barona",550,2,27.5,20,c(9.15633, 45.4409),14.7176893949243,11.4050260564886,105.8
126423403,"1","Centralizzato","Famagosta, Barona","Barona",550,2,36.6666666666667,15,c(9.15633, 45.4409),14.7176893949243,11.4050260564886,105.8
125375481,"2","Centralizzato","Porta Vittoria, Lodi","Porta Vittoria",550,1,30.5555555555556,18,c(9.23026, 45.4607),9.89478577006798,2.8390799884654,30.4
125861467,"1","Centralizzato","Affori, Bovisa","Bovisa",502,2,35.8571428571428,14,c(9.14497, 45.5015),28.5406749437507,1.48246804356039,14.1
127146835,"1","Centralizzato","Uptown, Cascina Merlata, Viale Certosa","Musocco",500,2,33.3333333333333,15,c(9.12426, 45.5036),17.5383837773466,1.99402082952206,42.1
127587004,"1","Autonomo","Bicocca, Niguarda","Greco - Segnano",380,1,7.16981132075472,20,c(9.20882, 45.5037),11.2155898640416,10.8336783247778,49.6
127326181,"1","Autonomo","Fiera, Sempione, City Life, Portello","Monte Rosa - Lotto",525,3,6.03448275862069,23.2,c(9.14383, 45.4826),5.04047968726205,13.6982577226339,43.4
127275019,"1","Autonomo","Uptown, Cascina Merlata, Viale Certosa","Musocco",580,4,7.07317073170732,16.4,c(9.12875, 45.5036),19.7729118117278,4.77782088681054,39.2
127513742,"3","Autonomo","Bicocca, Niguarda","Greco - Segnano",470,5,6.52777777777778,11.52,c(9.21219, 45.5029),11.5322583196103,14.6158125723374,46.3
127570184,"1","Autonomo","Abbiategrasso, Chiesa Rossa","Gratosoglio",500,3,33.3333333333333,15,c(9.17153, 45.4146),19.6969684675974,4.05130491182291,134
127490324,"1","Autonomo","Bande Nere, Inganni","Bande Nere",585,4,8.35714285714286,14,c(9.13388, 45.4628),3.85178972349815,19.2206794980747,79
127317435,"1","Autonomo","Corvetto, Rogoredo","Corvetto",580,4,7.73333333333333,15,c(9.21509, 45.4372),10.5198135389375,17.7623603913672,73.4
127274941,"1","Autonomo","Napoli, Soderini","Piazza Napoli",470,4,5.46511627906977,17.2,c(9.15297, 45.4507),7.92009700540196,2.57261520714271,95.8
127132851,"2","Autonomo","Solari, Washington","Vercelli - Wagner",550,4,36.6666666666667,15,c(9.16221, 45.4653),5.3754329276512,1.84424292833468,76.5
127646572,"1","Autonomo","Famagosta, Barona","Barona",575,4,8.21428571428571,14,c(9.154, 45.4421),16.9545087126199,8.71595611009496,105
127414693,"2","Autonomo","Affori, Bovisa","Bovisasca",575,5,6.11702127659574,15.04,c(9.15399, 45.5171),19.1005724188004,25.9731381251268,33.2
127646794,"2","Autonomo","San Siro, Trenno","Gallaratese",585,5,7.40506329113924,12.64,c(9.12694, 45.4944),8.19768025900694,9.97884445392558,43
127602246,"2","Autonomo","Abbiategrasso, Chiesa Rossa","Chiesa Rossa",585,5,5.31818181818182,17.6,c(9.17859, 45.427),5.44803741673785,1.6445845234532,112.1
127490420,"1","Autonomo","Napoli, Soderini","Tripoli - Soderini",560,4,6.51162790697674,17.2,c(9.14808, 45.4546),1.57579431376572,6.52342660529342,89.6
127384575,"2","Autonomo","Bande Nere, Inganni","Bande Nere",585,5,39,15,c(9.1365, 45.4552),9.22662479174229,13.5558011729396,88.9
127647004,"1","Autonomo","Bande Nere, Inganni","Lorenteggio",565,4,8.828125,12.8,c(9.13928, 45.4529),4.20773318240698,8.50423070727348,94.3
127646802,"1","Autonomo","Bande Nere, Inganni","Lorenteggio",530,4,7.57142857142857,14,c(9.13848, 45.4541),6.1497128451813,10.7647389989415,94.8
127646664,"1","Autonomo","Uptown, Cascina Merlata, Viale Certosa","Certosa",530,4,6.46341463414634,16.4,c(9.14426, 45.4945),17.1543073498478,0.772316414326131,23.4
127513674,"1","Autonomo","Centrale, Repubblica","Repubblica",455,3,30.3333333333333,15,c(9.20206, 45.4793),5.02770063921006,1.33603009989529,32.3
127326263,"1","Autonomo","Famagosta, Barona","Barona",500,4,7.14285714285714,14,c(9.154, 45.4421),16.9545087126199,8.71595611009496,105
127602612,"1","Autonomo","Maggiolina, Istria","Cascina dei Pomi",495,4,6.875,14.4,c(9.20803, 45.4926),9.98750304594331,3.52744804187125,34.4
127602364,"1","Autonomo","Maggiolina, Istria","Cascina dei Pomi",495,4,6.875,14.4,c(9.20803, 45.4926),9.98750304594331,3.52744804187125,34.4
127504542,"2","Autonomo","Bicocca, Niguarda","Ca' Granda",580,3,38.6666666666667,15,c(9.20256, 45.5058),3.05497278128588,2.55286140090128,58.3
127462576,"1","Autonomo","Bande Nere, Inganni","Bande Nere",505,4,7.21428571428571,14,c(9.13388, 45.4628),3.85178972349815,19.2206794980747,79
127384341,"1","Autonomo","Affori, Bovisa","Bovisa",540,4,9.81818181818182,11,c(9.16316, 45.5015),21.1893126549332,3.10900054572847,9.7
127169325,"2","Autonomo","Quadronno, Palestro, Guastalla","Quadronno - Crocetta",570,5,5.08928571428571,17.92,c(9.20183, 45.4555),7.07709104966876,2.60366118730293,53.3
127541620,"2","Autonomo","San Siro, Trenno","Gallaratese",585,5,39,15,c(9.12613, 45.4859),6.35948280278061,16.976072687648,53.7
127463046,"1","Autonomo","Uptown, Cascina Merlata, Viale Certosa","Certosa",585,4,7.13414634146341,16.4,c(9.14426, 45.4945),17.1543073498478,0.772316414326131,23.4
127317459,"1","Autonomo","Bande Nere, Inganni","Lorenteggio",525,4,7.5,14,c(9.13661, 45.4538),7.05915019713265,11.1868115583264,91.2
127646698,"1","Autonomo","Bande Nere, Inganni","Lorenteggio",535,4,7.32876712328767,14.6,c(9.14075, 45.4519),2.02130997432749,6.05618836103308,95.3
127541590,"1","Autonomo","Bande Nere, Inganni","Lorenteggio",585,4,9,13,c(9.13854, 45.4527),4.92887173325701,8.81528131845579,94.8
127303703,"2","Autonomo","Ripamonti, Vigentino","Ripamonti - Fondazione Prada",500,5,33.3333333333333,15,c(9.19591, 45.438),23.663159398057,5.73021492561703,84.4
127141345,"1","Autonomo","Bande Nere, Inganni","Lorenteggio",550,4,8.59375,12.8,c(9.13806, 45.4528),5.53949912717006,9.08048410476493,95.5
127541422,"2","Autonomo","Pasteur, Rovereto","Pasteur",525,5,35,15,c(9.21404, 45.4874),4.32157164493509,2.10216373883025,21.4
127602154,"1","Autonomo","Abbiategrasso, Chiesa Rossa","Cermenate - Abbiategrasso",500,3,33.3333333333333,15,c(9.17829, 45.4331),5.47736534661817,0.725222038607572,103
127541642,"2","Autonomo","Ripamonti, Vigentino","Ripamonti - Fondazione Prada",500,5,33.3333333333333,15,c(9.19591, 45.438),23.663159398057,5.73021492561703,84.4
127094285,"2","Autonomo","San Siro, Trenno","Gallaratese",585,5,7.40506329113924,12.64,c(9.12694, 45.4944),8.19768025900694,9.97884445392558,43
127514032,"1","Autonomo","Affori, Bovisa","Affori",580,4,7.83783783783784,14.8,c(9.17055, 45.5201),3.80343899130304,26.1328426842787,40.5
127646838,"1","Autonomo","Bande Nere, Inganni","Lorenteggio",500,4,5.74712643678161,17.4,c(9.13854, 45.453),5.10408195157036,9.20371374521941,94.4
127490384,"1","Autonomo","Uptown, Cascina Merlata, Viale Certosa","Certosa",585,4,7.13414634146341,16.4,c(9.14426, 45.4945),17.1543073498478,0.772316414326131,23.4
127490134,"2","Autonomo","Città Studi, Susa","Città Studi",500,5,33.3333333333333,15,c(9.22085, 45.4753),11.0240482163558,0.623388393711188,9.5
127462666,"1","Autonomo","Uptown, Cascina Merlata, Viale Certosa","Certosa",585,5,6.5,14.4,c(9.15015, 45.4893),13.8484716271245,2.25487621838345,31.8
127317575,"2","Autonomo","Famagosta, Barona","Barona",550,5,6.875,12.8,c(9.15399, 45.4422),16.9384469732882,8.55770639927104,105
127414639,"3","Autonomo","Maggiolina, Istria","Maggiolina",575,5,38.3333333333333,15,c(9.19756, 45.4915),4.94163028067195,5.64162026842396,39.3
127541494,"1","Autonomo","Uptown, Cascina Merlata, Viale Certosa","Certosa",525,5,5.83333333333333,14.4,c(9.15015, 45.4893),13.8484716271245,2.25487621838345,31.8
124536727,"2","Assente","Napoli, Soderini","Tripoli - Soderini",500,4,6.41025641025641,15.6,c(9.1467, 45.4577),7.14408823242308,12.0669855429449,85
127532880,"1","Centralizzato","San Siro, Trenno","San Siro",350,2,7.95454545454545,17.6,c(9.1373, 45.475),2.29095598041782,1.44508727119017,58
127005143,NA,"Assente","Città Studi, Susa","Città Studi",450,NA,45,10,c(9.2325, 45.4832),4.36127644518696,4.90369756701418,10.7
127580632,"2","Autonomo","Precotto, Turro","Precotto",570,3,40.7142857142857,14,c(9.22686, 45.5095),5.27232172638265,7.58180401708727,51.1
126461557,"1","Assente","Cimiano, Crescenzago, Adriano","Ponte Nuovo",450,3,6,20,c(9.2335, 45.5079),13.136050805808,11.5579647388365,51.7
124972473,"1","Assente","Affori, Bovisa","Affori",500,3,25,20,c(9.1757, 45.5147),2.91714169023219,19.0280007949018,39.1
105532655,"1","Assente","Bicocca, Niguarda","Prato Centenaro",540,1,27,20,c(9.1981, 45.5112),7.78398542125856,6.22227709432528,59.6
127652124,"1","Centralizzato","Affori, Bovisa","Affori",500,1,33.3333333333333,15,c(9.169, 45.5192),4.2730491618762,27.9460852993139,37.1
126126201,"1","Assente","Affori, Bovisa","Bovisa",580,2,10.7407407407407,21.6,c(9.1654, 45.4997),20.0182231857971,4.77564293825747,13.6
71519238,"1","Assente","Precotto, Turro","Villa San Giovanni",500,3,27.7777777777778,18,c(9.2231, 45.5171),3.72073011423506,5.85209873783019,63.4
125157775,"1","Assente","Città Studi, Susa","Città Studi",400,3,5.71428571428571,18.6666666666667,c(9.2303, 45.4691),2.62398218739364,3.19897186948064,18.1
126289567,"1","Assente","Ripamonti, Vigentino","Ripamonti - Fondazione Prada",550,4,22,25,c(9.1963, 45.438),23.3015118940208,5.3338614255323,84.6
114850617,"1","Assente","Bicocca, Niguarda","Greco - Segnano",440,3,5.5,21.3333333333333,c(9.2095, 45.5021),13.5562917252648,12.6346836471858,47.7
91123878,"1","Assente","Bicocca, Niguarda","Bignami - Ponale",530,2,29.4444444444444,18,c(9.2103, 45.5255),3.1953036340267,1.25299737816193,83.5
127389103,"1","Assente","Precotto, Turro","Gorla",500,2,25,20,c(9.2314, 45.5046),10.9815648354056,16.774583526523,47.2
127524110,"1","Centralizzato","Cenisio, Sarpi, Isola","Farini",550,3,27.5,20,c(9.1705, 45.4962),15.3103706278329,1.06216459605881,22
107119907,"1","Assente","Maggiolina, Istria","Cascina dei Pomi",450,3,6.25,19.2,c(9.2104, 45.4991),12.6822923168618,10.0152882576208,44.6
124610209,"2","Autonomo","Affori, Bovisa","Quarto Oggiaro",550,1,34.375,16,c(9.1313, 45.5097),30.5440926341824,0.261774647066858,35.1
124807325,"1","Centralizzato","Uptown, Cascina Merlata, Viale Certosa","Certosa",550,2,10,22,c(9.1396, 45.4952),16.2356998436553,2.47526679577989,25.7
123946961,"1","Assente","Abbiategrasso, Chiesa Rossa","Chiesa Rossa",550,3,6.17977528089888,23.7333333333333,c(9.1747, 45.4247),9.75020330800636,2.86911880637644,116.6
127541390,"1","Autonomo","Affori, Bovisa","Affori",520,3,9.45454545454546,14.6666666666667,c(9.17351, 45.5174),6.71421382650752,22.313849979964,38.8
127504492,"1","Autonomo","Corvetto, Rogoredo","Corvetto",490,3,7,18.6666666666667,c(9.21399, 45.4397),7.67029220947412,17.2146970837983,69.4
127646762,"1","Autonomo","Bande Nere, Inganni","Lorenteggio",565,4,8.828125,12.8,c(9.13928, 45.4529),4.20773318240698,8.50423070727348,94.3
127570116,"1","Autonomo","Bande Nere, Inganni","Lorenteggio",540,5,7.3972602739726,11.68,c(9.1396, 45.4526),3.64720129981479,7.85406220826184,94.6
127490786,"1","Autonomo","Napoli, Soderini","Tripoli - Soderini",560,4,6.51162790697674,17.2,c(9.14808, 45.4546),1.57579431376572,6.52342660529342,89.6
127490278,"1","Autonomo","Bande Nere, Inganni","Gambara",580,4,6.51685393258427,17.8,c(9.14358, 45.4633),2.88088567674738,9.92506092537499,75.8
127414675,"1","Autonomo","Bande Nere, Inganni","Lorenteggio",580,4,9.0625,12.8,c(9.13993, 45.4517),3.03624398162402,6.39192427967209,96.3
127513710,"1","Autonomo","Napoli, Soderini","Tripoli - Soderini",550,4,6.25,17.6,c(9.14926, 45.4545),2.02604301911632,5.71499051507175,89.6
127504634,"2","Autonomo","San Siro, Trenno","Gallaratese",585,5,39,15,c(9.12613, 45.4859),6.35948280278061,16.976072687648,53.7
127490118,"2","Autonomo","Corvetto, Rogoredo","Corvetto",450,4,30,15,c(9.21247, 45.4406),8.28317785763127,15.4276875379927,69.3
127326205,"2","Autonomo","Solari, Washington","Vercelli - Wagner",550,4,36.6666666666667,15,c(9.16221, 45.4653),5.3754329276512,1.84424292833468,76.5
127569828,"1","Autonomo","Bande Nere, Inganni","Lorenteggio",460,4,6.76470588235294,13.6,c(9.13806, 45.4528),5.53949912717006,9.08048410476493,95.5
127513842,"2","Autonomo","Cenisio, Sarpi, Isola","Zara",560,5,5.89473684210526,15.2,c(9.18968, 45.4956),6.42215376088594,5.27616997439537,43.8
127326621,"1","Autonomo","Abbiategrasso, Chiesa Rossa","Pezzotti - Meda",525,5,5.58510638297872,15.04,c(9.17651, 45.4433),10.7736287115959,3.04408451189785,88.5
113979899,"1","Centralizzato","Corvetto, Rogoredo","Corvetto",550,1,34.375,16,c(9.22757, 45.4398),5.14057792039783,20.076195282719,64.1
127570010,"1","Autonomo","Cenisio, Sarpi, Isola","Zara",585,4,8.01369863013699,14.6,c(9.18968, 45.4956),6.42215376088594,5.27616997439537,43.8
127541406,"1","Autonomo","Bande Nere, Inganni","Gambara",465,5,5.10989010989011,14.56,c(9.14358, 45.4633),2.88088567674738,9.92506092537499,75.8
127504580,"1","Autonomo","Uptown, Cascina Merlata, Viale Certosa","Certosa",540,5,6.66666666666667,12.96,c(9.14423, 45.4946),17.2846331327033,0.948418948993478,23.2
127303961,"3","Autonomo","Forlanini","Quartiere Forlanini",580,5,5.74257425742574,16.16,c(9.24363, 45.458),7.9899974248068,2.71339255095151,44.7
127303537,"1","Autonomo","Forlanini","Quartiere Forlanini",585,4,7.04819277108434,16.6,c(9.25051, 45.4585),13.7589876485617,8.89865575402758,51.8
127232219,"1","Autonomo","Bande Nere, Inganni","Lorenteggio",500,4,5.74712643678161,17.4,c(9.13854, 45.453),5.10408195157036,9.20371374521941,94.4
127275035,"2","Autonomo","Bande Nere, Inganni","Bande Nere",550,5,36.6666666666667,15,c(9.13529, 45.4609),1.79607526458299,20.1859915935936,81.2
127326327,"1","Autonomo","Uptown, Cascina Merlata, Viale Certosa","Musocco",580,4,7.07317073170732,16.4,c(9.12875, 45.5036),19.7729118117278,4.77782088681054,39.2
127490478,"2","Autonomo","Abbiategrasso, Chiesa Rossa","Gratosoglio",500,5,33.3333333333333,15,c(9.17529, 45.416),24.0429427942074,2.54819420195749,128
127355469,"3","Autonomo","Maggiolina, Istria","Maggiolina",580,5,38.6666666666667,15,c(9.19756, 45.4915),4.94163028067195,5.64162026842396,39.3
127303583,"1","Autonomo","Bande Nere, Inganni","Lorenteggio",585,4,9.140625,12.8,c(9.13806, 45.4528),5.53949912717006,9.08048410476493,95.5
127303637,"3","Autonomo","Maggiolina, Istria","Maggiolina",570,5,38,15,c(9.19756, 45.4915),4.94163028067195,5.64162026842396,39.3
127570486,"2","Autonomo","Bande Nere, Inganni","Bande Nere",550,5,36.6666666666667,15,c(9.13529, 45.4609),1.79607526458299,20.1859915935936,81.2
127541576,"3","Autonomo","Maggiolina, Istria","Maggiolina",570,5,38,15,c(9.19756, 45.4915),4.94163028067195,5.64162026842396,39.3
127415069,"2","Autonomo","Cenisio, Sarpi, Isola","Zara",560,5,5.89473684210526,15.2,c(9.18968, 45.4956),6.42215376088594,5.27616997439537,43.8
127385165,"1","Autonomo","Centrale, Repubblica","Repubblica",455,3,30.3333333333333,15,c(9.20206, 45.4793),5.02770063921006,1.33603009989529,32.3
127326325,"1","Autonomo","Uptown, Cascina Merlata, Viale Certosa","Musocco",585,4,7.13414634146341,16.4,c(9.12875, 45.5036),19.7729118117278,4.77782088681054,39.2
127541414,"1","Autonomo","Bande Nere, Inganni","Gambara",510,5,6.62337662337662,12.32,c(9.14434, 45.4623),4.81005714527675,10.5401264919321,77.5
127317427,"2","Autonomo","Solari, Washington","Dezza",560,5,6.15384615384615,14.56,c(9.15941, 45.4591),2.78954556034948,5.96000077453947,83.1
127317267,"1","Autonomo","Affori, Bovisa","Bovisa",570,4,10.3636363636364,11,c(9.16316, 45.5015),21.1893126549332,3.10900054572847,9.7
127385127,"3","Autonomo","Bicocca, Niguarda","Greco - Segnano",470,5,6.52777777777778,11.52,c(9.21219, 45.5029),11.5322583196103,14.6158125723374,46.3
127094283,"1","Autonomo","Bande Nere, Inganni","Lorenteggio",585,4,9,13,c(9.13854, 45.4527),4.92887173325701,8.81528131845579,94.8
127326177,"2","Autonomo","Porta Vittoria, Lodi","Lodi - Brenta",490,5,32.6666666666667,15,c(9.21768, 45.4435),1.62960211956068,12.2121463751196,63.2
127317467,"1","Autonomo","Bande Nere, Inganni","Lorenteggio",550,4,8.59375,12.8,c(9.13806, 45.4528),5.53949912717006,9.08048410476493,95.5
127570182,"2","Autonomo","Ripamonti, Vigentino","Ripamonti - Fondazione Prada",500,5,33.3333333333333,15,c(9.19591, 45.438),23.663159398057,5.73021492561703,84.4
127504564,"2","Autonomo","Bicocca, Niguarda","Ca' Granda",535,5,5.94444444444444,14.4,c(9.19424, 45.5074),8.38651255377538,0.820117532829987,51.2
127317445,"2","Autonomo","San Siro, Trenno","Gallaratese",585,5,39,15,c(9.12613, 45.4859),6.35948280278061,16.976072687648,53.7
127646708,"1","Autonomo","Affori, Bovisa","Affori",580,4,7.83783783783784,14.8,c(9.17055, 45.5201),3.80343899130304,26.1328426842787,40.5
127602274,"2","Autonomo","San Siro, Trenno","Gallaratese",585,5,7.40506329113924,12.64,c(9.12694, 45.4944),8.19768025900694,9.97884445392558,43
127462842,"2","Autonomo","Abbiategrasso, Chiesa Rossa","Chiesa Rossa",525,5,35,15,c(9.1802, 45.4218),14.663025738275,4.3497508127385,123.7
127355401,"3","Autonomo","Maggiolina, Istria","Maggiolina",535,5,35.6666666666667,15,c(9.19756, 45.4915),4.94163028067195,5.64162026842396,39.3
127647024,"1","Autonomo","Bande Nere, Inganni","Lorenteggio",530,4,7.57142857142857,14,c(9.13848, 45.4541),6.1497128451813,10.7647389989415,94.8
127513766,"1","Autonomo","Bande Nere, Inganni","Lorenteggio",515,4,6.95945945945946,14.8,c(9.13826, 45.4543),6.5769174803038,11.2023336859095,95
127490480,"1","Autonomo","Precotto, Turro","Turro",505,4,7.76923076923077,13,c(9.22352, 45.5034),4.88864673580991,17.2683038867695,40.1
127275081,"1","Autonomo","Precotto, Turro","Villa San Giovanni",490,4,6.53333333333333,15,c(9.22341, 45.5172),3.3207524346945,6.17023454260475,63.2
127504680,"2","Autonomo","Abbiategrasso, Chiesa Rossa","Gratosoglio",500,5,33.3333333333333,15,c(9.17673, 45.4207),16.1588784284118,3.65789273439986,120.6
127462802,"3","Autonomo","Maggiolina, Istria","Maggiolina",580,5,38.6666666666667,15,c(9.19756, 45.4915),4.94163028067195,5.64162026842396,39.3
127414575,"2","Autonomo","Città Studi, Susa","Città Studi",495,5,33,15,c(9.22085, 45.4753),11.0240482163558,0.623388393711188,9.5
127326379,"1","Autonomo","Bande Nere, Inganni","Lorenteggio",565,4,8.828125,12.8,c(9.13993, 45.4517),3.03624398162402,6.39192427967209,96.3
127646778,"1","Autonomo","Bande Nere, Inganni","Lorenteggio",585,4,9,13,c(9.13777, 45.4542),6.94498852610211,11.4122900427561,94.9
127274965,"1","Autonomo","Corvetto, Rogoredo","Corvetto",525,3,10.2941176470588,13.6,c(9.21392, 45.4397),7.73205728128034,17.1292897577722,69.5
127490474,"2","Autonomo","Abbiategrasso, Chiesa Rossa","Gratosoglio",500,5,33.3333333333333,15,c(9.17673, 45.4207),16.1588784284118,3.65789273439986,120.6
127303643,"1","Autonomo","Bande Nere, Inganni","Gambara",540,4,8.4375,12.8,c(9.14359, 45.4628),3.73034001143834,10.505925409827,76.5
127414843,"1","Autonomo","Bande Nere, Inganni","Lorenteggio",525,5,7.5,11.2,c(9.1396, 45.4521),3.44588651382254,7.17794153491936,95.5
127384573,"2","Autonomo","Corvetto, Rogoredo","Corvetto",555,5,5.23584905660377,16.96,c(9.22606, 45.4366),5.35036704697806,24.8087171570559,69.4
127326409,"1","Autonomo","Uptown, Cascina Merlata, Viale Certosa","Certosa",585,4,7.5,15.6,c(9.15326, 45.4972),27.4614197163636,0.59381456115731,15.4
127570122,"2","Autonomo","Cenisio, Sarpi, Isola","Zara",560,5,5.89473684210526,15.2,c(9.18968, 45.4956),6.42215376088594,5.27616997439537,43.8
127504556,"1","Autonomo","Bande Nere, Inganni","Lorenteggio",565,4,8.43283582089552,13.4,c(9.1395, 45.4519),3.54593664800578,7.00271324056712,95.8
127490470,"2","Autonomo","Famagosta, Barona","Barona",475,5,6.78571428571429,11.2,c(9.154, 45.4421),16.9545087126199,8.71595611009496,105
127462824,"3","Autonomo","Maggiolina, Istria","Maggiolina",555,5,37,15,c(9.19756, 45.4915),4.94163028067195,5.64162026842396,39.3
127317399,"1","Autonomo","Bande Nere, Inganni","Inganni",460,4,6.96969696969697,13.2,c(9.11907, 45.4565),4.27731223985161,24.5338104584336,97.8
127504532,"3","Autonomo","Forlanini","Quartiere Forlanini",580,5,5.74257425742574,16.16,c(9.24363, 45.458),7.9899974248068,2.71339255095151,44.7
127414699,"2","Autonomo","Bisceglie, Baggio, Olmi","Bisceglie",580,5,5.22522522522523,17.76,c(9.11347, 45.4564),1.85960294223207,25.5269085372808,102.3
127275041,"1","Autonomo","Maggiolina, Istria","Cascina dei Pomi",450,3,6.81818181818182,17.6,c(9.21294, 45.4976),8.74552045886436,6.01305636681162,38
127646666,"2","Autonomo","Abbiategrasso, Chiesa Rossa","Gratosoglio",450,5,30,15,c(9.17411, 45.4082),26.71052234444,2.48641922174942,140.5
127570050,"3","Autonomo","Abbiategrasso, Chiesa Rossa","Chiesa Rossa",580,5,38.6666666666667,15,c(9.18433, 45.4326),9.65491973547738,1.58410983476799,98.4
127490330,"1","Autonomo","Bande Nere, Inganni","Gambara",555,4,7.5,14.8,c(9.14434, 45.4623),4.81005714527675,10.5401264919321,77.5
127303695,"2","Autonomo","Abbiategrasso, Chiesa Rossa","Gratosoglio",450,5,30,15,c(9.17411, 45.4082),26.71052234444,2.48641922174942,140.5
127602262,"1","Autonomo","Bande Nere, Inganni","Lorenteggio",565,4,7.63513513513514,14.8,c(9.13928, 45.4529),4.20773318240698,8.50423070727348,94.3
127504596,"2","Autonomo","Quadronno, Palestro, Guastalla","Quadronno - Crocetta",570,5,5.08928571428571,17.92,c(9.20183, 45.4555),7.07709104966876,2.60366118730293,53.3
127414837,"2","Autonomo","Abbiategrasso, Chiesa Rossa","Gratosoglio",495,5,33,15,c(9.17673, 45.4207),16.1588784284118,3.65789273439986,120.6
127602206,"1","Autonomo","Cenisio, Sarpi, Isola","Zara",545,3,10.6862745098039,13.6,c(9.18968, 45.4956),6.42215376088594,5.27616997439537,43.8
127232165,"3","Autonomo","Maggiolina, Istria","Maggiolina",535,5,35.6666666666667,15,c(9.19756, 45.4915),4.94163028067195,5.64162026842396,39.3
127541528,"2","Autonomo","Abbiategrasso, Chiesa Rossa","Chiesa Rossa",580,5,5.27272727272727,17.6,c(9.17859, 45.427),5.44803741673785,1.6445845234532,112.1
127414839,"2","Autonomo","Abbiategrasso, Chiesa Rossa","Chiesa Rossa",520,5,34.6666666666667,15,c(9.1802, 45.4218),14.663025738275,4.3497508127385,123.7
127602360,"1","Autonomo","Bande Nere, Inganni","Lorenteggio",470,5,6.43835616438356,11.68,c(9.1396, 45.4526),3.64720129981479,7.85406220826184,94.6
127570096,"2","Autonomo","Bande Nere, Inganni","Bande Nere",550,5,36.6666666666667,15,c(9.13529, 45.4609),1.79607526458299,20.1859915935936,81.2
127541874,"3","Autonomo","Maggiolina, Istria","Maggiolina",570,5,38,15,c(9.19756, 45.4915),4.94163028067195,5.64162026842396,39.3
127569740,"2","Autonomo","San Siro, Trenno","Gallaratese",475,5,5.27777777777778,14.4,c(9.11996, 45.4969),5.24555826553555,10.7959778179168,50.4
127141337,"1","Autonomo","Bande Nere, Inganni","Lorenteggio",585,4,9.140625,12.8,c(9.13806, 45.4528),5.53949912717006,9.08048410476493,95.5
127232177,"1","Autonomo","Bande Nere, Inganni","Lorenteggio",565,4,8.43283582089552,13.4,c(9.1395, 45.4519),3.54593664800578,7.00271324056712,95.8
123900777,"1","Assente","Affori, Bovisa","Bovisa",500,3,7.69230769230769,17.3333333333333,c(9.1635, 45.5034),19.9313555545944,2.68509773460172,8.9
127442198,"1","Centralizzato","Affori, Bovisa","Bovisa",500,1,33.3333333333333,15,c(9.16651, 45.5015),17.3888020043638,2.25604714082687,14.1
76319850,"2","Centralizzato","Città Studi, Susa","Città Studi",420,5,28,15,c(9.23413, 45.4824),3.98002484099501,3.31869392425623,11.2
127275111,"2","Autonomo","Abbiategrasso, Chiesa Rossa","Gratosoglio",525,5,35,15,c(9.17529, 45.416),24.0429427942074,2.54819420195749,128
127326261,"1","Autonomo","Bande Nere, Inganni","Lorenteggio",500,4,7.93650793650794,12.6,c(9.14018, 45.4544),5.15120261407749,10.225952301839,91.4
127355387,"2","Autonomo","Pasteur, Rovereto","Pasteur",455,5,30.3333333333333,15,c(9.21404, 45.4874),4.32157164493509,2.10216373883025,21.4
127384363,"1","Autonomo","Bande Nere, Inganni","Gambara",510,5,5.42553191489362,15.04,c(9.14434, 45.4623),4.81005714527675,10.5401264919321,77.5
127544124,"1","Centralizzato","Solari, Washington","Frua",570,2,31.6666666666667,18,c(9.15116, 45.4664),1.9465994970897,2.08821115062534,71.5
127569994,"2","Assente","Precotto, Turro","Precotto",570,5,5.7,16,c(9.21805, 45.5121),7.8172614515069,5.02535902515422,58.7
127275073,"1","Assente","Pasteur, Rovereto","Rovereto",550,4,6.875,16,c(9.21395, 45.4937),7.46206846061581,2.8019531931454,31.9
127646652,"2","Assente","Precotto, Turro","Precotto",570,5,5.7,16,c(9.21805, 45.5121),7.8172614515069,5.02535902515422,58.7
127462900,"1","Assente","Famagosta, Barona","Giambellino",450,2,5.84415584415585,20,c(9.12588, 45.4463),6.22908328955277,5.9657024963417,109.9
127462828,"1","Assente","San Siro, Trenno","Gallaratese",500,4,5.55555555555556,18,c(9.10615, 45.4978),5.03000849604283,20.1517274946758,67.2
127504402,"1","Assente","Pasteur, Rovereto","Rovereto",550,4,6.875,16,c(9.21395, 45.4937),7.46206846061581,2.8019531931454,31.9
127602374,"3","Autonomo","San Siro, Trenno","San Siro",540,5,36,15,c(9.14164, 45.4777),3.80769844064389,5.27809263483538,51.8
127326125,"1","Assente","San Siro, Trenno","Gallaratese",480,4,5.33333333333333,18,c(9.10615, 45.4978),5.03000849604283,20.1517274946758,67.2
127462628,"2","Assente","Precotto, Turro","Precotto",570,5,5.7,16,c(9.21805, 45.5121),7.8172614515069,5.02535902515422,58.7
127427432,"1","Centralizzato","Fiera, Sempione, City Life, Portello","Monte Rosa - Lotto",580,3,7.73333333333333,20,c(9.1441, 45.4737),8.40932383126647,2.80878491551145,57
127355331,"1","Assente","Porta Venezia, Indipendenza","Piave - Tricolore",450,3,6.42857142857143,18.6666666666667,c(9.20753, 45.4658),3.66168702224799,1.04510604019862,34.9
127646668,"1","Assente","Bicocca, Niguarda","Bignami - Ponale",550,1,36.6666666666667,15,c(9.20583, 45.522),4.4353035879267,4.19267933881653,75.8
127317227,"1","Assente","San Siro, Trenno","Gallaratese",520,4,5.77777777777778,18,c(9.10615, 45.4978),5.03000849604283,20.1517274946758,67.2
127384567,"2","Autonomo","Famagosta, Barona","Tre Castelli - Faenza",580,4,5.8,20,c(9.13738, 45.442),9.03785792968902,4.5459624929115,121.5
127602234,"2","Assente","Precotto, Turro","Precotto",570,5,5.7,16,c(9.21805, 45.5121),7.8172614515069,5.02535902515422,58.7
127317307,"2","Autonomo","Maggiolina, Istria","Maggiolina",455,5,30.3333333333333,15,c(9.20335, 45.4966),10.2248158757856,7.15619114014779,42.4
127326309,"1","Assente","Pasteur, Rovereto","Rovereto",450,4,5.625,16,c(9.21395, 45.4937),7.46206846061581,2.8019531931454,31.9
127462840,"2","Autonomo","Abbiategrasso, Chiesa Rossa","Gratosoglio",500,5,33.3333333333333,15,c(9.17673, 45.4207),16.1588784284118,3.65789273439986,120.6
127513780,"3","Autonomo","San Siro, Trenno","San Siro",540,5,36,15,c(9.14164, 45.4777),3.80769844064389,5.27809263483538,51.8
127195459,"2","Assente","Città Studi, Susa","Argonne - Corsica",520,5,43.3333333333333,12,c(9.2293, 45.4655),5.51910835653405,5.64869996431365,23.3
127646634,"3","Autonomo","San Siro, Trenno","San Siro",525,5,35,15,c(9.14164, 45.4777),3.80769844064389,5.27809263483538,51.8
127282215,"1","Assente","Centrale, Repubblica","Centrale",450,3,30,15,c(9.2117, 45.4864),3.37216634388809,2.43381956041823,21.3
127355475,"2","Autonomo","Pasteur, Rovereto","Rovereto",540,5,36,15,c(9.21499, 45.4946),5.71681200439732,1.43008554788887,32.9
127490282,"1","Autonomo","Uptown, Cascina Merlata, Viale Certosa","Certosa",565,4,8.07142857142857,14,c(9.14426, 45.4945),17.1543073498478,0.772316414326131,23.4
127355425,"1","Assente","San Siro, Trenno","San Siro",500,3,7.69230769230769,17.3333333333333,c(9.1435, 45.4682),5.72606004527388,4.21854401587892,66.6
126461167,NA,"Centralizzato","Cimiano, Crescenzago, Adriano","Crescenzago",550,1,30.5555555555556,18,c(9.24664, 45.5051),1.43011037445108,15.3549823011882,49.9
119318573,"1","Assente","Affori, Bovisa","Bovisa",550,4,5.5,20,c(9.1687, 45.4996),16.7795342026099,1.00834878926999,17.5
126101851,"1","Centralizzato","Bicocca, Niguarda","Bignami - Ponale",400,4,16,25,c(9.21415, 45.5236),6.01565059964876,4.78387320926252,82.1
127317329,"1","Autonomo","Uptown, Cascina Merlata, Viale Certosa","Certosa",505,2,12.625,16,c(9.14426, 45.4945),17.1543073498478,0.772316414326131,23.4
127513804,"1","Autonomo","Famagosta, Barona","Giambellino",470,4,6.91176470588235,13.6,c(9.14046, 45.4501),3.88570612373661,4.14016453425667,99.4
126917109,"1","Autonomo","Affori, Bovisa","Dergano",585,3,9.75,16,c(9.1706, 45.5023),12.2902974893401,5.687033682744,18.5
126951129,"1","Centralizzato","Bicocca, Niguarda","Bicocca",570,2,9.5,24,c(9.20219, 45.5085),2.54207636854053,0.69452496276594,61.5
127355409,"2","Autonomo","Maggiolina, Istria","Maggiolina",455,5,30.3333333333333,15,c(9.20583, 45.4962),12.6018623303229,7.12582851502001,40.1
127653498,"1","Assente","Famagosta, Barona","Famagosta",500,2,7.69230769230769,26,c(9.1623, 45.4371),7.12688503533436,19.4256315027035,110
124982467,"1","Assente","Affori, Bovisa","Bovisa",500,3,33.3333333333333,15,c(9.1687, 45.4996),16.7795342026099,1.00834878926999,17.5
125685031,"1","Centralizzato","Precotto, Turro","Gorla",400,1,20,20,c(9.2237, 45.5053),1.94699917491491,14.3638703464496,44.4
126035601,"1","Centralizzato","Abbiategrasso, Chiesa Rossa","Cermenate - Abbiategrasso",480,1,24,20,c(9.1771, 45.4349),8.47260006130529,1.13100996055552,100.6
127530942,"1","Assente","Uptown, Cascina Merlata, Viale Certosa","Certosa",390,1,26,15,c(9.1537, 45.4946),23.3304790086581,0.287571614677921,20.8
124478577,"1","Assente","Abbiategrasso, Chiesa Rossa","Chiesa Rossa",550,2,9.16666666666667,24,c(9.1761, 45.4265),6.27035742179982,1.3928274753179,113.6
110065787,"1","Assente","Maggiolina, Istria","Cascina dei Pomi",550,3,9.16666666666667,16,c(9.2104, 45.4991),12.6822923168618,10.0152882576208,44.6
127524146,"1","Centralizzato","Cenisio, Sarpi, Isola","Farini",550,3,22,25,c(9.1705, 45.4962),15.3103706278329,1.06216459605881,22
124610383,"2","Autonomo","Affori, Bovisa","Quarto Oggiaro",500,1,45.4545454545455,11,c(9.1313, 45.5097),30.5440926341824,0.261774647066858,35.1
127426790,"1","Assente","Città Studi, Susa","Città Studi",350,4,26.9230769230769,13,c(9.2255, 45.4786),3.91609595652213,0.835626536216419,3
125199827,"1","Assente","Maggiolina, Istria","Cascina dei Pomi",400,3,5.47945205479452,19.4666666666667,c(9.2121, 45.4997),10.9085844458353,9.59498333968168,41.3
125734149,"2","Assente","Città Studi, Susa","Città Studi",450,3,22.5,20,c(9.2233, 45.4693),2.8914823787292,3.06528046883551,16.9
126138719,"1","Assente","Bicocca, Niguarda","Greco - Segnano",480,1,5.51724137931035,20,c(9.2101, 45.5025),13.6883433308675,13.1994028793389,47.1
108210249,"2","Assente","Navigli","Ascanio Sforza",550,5,45.8333333333333,12,c(9.1766, 45.445),11.0762525273003,3.60510191922658,86.2
127282907,"1","Assente","Bicocca, Niguarda","Ca' Granda",400,3,20,20,c(9.1995, 45.5078),2.19636269065802,1.90316439012628,58.1
125860961,"1","Assente","Corvetto, Rogoredo","Corvetto",480,3,6,21.3333333333333,c(9.2153, 45.4413),4.68102657783832,16.7402566071123,65.8
126867001,"2","Assente","Bicocca, Niguarda","Prato Centenaro",550,5,32.3529411764706,17,c(9.2041, 45.5091),4.85577251483004,3.1079380655414,61.7
123710495,"1","Assente","Affori, Bovisa","Comasina",450,3,22.5,20,c(9.1629, 45.529),1.80345110572017,36.4712014871771,52.7
127494182,"1","Assente","Maggiolina, Istria","Maggiolina",500,3,5.61797752808989,23.7333333333333,c(9.2075, 45.4958),13.1476765759286,7.65902912227173,38.5
126662973,"1","Assente","Bicocca, Niguarda","Greco - Segnano",430,3,5.44303797468354,21.0666666666667,c(9.2122, 45.5019),11.0004822099861,12.9839281916645,45.5
110001265,"1","Assente","Abbiategrasso, Chiesa Rossa","Chiesa Rossa",490,3,6.125,21.3333333333333,c(9.1773, 45.429),1.75764160476913,0.481445372873048,108.6
122160428,"1","Assente","Abbiategrasso, Chiesa Rossa","Chiesa Rossa",550,3,6.47058823529412,22.6666666666667,c(9.173, 45.4298),5.2877041422679,5.58882739436552,109.9
112397277,"2","Assente","Abbiategrasso, Chiesa Rossa","Chiesa Rossa",450,4,5.42168674698795,16.6,c(9.1713, 45.4273),8.72581569149731,7.28475596170745,115.1
126037363,"1","Centralizzato","Uptown, Cascina Merlata, Viale Certosa","Certosa",350,1,18.4210526315789,19,c(9.153, 45.494),22.176474891311,1.11708837064932,22
120963840,"1","Centralizzato","Affori, Bovisa","Bovisa",570,1,63.3333333333333,9,c(9.1628, 45.5014),21.6607204484044,3.57233420678068,9.2
123156023,"1","Centralizzato","Pasteur, Rovereto","Parco Trotter",450,1,30,15,c(9.2243, 45.4902),7.76756998554683,10.4166945397192,19.1
125550437,"1","Centralizzato","Bicocca, Niguarda","Greco - Segnano",360,1,20,18,c(9.2122, 45.5029),11.52092849291,14.6118663322858,46.3
126956703,"1","Autonomo","Abbiategrasso, Chiesa Rossa","Pezzotti - Meda",407,1,22.6111111111111,18,c(9.181, 45.438),14.5504350155979,3.01808026965263,94
126037321,"1","Centralizzato","Affori, Bovisa","Bovisa",550,1,61.1111111111111,9,c(9.1628, 45.5014),21.6607204484044,3.57233420678068,9.2
123956067,"1","Centralizzato","Udine, Lambrate","Udine",390,1,24.375,16,c(9.2393, 45.4929),3.89416631699019,14.4396361289624,31.2
124780997,"1","Centralizzato","Udine, Lambrate","Udine",380,1,29.2307692307692,13,c(9.2393, 45.4929),3.89416631699019,14.4396361289624,31.2
126036325,"1","Centralizzato","San Siro, Trenno","San Siro",400,1,30.7692307692308,13,c(9.1166, 45.4778),3.45741838290861,8.19049407343616,73
126891319,"1","Centralizzato","Solari, Washington","Washington",270,1,13.5,20,c(9.1544, 45.4636),7.5390847240818,5.75391277281541,75.6
126041645,"1","Centralizzato","Città Studi, Susa","Casoretto",425,1,26.5625,16,c(9.2317, 45.49),6.78633455072799,10.7328207678585,20.8
126035631,"1","Centralizzato","Affori, Bovisa","Bovisa",300,1,16.6666666666667,18,c(9.1624, 45.5011),22.2955211021447,4.26431086148364,9.5
124065059,"1","Centralizzato","Affori, Bovisa","Bovisa",520,1,57.7777777777778,9,c(9.1628, 45.5014),21.6607204484044,3.57233420678068,9.2
126042577,"1","Centralizzato","San Siro, Trenno","Gallaratese",530,1,31.1764705882353,17,c(9.1111, 45.4951),3.55083571150004,18.3687096298779,63
126037311,"1","Centralizzato","Affori, Bovisa","Bovisa",550,1,61.1111111111111,9,c(9.1628, 45.5014),21.6607204484044,3.57233420678068,9.2
127042589,"1","Centralizzato","Precotto, Turro","Villa San Giovanni",310,1,17.2222222222222,18,c(9.2214, 45.5189),6.25379069007078,8.47111496826176,68.1
127504516,"1","Assente","Precotto, Turro","Turro",500,4,6.25,16,c(9.22549, 45.5005),5.48968119752037,15.003052621217,35.4
126655951,"1","Centralizzato","Genova, Ticinese","Corso Genova",460,1,28.75,16,c(9.1701, 45.4582),0.775473565563827,1.8558269303897,76.7
125685029,"1","Centralizzato","Quadronno, Palestro, Guastalla","Guastalla",430,1,33.0769230769231,13,c(9.2036, 45.4612),10.9929472158589,1.88640986096781,44.7
126413305,"1","Centralizzato","Ponte Lambro, Santa Giulia","Santa Giulia",550,1,30.5555555555556,18,c(9.2472, 45.4316),11.670866067428,23.8427651882447,89.7
124065057,"1","Centralizzato","Affori, Bovisa","Bovisa",520,1,57.7777777777778,9,c(9.1628, 45.5014),21.6607204484044,3.57233420678068,9.2
126042187,"1","Centralizzato","Affori, Bovisa","Dergano",330,1,22,15,c(9.1738, 45.4969),13.7519199462447,3.1563359894034,24
123617085,"1","Centralizzato","Bisceglie, Baggio, Olmi","Quarto Cagnino",400,1,18.1818181818182,22,c(9.1118, 45.4705),12.7507087325547,16.7066492480498,88.5
126726161,"1","Centralizzato","Centrale, Repubblica","Repubblica",400,1,36.3636363636364,11,c(9.2009, 45.4772),5.29631065300424,0.583237070315599,33.8
127138807,"1","Centralizzato","Precotto, Turro","Villa San Giovanni",310,1,18.2352941176471,17,c(9.2214, 45.5189),6.25379069007078,8.47111496826176,68.1
126041671,"1","Centralizzato","Città Studi, Susa","Plebisciti - Susa",430,1,33.0769230769231,13,c(9.2176, 45.471),5.29869039420308,3.5077984348184,18.4
124313435,"1","Centralizzato","San Siro, Trenno","Gallaratese",530,1,35.3333333333333,15,c(9.1111, 45.4951),3.55083571150004,18.3687096298779,63
125953417,"1","Centralizzato","Solari, Washington","Dezza",430,1,35.8333333333333,12,c(9.1594, 45.4591),2.79626108991748,5.96957313575963,83.2
124277089,"1","Centralizzato","Bisceglie, Baggio, Olmi","Quarto Cagnino",350,1,35,10,c(9.1114, 45.4725),10.6652774091959,15.3826110011638,88
126726147,"1","Centralizzato","Solari, Washington","Vercelli - Wagner",410,1,45.5555555555556,9,c(9.159, 45.4674),3.00244129166544,1.3915088679076,70.7
126440169,"1","Centralizzato","Centro","Brera",390,1,26,15,c(9.1924, 45.471),1.64082907943517,1.36897589546979,45
127352419,"1","Centralizzato","Città Studi, Susa","Plebisciti - Susa",550,1,30.5555555555556,18,c(9.2177, 45.4644),6.30824738203619,3.78808132704334,28.3
126037455,"1","Centralizzato","Cenisio, Sarpi, Isola","Farini",550,1,15.7142857142857,20,c(9.1809, 45.4964),5.50401306759744,1.62831008012707,32.3
126791875,"1","Autonomo","Centrale, Repubblica","Morgagni",514,1,36.7142857142857,14,c(9.2107, 45.4771),5.65379746284998,3.82607638823233,21.4
126038655,"1","Centralizzato","Pasteur, Rovereto","Pasteur",450,1,25,18,c(9.2175, 45.4893),1.78676310276238,3.89157653479457,23.1
123123245,"1","Autonomo","Affori, Bovisa","Bovisa",490,1,27.2222222222222,18,c(9.1641, 45.4993),21.7366456927274,5.70385570785148,12.9
119895710,"1","Autonomo","Bisceglie, Baggio, Olmi","Bisceglie",500,1,50,10,c(9.0988, 45.4475),22.0063425087124,24.378493945253,128.8
127118765,"1","Centralizzato","Precotto, Turro","Villa San Giovanni",310,1,20.6666666666667,15,c(9.2214, 45.5189),6.25379069007078,8.47111496826176,68.1
127042591,"1","Centralizzato","Solari, Washington","Dezza",570,1,40.7142857142857,14,c(9.1594, 45.4591),2.79626108991748,5.96957313575963,83.2
124313419,"1","Centralizzato","Maggiolina, Istria","Cascina dei Pomi",250,1,14.7058823529412,17,c(9.2078, 45.4925),9.65835439367344,3.20110743434182,33.5
126041667,"1","Centralizzato","Quadronno, Palestro, Guastalla","Quadronno - Crocetta",400,1,30.7692307692308,13,c(9.2023, 45.4558),7.47717374970046,2.4218452302328,52.1
125874383,"1","Centralizzato","Cenisio, Sarpi, Isola","Isola",480,1,30,16,c(9.1896, 45.4891),3.30376522236847,1.8657990026495,47.1
124938701,"1","Centralizzato","Bicocca, Niguarda","Greco - Segnano",380,1,23.75,16,c(9.2122, 45.5029),11.52092849291,14.6118663322858,46.3
126039991,"1","Autonomo","Pasteur, Rovereto","Pasteur",520,1,40,13,c(9.2127, 45.4901),6.38285960199223,2.03815157094452,26.6
124565879,"1","Centralizzato","Udine, Lambrate","Udine",550,1,55,10,c(9.2355, 45.4941),4.92043270155706,16.1733075694932,30.3
125622551,"1","Centralizzato","Udine, Lambrate","Udine",400,1,23.5294117647059,17,c(9.2393, 45.4929),3.89416631699019,14.4396361289624,31.2
126116291,"1","Centralizzato","Bicocca, Niguarda","Greco - Segnano",360,1,36,10,c(9.2122, 45.5029),11.52092849291,14.6118663322858,46.3
126655953,"1","Centralizzato","Solari, Washington","Dezza",420,1,30,14,c(9.159, 45.4605),5.1735301467481,5.32876441135201,80.8
126037339,"1","Centralizzato","Affori, Bovisa","Bovisa",550,1,61.1111111111111,9,c(9.1628, 45.5014),21.6607204484044,3.57233420678068,9.2
126552385,"1","Centralizzato","Quadronno, Palestro, Guastalla","Quadronno - Crocetta",380,1,19,20,c(9.1987, 45.4542),5.23858559074233,3.25073496308955,58.2
125550433,"1","Centralizzato","Precotto, Turro","Villa San Giovanni",330,1,20.625,16,c(9.2214, 45.5189),6.25379069007078,8.47111496826176,68.1
119894548,"1","Centralizzato","Affori, Bovisa","Bovisa",540,1,60,9,c(9.1628, 45.5014),21.6607204484044,3.57233420678068,9.2
124565897,"1","Centralizzato","Bisceglie, Baggio, Olmi","Quarto Cagnino",330,1,33,10,c(9.1116, 45.4714),11.7462507146206,16.0509020033985,88.8
126038659,"1","Centralizzato","Pasteur, Rovereto","Pasteur",450,1,45,10,c(9.2175, 45.4893),1.78676310276238,3.89157653479457,23.1
125249433,"1","Centralizzato","Bicocca, Niguarda","Greco - Segnano",360,1,25.7142857142857,14,c(9.2122, 45.5029),11.52092849291,14.6118663322858,46.3
126949591,"1","Centralizzato","Precotto, Turro","Turro",500,1,31.25,16,c(9.2214, 45.5026),3.76251863747865,14.8042141265733,39.4
126042895,"1","Autonomo","Centrale, Repubblica","Buenos Aires",583,1,36.4375,16,c(9.2116, 45.4842),3.28164628016776,3.02270177528791,20.9
120963838,"1","Centralizzato","Affori, Bovisa","Bovisa",570,1,63.3333333333333,9,c(9.1628, 45.5014),21.6607204484044,3.57233420678068,9.2
126041979,"1","Autonomo","Città Studi, Susa","Città Studi",430,1,47.7777777777778,9,c(9.2202, 45.482),6.48025423080768,8.43218384673131,10.1
127229195,"1","Centralizzato","Bisceglie, Baggio, Olmi","Quarto Cagnino",330,1,41.25,8,c(9.1118, 45.4705),12.7507087325547,16.7066492480498,88.5
126042081,"1","Centralizzato","Affori, Bovisa","Affori",550,1,30.5555555555556,18,c(9.1524, 45.5209),18.6214521060093,29.1847275434746,39.5
127352415,"1","Centralizzato","Bande Nere, Inganni","Lorenteggio",360,1,22.5,16,c(9.1372, 45.4518),3.88219786792547,7.67155280691841,95.4
126041931,"1","Autonomo","Bisceglie, Baggio, Olmi","Quarto Cagnino",390,1,21.6666666666667,18,c(9.1113, 45.4725),10.7624773195571,15.4938181518565,88.1
125874453,"1","Centralizzato","Quadronno, Palestro, Guastalla","Quadronno - Crocetta",410,1,29.2857142857143,14,c(9.2018, 45.4555),7.08586332969208,2.59127650118449,53.3
126335247,"1","Centralizzato","Bisceglie, Baggio, Olmi","Baggio",450,1,22.5,20,c(9.093, 45.4591),25.1364801693482,41.8956773419525,119
124382141,"1","Centralizzato","Precotto, Turro","Gorla",340,1,30.9090909090909,11,c(9.2237, 45.5053),1.94699917491491,14.3638703464496,44.4
126040003,"1","Autonomo","Maggiolina, Istria","Cascina dei Pomi",500,1,38.4615384615385,13,c(9.2086, 45.4985),14.057674820727,11.0229753719593,42
124913011,"1","Centralizzato","Centrale, Repubblica","Buenos Aires",430,1,25.2941176470588,17,c(9.216, 45.4852),0.314969564833028,6.49849366409448,17.6
127229187,"1","Centralizzato","Quadronno, Palestro, Guastalla","Quadronno - Crocetta",410,1,31.5384615384615,13,c(9.2018, 45.4555),7.08586332969208,2.59127650118449,53.3
123248613,"1","Centralizzato","Udine, Lambrate","Udine",380,1,29.2307692307692,13,c(9.2393, 45.4929),3.89416631699019,14.4396361289624,31.2
126335207,"1","Centralizzato","Maggiolina, Istria","Maggiolina",400,1,40,10,c(9.2037, 45.4941),8.17787069555186,2.85209977968198,38
126041897,"1","Assente","Bisceglie, Baggio, Olmi","Quarto Cagnino",490,1,32.6666666666667,15,c(9.1113, 45.4725),10.7624773195571,15.4938181518565,88.1
125085141,"1","Centralizzato","Bisceglie, Baggio, Olmi","Quarto Cagnino",330,1,33,10,c(9.1119, 45.4719),10.8773563029477,15.302173159731,87.6
124781003,"1","Centralizzato","Centrale, Repubblica","Buenos Aires",410,1,31.5384615384615,13,c(9.216, 45.4852),0.314969564833028,6.49849366409448,17.6
124780999,"1","Centralizzato","Solari, Washington","Dezza",380,1,31.6666666666667,12,c(9.1594, 45.4591),2.79626108991748,5.96957313575963,83.2
123865713,"1","Centralizzato","Bisceglie, Baggio, Olmi","Quarto Cagnino",330,1,30,11,c(9.1116, 45.4714),11.7462507146206,16.0509020033985,88.8
127272353,"1","Centralizzato","San Siro, Trenno","San Siro",540,1,49.0909090909091,11,c(9.1413, 45.4697),8.55467526387481,4.80530972976042,64.7
126042505,"1","Centralizzato","Uptown, Cascina Merlata, Viale Certosa","Ghisolfa - Mac Mahon",554,1,55.4,10,c(9.1625, 45.4921),14.1753380672244,2.05263327005315,28.8
127042595,"1","Centralizzato","Città Studi, Susa","Città Studi",410,1,41,10,c(9.2256, 45.4859),8.75709986403874,11.5162971141168,12
126269437,"1","Centralizzato","Solari, Washington","Dezza",560,1,56,10,c(9.1594, 45.4591),2.79626108991748,5.96957313575963,83.2
126040009,"1","Autonomo","Maggiolina, Istria","Cascina dei Pomi",500,1,38.4615384615385,13,c(9.2086, 45.4985),14.057674820727,11.0229753719593,42
126040007,"1","Autonomo","Maggiolina, Istria","Cascina dei Pomi",500,1,38.4615384615385,13,c(9.2086, 45.4985),14.057674820727,11.0229753719593,42
126197409,"1","Centralizzato","Precotto, Turro","Villa San Giovanni",470,1,29.375,16,c(9.2214, 45.5189),6.25379069007078,8.47111496826176,68.1
123123795,"1","Centralizzato","Udine, Lambrate","Udine",380,1,27.1428571428571,14,c(9.2393, 45.4929),3.89416631699019,14.4396361289624,31.2
127381575,"1","Centralizzato","Bicocca, Niguarda","Greco - Segnano",330,1,36.6666666666667,9,c(9.2122, 45.5029),11.52092849291,14.6118663322858,46.3
123468179,"1","Centralizzato","Bande Nere, Inganni","Primaticcio",400,1,16,25,c(9.1313, 45.4543),9.23498558946336,14.7889431759258,94.2
126036655,"1","Centralizzato","Ponte Lambro, Santa Giulia","Santa Giulia",300,1,15,20,c(9.2474, 45.4323),11.6132604511996,22.6639355743488,89.7
127412059,"1","Centralizzato","Udine, Lambrate","Udine",540,1,41.5384615384615,13,c(9.2393, 45.4929),3.89416631699019,14.4396361289624,31.2
125320107,"1","Centralizzato","Ponte Lambro, Santa Giulia","Santa Giulia",580,1,38.6666666666667,15,c(9.2482, 45.4325),11.5364323199061,22.458294219052,91.5
126982257,"1","Centralizzato","Centrale, Repubblica","Centrale",580,1,34.1176470588235,17,c(9.2039, 45.4905),3.90032091677972,1.5899489757997,34.1
124565887,"1","Centralizzato","Udine, Lambrate","Udine",380,1,29.2307692307692,13,c(9.2393, 45.4929),3.89416631699019,14.4396361289624,31.2
124750545,"1","Centralizzato","Centro","Brera",280,1,14,20,c(9.1924, 45.471),1.64082907943517,1.36897589546979,45
127324205,"1","Centralizzato","Quadronno, Palestro, Guastalla","Quadronno - Crocetta",400,1,30.7692307692308,13,c(9.2018, 45.4555),7.08586332969208,2.59127650118449,53.3
127166663,"1","Centralizzato","Bisceglie, Baggio, Olmi","Quarto Cagnino",460,1,46,10,c(9.1118, 45.4705),12.7507087325547,16.7066492480498,88.5
123837305,"1","Autonomo","Centrale, Repubblica","Buenos Aires",540,1,60,9,c(9.2053, 45.478),4.69028226544021,2.75731950262922,28.3
126037793,"1","Centralizzato","Udine, Lambrate","Lambrate",350,1,17.5,20,c(9.2509, 45.4729),22.8206468355413,16.1794281408755,37.2
126041631,"1","Centralizzato","Città Studi, Susa","Argonne - Corsica",425,1,32.6923076923077,13,c(9.2271, 45.466),4.47469138780868,6.60424298933779,20.8
123421421,"1","Centralizzato","Udine, Lambrate","Udine",380,1,29.2307692307692,13,c(9.2393, 45.4929),3.89416631699019,14.4396361289624,31.2
124839207,"1","Centralizzato","Udine, Lambrate","Udine",370,1,33.6363636363636,11,c(9.2393, 45.4929),3.89416631699019,14.4396361289624,31.2
127549978,NA,"Centralizzato","Navigli","Navigli - Darsena",470,1,29.375,16,c(9.15849, 45.4479),13.3567737733212,0.668152622279864,95.3
127166667,"1","Centralizzato","Bicocca, Niguarda","Greco - Segnano",360,1,22.5,16,c(9.2122, 45.5029),11.52092849291,14.6118663322858,46.3
125392773,"1","Centralizzato","Solari, Washington","Dezza",390,1,32.5,12,c(9.1594, 45.4591),2.79626108991748,5.96957313575963,83.2
126037399,"1","Centralizzato","Cenisio, Sarpi, Isola","Farini",550,1,15.7142857142857,20,c(9.1809, 45.4964),5.50401306759744,1.62831008012707,32.3
125058111,"1","Centralizzato","Bande Nere, Inganni","Piazzale Siena",350,1,29.1666666666667,12,c(9.1323, 45.4674),11.3810296053094,14.9877557003632,72.8
126037817,"1","Centralizzato","Uptown, Cascina Merlata, Viale Certosa","Certosa",320,1,21.3333333333333,15,c(9.1496, 45.4952),22.1034679182587,3.97143512342124,19.8
127138809,"1","Centralizzato","Precotto, Turro","Villa San Giovanni",430,1,23.8888888888889,18,c(9.2214, 45.5189),6.25379069007078,8.47111496826176,68.1
127272347,"1","Centralizzato","Quadronno, Palestro, Guastalla","Quadronno - Crocetta",370,1,37,10,c(9.2018, 45.4555),7.08586332969208,2.59127650118449,53.3
121520386,"1","Centralizzato","Città Studi, Susa","Città Studi",570,1,31.6666666666667,18,c(9.2202, 45.482),6.48025423080768,8.43218384673131,10.1
126848797,"1","Centralizzato","Bisceglie, Baggio, Olmi","Quarto Cagnino",330,1,30,11,c(9.1115, 45.4707),12.7198046837838,16.8069023940768,89.5
126037869,"1","Centralizzato","Genova, Ticinese","Ticinese",560,1,37.3333333333333,15,c(9.184, 45.4558),3.08438660472558,4.11702417710398,66.5
126695991,"1","Autonomo","Famagosta, Barona","Tre Castelli - Faenza",428,1,30.5714285714286,14,c(9.1356, 45.4429),7.11746321603394,5.27639499699901,118.2
124565899,"1","Centralizzato","Bisceglie, Baggio, Olmi","Quarto Cagnino",330,1,36.6666666666667,9,c(9.1119, 45.4719),10.8773563029477,15.302173159731,87.6
127381587,"1","Centralizzato","Precotto, Turro","Villa San Giovanni",320,1,20,16,c(9.2214, 45.5189),6.25379069007078,8.47111496826176,68.1
125874377,"1","Centralizzato","Bicocca, Niguarda","Ca' Granda",450,1,25,18,c(9.1989, 45.5054),4.18289830119589,2.26194914471962,56.7
126041903,"1","Centralizzato","Centrale, Repubblica","Repubblica",500,1,33.3333333333333,15,c(9.2006, 45.48),3.38547858944102,3.48093282452545,33.8
124198019,"1","Centralizzato","San Siro, Trenno","San Siro",330,1,27.5,12,c(9.1171, 45.4781),3.57959245706346,7.83145261849454,72.6
123802591,"1","Autonomo","Maggiolina, Istria","Cascina dei Pomi",400,1,30.7692307692308,13,c(9.2086, 45.4985),14.057674820727,11.0229753719593,42
125249381,"1","Centralizzato","San Siro, Trenno","San Siro",400,1,23.5294117647059,17,c(9.1166, 45.4778),3.45741838290861,8.19049407343616,73
126982251,"1","Centralizzato","Bicocca, Niguarda","Greco - Segnano",340,1,28.3333333333333,12,c(9.2122, 45.5029),11.52092849291,14.6118663322858,46.3
127352405,"1","Centralizzato","Quadronno, Palestro, Guastalla","Guastalla",440,1,36.6666666666667,12,c(9.2036, 45.4612),10.9929472158589,1.88640986096781,44.7
126379183,"1","Centralizzato","Precotto, Turro","Villa San Giovanni",440,1,27.5,16,c(9.2214, 45.5189),6.25379069007078,8.47111496826176,68.1
127229185,"1","Centralizzato","Napoli, Soderini","Piazza Napoli",360,1,36,10,c(9.1524, 45.4548),1.29184137818655,4.63952261842315,87.9
126242219,"1","Autonomo","Bicocca, Niguarda","Bicocca",428,1,26.75,16,c(9.2141, 45.5161),10.9096106640192,0.499604197809052,69.2
126036333,"1","Centralizzato","San Siro, Trenno","San Siro",400,1,26.6666666666667,15,c(9.1166, 45.4778),3.45741838290861,8.19049407343616,73
127381581,"1","Centralizzato","Bicocca, Niguarda","Greco - Segnano",470,1,42.7272727272727,11,c(9.2122, 45.5029),11.52092849291,14.6118663322858,46.3
126628913,"1","Centralizzato","San Siro, Trenno","Gallaratese",400,1,17.3913043478261,23,c(9.1144, 45.4969),5.21028690063289,13.4384997499075,56.2
125586463,"1","Centralizzato","Maggiolina, Istria","Cascina dei Pomi",250,1,14.7058823529412,17,c(9.2078, 45.4925),9.65835439367344,3.20110743434182,33.5
127412055,"1","Autonomo","Famagosta, Barona","Barona",460,1,23,20,c(9.1539, 45.4421),17.0748117540868,8.65902141020778,105.1
125220541,"1","Centralizzato","Maggiolina, Istria","Maggiolina",400,1,26.6666666666667,15,c(9.2017, 45.4954),8.36893468129993,5.25418024998778,40.7
125982007,"1","Centralizzato","Pasteur, Rovereto","Pasteur",500,1,41.6666666666667,12,c(9.2128, 45.4897),6.33472280909918,1.83228342286951,26.6
126037901,"1","Centralizzato","Genova, Ticinese","Corso Genova",520,1,34.6666666666667,15,c(9.1706, 45.4579),1.54689974462007,2.08656172041361,75.8
126949571,"1","Autonomo","Affori, Bovisa","Affori",428,1,30.5714285714286,14,c(9.1645, 45.5183),7.37121470334744,27.4050137377427,38.9
127460012,"1","Centralizzato","Pasteur, Rovereto","Pasteur",450,1,45,10,c(9.2175, 45.4893),1.78676310276238,3.89157653479457,23.1
125847103,"1","Centralizzato","Solari, Washington","Vercelli - Wagner",440,1,29.3333333333333,15,c(9.1617, 45.4665),3.20703231792732,0.570544121075299,74.4
126367611,"1","Autonomo","Cenisio, Sarpi, Isola","Farini",500,1,27.7777777777778,18,c(9.1826, 45.4933),8.16310262742233,3.3431590552952,35.5
126891315,"1","Centralizzato","Precotto, Turro","Turro",480,1,36.9230769230769,13,c(9.2214, 45.5026),3.76251863747865,14.8042141265733,39.4
126041637,"1","Centralizzato","Città Studi, Susa","Casoretto",400,1,25,16,c(9.2245, 45.4874),9.44336724866997,12.4955019313246,15.1
125820651,"1","Centralizzato","Precotto, Turro","Villa San Giovanni",490,1,27.2222222222222,18,c(9.2236, 45.5172),3.09163458897691,6.27717329596272,63
125577555,"1","Centralizzato","Udine, Lambrate","Udine",380,1,29.2307692307692,13,c(9.2393, 45.4929),3.89416631699019,14.4396361289624,31.2
127381579,"1","Centralizzato","Centrale, Repubblica","Repubblica",460,1,23,20,c(9.1997, 45.4795),2.1473402158957,3.51855025201934,35.1
126413375,"1","Centralizzato","Città Studi, Susa","Città Studi",420,1,26.25,16,c(9.2354, 45.4846),0.363809083584683,0.729827990171409,14.6
126936405,"1","Autonomo","Bicocca, Niguarda","Bicocca",375,1,23.4375,16,c(9.2142, 45.5156),10.8754718010383,0.822232631796544,68.9
127301339,"1","Centralizzato","Quadronno, Palestro, Guastalla","Quadronno - Crocetta",570,1,43.8461538461538,13,c(9.2018, 45.4555),7.08586332969208,2.59127650118449,53.3
124565937,"1","Centralizzato","Uptown, Cascina Merlata, Viale Certosa","Ghisolfa - Mac Mahon",580,1,29,20,c(9.1625, 45.4921),14.1753380672244,2.05263327005315,28.8
127118767,"1","Centralizzato","Solari, Washington","Dezza",380,1,31.6666666666667,12,c(9.1594, 45.4591),2.79626108991748,5.96957313575963,83.2
126039997,"1","Autonomo","Maggiolina, Istria","Cascina dei Pomi",400,1,30.7692307692308,13,c(9.2086, 45.4985),14.057674820727,11.0229753719593,42
125773311,"1","Centralizzato","Abbiategrasso, Chiesa Rossa","Cermenate - Abbiategrasso",415,1,18.8636363636364,22,c(9.1837, 45.4363),13.3888763083881,2.33780147750163,94.6
124565939,"1","Autonomo","Centrale, Repubblica","Buenos Aires",530,1,35.3333333333333,15,c(9.2145, 45.4837),1.90998847797923,6.34736646670754,17.8
127166661,"1","Centralizzato","Precotto, Turro","Villa San Giovanni",320,1,20,16,c(9.2214, 45.5189),6.25379069007078,8.47111496826176,68.1
123802887,"1","Centralizzato","San Siro, Trenno","Gallaratese",450,1,22.5,20,c(9.1054, 45.5018),4.83518639280583,18.8972568428596,62.7
126335231,"1","Centralizzato","Precotto, Turro","Villa San Giovanni",430,1,23.8888888888889,18,c(9.2214, 45.5189),6.25379069007078,8.47111496826176,68.1
122914382,"1","Centralizzato","Affori, Bovisa","Bovisa",300,1,15,20,c(9.1706, 45.4984),16.5152031264379,1.97432244545942,20.9
126695983,"1","Centralizzato","Navigli","Bocconi",550,1,25,22,c(9.1954, 45.4509),9.31584543977804,1.19208893985035,64.5
127460010,"1","Centralizzato","Pasteur, Rovereto","Pasteur",450,1,25,18,c(9.2175, 45.4893),1.78676310276238,3.89157653479457,23.1
127229189,"1","Centralizzato","Quadronno, Palestro, Guastalla","Guastalla",440,1,36.6666666666667,12,c(9.2036, 45.4612),10.9929472158589,1.88640986096781,44.7
125847099,"1","Centralizzato","Precotto, Turro","Villa San Giovanni",440,1,27.5,16,c(9.2214, 45.5189),6.25379069007078,8.47111496826176,68.1
125773359,"1","Centralizzato","Città Studi, Susa","Argonne - Corsica",425,1,32.6923076923077,13,c(9.2271, 45.466),4.47469138780868,6.60424298933779,20.8
126695985,"1","Centralizzato","Navigli","Bocconi",550,1,25,22,c(9.1954, 45.4509),9.31584543977804,1.19208893985035,64.5
126038665,"1","Centralizzato","Pasteur, Rovereto","Pasteur",450,1,25,18,c(9.2175, 45.4893),1.78676310276238,3.89157653479457,23.1
126040011,"1","Autonomo","Maggiolina, Istria","Cascina dei Pomi",400,1,30.7692307692308,13,c(9.2086, 45.4985),14.057674820727,11.0229753719593,42
127010025,"1","Centralizzato","Quadronno, Palestro, Guastalla","Quadronno - Crocetta",570,1,43.8461538461538,13,c(9.2018, 45.4555),7.08586332969208,2.59127650118449,53.3
123802739,"1","Centralizzato","Città Studi, Susa","Argonne - Corsica",425,1,32.6923076923077,13,c(9.2271, 45.466),4.47469138780868,6.60424298933779,20.8
126269431,"1","Centralizzato","Udine, Lambrate","Udine",540,1,31.7647058823529,17,c(9.2393, 45.4929),3.89416631699019,14.4396361289624,31.2
127197741,"1","Centralizzato","Famagosta, Barona","Cantalupa - San Paolo",400,1,26.6666666666667,15,c(9.1568, 45.4223),10.2939927096079,23.6060435891271,132.4
126041983,"1","Autonomo","Città Studi, Susa","Città Studi",450,1,50,9,c(9.2202, 45.482),6.48025423080768,8.43218384673131,10.1
117367813,"1","Centralizzato","Uptown, Cascina Merlata, Viale Certosa","Ghisolfa - Mac Mahon",499,1,33.2666666666667,15,c(9.1625, 45.4921),14.1753380672244,2.05263327005315,28.8
126035705,"1","Centralizzato","Uptown, Cascina Merlata, Viale Certosa","Certosa",480,1,24,20,c(9.1497, 45.499),27.3041676322671,0.412350604968882,13.9
127166659,"1","Centralizzato","Quadronno, Palestro, Guastalla","Quadronno - Crocetta",570,1,43.8461538461538,13,c(9.2018, 45.4555),7.08586332969208,2.59127650118449,53.3
127352407,"1","Centralizzato","Quadronno, Palestro, Guastalla","Quadronno - Crocetta",390,1,35.4545454545455,11,c(9.2023, 45.4558),7.47717374970046,2.4218452302328,52.1
126035605,"1","Centralizzato","Abbiategrasso, Chiesa Rossa","Cermenate - Abbiategrasso",450,1,22.5,20,c(9.1771, 45.4349),8.47260006130529,1.13100996055552,100.6
125846613,"1","Centralizzato","Pasteur, Rovereto","Parco Trotter",500,1,25,20,c(9.2243, 45.4902),7.76756998554683,10.4166945397192,19.1
126726149,"1","Centralizzato","Navigli","Ascanio Sforza",570,1,47.5,12,c(9.18, 45.4518),9.95095787535625,0.153105964318289,74.4
126600589,"1","Centralizzato","Bisceglie, Baggio, Olmi","Quarto Cagnino",460,1,46,10,c(9.1119, 45.4719),10.8773563029477,15.302173159731,87.6
126242289,"1","Centralizzato","Udine, Lambrate","Udine",480,1,48,10,c(9.2393, 45.4929),3.89416631699019,14.4396361289624,31.2
126041889,"1","Assente","Maggiolina, Istria","Maggiolina",580,1,29,20,c(9.2051, 45.4961),12.0411172097056,6.6345649882924,40.4
126037871,"1","Centralizzato","Genova, Ticinese","Corso Genova",520,1,34.6666666666667,15,c(9.1706, 45.4579),1.54689974462007,2.08656172041361,75.8
126037355,"1","Centralizzato","Uptown, Cascina Merlata, Viale Certosa","Certosa",350,1,18.4210526315789,19,c(9.153, 45.494),22.176474891311,1.11708837064932,22
123802593,"1","Autonomo","Maggiolina, Istria","Cascina dei Pomi",400,1,30.7692307692308,13,c(9.2086, 45.4985),14.057674820727,11.0229753719593,42
127197737,"1","Centralizzato","Quadronno, Palestro, Guastalla","Quadronno - Crocetta",380,1,21.1111111111111,18,c(9.1987, 45.4542),5.23858559074233,3.25073496308955,58.2
126037795,"1","Centralizzato","Udine, Lambrate","Lambrate",500,1,62.5,8,c(9.2509, 45.4729),22.8206468355413,16.1794281408755,37.2
127197735,"1","Centralizzato","Bisceglie, Baggio, Olmi","Quarto Cagnino",310,1,34.4444444444444,9,c(9.1129, 45.4719),10.0305235392415,14.2457659594932,87.8
127301335,"1","Centralizzato","Quadronno, Palestro, Guastalla","Quadronno - Crocetta",420,1,28,15,c(9.2023, 45.4558),7.47717374970046,2.4218452302328,52.1
125820645,"1","Centralizzato","Bicocca, Niguarda","Bignami - Ponale",420,1,26.25,16,c(9.2144, 45.5169),10.6855518863075,1.80356057028376,70.5
124565493,"1","Centralizzato","Ponte Lambro, Santa Giulia","Santa Giulia",300,1,20,15,c(9.2474, 45.4323),11.6132604511996,22.6639355743488,89.7
125368181,"1","Assente","Città Studi, Susa","Città Studi",430,1,23.8888888888889,18,c(9.2202, 45.482),6.48025423080768,8.43218384673131,10.1
127412063,"1","Centralizzato","Quadronno, Palestro, Guastalla","Quadronno - Crocetta",410,1,31.5384615384615,13,c(9.2018, 45.4555),7.08586332969208,2.59127650118449,53.3
127272279,"1","Autonomo","Maggiolina, Istria","Maggiolina",514,1,32.125,16,c(9.1984, 45.4941),5.72066205436288,1.60609321712585,41.4
126949575,"1","Autonomo","Affori, Bovisa","Affori",428,1,30.5714285714286,14,c(9.1645, 45.5183),7.37121470334744,27.4050137377427,38.9
126041977,"1","Autonomo","Città Studi, Susa","Città Studi",460,1,51.1111111111111,9,c(9.2202, 45.482),6.48025423080768,8.43218384673131,10.1
127118769,"1","Centralizzato","Maggiolina, Istria","Maggiolina",500,1,41.6666666666667,12,c(9.203, 45.4915),3.90832885538808,1.58891115464361,35.1
123123807,"1","Centralizzato","Centrale, Repubblica","Buenos Aires",410,1,34.1666666666667,12,c(9.216, 45.4852),0.314969564833028,6.49849366409448,17.6
127381585,"1","Centralizzato","Solari, Washington","Washington",410,1,34.1666666666667,12,c(9.1544, 45.4636),7.5390847240818,5.75391277281541,75.6
124229681,"1","Centralizzato","Bisceglie, Baggio, Olmi","Quarto Cagnino",330,1,36.6666666666667,9,c(9.1119, 45.4719),10.8773563029477,15.302173159731,87.6
124938689,"1","Centralizzato","Bicocca, Niguarda","Greco - Segnano",360,1,24,15,c(9.2122, 45.5029),11.52092849291,14.6118663322858,46.3
127355389,"2","Autonomo","Centrale, Repubblica","Repubblica",510,4,34,15,c(9.20206, 45.4793),5.02770063921006,1.33603009989529,32.3
125110725,"1","Centralizzato","Udine, Lambrate","Udine",380,1,29.2307692307692,13,c(9.2393, 45.4929),3.89416631699019,14.4396361289624,31.2
125874379,"1","Centralizzato","Bicocca, Niguarda","Ca' Granda",450,1,25,18,c(9.1989, 45.5054),4.18289830119589,2.26194914471962,56.7
126041201,"1","Centralizzato","Bande Nere, Inganni","Gambara",550,1,42.3076923076923,13,c(9.1437, 45.4672),4.04940065298755,5.39580136388467,68.6
126469573,"1","Autonomo","Centrale, Repubblica","Morgagni",482,1,30.125,16,c(9.211, 45.4779),4.25872646025645,5.04593153657439,20.7
127324203,"1","Centralizzato","Precotto, Turro","Turro",360,1,24,15,c(9.2214, 45.5026),3.76251863747865,14.8042141265733,39.4
126269435,"1","Centralizzato","Quadronno, Palestro, Guastalla","Quadronno - Crocetta",570,1,43.8461538461538,13,c(9.2018, 45.4555),7.08586332969208,2.59127650118449,53.3
127166655,"1","Centralizzato","Bisceglie, Baggio, Olmi","Quarto Cagnino",330,1,30,11,c(9.1116, 45.4714),11.7462507146206,16.0509020033985,88.8
126242279,"1","Centralizzato","Udine, Lambrate","Udine",530,1,40.7692307692308,13,c(9.2393, 45.4929),3.89416631699019,14.4396361289624,31.2
126039993,"1","Autonomo","Pasteur, Rovereto","Pasteur",370,1,28.4615384615385,13,c(9.2127, 45.4901),6.38285960199223,2.03815157094452,26.6
126036323,"1","Centralizzato","San Siro, Trenno","San Siro",450,1,28.125,16,c(9.1166, 45.4778),3.45741838290861,8.19049407343616,73
124938693,"1","Centralizzato","Udine, Lambrate","Udine",370,1,28.4615384615385,13,c(9.2393, 45.4929),3.89416631699019,14.4396361289624,31.2
125820447,"1","Autonomo","Affori, Bovisa","Affori",550,1,55,10,c(9.1721, 45.5089),8.35636392993684,13.8556851110644,25
127352413,"1","Centralizzato","Solari, Washington","Washington",390,1,32.5,12,c(9.1544, 45.4636),7.5390847240818,5.75391277281541,75.6
126552387,"1","Centralizzato","Quadronno, Palestro, Guastalla","Quadronno - Crocetta",430,1,25.2941176470588,17,c(9.1986, 45.4542),5.15051825578097,3.13605452417075,58.1
126040035,"1","Autonomo","Maggiolina, Istria","Cascina dei Pomi",400,1,30.7692307692308,13,c(9.2086, 45.4985),14.057674820727,11.0229753719593,42
126037387,"1","Autonomo","Affori, Bovisa","Affori",550,1,55,10,c(9.1721, 45.5089),8.35636392993684,13.8556851110644,25
127197739,"1","Centralizzato","Porta Romana, Cadore, Montenero","Montenero",400,1,33.3333333333333,12,c(9.2091, 45.4578),13.0248526277965,2.23718557915213,44.4
126469631,"1","Centralizzato","Bisceglie, Baggio, Olmi","Quarto Cagnino",460,1,51.1111111111111,9,c(9.1114, 45.4725),10.6652774091959,15.3826110011638,88
126792001,"1","Centralizzato","Bisceglie, Baggio, Olmi","Quarto Cagnino",490,1,35,14,c(9.1115, 45.4707),12.7198046837838,16.8069023940768,89.5
125982149,"1","Centralizzato","Bisceglie, Baggio, Olmi","Quarto Cagnino",360,1,30,12,c(9.1116, 45.4714),11.7462507146206,16.0509020033985,88.8
125909523,"1","Centralizzato","Bisceglie, Baggio, Olmi","Quarto Cagnino",330,1,30,11,c(9.1118, 45.4705),12.7507087325547,16.7066492480498,88.5
126041915,"1","Autonomo","Maggiolina, Istria","Maggiolina",520,1,57.7777777777778,9,c(9.1964, 45.4983),3.80024033092058,1.30855280578009,48.8
127412067,"1","Centralizzato","Solari, Washington","Dezza",420,1,28,15,c(9.1594, 45.4591),2.79626108991748,5.96957313575963,83.2
126038663,"1","Centralizzato","Pasteur, Rovereto","Pasteur",450,1,25,18,c(9.2175, 45.4893),1.78676310276238,3.89157653479457,23.1
126041933,"1","Autonomo","Famagosta, Barona","Cantalupa - San Paolo",530,1,58.8888888888889,9,c(9.1683, 45.4268),7.06808892728253,10.9160857454784,115.9
126655947,"1","Centralizzato","Precotto, Turro","Villa San Giovanni",330,1,22,15,c(9.2236, 45.5172),3.09163458897691,6.27717329596272,63
127197701,"1","Centralizzato","Affori, Bovisa","Bovisa",430,1,30.7142857142857,14,c(9.1643, 45.4993),21.5255871806584,5.64654237429819,12.7
126040503,"1","Autonomo","Città Studi, Susa","Plebisciti - Susa",430,1,28.6666666666667,15,c(9.2234, 45.4686),2.03313903805615,4.16914130127667,18
126726153,"1","Centralizzato","Maggiolina, Istria","Maggiolina",530,1,35.3333333333333,15,c(9.203, 45.4915),3.90832885538808,1.58891115464361,35.1
126041929,"1","Autonomo","Bisceglie, Baggio, Olmi","Quarto Cagnino",460,1,51.1111111111111,9,c(9.1113, 45.4725),10.7624773195571,15.4938181518565,88.1
126035643,"1","Centralizzato","Uptown, Cascina Merlata, Viale Certosa","Certosa",480,1,24,20,c(9.1497, 45.499),27.3041676322671,0.412350604968882,13.9
126440163,"1","Centralizzato","Udine, Lambrate","Quartiere Feltre",510,1,42.5,12,c(9.2454, 45.4879),12.0553365106542,10.2704917881408,28.1
126041993,"1","Centralizzato","Cimiano, Crescenzago, Adriano","Cimiano",540,1,30,18,c(9.2429, 45.5017),4.55460823928588,21.4222409099251,42.8
126040021,"1","Centralizzato","Pasteur, Rovereto","Pasteur",550,1,42.3076923076923,13,c(9.2128, 45.4897),6.33472280909918,1.83228342286951,26.6
126792003,"1","Centralizzato","Bisceglie, Baggio, Olmi","Quarto Cagnino",490,1,35,14,c(9.1114, 45.4725),10.6652774091959,15.3826110011638,88
125820647,"1","Centralizzato","Bicocca, Niguarda","Bignami - Ponale",420,1,26.25,16,c(9.2144, 45.5169),10.6855518863075,1.80356057028376,70.5
126387267,"1","Centralizzato","Quadronno, Palestro, Guastalla","Quadronno - Crocetta",390,1,30,13,c(9.1987, 45.4542),5.23858559074233,3.25073496308955,58.2
126848801,"1","Centralizzato","Centro","Brera",390,1,26,15,c(9.1924, 45.471),1.64082907943517,1.36897589546979,45
123802043,"1","Centralizzato","Bisceglie, Baggio, Olmi","Quarto Cagnino",570,1,57,10,c(9.1104, 45.4763),9.69909211649625,15.2396003037406,82.1
126038661,"1","Centralizzato","Pasteur, Rovereto","Pasteur",450,1,25,18,c(9.2175, 45.4893),1.78676310276238,3.89157653479457,23.1
125249443,"1","Centralizzato","Bisceglie, Baggio, Olmi","Quarto Cagnino",330,1,30,11,c(9.1129, 45.4719),10.0305235392415,14.2457659594932,87.8
127412009,"1","Centralizzato","Città Studi, Susa","Plebisciti - Susa",450,1,26.4705882352941,17,c(9.2235, 45.4668),2.74301600903846,7.20527840355128,20.6
119176667,"1","Centralizzato","Abbiategrasso, Chiesa Rossa","Gratosoglio",550,1,45.8333333333333,12,c(9.1742, 45.4163),22.7022907314777,3.11283577394874,128.6
126891317,"1","Centralizzato","Udine, Lambrate","Udine",380,1,29.2307692307692,13,c(9.2393, 45.4929),3.89416631699019,14.4396361289624,31.2
126628905,"1","Centralizzato","Maggiolina, Istria","Istria",520,1,40,13,c(9.1961, 45.4995),4.30803930965932,0.47170985737843,50.5
126982249,"1","Centralizzato","Udine, Lambrate","Udine",370,1,28.4615384615385,13,c(9.2393, 45.4929),3.89416631699019,14.4396361289624,31.2
126037937,"1","Centralizzato","Genova, Ticinese","Ticinese",510,1,34,15,c(9.184, 45.4558),3.08438660472558,4.11702417710398,66.5
126738977,"1","Centralizzato","Solari, Washington","Frua",530,1,33.125,16,c(9.1485, 45.4634),5.44813794926301,6.51680549501387,75.1
126269439,"1","Centralizzato","Udine, Lambrate","Quartiere Feltre",510,1,36.4285714285714,14,c(9.2454, 45.4879),12.0553365106542,10.2704917881408,28.1
127272277,"1","Autonomo","Maggiolina, Istria","Maggiolina",514,1,32.125,16,c(9.1984, 45.4941),5.72066205436288,1.60609321712585,41.4
90391271,"1","Assente","Abbiategrasso, Chiesa Rossa","Chiesa Rossa",430,2,7.81818181818182,22,c(9.1823, 45.4311),6.35935218206221,2.31867611559482,101.7
126348881,"2","Assente","Affori, Bovisa","Quarto Oggiaro",550,4,6.79012345679012,16.2,c(9.1314, 45.5096),30.4427974825887,0.352119623682704,34.9
126061169,"1","Assente","San Siro, Trenno","Monte Stella",570,3,6.33333333333333,24,c(9.1423, 45.4866),6.50524617191973,10.9931514417125,39.6
127024671,"1","Assente","Abbiategrasso, Chiesa Rossa","Pezzotti - Meda",550,3,7.14285714285714,20.5333333333333,c(9.1765, 45.4415),11.4124442040688,2.75736388897645,91.2
127425291,"1","Assente","Udine, Lambrate","Ortica",570,3,5.7,20,c(9.2385, 45.4704),8.96652208816353,2.15366793684505,23.4
127494230,"1","Assente","Bicocca, Niguarda","Greco - Segnano",500,1,5.74712643678161,20,c(9.2101, 45.5025),13.6883433308675,13.1994028793389,47.1
127214647,"1","Centralizzato","Cimiano, Crescenzago, Adriano","Cimiano",550,2,10,22,c(9.241, 45.4994),0.372266468147385,25.7638970071894,40.2
108018929,"1","Assente","Udine, Lambrate","Rubattino",450,1,28.125,16,c(9.2485, 45.4778),19.4913195488635,12.5219367534035,29.3
116888575,"1","Assente","Bicocca, Niguarda","Bicocca",300,1,15,20,c(9.2141, 45.5161),10.9096106640192,0.499604197809052,69.2
125886491,"1","Assente","Ponte Lambro, Santa Giulia","Santa Giulia",500,4,33.3333333333333,15,c(9.2444, 45.432),8.20818505974148,23.0443097730101,87.3
123192447,"1","Assente","Udine, Lambrate","Udine",550,3,7.43243243243243,19.7333333333333,c(9.2383, 45.4913),1.74482076808935,11.4717341928746,27.9
125384071,"1","Assente","Fiera, Sempione, City Life, Portello","Sempione",533,4,35.5333333333333,15,c(9.1629, 45.4845),4.5802735755038,2.40621423821237,40.5
122790894,"2","Assente","Bicocca, Niguarda","Ca' Granda",370,1,24.6666666666667,15,c(9.1925, 45.5081),10.607260200972,0.669373275389671,49.2
101473457,"1","Assente","Bicocca, Niguarda","Bignami - Ponale",530,3,6.23529411764706,22.6666666666667,c(9.2058, 45.5269),7.7784772888633,7.02925187782074,80.8
103669254,"1","Assente","Bicocca, Niguarda","Bruzzano",500,4,5.88235294117647,17,c(9.178, 45.5266),14.6486190002558,17.6187274519395,54.8
127578564,"1","Centralizzato","Affori, Bovisa","Bovisa",500,3,33.3333333333333,15,c(9.1647, 45.5032),18.5692864852566,1.41413304268856,10.4
113510169,"1","Assente","Abbiategrasso, Chiesa Rossa","Cermenate - Abbiategrasso",550,3,7.85714285714286,18.6666666666667,c(9.1811, 45.4361),11.5113877047851,3.88231455204908,97.5
126263537,"1","Assente","Città Studi, Susa","Città Studi",500,3,5.88235294117647,22.6666666666667,c(9.2278, 45.4843),6.72972663197481,8.72809115922216,9.3
126037307,"1","Centralizzato","Affori, Bovisa","Bovisa",530,1,58.8888888888889,9,c(9.1628, 45.5014),21.6607204484044,3.57233420678068,9.2
125982005,"1","Autonomo","Maggiolina, Istria","Cascina dei Pomi",400,1,30.7692307692308,13,c(9.2086, 45.4985),14.057674820727,11.0229753719593,42
124198031,"1","Centralizzato","Centrale, Repubblica","Buenos Aires",390,1,35.4545454545455,11,c(9.216, 45.4852),0.314969564833028,6.49849366409448,17.6
111724571,"1","Centralizzato","Bisceglie, Baggio, Olmi","Quarto Cagnino",400,1,20,20,c(9.1118, 45.4705),12.7507087325547,16.7066492480498,88.5
126040399,"1","Centralizzato","Famagosta, Barona","Barona",460,1,25.5555555555556,18,c(9.1539, 45.4421),17.0748117540868,8.65902141020778,105.1
125612381,"1","Centralizzato","Bisceglie, Baggio, Olmi","Quarto Cagnino",330,1,33,10,c(9.1116, 45.4714),11.7462507146206,16.0509020033985,88.8
125320229,"1","Centralizzato","Città Studi, Susa","Argonne - Corsica",425,1,32.6923076923077,13,c(9.2271, 45.466),4.47469138780868,6.60424298933779,20.8
126041633,"1","Centralizzato","Bicocca, Niguarda","Bignami - Ponale",520,1,43.3333333333333,12,c(9.2144, 45.5169),10.6855518863075,1.80356057028376,70.5
126035609,"1","Centralizzato","Abbiategrasso, Chiesa Rossa","Cermenate - Abbiategrasso",450,1,22.5,20,c(9.1771, 45.4349),8.47260006130529,1.13100996055552,100.6
127384525,"1","Assente","Bande Nere, Inganni","Inganni",450,3,6,20,c(9.11835, 45.4557),5.73839348064102,23.527713310791,100.1
126197413,"1","Centralizzato","Famagosta, Barona","Giambellino",330,1,20.625,16,c(9.1405, 45.4502),3.71930664302589,4.18314144868801,99.3
126042587,"1","Centralizzato","San Siro, Trenno","Gallaratese",530,1,21.2,25,c(9.1111, 45.4951),3.55083571150004,18.3687096298779,63
126116293,"1","Centralizzato","Bicocca, Niguarda","Greco - Segnano",370,1,20.5555555555556,18,c(9.2122, 45.5029),11.52092849291,14.6118663322858,46.3
126037935,"1","Centralizzato","Città Studi, Susa","Città Studi",440,1,27.5,16,c(9.2367, 45.4821),4.28281586504784,1.12449733017333,12.8
124565935,"1","Centralizzato","Uptown, Cascina Merlata, Viale Certosa","Ghisolfa - Mac Mahon",581,1,41.5,14,c(9.1625, 45.4921),14.1753380672244,2.05263327005315,28.8
127229193,"1","Centralizzato","Udine, Lambrate","Udine",380,1,27.1428571428571,14,c(9.2393, 45.4929),3.89416631699019,14.4396361289624,31.2
126040023,"1","Centralizzato","Pasteur, Rovereto","Pasteur",550,1,42.3076923076923,13,c(9.2128, 45.4897),6.33472280909918,1.83228342286951,26.6
127381577,"1","Centralizzato","Bicocca, Niguarda","Greco - Segnano",350,1,26.9230769230769,13,c(9.2122, 45.5029),11.52092849291,14.6118663322858,46.3
124523223,"1","Autonomo","Corvetto, Rogoredo","Corvetto",550,1,22.9166666666667,24,c(9.2293, 45.4386),2.85447866828944,22.5262305177956,67.7
127460356,"1","Centralizzato","Solari, Washington","Vercelli - Wagner",470,1,22.3809523809524,21,c(9.159, 45.4674),3.00244129166544,1.3915088679076,70.7
127459994,"1","Centralizzato","Cenisio, Sarpi, Isola","Isola",520,1,26,20,c(9.1913, 45.4889),2.23235526726239,1.38312386935294,45.4
127272351,"1","Centralizzato","Città Studi, Susa","Città Studi",420,1,35,12,c(9.2256, 45.4859),8.75709986403874,11.5162971141168,12
124313421,"1","Centralizzato","Bisceglie, Baggio, Olmi","Quarto Cagnino",340,1,28.3333333333333,12,c(9.1099, 45.4757),10.3493445631674,15.8667538796958,83.8
126296447,"1","Centralizzato","Precotto, Turro","Villa San Giovanni",450,1,26.4705882352941,17,c(9.2214, 45.5189),6.25379069007078,8.47111496826176,68.1
125874463,"1","Centralizzato","Udine, Lambrate","Udine",370,1,33.6363636363636,11,c(9.2393, 45.4929),3.89416631699019,14.4396361289624,31.2
126335209,"1","Centralizzato","Uptown, Cascina Merlata, Viale Certosa","Certosa",400,1,23.5294117647059,17,c(9.153, 45.494),22.176474891311,1.11708837064932,22
125392771,"1","Centralizzato","Udine, Lambrate","Udine",380,1,29.2307692307692,13,c(9.2393, 45.4929),3.89416631699019,14.4396361289624,31.2
126040005,"1","Autonomo","Maggiolina, Istria","Cascina dei Pomi",500,1,38.4615384615385,13,c(9.2086, 45.4985),14.057674820727,11.0229753719593,42
126440099,"1","Autonomo","Porta Vittoria, Lodi","Martini - Insubria",428,1,26.75,16,c(9.2199, 45.4558),19.1862758921123,3.36617175554827,40.6
125390839,"1","Autonomo","Maggiolina, Istria","Cascina dei Pomi",375,1,22.0588235294118,17,c(9.2131, 45.4994),9.78266036178202,8.56691004125178,41.6
122575014,"1","Centralizzato","Famagosta, Barona","Barona",575,1,52.2727272727273,11,c(9.1539, 45.4421),17.0748117540868,8.65902141020778,105.1
126726167,"1","Centralizzato","Centrale, Repubblica","Repubblica",560,1,56,10,c(9.2009, 45.4772),5.29631065300424,0.583237070315599,33.8
126628911,"1","Centralizzato","Fiera, Sempione, City Life, Portello","Sempione",400,1,33.3333333333333,12,c(9.1601, 45.4808),2.47687200152647,1.30948422702796,47.7
125532099,"1","Centralizzato","Bisceglie, Baggio, Olmi","Quarto Cagnino",330,1,27.5,12,c(9.1118, 45.4705),12.7507087325547,16.7066492480498,88.5
122574720,"1","Autonomo","Precotto, Turro","Precotto",520,1,40,13,c(9.2286, 45.5131),5.36802376649685,1.78851671869705,57.7
123496511,"1","Centralizzato","Abbiategrasso, Chiesa Rossa","Pezzotti - Meda",550,1,22,25,c(9.1861, 45.441),21.8463686274621,3.61902068843286,86.1
126037309,"1","Centralizzato","Affori, Bovisa","Bovisa",570,1,63.3333333333333,9,c(9.1628, 45.5014),21.6607204484044,3.57233420678068,9.2
123791083,"1","Centralizzato","Uptown, Cascina Merlata, Viale Certosa","Ghisolfa - Mac Mahon",529,1,35.2666666666667,15,c(9.1625, 45.4921),14.1753380672244,2.05263327005315,28.8
124967219,"1","Centralizzato","Bisceglie, Baggio, Olmi","Quarto Cagnino",350,1,26.9230769230769,13,c(9.1129, 45.4719),10.0305235392415,14.2457659594932,87.8
126440165,"1","Centralizzato","Quadronno, Palestro, Guastalla","Quadronno - Crocetta",380,1,19,20,c(9.1987, 45.4542),5.23858559074233,3.25073496308955,58.2
126037933,"1","Centralizzato","Città Studi, Susa","Città Studi",440,1,27.5,16,c(9.2367, 45.4821),4.28281586504784,1.12449733017333,12.8
124484943,"1","Centralizzato","Udine, Lambrate","Udine",380,1,29.2307692307692,13,c(9.2393, 45.4929),3.89416631699019,14.4396361289624,31.2
126116285,"1","Centralizzato","Quadronno, Palestro, Guastalla","Quadronno - Crocetta",540,1,49.0909090909091,11,c(9.2023, 45.4558),7.47717374970046,2.4218452302328,52.1
126936601,"1","Centralizzato","Precotto, Turro","Villa San Giovanni",440,1,27.5,16,c(9.2214, 45.5189),6.25379069007078,8.47111496826176,68.1
125727227,"1","Centralizzato","Bisceglie, Baggio, Olmi","Quarto Cagnino",330,1,41.25,8,c(9.1116, 45.4714),11.7462507146206,16.0509020033985,88.8
125508029,"1","Centralizzato","San Siro, Trenno","San Siro",550,1,34.375,16,c(9.1454, 45.4686),6.29744450934018,2.28110695533118,65.8
125612379,"1","Centralizzato","Solari, Washington","Vercelli - Wagner",450,1,32.1428571428572,14,c(9.1563, 45.4694),2.1321855850273,4.75226295553237,66.5
127301331,"1","Centralizzato","Bicocca, Niguarda","Ca' Granda",535,1,33.4375,16,c(9.1947, 45.5075),7.83422479592693,0.371976047102814,51.5
126035613,"1","Centralizzato","Abbiategrasso, Chiesa Rossa","Cermenate - Abbiategrasso",480,1,24,20,c(9.1771, 45.4349),8.47260006130529,1.13100996055552,100.6
127042597,"1","Centralizzato","Solari, Washington","Dezza",420,1,24.7058823529412,17,c(9.1594, 45.4591),2.79626108991748,5.96957313575963,83.2
109845551,"1","Centralizzato","Bande Nere, Inganni","Primaticcio",350,1,23.3333333333333,15,c(9.1316, 45.4545),9.01112007939757,15.0342955582208,94
125485385,"1","Assente","Abbiategrasso, Chiesa Rossa","Cermenate - Abbiategrasso",550,3,7.85714285714286,18.6666666666667,c(9.178, 45.4367),11.6174307736854,0.922968036780749,97.2
127187821,"1","Autonomo","Città Studi, Susa","Città Studi",400,2,16,25,c(9.22647, 45.484),5.65053402556241,8.13774162318183,8.1
127296377,NA,"Centralizzato","San Siro, Trenno","Gallaratese",550,NA,27.5,20,c(9.10403, 45.5039),5.66419799539747,20.4370682561229,64.6
123123651,"1","Autonomo","Famagosta, Barona","Giambellino",400,1,21.0526315789474,19,c(9.1272, 45.4468),4.52531243297752,5.15735318361501,108.4
125249437,"1","Centralizzato","Precotto, Turro","Villa San Giovanni",330,1,22,15,c(9.2214, 45.5189),6.25379069007078,8.47111496826176,68.1
126628909,"1","Centralizzato","Bande Nere, Inganni","Gambara",250,1,15.625,16,c(9.1389, 45.4667),5.89616135092889,10.2606709293458,71
126040437,"1","Centralizzato","Famagosta, Barona","Barona",450,1,30,15,c(9.1539, 45.4421),17.0748117540868,8.65902141020778,105.1
126040383,"1","Centralizzato","Famagosta, Barona","Barona",430,1,28.6666666666667,15,c(9.1539, 45.4421),17.0748117540868,8.65902141020778,105.1
126042093,"1","Autonomo","Affori, Bovisa","Affori",550,1,25,22,c(9.1693, 45.5152),6.3728044419108,22.550703919317,32.1
124198077,"1","Autonomo","Uptown, Cascina Merlata, Viale Certosa","Certosa",550,1,45.8333333333333,12,c(9.152, 45.4969),26.2550552344359,1.8254462473867,16.1
127352409,"1","Centralizzato","Bande Nere, Inganni","Gambara",350,1,21.875,16,c(9.1389, 45.4667),5.89616135092889,10.2606709293458,71
127303565,"1","Autonomo","Forlanini","Viale Ungheria - Mecenate",585,4,9.28571428571429,12.6,c(9.24407, 45.4555),12.1375537569657,0.633478553342092,47.3
120133434,"1","Centralizzato","Cimiano, Crescenzago, Adriano","Crescenzago",350,1,14,25,c(9.2471, 45.5058),1.81814613471451,14.2128012955129,51.2
126628907,"1","Centralizzato","Precotto, Turro","Gorla",350,1,26.9230769230769,13,c(9.2237, 45.5053),1.94699917491491,14.3638703464496,44.4
125058101,"1","Centralizzato","Solari, Washington","Dezza",380,1,31.6666666666667,12,c(9.159, 45.4605),5.1735301467481,5.32876441135201,80.8
127570108,"2","Autonomo","Pasteur, Rovereto","Rovereto",575,5,5.32407407407407,17.28,c(9.21396, 45.4936),7.51059503496684,2.76386352194017,31.8
125846611,"1","Centralizzato","Affori, Bovisa","Dergano",355,1,14.2,25,c(9.1802, 45.4975),5.89188930975954,3.71227384757395,31
127091477,"1","Centralizzato","Quadronno, Palestro, Guastalla","Quadronno - Crocetta",380,1,19,20,c(9.1987, 45.4542),5.23858559074233,3.25073496308955,58.2
125820441,"1","Centralizzato","Affori, Bovisa","Dergano",355,1,14.2,25,c(9.1802, 45.4975),5.89188930975954,3.71227384757395,31
126242283,"1","Centralizzato","Quadronno, Palestro, Guastalla","Quadronno - Crocetta",380,1,22.3529411764706,17,c(9.1987, 45.4542),5.23858559074233,3.25073496308955,58.2
88806159,NA,"Centralizzato","Porta Romana, Cadore, Montenero","Porta Romana - Medaglie d'Oro",550,NA,27.5,20,c(9.20405, 45.4496),3.50514660873678,3.76917242272401,57.9
126367645,"1","Centralizzato","Solari, Washington","Washington",400,1,36.3636363636364,11,c(9.152, 45.4605),9.04279211351758,11.4767396818113,81.2
127570498,"2","Autonomo","Pasteur, Rovereto","Rovereto",575,5,5.32407407407407,17.28,c(9.21396, 45.4936),7.51059503496684,2.76386352194017,31.8
126037303,"1","Autonomo","Bicocca, Niguarda","Greco - Segnano",520,1,34.6666666666667,15,c(9.2047, 45.5082),4.67049443400318,3.45499123397985,59.7
125058115,"1","Centralizzato","Precotto, Turro","Gorla",390,1,22.9411764705882,17,c(9.2237, 45.5053),1.94699917491491,14.3638703464496,44.4
123287961,"1","Centralizzato","Abbiategrasso, Chiesa Rossa","Pezzotti - Meda",550,1,22,25,c(9.1861, 45.441),21.8463686274621,3.61902068843286,86.1
126792005,"1","Centralizzato","Quadronno, Palestro, Guastalla","Quadronno - Crocetta",420,1,21,20,c(9.1987, 45.4542),5.23858559074233,3.25073496308955,58.2
126040489,"1","Centralizzato","Uptown, Cascina Merlata, Viale Certosa","Certosa",585,1,53.1818181818182,11,c(9.1533, 45.4972),27.4324506115893,0.6027147793024,15.4
118262075,"1","Centralizzato","Pasteur, Rovereto","Pasteur",340,1,18.8888888888889,18,c(9.2113, 45.4909),8.15117599276159,4.15721240860181,29.7
125261501,"1","Centralizzato","Città Studi, Susa","Casoretto",550,1,39.2857142857143,14,c(9.23366, 45.4874),5.63938910336109,5.63472722088937,17.9
124540509,"1","Centralizzato","Città Studi, Susa","Casoretto",540,1,27,20,c(9.23366, 45.4874),5.63938910336109,5.63472722088937,17.9
127237019,"1","Centralizzato","Uptown, Cascina Merlata, Viale Certosa","Musocco",500,2,7.35294117647059,20,c(9.12358, 45.5042),18.3387028025269,2.25642771246493,43.2
122575204,"1","Centralizzato","Pasteur, Rovereto","Pasteur",460,1,20.9090909090909,22,c(9.2113, 45.4909),8.15117599276159,4.15721240860181,29.7
125820681,"1","Autonomo","Affori, Bovisa","Affori",550,1,25,22,c(9.1693, 45.5152),6.3728044419108,22.550703919317,32.1
123975797,"1","Autonomo","Cimiano, Crescenzago, Adriano","Crescenzago",490,1,20.4166666666667,24,c(9.2386, 45.5051),9.99108722205581,17.4554297056302,47.7
126040493,"1","Centralizzato","Uptown, Cascina Merlata, Viale Certosa","Certosa",580,1,58,10,c(9.1516, 45.4963),25.1712912368252,2.89310385754781,17
126040499,"1","Centralizzato","Uptown, Cascina Merlata, Viale Certosa","Certosa",400,1,40,10,c(9.1516, 45.4963),25.1712912368252,2.89310385754781,17
125249449,"1","Centralizzato","Maggiolina, Istria","Cascina dei Pomi",250,1,15.625,16,c(9.2078, 45.4925),9.65835439367344,3.20110743434182,33.5
122574360,"1","Centralizzato","Uptown, Cascina Merlata, Viale Certosa","Certosa",440,1,48.8888888888889,9,c(9.1508, 45.4976),26.1792773483875,2.47373820498754,14.8
125874457,"1","Centralizzato","San Siro, Trenno","San Siro",420,1,42,10,c(9.132, 45.4745),4.5119660640558,2.68427098039459,64.5
119895384,"1","Centralizzato","Famagosta, Barona","Cantalupa - San Paolo",390,1,21.6666666666667,18,c(9.1683, 45.4268),7.06808892728253,10.9160857454784,115.9
126040497,"1","Centralizzato","Uptown, Cascina Merlata, Viale Certosa","Certosa",400,1,40,10,c(9.1516, 45.4963),25.1712912368252,2.89310385754781,17
124565481,"1","Autonomo","Udine, Lambrate","Lambrate",570,1,35.625,16,c(9.2398, 45.4823),6.32510006341548,1.75755770429405,15.2
126040447,"1","Centralizzato","Famagosta, Barona","Famagosta",475,1,15.8333333333333,20,c(9.1736, 45.4399),8.46950037560577,6.10491045811026,95.7
114543593,"1","Centralizzato","Cimiano, Crescenzago, Adriano","Crescenzago",350,1,14,25,c(9.2471, 45.5058),1.81814613471451,14.2128012955129,51.2
123468207,"1","Centralizzato","Cimiano, Crescenzago, Adriano","Crescenzago",350,1,14,25,c(9.2471, 45.5058),1.81814613471451,14.2128012955129,51.2
126040473,"1","Centralizzato","Famagosta, Barona","Famagosta",450,1,25,18,c(9.175, 45.4404),10.3554524855245,4.43198148530575,93.4
126131507,"2","Centralizzato","Città Studi, Susa","Argonne - Corsica",540,1,41.5384615384615,13,c(9.23153, 45.4675),1.13947480393184,6.09204807460871,21.1
127541456,"1","Assente","Affori, Bovisa","Bovisasca",550,3,6.875,21.3333333333333,c(9.15212, 45.5144),23.3360727374821,21.429783046011,32.2
118095151,"1","Centralizzato","Centrale, Repubblica","Buenos Aires",380,1,10.8571428571429,20,c(9.2148, 45.483),2.4867469165387,7.33988083717759,17.8
127042593,"1","Centralizzato","Quadronno, Palestro, Guastalla","Guastalla",440,1,36.6666666666667,12,c(9.2006, 45.4588),7.53222404623553,3.3303859879317,50.5
126040405,"1","Centralizzato","Famagosta, Barona","Famagosta",450,1,25,18,c(9.175, 45.4404),10.3554524855245,4.43198148530575,93.4
126041469,"1","Centralizzato","Abbiategrasso, Chiesa Rossa","Chiesa Rossa",500,1,38.4615384615385,13,c(9.1799, 45.4231),12.3891609115631,3.63601908076992,119.9
126041453,"1","Centralizzato","Abbiategrasso, Chiesa Rossa","Gratosoglio",500,1,41.6666666666667,12,c(9.1699, 45.4146),17.7358741178668,6.04083165566631,135.8
127462660,"1","Autonomo","Uptown, Cascina Merlata, Viale Certosa","Certosa",565,4,8.07142857142857,14,c(9.14426, 45.4945),17.1543073498478,0.772316414326131,23.4
126036949,"1","Autonomo","Affori, Bovisa","Bovisa",450,1,37.5,12,c(9.162, 45.5035),21.7011024512537,4.37096137880175,7.8
123802111,"1","Centralizzato","Uptown, Cascina Merlata, Viale Certosa","Certosa",500,1,35.7142857142857,14,c(9.1523, 45.4911),17.0826315946191,1.09641304368402,27.6
127490312,"2","Autonomo","Cimiano, Crescenzago, Adriano","Quartiere Adriano",535,4,35.6666666666667,15,c(9.23604, 45.5151),12.7758436462327,1.06897928325161,65.7
125874391,"1","Centralizzato","Pasteur, Rovereto","Pasteur",400,1,20,20,c(9.2199, 45.4927),4.82499738764597,4.6429049119449,25.9
125727157,"1","Centralizzato","Bande Nere, Inganni","Inganni",580,1,58,10,c(9.1199, 45.456),3.93945414815649,23.2539739238483,98.5
126469597,"1","Centralizzato","Bande Nere, Inganni","Gambara",570,1,57,10,c(9.1447, 45.462),5.45254846477641,10.6949151213948,77.8
125391743,"1","Centralizzato","Porta Vittoria, Lodi","Bologna - Sulmona",540,1,49.0909090909091,11,c(9.2279, 45.4447),9.26095972153026,11.8692560834364,58.8
127412021,"1","Centralizzato","Maggiolina, Istria","Istria",450,1,20.4545454545454,22,c(9.1961, 45.4995),4.30803930965932,0.47170985737843,50.5
125391349,"1","Centralizzato","Corvetto, Rogoredo","Corvetto",500,1,45.4545454545455,11,c(9.2071, 45.4399),12.7614485705558,8.81073799618591,74.2
125874393,"1","Centralizzato","Pasteur, Rovereto","Pasteur",400,1,20,20,c(9.2199, 45.4927),4.82499738764597,4.6429049119449,25.9
125391133,"1","Autonomo","Precotto, Turro","Turro",540,1,54,10,c(9.2254, 45.5016),5.73739167663179,16.2197174262016,37
125392439,"1","Centralizzato","Uptown, Cascina Merlata, Viale Certosa","Certosa",530,1,44.1666666666667,12,c(9.1411, 45.4988),22.7183566884548,1.42213571599759,19.5
125909491,"1","Centralizzato","Maggiolina, Istria","Maggiolina",525,1,52.5,10,c(9.2028, 45.4981),8.48963673343112,7.56754554131124,47.5
123802639,"1","Centralizzato","Uptown, Cascina Merlata, Viale Certosa","Certosa",355,1,22.1875,16,c(9.1533, 45.4972),27.4324506115893,0.6027147793024,15.4
125846821,"1","Centralizzato","Bande Nere, Inganni","Gambara",560,1,32.9411764705882,17,c(9.1447, 45.462),5.45254846477641,10.6949151213948,77.8
126040013,"1","Centralizzato","Pasteur, Rovereto","Pasteur",500,1,38.4615384615385,13,c(9.2127, 45.4899),6.4097059566726,1.96619879499484,26.9
125392307,"1","Centralizzato","Porta Vittoria, Lodi","Bologna - Sulmona",560,1,43.0769230769231,13,c(9.2279, 45.4447),9.26095972153026,11.8692560834364,58.8
125391359,"1","Autonomo","Affori, Bovisa","Affori",530,1,31.1764705882353,17,c(9.1733, 45.518),7.77357946845828,22.7594478216327,39.5
126936497,"1","Autonomo","Fiera, Sempione, City Life, Portello","Monte Rosa - Lotto",570,1,51.8181818181818,11,c(9.145, 45.4752),6.01563184938676,5.47848118278944,55.8
125846871,"1","Centralizzato","San Siro, Trenno","San Siro",465,1,35.7692307692308,13,c(9.1255, 45.4719),8.39208898408249,7.4148453637048,74.9
125495425,"1","Centralizzato","Pasteur, Rovereto","Pasteur",575,1,35.9375,16,c(9.2137, 45.4874),4.53522280836982,1.78404363321079,21.5
126726055,"1","Centralizzato","Centrale, Repubblica","Buenos Aires",565,1,56.5,10,c(9.2109, 45.4848),2.01189662680927,1.73582281136128,21.9
126726053,"1","Centralizzato","Centrale, Repubblica","Buenos Aires",550,1,55,10,c(9.2109, 45.4848),2.01189662680927,1.73582281136128,21.9
126040017,"1","Centralizzato","Pasteur, Rovereto","Pasteur",500,1,38.4615384615385,13,c(9.2127, 45.4899),6.4097059566726,1.96619879499484,26.9
125392761,"1","Centralizzato","San Siro, Trenno","San Siro",500,1,27.7777777777778,18,c(9.1252, 45.4748),5.15522835964957,2.38942066495277,70.9
125846973,"1","Centralizzato","Bisceglie, Baggio, Olmi","Quarto Cagnino",540,1,45,12,c(9.1114, 45.4723),10.8790340599831,15.5285491689693,88.3
125392345,"1","Assente","Fiera, Sempione, City Life, Portello","Monte Rosa - Lotto",540,1,54,10,c(9.1436, 45.4845),8.33597972431378,13.4074344869903,40.4
125391833,"1","Assente","Fiera, Sempione, City Life, Portello","Monte Rosa - Lotto",585,1,36.5625,16,c(9.1436, 45.4845),8.33597972431378,13.4074344869903,40.4
126511711,"1","Centralizzato","Bisceglie, Baggio, Olmi","Quarto Cagnino",520,1,52,10,c(9.11, 45.4762),10.1862872513978,15.7254476554417,84
127381565,"1","Centralizzato","Porta Venezia, Indipendenza","Porta Venezia",550,1,42.3076923076923,13,c(9.2107, 45.4748),5.93614158998768,0.162127125246825,21.8
125392781,"1","Centralizzato","Affori, Bovisa","Bovisa",345,1,23,15,c(9.1616, 45.5038),22.1050744360949,5.03291255098873,8.1
125392533,"1","Centralizzato","San Siro, Trenno","San Siro",500,1,26.3157894736842,19,c(9.1252, 45.4748),5.15522835964957,2.38942066495277,70.9
126037807,"1","Autonomo","Uptown, Cascina Merlata, Viale Certosa","Certosa",470,1,39.1666666666667,12,c(9.1492, 45.4969),24.0085430135291,3.83162394507137,16.3
126726121,"1","Centralizzato","Forlanini","Quartiere Forlanini",495,1,45,11,c(9.249, 45.4565),14.1909762365309,5.20466822482175,51.3
126052389,"1","Centralizzato","San Siro, Trenno","San Siro",390,1,26,15,c(9.14221, 45.4779),3.03116499774885,6.01224857393528,51.4
126726075,"1","Autonomo","Fiera, Sempione, City Life, Portello","Monte Rosa - Lotto",570,1,35.625,16,c(9.145, 45.4752),6.01563184938676,5.47848118278944,55.8
127118759,"1","Centralizzato","Bande Nere, Inganni","Lorenteggio",575,1,57.5,10,c(9.1394, 45.4528),4.00298204157656,8.27779613873216,94.5
126726071,"1","Autonomo","Fiera, Sempione, City Life, Portello","Monte Rosa - Lotto",570,1,40.7142857142857,14,c(9.145, 45.4752),6.01563184938676,5.47848118278944,55.8
126041235,"1","Centralizzato","Bande Nere, Inganni","Lorenteggio",555,1,50.4545454545455,11,c(9.1379, 45.4535),6.17714623169588,10.3091927491775,94.3
125418717,"1","Centralizzato","Uptown, Cascina Merlata, Viale Certosa","Certosa",560,1,46.6666666666667,12,c(9.1411, 45.4988),22.7183566884548,1.42213571599759,19.5
125277877,"1","Centralizzato","Bisceglie, Baggio, Olmi","Quarto Cagnino",330,1,23.5714285714286,14,c(9.1095, 45.4749),11.0401823363947,16.4790096434682,85.7
125846609,"1","Centralizzato","Pasteur, Rovereto","Pasteur",400,1,20,20,c(9.2199, 45.4927),4.82499738764597,4.6429049119449,25.9
125909425,"1","Autonomo","Uptown, Cascina Merlata, Viale Certosa","Musocco",350,1,19.4444444444444,18,c(9.1288, 45.5085),27.3947837956868,3.42797498301177,37
125320159,"1","Autonomo","Precotto, Turro","Villa San Giovanni",500,1,41.6666666666667,12,c(9.2287, 45.5202),5.6953264134618,7.28639541027218,67.9
125598975,"1","Centralizzato","Uptown, Cascina Merlata, Viale Certosa","Certosa",550,1,26.1904761904762,21,c(9.1411, 45.4988),22.7183566884548,1.42213571599759,19.5
127412025,"1","Centralizzato","Maggiolina, Istria","Istria",450,1,20.4545454545454,22,c(9.1961, 45.4995),4.30803930965932,0.47170985737843,50.5
126040495,"1","Centralizzato","Uptown, Cascina Merlata, Viale Certosa","Certosa",490,1,49,10,c(9.1516, 45.4963),25.1712912368252,2.89310385754781,17
123123617,"1","Autonomo","Pasteur, Rovereto","Pasteur",500,1,38.4615384615385,13,c(9.2127, 45.4899),6.4097059566726,1.96619879499484,26.9
126040077,"1","Centralizzato","Pasteur, Rovereto","Pasteur",500,1,38.4615384615385,13,c(9.2127, 45.4899),6.4097059566726,1.96619879499484,26.9
125392631,"1","Centralizzato","Corvetto, Rogoredo","Corvetto",585,1,32.5,18,c(9.2117, 45.4391),10.4722221001643,14.3108597409128,72
126413335,"1","Centralizzato","Porta Vittoria, Lodi","Molise - Cuoco",530,1,37.8571428571428,14,c(9.224, 45.4562),20.5705266696245,1.8340148400107,37.3
123809285,"1","Centralizzato","Abbiategrasso, Chiesa Rossa","Cermenate - Abbiategrasso",500,1,55.5555555555556,9,c(9.1791, 45.4332),5.93271219603221,1.66287288318835,103.1
126936495,"1","Autonomo","Fiera, Sempione, City Life, Portello","Monte Rosa - Lotto",585,1,48.75,12,c(9.145, 45.4752),6.01563184938676,5.47848118278944,55.8
125390933,"1","Centralizzato","Uptown, Cascina Merlata, Viale Certosa","Certosa",470,1,47,10,c(9.1411, 45.4988),22.7183566884548,1.42213571599759,19.5
125391185,"1","Centralizzato","San Siro, Trenno","San Siro",490,1,32.6666666666667,15,c(9.1255, 45.4719),8.39208898408249,7.4148453637048,74.9
127197743,"1","Centralizzato","Bande Nere, Inganni","Gambara",500,1,38.4615384615385,13,c(9.1389, 45.4667),5.89616135092889,10.2606709293458,71
126037815,"1","Autonomo","Uptown, Cascina Merlata, Viale Certosa","Certosa",330,1,22,15,c(9.1492, 45.4969),24.0085430135291,3.83162394507137,16.3
125391985,"1","Autonomo","Abbiategrasso, Chiesa Rossa","Gratosoglio",535,1,44.5833333333333,12,c(9.1813, 45.4154),25.7895335640201,8.00760224087357,130.9
126040015,"1","Centralizzato","Pasteur, Rovereto","Pasteur",500,1,38.4615384615385,13,c(9.2127, 45.4899),6.4097059566726,1.96619879499484,26.9
125391469,"1","Centralizzato","Porta Vittoria, Lodi","Molise - Cuoco",515,1,34.3333333333333,15,c(9.224, 45.4562),20.5705266696245,1.8340148400107,37.3
125391151,"1","Centralizzato","Bande Nere, Inganni","Bande Nere",575,1,31.9444444444444,18,c(9.1319, 45.4592),3.25084165249197,21.9992308363591,86.3
125598787,"1","Autonomo","Uptown, Cascina Merlata, Viale Certosa","Musocco",380,1,21.1111111111111,18,c(9.1288, 45.5085),27.3947837956868,3.42797498301177,37
126040095,"1","Autonomo","Pasteur, Rovereto","Pasteur",400,1,30.7692307692308,13,c(9.2127, 45.4899),6.4097059566726,1.96619879499484,26.9
125846877,"1","Centralizzato","San Siro, Trenno","San Siro",565,1,33.2352941176471,17,c(9.1255, 45.4719),8.39208898408249,7.4148453637048,74.9
125622421,"1","Centralizzato","Maggiolina, Istria","Cascina dei Pomi",500,1,38.4615384615385,13,c(9.2078, 45.4924),9.57652723518805,3.09204781708393,33
125392297,"1","Centralizzato","San Siro, Trenno","San Siro",480,1,32,15,c(9.1255, 45.4719),8.39208898408249,7.4148453637048,74.9
126791905,"1","Centralizzato","San Siro, Trenno","Gallaratese",510,1,31.875,16,c(9.1194, 45.4851),12.1755956609971,16.0807528946597,59.7
126726069,"1","Autonomo","Fiera, Sempione, City Life, Portello","Monte Rosa - Lotto",570,1,27.1428571428571,21,c(9.145, 45.4752),6.01563184938676,5.47848118278944,55.8
126726127,"1","Centralizzato","Forlanini","Quartiere Forlanini",495,1,38.0769230769231,13,c(9.249, 45.4565),14.1909762365309,5.20466822482175,51.3
123123623,"1","Autonomo","Precotto, Turro","Villa San Giovanni",500,1,41.6666666666667,12,c(9.2287, 45.5202),5.6953264134618,7.28639541027218,67.9
125391599,"1","Centralizzato","Cenisio, Sarpi, Isola","Zara",575,1,38.3333333333333,15,c(9.1889, 45.4954),6.1681239892639,4.27321422749553,42.2
126469629,"1","Centralizzato","Solari, Washington","Washington",400,1,36.3636363636364,11,c(9.152, 45.4605),9.04279211351758,11.4767396818113,81.2
125391415,"1","Centralizzato","Maggiolina, Istria","Maggiolina",540,1,49.0909090909091,11,c(9.2037, 45.4955),10.4249736194417,5.26525563296369,41.5
126726051,"1","Autonomo","Fiera, Sempione, City Life, Portello","Monte Rosa - Lotto",545,1,45.4166666666667,12,c(9.145, 45.4752),6.01563184938676,5.47848118278944,55.8
126726063,"1","Centralizzato","Forlanini","Quartiere Forlanini",515,1,27.1052631578947,19,c(9.249, 45.4565),14.1909762365309,5.20466822482175,51.3
126167047,"1","Centralizzato","Centrale, Repubblica","Buenos Aires",545,1,36.3333333333333,15,c(9.2032, 45.4789),6.47931621710577,0.417103358851848,31
126269419,"1","Centralizzato","Maggiolina, Istria","Maggiolina",545,1,27.25,20,c(9.2054, 45.496),12.0490001818806,6.59889318348842,40.3
125391959,"1","Centralizzato","Centrale, Repubblica","Buenos Aires",545,1,36.3333333333333,15,c(9.2032, 45.4789),6.47931621710577,0.417103358851848,31
127646582,"1","Autonomo","Bicocca, Niguarda","Bicocca",490,3,9.8,13.3333333333333,c(9.20888, 45.5164),5.17097038536379,3.06036177238418,70
125391863,"1","Centralizzato","Maggiolina, Istria","Maggiolina",565,1,24.5652173913044,23,c(9.2057, 45.4965),12.9553101368675,7.53939355778469,40.9
127229145,"1","Centralizzato","Cenisio, Sarpi, Isola","Isola",535,1,44.5833333333333,12,c(9.1957, 45.4917),3.80183162516857,4.14847734436118,41
126037775,"1","Centralizzato","Uptown, Cascina Merlata, Viale Certosa","Certosa",350,1,23.3333333333333,15,c(9.1492, 45.4969),24.0085430135291,3.83162394507137,16.3
126726135,"1","Autonomo","Fiera, Sempione, City Life, Portello","Monte Rosa - Lotto",570,1,33.5294117647059,17,c(9.145, 45.4752),6.01563184938676,5.47848118278944,55.8
125953401,"1","Centralizzato","Solari, Washington","Solari",555,1,23.125,24,c(9.1578, 45.4522),7.88590155225392,3.06576836161794,92.3
126040511,"1","Centralizzato","Uptown, Cascina Merlata, Viale Certosa","Certosa",460,1,28.75,16,c(9.1533, 45.4972),27.4324506115893,0.6027147793024,15.4
127351465,"2","Centralizzato","San Siro, Trenno","Gallaratese",500,1,35.7142857142857,14,c(9.12786, 45.4952),9.54737956159695,8.2971612086221,41.5
126413373,"1","Centralizzato","Maggiolina, Istria","Maggiolina",530,1,40.7692307692308,13,c(9.2037, 45.4955),10.4249736194417,5.26525563296369,41.5
126469609,"1","Centralizzato","Bande Nere, Inganni","Gambara",550,1,61.1111111111111,9,c(9.1425, 45.4629),3.54643980076847,11.3787804633672,76.9
125391521,"1","Centralizzato","Porta Venezia, Indipendenza","Porta Venezia",585,1,45,13,c(9.2032, 45.4783),6.10955668079515,0.209185189204575,30.9
125390875,"1","Centralizzato","Bande Nere, Inganni","Gambara",570,1,63.3333333333333,9,c(9.1447, 45.462),5.45254846477641,10.6949151213948,77.8
126040051,"1","Autonomo","Bande Nere, Inganni","Gambara",550,1,36.6666666666667,15,c(9.1393, 45.4664),5.21133594068364,10.1730772348107,71.1
126269423,"1","Autonomo","Affori, Bovisa","Affori",535,1,29.7222222222222,18,c(9.1733, 45.518),7.77357946845828,22.7594478216327,39.5
125475375,"1","Centralizzato","Bande Nere, Inganni","Lorenteggio",480,1,53.3333333333333,9,c(9.1394, 45.4528),4.00298204157656,8.27779613873216,94.5
125392177,"1","Centralizzato","Maggiolina, Istria","Maggiolina",530,1,53,10,c(9.2028, 45.4981),8.48963673343112,7.56754554131124,47.5
125993223,"1","Centralizzato","Solari, Washington","Washington",400,1,36.3636363636364,11,c(9.152, 45.4605),9.04279211351758,11.4767396818113,81.2
126469617,"1","Autonomo","Abbiategrasso, Chiesa Rossa","Gratosoglio",495,1,38.0769230769231,13,c(9.1788, 45.4193),18.6565035454939,4.20871112273497,123.7
120133440,"1","Centralizzato","Cimiano, Crescenzago, Adriano","Crescenzago",350,1,14,25,c(9.2471, 45.5058),1.81814613471451,14.2128012955129,51.2
125391725,"1","Centralizzato","San Siro, Trenno","San Siro",560,1,56,10,c(9.144, 45.4672),4.14041847443699,5.20893548724671,68.2
127179971,"1","Assente","Bicocca, Niguarda","Niguarda",575,NA,44.2307692307692,13,c(9.1922, 45.5159),16.1628381176998,2.71912603158153,55
125622445,"1","Centralizzato","Centrale, Repubblica","Centrale",585,1,45,13,c(9.2077, 45.4848),2.26521659010899,1.86030486551296,25.5
126080013,"1","Centralizzato","Corvetto, Rogoredo","Corvetto",545,1,36.3333333333333,15,c(9.2156, 45.4373),10.1257183320279,18.3954538275367,73.2
125392237,"1","Centralizzato","Uptown, Cascina Merlata, Viale Certosa","Certosa",570,1,31.6666666666667,18,c(9.1411, 45.4988),22.7183566884548,1.42213571599759,19.5
125598837,"1","Centralizzato","Maggiolina, Istria","Maggiolina",520,1,32.5,16,c(9.2028, 45.4981),8.48963673343112,7.56754554131124,47.5
125846765,"1","Centralizzato","Corvetto, Rogoredo","Corvetto",520,1,34.6666666666667,15,c(9.2156, 45.4373),10.1257183320279,18.3954538275367,73.2
125953379,"1","Centralizzato","Corvetto, Rogoredo","Corvetto",540,1,41.5384615384615,13,c(9.2071, 45.4399),12.7614485705558,8.81073799618591,74.2
125391507,"1","Centralizzato","Bande Nere, Inganni","Gambara",550,1,55,10,c(9.1425, 45.4629),3.54643980076847,11.3787804633672,76.9
126936491,"1","Autonomo","Fiera, Sempione, City Life, Portello","Monte Rosa - Lotto",570,1,51.8181818181818,11,c(9.145, 45.4752),6.01563184938676,5.47848118278944,55.8
127010017,"1","Centralizzato","Pasteur, Rovereto","Pasteur",535,1,44.5833333333333,12,c(9.2125, 45.4907),6.65735126734909,2.73335021520388,27.8
127381561,"1","Centralizzato","Porta Venezia, Indipendenza","Porta Venezia",550,1,42.3076923076923,13,c(9.2107, 45.4748),5.93614158998768,0.162127125246825,21.8
125392779,"1","Centralizzato","Affori, Bovisa","Bovisa",345,1,23,15,c(9.1616, 45.5038),22.1050744360949,5.03291255098873,8.1
127138791,"1","Centralizzato","Uptown, Cascina Merlata, Viale Certosa","Certosa",545,1,34.0625,16,c(9.1411, 45.4988),22.7183566884548,1.42213571599759,19.5
125746805,"1","Assente","Napoli, Soderini","Piazza Napoli",550,2,7.85714285714286,20,c(9.1521, 45.4535),3.4304446438208,2.71420192066064,90.7
121157720,NA,"Centralizzato","Città Studi, Susa","Città Studi",500,1,35.7142857142857,14,c(9.23543, 45.4846),0.339579719830059,0.693254980034189,14.7
126101853,"1","Centralizzato","Città Studi, Susa","Città Studi",400,2,16,25,c(9.22892, 45.4834),6.27782517523396,7.16907163837161,8.7
126813579,"1","Centralizzato","Udine, Lambrate","Udine",550,1,36.6666666666667,15,c(9.23723, 45.4878),6.13737094471019,5.27083986792759,21.7
127420135,"2","Centralizzato","Bicocca, Niguarda","Bignami - Ponale",525,4,30.8823529411765,17,c(9.2099, 45.5275),3.04568131182949,3.59776499704849,84.5
127418883,"2","Assente","Bicocca, Niguarda","Bignami - Ponale",400,3,23.5294117647059,17,c(9.20832, 45.5253),5.36253960508401,3.6860544064714,80.6
125685003,"1","Centralizzato","Udine, Lambrate","Ortica",550,1,32.3529411764706,17,c(9.2439, 45.4702),13.5353329130333,7.81983624531756,30.2
126038647,"1","Centralizzato","Città Studi, Susa","Città Studi",490,1,24.5,20,c(9.2235, 45.4696),3.16257341199731,2.49113527471693,16.2
127460008,"1","Autonomo","Bisceglie, Baggio, Olmi","Baggio",390,1,16.9565217391304,23,c(9.0974, 45.4592),20.0506396388694,38.4504032161744,114.8
123802211,"1","Centralizzato","Cimiano, Crescenzago, Adriano","Crescenzago",350,1,14,25,c(9.2463, 45.5051),1.83055743467679,15.3232502156336,49.8
123022159,"1","Centralizzato","Navigli","Bocconi",550,1,45.8333333333333,12,c(9.1881, 45.4486),13.5052282949094,3.05081749596471,72.5
127355519,"1","Autonomo","Bande Nere, Inganni","Gambara",500,5,6.25,12.8,c(9.1389, 45.4667),5.89616135092889,10.2606709293458,71
120133436,"1","Centralizzato","Cimiano, Crescenzago, Adriano","Crescenzago",350,1,14,25,c(9.2471, 45.5058),1.81814613471451,14.2128012955129,51.2
122640040,"1","Centralizzato","Abbiategrasso, Chiesa Rossa","Cermenate - Abbiategrasso",520,1,14.8571428571429,20,c(9.18117, 45.4318),5.62394271150485,1.0434039151852,102.2
127179603,"1","Assente","Uptown, Cascina Merlata, Viale Certosa","Certosa",450,3,25,18,c(9.1524, 45.491),16.9259341534086,1.10437071423219,27.8
123997231,"1","Assente","Famagosta, Barona","Tre Castelli - Faenza",500,2,6.57894736842105,20,c(9.1289, 45.4407),2.322880011032,6.84156819116157,117.5
127359579,"1","Assente","Famagosta, Barona","Tre Castelli - Faenza",500,3,8.19672131147541,16.2666666666667,c(9.1469, 45.4398),20.9374663464122,10.0251497109503,113.9
127586598,"1","Assente","San Siro, Trenno","Gallaratese",470,3,33.5714285714286,14,c(9.1141, 45.4937),7.50984709286251,18.4071983555533,60
126730757,"1","Assente","Cimiano, Crescenzago, Adriano","Cimiano",550,3,5.78947368421053,25.3333333333333,c(9.2293, 45.4986),10.6273719493077,17.3322339273455,33
126456667,"1","Assente","Città Studi, Susa","Argonne - Corsica",500,4,5.55555555555556,18,c(9.2317, 45.4661),3.47483585597074,6.71283671446242,23.5
124528913,"2","Assente","Cimiano, Crescenzago, Adriano","Ponte Nuovo",370,5,18.5,20,c(9.2392, 45.5079),11.6900005998741,12.9629851171832,53.6
126116003,"1","Assente","Affori, Bovisa","Bovisa",550,2,27.5,20,c(9.1505, 45.5),29.2855044567507,1.49127813868778,11.6
127591456,"1","Assente","Udine, Lambrate","Udine",475,3,6.0126582278481,21.0666666666667,c(9.2324, 45.4909),5.53994994343684,11.7215107307645,23.6
126450637,"1","Assente","Famagosta, Barona","Giambellino",550,3,5.5,20,c(9.1304, 45.4436),3.15360518704052,1.91250468954074,111.3
125137173,"1","Assente","Bicocca, Niguarda","Ca' Granda",550,2,27.5,20,c(9.1918, 45.5067),11.3944202421741,2.91473934233983,48.4
124165571,"1","Assente","Affori, Bovisa","Bovisa",550,3,7.33333333333333,20,c(9.1646, 45.503),18.7666542547928,1.21109980055511,10.5
123419827,"2","Assente","Bicocca, Niguarda","Ca' Granda",520,2,26,20,c(9.1918, 45.5067),11.3944202421741,2.91473934233983,48.4
127330531,"1","Assente","Famagosta, Barona","Giambellino",450,3,5.29411764705882,22.6666666666667,c(9.1376, 45.4499),2.10061534137495,4.45980399620582,97.8
119249381,"2","Assente","Città Studi, Susa","Casoretto",520,4,37.1428571428572,14,c(9.2297, 45.4886),10.0366004581631,10.350229774965,17
127453238,"2","Assente","Bicocca, Niguarda","Ca' Granda",540,5,27,20,c(9.1918, 45.5067),11.3944202421741,2.91473934233983,48.4
122819098,"2","Centralizzato","Cimiano, Crescenzago, Adriano","Cimiano",550,1,45.8333333333333,12,c(9.23509, 45.4966),8.59689419045738,20.5327756721721,32
126037809,"1","Autonomo","Uptown, Cascina Merlata, Viale Certosa","Certosa",440,1,36.6666666666667,12,c(9.1492, 45.4969),24.0085430135291,3.83162394507137,16.3
123022149,"1","Centralizzato","Navigli","Bocconi",550,1,45.8333333333333,12,c(9.1881, 45.4486),13.5052282949094,3.05081749596471,72.5
127494554,NA,"Assente","Cenisio, Sarpi, Isola","Zara",500,1,7.14285714285714,20,c(9.1936, 45.4932),1.26568625032955,2.19929988371694,45
125392267,"1","Centralizzato","Bande Nere, Inganni","Lorenteggio",580,1,58,10,c(9.1394, 45.4528),4.00298204157656,8.27779613873216,94.5
126038653,"1","Autonomo","Bisceglie, Baggio, Olmi","Baggio",390,1,16.9565217391304,23,c(9.0974, 45.4592),20.0506396388694,38.4504032161744,114.8
127201229,"1","Autonomo","Bande Nere, Inganni","Gambara",500,5,6.25,12.8,c(9.1389, 45.4667),5.89616135092889,10.2606709293458,71
126041455,"1","Centralizzato","Abbiategrasso, Chiesa Rossa","Gratosoglio",450,1,37.5,12,c(9.1733, 45.4061),28.0486967051507,1.94278255677743,143.9
126041921,"1","Autonomo","Affori, Bovisa","Bovisa",580,1,48.3333333333333,12,c(9.1653, 45.5038),17.6488923060586,2.25681078524484,10.9
126848799,"1","Centralizzato","Bisceglie, Baggio, Olmi","Quarto Cagnino",320,1,26.6666666666667,12,c(9.1108, 45.474),9.99055418298789,15.2150870758558,85.7
126041477,"1","Centralizzato","Abbiategrasso, Chiesa Rossa","Gratosoglio",450,1,40.9090909090909,11,c(9.1733, 45.4061),28.0486967051507,1.94278255677743,143.9
126242255,"1","Centralizzato","Pasteur, Rovereto","Pasteur",550,1,55,10,c(9.2137, 45.4874),4.53522280836982,1.78404363321079,21.5
126041985,"1","Autonomo","Affori, Bovisa","Bovisa",580,1,64.4444444444444,9,c(9.1653, 45.5038),17.6488923060586,2.25681078524484,10.9
126041473,"1","Centralizzato","Abbiategrasso, Chiesa Rossa","Cermenate - Abbiategrasso",500,1,55.5555555555556,9,c(9.1791, 45.4332),5.93271219603221,1.66287288318835,103.1
125847101,"1","Centralizzato","Città Studi, Susa","Plebisciti - Susa",500,1,38.4615384615385,13,c(9.2176, 45.4659),3.78605206714153,6.39034882226106,26.1
126038677,"1","Centralizzato","Città Studi, Susa","Città Studi",490,1,24.5,20,c(9.2233, 45.4693),2.8914823787292,3.06528046883551,16.9
126041675,"1","Centralizzato","Famagosta, Barona","Giambellino",470,1,33.5714285714286,14,c(9.1405, 45.4502),3.71930664302589,4.18314144868801,99.3
124229679,"1","Centralizzato","Bande Nere, Inganni","Bande Nere",250,1,13.8888888888889,18,c(9.1316, 45.4568),5.38183943395133,18.476228734198,90.7
127628164,"1","Centralizzato","Affori, Bovisa","Bovisa",500,1,33.3333333333333,15,c(9.16651, 45.5015),17.3888020043638,2.25604714082687,14.1
127317359,"2","Assente","Precotto, Turro","Villa San Giovanni",550,3,36.6666666666667,15,c(9.22541, 45.5175),0.854112493317908,6.72184037767283,62.5
127308615,"2","Assente","Affori, Bovisa","Bovisa",500,4,31.25,16,c(9.1611, 45.5045),22.1651121288661,6.1750993583828,9.1
126041755,"1","Centralizzato","Affori, Bovisa","Affori",550,1,39.2857142857143,14,c(9.1532, 45.5209),17.9123735650166,29.8151599342967,40.4
126041485,"1","Centralizzato","Abbiategrasso, Chiesa Rossa","Cermenate - Abbiategrasso",450,1,50,9,c(9.1791, 45.4332),5.93271219603221,1.66287288318835,103.1
126037803,"1","Autonomo","Bicocca, Niguarda","Bicocca",490,1,27.2222222222222,18,c(9.2089, 45.5163),5.09678646683285,3.06123361231767,69.9
125277873,"1","Centralizzato","Precotto, Turro","Villa San Giovanni",330,1,22,15,c(9.2214, 45.5189),6.25379069007078,8.47111496826176,68.1
127095893,NA,"Centralizzato","Udine, Lambrate","Udine",550,1,34.375,16,c(9.23699, 45.4908),1.10407837092384,10.41782976211,26
126037791,"1","Autonomo","Cimiano, Crescenzago, Adriano","Crescenzago",390,1,26,15,c(9.2463, 45.502),5.26811019329685,20.6882091725647,47.2
126041947,"1","Autonomo","Affori, Bovisa","Bovisa",530,1,58.8888888888889,9,c(9.1653, 45.5038),17.6488923060586,2.25681078524484,10.9
127347375,"1","Assente","Fiera, Sempione, City Life, Portello","Monte Rosa - Lotto",550,1,25,22,c(9.1431, 45.4798),0.848302973865749,9.17527542088164,47.5
125727229,"1","Centralizzato","Precotto, Turro","Villa San Giovanni",470,1,31.3333333333333,15,c(9.2214, 45.5189),6.25379069007078,8.47111496826176,68.1
123802769,"1","Centralizzato","Affori, Bovisa","Affori",580,1,41.4285714285714,14,c(9.1532, 45.5209),17.9123735650166,29.8151599342967,40.4
126037789,"1","Autonomo","Cimiano, Crescenzago, Adriano","Crescenzago",310,1,20.6666666666667,15,c(9.2463, 45.502),5.26811019329685,20.6882091725647,47.2
127187823,"1","Centralizzato","Bicocca, Niguarda","Bignami - Ponale",400,4,16,25,c(9.21415, 45.5236),6.01565059964876,4.78387320926252,82.1
126818883,"1","Autonomo","Abbiategrasso, Chiesa Rossa","Pezzotti - Meda",545,1,28.6842105263158,19,c(9.1819, 45.4386),15.8948463312896,2.45684119170477,92.1
125391211,"1","Centralizzato","Napoli, Soderini","Tripoli - Soderini",580,1,44.6153846153846,13,c(9.1478, 45.4547),1.77772998694573,6.83935683194658,89.8
125879169,"1","Centralizzato","Affori, Bovisa","Dergano",470,2,58.75,8,c(9.17434, 45.5038),7.05137580777519,10.1614370879839,22.3
126036867,"1","Centralizzato","Bande Nere, Inganni","Lorenteggio",430,1,28.6666666666667,15,c(9.1401, 45.4539),4.4988387024635,9.47560422538872,91.9
127460354,"1","Centralizzato","Bisceglie, Baggio, Olmi","Quarto Cagnino",330,1,25.3846153846154,13,c(9.1108, 45.474),9.99055418298789,15.2150870758558,85.7
125953381,"1","Centralizzato","Maggiolina, Istria","Cascina dei Pomi",485,1,37.3076923076923,13,c(9.2078, 45.4924),9.57652723518805,3.09204781708393,33
125773319,"1","Centralizzato","Maggiolina, Istria","Maggiolina",540,1,33.75,16,c(9.2054, 45.496),12.0490001818806,6.59889318348842,40.3
125320105,"1","Centralizzato","Cenisio, Sarpi, Isola","Cenisio",437,1,21.85,20,c(9.1646, 45.4879),6.46528497894663,0.57205417640134,35.2
123802743,"1","Centralizzato","Affori, Bovisa","Affori",500,1,50,10,c(9.1532, 45.5209),17.9123735650166,29.8151599342967,40.4
125351547,"1","Autonomo","Affori, Bovisa","Dergano",450,1,34.6153846153846,13,c(9.1732, 45.5023),9.58276839073532,7.2712686553476,21.8
125391115,"1","Centralizzato","Maggiolina, Istria","Maggiolina",530,1,37.8571428571428,14,c(9.2054, 45.496),12.0490001818806,6.59889318348842,40.3
127459984,"1","Centralizzato","Bande Nere, Inganni","Lorenteggio",420,1,28,15,c(9.1401, 45.4539),4.4988387024635,9.47560422538872,91.9
127459976,"1","Centralizzato","Bande Nere, Inganni","Lorenteggio",430,1,28.6666666666667,15,c(9.1401, 45.4539),4.4988387024635,9.47560422538872,91.9
127459978,"1","Centralizzato","Bande Nere, Inganni","Lorenteggio",460,1,30.6666666666667,15,c(9.1401, 45.4539),4.4988387024635,9.47560422538872,91.9
127459986,"1","Centralizzato","Bande Nere, Inganni","Lorenteggio",420,1,28,15,c(9.1401, 45.4539),4.4988387024635,9.47560422538872,91.9
126036885,"1","Centralizzato","Bande Nere, Inganni","Lorenteggio",420,1,28,15,c(9.1401, 45.4539),4.4988387024635,9.47560422538872,91.9
125675741,NA,"Centralizzato","Centrale, Repubblica","Centrale",500,NA,25,20,c(9.21414, 45.4869),3.51652431889378,2.78311350399303,20.5
125392227,"1","Centralizzato","Maggiolina, Istria","Maggiolina",530,1,48.1818181818182,11,c(9.204, 45.4958),11.0384942880081,5.82086146831807,41.8
126423255,"1","Centralizzato","Famagosta, Barona","Barona",550,2,28.9473684210526,19,c(9.15633, 45.4409),14.7176893949243,11.4050260564886,105.8
125846663,"1","Centralizzato","Bisceglie, Baggio, Olmi","Quarto Cagnino",560,1,37.3333333333333,15,c(9.1114, 45.4723),10.8790340599831,15.5285491689693,88.3
125391623,"1","Centralizzato","Maggiolina, Istria","Cascina dei Pomi",495,1,35.3571428571428,14,c(9.2093, 45.5006),13.942906291122,12.8477183606611,45.3
127462704,"1","Autonomo","Affori, Bovisa","Dergano",585,3,9.75,16,c(9.1706, 45.5023),12.2902974893401,5.687033682744,18.5
125846915,"1","Centralizzato","Corvetto, Rogoredo","Corvetto",510,1,56.6666666666667,9,c(9.2156, 45.4373),10.1257183320279,18.3954538275367,73.2
127384791,"1","Assente","Bisceglie, Baggio, Olmi","Bisceglie",500,1,33.3333333333333,15,c(9.11138, 45.4568),3.07534531098222,26.7622042836687,103.2
127095891,NA,"Centralizzato","Udine, Lambrate","Udine",500,1,41.6666666666667,12,c(9.2372, 45.4901),2.34179284721134,9.22512968070904,25.1
127417309,NA,"Centralizzato","Bande Nere, Inganni","Inganni",450,1,22.5,20,c(9.11707, 45.4566),5.46819657733306,25.4803052984987,99.5
127279327,NA,"Centralizzato","Cimiano, Crescenzago, Adriano","Cimiano",550,1,36.6666666666667,15,c(9.24161, 45.5009),2.5684897640279,23.0660293013096,42.7
127565424,"1","Centralizzato","Città Studi, Susa","Città Studi",450,2,8.18181818181818,22,c(9.23367, 45.481),6.42565062076164,1.32932438628624,9.3
126559331,NA,"Assente","Corvetto, Rogoredo","Corvetto",500,NA,55.5555555555556,9,c(9.21161, 45.4371),12.9463323083625,13.5146441219058,75
127438874,"1","Autonomo","Genova, Ticinese","Ticinese",550,1,45.8333333333333,12,c(9.18312, 45.4522),8.78947834200608,0.293020364968533,72.1
127563350,"2","Assente","Bande Nere, Inganni","Piazzale Siena",500,3,5.55555555555556,24,c(9.1336, 45.4662),8.8258352650768,15.4405818294672,74.7
126021615,"1","Centralizzato","Abbiategrasso, Chiesa Rossa","Pezzotti - Meda",550,1,27.5,20,c(9.17593, 45.4381),9.74244890413025,2.95612697042094,97.3
127343507,NA,"Assente","Città Studi, Susa","Città Studi",500,1,25,20,c(9.22115, 45.4759),9.93954379561647,1.22416337180011,9.9
127604580,"1","Autonomo","Bisceglie, Baggio, Olmi","Baggio",500,2,10,20,c(9.09547, 45.4613),23.6204973086288,42.207192487171,116.8
127502310,"1","Centralizzato","San Siro, Trenno","Trenno",525,2,30.8823529411765,17,c(9.10065, 45.4909),15.6990906431796,32.5277616847378,75.1
127469900,"1","Centralizzato","Cimiano, Crescenzago, Adriano","Ponte Nuovo",480,3,48,10,c(9.23703, 45.5074),13.800917960489,14.1146596841902,51.2
100993771,"1","Centralizzato","Bicocca, Niguarda","Prato Centenaro",550,3,27.5,20,c(9.19811, 45.5112),7.77823496515003,6.21382411899325,59.6
120585168,"2","Centralizzato","Famagosta, Barona","Giambellino",450,4,15,20,c(9.12829, 45.4447),5.02611635765484,2.36189907388264,110.9
122885166,"3","Centralizzato","Fiera, Sempione, City Life, Portello","Sempione",480,5,24,20,c(9.16274, 45.481),1.20040888671305,1.16896489102689,47.4
82321064,"2","Centralizzato","Affori, Bovisa","Bovisa",480,5,30,16,c(9.16223, 45.5016),22.2081434467693,4.03596592284375,8.4
87901588,"1","Centralizzato","Cenisio, Sarpi, Isola","Farini",410,3,22.7777777777778,18,c(9.17657, 45.4951),11.2424486140839,1.09480934685746,28.5
120109436,"1","Autonomo","Precotto, Turro","Villa San Giovanni",570,3,8.14285714285714,18.6666666666667,c(9.22894, 45.5192),4.57605636217108,6.07752037778617,67
127371809,"2","Centralizzato","Città Studi, Susa","Città Studi",450,3,22.5,20,c(9.22333, 45.4693),2.86731657791674,3.05065906507792,16.9
82612471,"1","Centralizzato","San Siro, Trenno","Gallaratese",500,3,35.7142857142857,14,c(9.10906, 45.4988),3.33050681723989,16.2064172289028,63
120818004,"2","Autonomo","Bisceglie, Baggio, Olmi","Baggio",570,4,6.70588235294118,17,c(9.09042, 45.4614),29.3551820160936,46.94648889106,122.3
125836161,"1","Autonomo","Affori, Bovisa","Bovisa",570,5,21.9230769230769,26,c(9.15213, 45.5003),30.8597054056788,2.54191702539498,10.7
119029523,"1","Centralizzato","Cimiano, Crescenzago, Adriano","Cimiano",400,2,10,16,c(9.23613, 45.5016),6.68673102893824,22.9375471745993,40.3
126745837,"2","Centralizzato","Città Studi, Susa","Città Studi",420,5,22.1052631578947,19,c(9.22646, 45.4824),3.05499112501315,5.37150209563399,5.7
109758737,"1","Assente","Affori, Bovisa","Bovisa",460,2,9.2,20,c(9.16794, 45.5042),14.3608143207738,4.37323692373823,13.6
83710775,"2","Centralizzato","Maggiolina, Istria","Cascina dei Pomi",450,4,14.5161290322581,20,c(9.2086, 45.4985),14.057674820727,11.0229753719593,42
125998681,"1","Centralizzato","Abbiategrasso, Chiesa Rossa","Pezzotti - Meda",550,3,42.3076923076923,13,c(9.18168, 45.4404),17.6139344774421,1.87537218952446,89.4
126969345,"1","Centralizzato","Corvetto, Rogoredo","Corvetto",550,2,36.6666666666667,15,c(9.22787, 45.4403),5.40984547251448,19.2846565113205,63.9
122978474,"1","Autonomo","Affori, Bovisa","Bovisa",450,2,6.92307692307692,26,c(9.16741, 45.5008),16.9452922505933,3.61393182043153,15.4
126794977,"1","Centralizzato","San Siro, Trenno","Gallaratese",500,3,25,20,c(9.12342, 45.4954),4.67053831825697,10.8082768567666,46
115307651,"2","Centralizzato","Uptown, Cascina Merlata, Viale Certosa","Certosa",370,4,18.5,20,c(9.14677, 45.4939),18.111772161343,2.54307615570907,25.5
106048209,"2","Autonomo","Solari, Washington","Washington",570,3,28.5,20,c(9.15245, 45.4561),1.54928795795159,6.77007943112281,86.1
99621004,"1","Autonomo","Affori, Bovisa","Comasina",390,4,6,13,c(9.16238, 45.5284),1.6854061663982,36.8997728000767,52.9
114503307,"1","Centralizzato","Ripamonti, Vigentino","Ripamonti - Fondazione Prada",480,4,8,12,c(9.19871, 45.4391),19.8366794017146,1.83575593248409,79.4
126049061,"2","Autonomo","Maggiolina, Istria","Maggiolina",565,4,5.65,20,c(9.19538, 45.492),3.2411407203327,3.67135419101006,41.7
122818248,"1","Centralizzato","Udine, Lambrate","Quartiere Feltre",560,4,37.3333333333333,15,c(9.24741, 45.4895),13.2649065147393,13.9234084929972,32.9
121964574,"1","Centralizzato","Bicocca, Niguarda","Greco - Segnano",560,3,40,14,c(9.21216, 45.5019),11.0479484246429,13.0017514212423,45.4
113019905,"1","Centralizzato","Famagosta, Barona","Tre Castelli - Faenza",550,4,61.1111111111111,9,c(9.14419, 45.4451),11.9414056737516,1.34254541537265,108.4
109811647,"2","Centralizzato","Udine, Lambrate","Quartiere Feltre",582,5,32.3333333333333,18,c(9.24113, 45.4879),8.01944079486717,7.75722964805712,24.7
124030691,"1","Centralizzato","Bande Nere, Inganni","Piazzale Siena",500,2,20,25,c(9.13611, 45.4648),5.69443075895154,14.9486825060373,74.2
126428023,"1","Autonomo","Centrale, Repubblica","Repubblica",442,NA,22.1,20,c(9.20274, 45.4786),6.02845007873717,0.338454268646642,31.5
126894999,NA,"Centralizzato","Cimiano, Crescenzago, Adriano","Cimiano",400,NA,6.66666666666667,NA,c(9.23745, 45.4954),6.91148020964438,18.4094619733609,33.7
121571992,"2","Centralizzato","Affori, Bovisa","Roserio",550,5,42.3076923076923,13,c(9.14201, 45.52),29.9549394635265,21.7611501802569,39.4
88718715,"1","Centralizzato","Famagosta, Barona","Cantalupa - San Paolo",540,2,30,18,c(9.1721, 45.4338),7.21730455690642,6.94580740819566,104.8
123892671,"1","Autonomo","Navigli","Ascanio Sforza",550,4,9.82142857142857,11.2,c(9.17749, 45.4486),11.5578106270189,2.68719395152789,80.8
101254241,NA,"Centralizzato","Bisceglie, Baggio, Olmi","Quarto Cagnino",500,NA,45.4545454545455,11,c(9.11217, 45.471),11.7942080055311,15.838932229913,88
126074177,"1","Centralizzato","Città Studi, Susa","Casoretto",500,3,20,25,c(9.22635, 45.487),10.7364617106309,12.4792182173696,12.7
109104489,"2","Centralizzato","Bisceglie, Baggio, Olmi","Quarto Cagnino",500,5,50,10,c(9.11254, 45.4727),9.36704401731063,13.9754058088754,85.3
126343893,"1","Centralizzato","Corvetto, Rogoredo","Corvetto",550,2,11,20,c(9.22449, 45.4344),8.61022960863355,28.0658144345857,71.6
124318131,"1","Assente","Abbiategrasso, Chiesa Rossa","Gratosoglio",550,2,11.9565217391304,18.4,c(9.17841, 45.4185),19.9997672978127,3.62370545727594,125
126295433,"1","Centralizzato","Abbiategrasso, Chiesa Rossa","Cermenate - Abbiategrasso",500,3,7.69230769230769,17.3333333333333,c(9.18362, 45.4355),12.2255315035423,1.51056998135664,95.9
125688483,"1","Centralizzato","Porta Vittoria, Lodi","Bologna - Sulmona",550,2,8.59375,25.6,c(9.22392, 45.4429),4.411213005185,13.6139518336755,58.2
116401519,"1","Centralizzato","Cimiano, Crescenzago, Adriano","Cimiano",550,3,8.46153846153846,17.3333333333333,c(9.24078, 45.5002),1.14224351396182,24.4726926097829,39.8
110466055,"1","Autonomo","Abbiategrasso, Chiesa Rossa","Pezzotti - Meda",550,3,36.6666666666667,15,c(9.17874, 45.4397),13.8288671447979,0.635436201833999,92.4
122218332,"1","Centralizzato","Affori, Bovisa","Quarto Oggiaro",550,3,34.375,16,c(9.14767, 45.5118),30.3424793890219,14.4842518818471,22.4
125907617,"1","Autonomo","Bisceglie, Baggio, Olmi","Baggio",500,3,5.37634408602151,24.8,c(9.08968, 45.4581),28.7377426558761,43.7007907887854,123
124167657,"1","Centralizzato","Affori, Bovisa","Dergano",500,3,35.7142857142857,14,c(9.18859, 45.5043),11.2052246937688,2.25421213272045,40.2
118927655,"1","Centralizzato","San Siro, Trenno","Gallaratese",435,4,6.21428571428571,14,c(9.10974, 45.4967),0.745589581989312,17.5725081010904,63.1
122433752,"2","Centralizzato","Città Studi, Susa","Città Studi",550,3,9.16666666666667,16,c(9.23767, 45.4824),4.35127186968355,1.87273732534966,13.8
124603249,"2","Autonomo","Bisceglie, Baggio, Olmi","Baggio",580,3,23.2,25,c(9.0898, 45.4694),36.7775447952345,42.0216329093102,118.1
109549879,"2","Centralizzato","Bisceglie, Baggio, Olmi","Quarto Cagnino",550,5,22,25,c(9.11124, 45.4708),12.8023218015597,16.9746133751375,89.7
67375657,"3+","Autonomo","Uptown, Cascina Merlata, Viale Certosa","Certosa",350,5,17.5,20,c(9.1492, 45.4904),15.8367219454361,2.47303664668169,29.4
89353405,"2","Centralizzato","Corvetto, Rogoredo","Corvetto",450,3,37.5,12,c(9.22371, 45.4424),3.5209011827646,14.3568697874671,59.5
109525035,"1","Centralizzato","Città Studi, Susa","Città Studi",500,3,22.7272727272727,22,c(9.22435, 45.4751),10.0325633459882,1.92226553442744,8
127228145,"1","Centralizzato","Cimiano, Crescenzago, Adriano","Cimiano",500,2,25,20,c(9.23435, 45.4987),7.95914551557016,23.2154579888744,35.8
125809795,"1","Centralizzato","Porta Vittoria, Lodi","Bologna - Sulmona",550,3,42.3076923076923,13,c(9.22639, 45.4458),10.0646727367874,9.58333927899876,58.1
53015529,"2","Autonomo","Affori, Bovisa","Bovisa",400,5,16,25,c(9.16712, 45.4996),18.3377167461381,2.69659416633227,16.1
127380593,"2","Centralizzato","Città Studi, Susa","Città Studi",415,3,5.1875,21.3333333333333,c(9.23518, 45.4735),10.172404413652,3.87453211764699,15.6
123749467,"1","Centralizzato","Pasteur, Rovereto","Parco Trotter",550,3,36.6666666666667,15,c(9.2271, 45.4918),11.3155669572302,13.5437111967942,21
125608085,"2","Centralizzato","Bicocca, Niguarda","Bicocca",480,3,20.8695652173913,23,c(9.21255, 45.5138),8.90886696717063,1.45785808438832,65.5
126412239,"2","Autonomo","Fiera, Sempione, City Life, Portello","Monte Rosa - Lotto",450,2,5.17241379310345,20,c(9.14391, 45.4847),8.68124995299589,12.9391875316915,40
119380037,"2","Centralizzato","Cenisio, Sarpi, Isola","Farini",500,3,41.6666666666667,12,c(9.17249, 45.4968),15.3580047286963,1.63906124848735,22.6
127353751,"1","Autonomo","San Siro, Trenno","Gallaratese",550,2,36.6666666666667,15,c(9.11936, 45.4896),7.49894343782428,21.8143474320342,56
126954475,"1","Assente","Abbiategrasso, Chiesa Rossa","Cermenate - Abbiategrasso",500,2,7.14285714285714,20,c(9.17917, 45.435),8.93087654716439,1.47905574969336,100.6
123494755,"2","Autonomo","Porta Venezia, Indipendenza","Piave - Tricolore",566,5,7.075,12.8,c(9.20827, 45.4665),2.51023997222747,2.27653582238175,33.1
124490693,"1","Centralizzato","Città Studi, Susa","Città Studi",400,5,6.15384615384615,10.4,c(9.23553, 45.4795),8.5766513398113,2.11891039505743,11.5
118249935,"2","Assente","Uptown, Cascina Merlata, Viale Certosa","Ghisolfa - Mac Mahon",550,5,36.6666666666667,15,c(9.16145, 45.4933),16.5814410063999,3.94545747931392,27.5
120893986,"1","Centralizzato","Famagosta, Barona","Tre Castelli - Faenza",430,3,35.8333333333333,12,c(9.12323, 45.4376),10.9951479085558,8.10231866999443,125.8
113793741,"1","Autonomo","Famagosta, Barona","Cantalupa - San Paolo",450,4,15,20,c(9.17248, 45.437),5.30754089350652,7.07160563451766,101.6
118901451,"1","Centralizzato","Centrale, Repubblica","Centrale",415,3,10.375,10.6666666666667,c(9.20941, 45.4863),1.72504592781582,1.43704997156431,24.4
125999737,"2","Centralizzato","Precotto, Turro","Villa San Giovanni",500,3,33.3333333333333,15,c(9.22429, 45.5231),4.47975380277663,14.6351097548359,73.1
126286153,"1","Centralizzato","Città Studi, Susa","Città Studi",475,4,19,25,c(9.22526, 45.4812),0.601243583448997,3.75079521648098,5.3
119919404,"1","Centralizzato","Bicocca, Niguarda","Ca' Granda",580,4,29,20,c(9.19176, 45.5067),11.4430023157843,2.91491869010521,48.4
115171911,"2","Centralizzato","Affori, Bovisa","Bovisa",500,4,31.25,16,c(9.15425, 45.4969),26.3340364728035,1.19234650421065,16
124054031,"1","Centralizzato","Affori, Bovisa","Bovisa",400,2,7.27272727272727,22,c(9.15066, 45.5007),30.4038420676392,2.66309265842413,10
119401479,"1","Centralizzato","Affori, Bovisa","Dergano",535,4,7.64285714285714,14,c(9.18006, 45.5002),7.45437576783281,7.62540399251144,32.2
120197612,"2","Centralizzato","Maggiolina, Istria","Cascina dei Pomi",550,1,34.375,16,c(9.21069, 45.4987),12.0437385872201,9.27257356165218,42.4
102205410,"2","Autonomo","Famagosta, Barona","Cantalupa - San Paolo",550,4,30.5555555555556,18,c(9.14726, 45.4347),23.5408169111229,18.4443032684412,122.7
117794261,"2","Centralizzato","Bicocca, Niguarda","Niguarda",570,4,43.8461538461538,13,c(9.20168, 45.5164),5.33439322519896,5.00968330832439,65.8
94411886,"2","Centralizzato","Bicocca, Niguarda","Bignami - Ponale",330,5,16.5,20,c(9.21135, 45.5203),3.73050133103156,3.45721842704028,76.4
114083245,"1","Centralizzato","Bicocca, Niguarda","Bruzzano",365,1,16.5909090909091,22,c(9.16896, 45.5271),6.64128302538293,28.6290163047337,50.1
122725060,"1","Centralizzato","Cimiano, Crescenzago, Adriano","Cimiano",350,3,14,25,c(9.23947, 45.4965),5.50352524608805,20.5940566770876,36.6
82534470,"1","Centralizzato","Bicocca, Niguarda","Bicocca",480,2,7.38461538461539,26,c(9.20829, 45.5172),5.56981921686116,2.72235050927996,71.9
126654035,"2","Centralizzato","Uptown, Cascina Merlata, Viale Certosa","Certosa",490,5,35,14,c(9.15062, 45.4959),23.8398243267236,4.09136640543515,18.3
118875565,"1","Centralizzato","Bande Nere, Inganni","Piazzale Siena",510,3,7.84615384615385,17.3333333333333,c(9.12812, 45.4663),11.9865773721344,16.9829358829151,75.3
117186785,"1","Centralizzato","Bande Nere, Inganni","Lorenteggio",400,3,23.5294117647059,17,c(9.1379, 45.4522),4.89043319362651,8.09855349400171,96.1
121539394,"1","Autonomo","San Siro, Trenno","San Siro",550,5,5.5,16,c(9.14235, 45.4757),5.46013506225222,3.68384169871176,54.2
120158480,"1","Centralizzato","Città Studi, Susa","Città Studi",500,2,8.33333333333333,24,c(9.23406, 45.4804),7.26508993071938,0.193758747269542,8.8
88939301,"1","Centralizzato","Affori, Bovisa","Affori",550,5,34.375,16,c(9.15845, 45.5147),16.952662226201,22.7324609186707,27.8
119393475,"1","Centralizzato","Fiera, Sempione, City Life, Portello","Monte Rosa - Lotto",350,2,10,14,c(9.14837, 45.4775),5.17164380241821,11.1086955389779,53
124594029,"3","Assente","Bicocca, Niguarda","Bicocca",300,5,15,20,c(9.21426, 45.5106),12.6805928682167,4.90204747991026,60.3
127310231,"1","Centralizzato","Udine, Lambrate","Udine",400,2,6.15384615384615,26,c(9.23796, 45.4916),1.34689226090122,11.9158828612556,28.2
118106445,"1","Autonomo","Affori, Bovisa","Quarto Oggiaro",550,3,45.8333333333333,12,c(9.13052, 45.5089),28.8815481310255,1.45017307189323,35.8
125045803,"1","Centralizzato","Città Studi, Susa","Città Studi",490,3,27.2222222222222,18,c(9.22491, 45.483),3.74519755081178,6.80516354358306,7.7
126643803,"1","Centralizzato","Forlanini","Quartiere Forlanini",550,3,28.9473684210526,19,c(9.24366, 45.46),5.29209521107134,4.60025228293972,42.1
109445105,"2","Autonomo","Abbiategrasso, Chiesa Rossa","Cermenate - Abbiategrasso",400,3,25,16,c(9.17914, 45.4373),12.821181755748,1.07780012526702,96.7
124478183,"1","Centralizzato","Città Studi, Susa","Città Studi",400,3,5.71428571428571,18.6666666666667,c(9.23557, 45.4797),8.22963017041163,1.87576989312779,11.4
113213023,"1","Centralizzato","Abbiategrasso, Chiesa Rossa","Chiesa Rossa",550,4,34.375,16,c(9.17279, 45.4256),9.44029512801685,5.41655031535904,117.4
127388787,"1","Centralizzato","Città Studi, Susa","Argonne - Corsica",500,4,35.7142857142857,14,c(9.23415, 45.4671),3.22980042190884,6.66653451416601,24
127253831,"1","Centralizzato","Abbiategrasso, Chiesa Rossa","Chiesa Rossa",550,1,36.6666666666667,15,c(9.1869, 45.4347),14.2323490040812,3.92618453005443,94.2
47139495,"1","Centralizzato","Bande Nere, Inganni","Lorenteggio",500,1,7.69230769230769,20,c(9.13795, 45.4521),4.77310935493852,7.91613808039651,96.4
122063816,"1","Centralizzato","Affori, Bovisa","Bovisa",430,2,6.14285714285714,20,c(9.16463, 45.5004),20.2709283421072,3.69817772276816,12.3
91997598,"2","Autonomo","Famagosta, Barona","Tre Castelli - Faenza",550,4,6.875,16,c(9.15204, 45.4376),19.6751676347557,15.3744533545143,113.9
121517412,"2","Autonomo","Bisceglie, Baggio, Olmi","Bisceglie",450,3,12.8571428571429,9.33333333333333,c(9.09858, 45.4476),22.1107305348306,24.6937543483953,128.5
127243843,"1","Centralizzato","Città Studi, Susa","Città Studi",450,2,6.92307692307692,26,c(9.22106, 45.4826),5.94760831214208,8.35443645656497,10
109360393,"1","Centralizzato","Bicocca, Niguarda","Ca' Granda",550,2,9.16666666666667,24,c(9.20203, 45.508),1.72108581563759,0.265430377382494,61.5
125658581,"1","Centralizzato","Famagosta, Barona","Famagosta",580,3,6.44444444444444,24,c(9.16113, 45.4373),8.57475129796131,19.0811065752197,111.3
110104595,"1","Autonomo","Città Studi, Susa","Città Studi",550,3,7.63888888888889,19.2,c(9.23066, 45.486),6.60265986882964,6.94869058835024,14
126214567,"2","Centralizzato","Abbiategrasso, Chiesa Rossa","Chiesa Rossa",420,5,10.5,20,c(9.17399, 45.4286),4.74795070677178,4.43349402185874,112.3
112739665,"1","Centralizzato","Città Studi, Susa","Città Studi",550,3,6.875,21.3333333333333,c(9.23117, 45.4828),6.11649077000346,5.61414737766121,9.2
124325221,"1","Centralizzato","Famagosta, Barona","Tre Castelli - Faenza",370,5,12.3333333333333,20,c(9.1448, 45.4452),11.931010857045,1.57813000572768,107.8
118548803,"1","Centralizzato","Uptown, Cascina Merlata, Viale Certosa","Certosa",550,3,6.875,21.3333333333333,c(9.15228, 45.4971),26.7414883840043,1.34557148094967,15.7
84958316,"1","Centralizzato","Navigli","Navigli - Darsena",450,2,25,18,c(9.17674, 45.4477),11.7142039761719,3.94073898696142,82.8
126563145,"1","Centralizzato","Uptown, Cascina Merlata, Viale Certosa","Ghisolfa - Mac Mahon",450,5,28.125,16,c(9.15397, 45.4897),15.0988325892643,2.21183764836687,30.4
116162403,"1","Centralizzato","Bicocca, Niguarda","Prato Centenaro",550,3,36.6666666666667,15,c(9.20452, 45.5085),4.68442249185555,3.30408613620827,60.3
114385903,"1","Centralizzato","Affori, Bovisa","Bovisa",450,2,11.25,16,c(9.14972, 45.5003),29.2029044884066,2.15137706300325,11.7
122822740,"3","Centralizzato","Affori, Bovisa","Vialba",500,5,25,20,c(9.13691, 45.5132),39.1558962340706,8.59788982767182,34.8
127228685,"1","Autonomo","Centro","Carrobbio",495,2,11.7857142857143,16.8,c(9.18542, 45.4609),5.08612622081748,1.09911823410569,58.9
103053536,"1","Centralizzato","Ponte Lambro, Santa Giulia","Ponte Lambro",550,NA,9.16666666666667,NA,c(9.26245, 45.4416),22.9443646187417,12.9633022571382,77
109599971,"2","Centralizzato","Bicocca, Niguarda","Prato Centenaro",550,5,39.2857142857143,14,c(9.19671, 45.5075),5.39051143925932,1.58433662042122,54.1
120535122,"2","Autonomo","Famagosta, Barona","Tre Castelli - Faenza",580,4,58,10,c(9.12382, 45.4365),11.8735848394195,9.99672694486872,127.5
83231707,"1","Centralizzato","Abbiategrasso, Chiesa Rossa","Chiesa Rossa",580,3,36.25,16,c(9.17239, 45.4267),8.31995420671243,5.92165812953788,115.1
126856559,"1","Centralizzato","Bicocca, Niguarda","Prato Centenaro",500,3,41.6666666666667,12,c(9.19804, 45.5097),5.67645270867297,4.67840436833193,57.8
118112405,"1","Autonomo","Porta Romana, Cadore, Montenero","Porta Romana - Medaglie d'Oro",575,2,11.5,20,c(9.20387, 45.4488),4.80591422547099,4.937469888142,58.3
122896562,"1","Centralizzato","Porta Vittoria, Lodi","Bologna - Sulmona",490,3,32.6666666666667,15,c(9.22802, 45.441),5.69426751271107,18.1277480701627,64.8
118102729,"2","Centralizzato","Famagosta, Barona","Barona",580,3,29,20,c(9.15591, 45.4439),14.3884828767791,6.27743274528381,105.2
125817507,"1","Centralizzato","Città Studi, Susa","Città Studi",500,3,5.55555555555556,24,c(9.21762, 45.4792),8.36555931148696,8.37659875449794,11.5
126486879,"1","Centralizzato","Bicocca, Niguarda","Niguarda",550,3,32.3529411764706,17,c(9.18865, 45.5155),18.2122745515074,3.76905090728548,54.1
127453238,"2","Assente","Bicocca, Niguarda","Ca' Granda",540,5,27,20,c(9.1918, 45.5067),11.3944202421741,2.91473934233983,48.4
127587658,"1","Assente","Precotto, Turro","Villa San Giovanni",500,3,31.25,16,c(9.2271, 45.5218),3.07977630220668,10.58874529519,68.7
126221189,"1","Centralizzato","Affori, Bovisa","Affori",500,3,33.3333333333333,15,c(9.1766, 45.5152),4.31086166642953,17.9802117654371,41.1
126493547,"2","Assente","Maggiolina, Istria","Maggiolina",530,4,5.88888888888889,18,c(9.2042, 45.495),9.84945732665001,4.49894403325561,39.3
126997475,"2","Centralizzato","Uptown, Cascina Merlata, Viale Certosa","Musocco",450,4,22.5,20,c(9.1282, 45.5067),24.2366807783081,6.18954829186048,42.2
126614107,"1","Assente","Corvetto, Rogoredo","Corvetto",550,4,7.33333333333333,15,c(9.2148, 45.4368),11.2967355217079,17.375059435988,73.9
126866455,"2","Assente","Bicocca, Niguarda","Prato Centenaro",500,5,33.3333333333333,15,c(9.2041, 45.5091),4.85577251483004,3.1079380655414,61.7
123949765,"1","Assente","Napoli, Soderini","Tripoli - Soderini",500,2,6.32911392405063,20,c(9.1467, 45.4577),7.14408823242308,12.0669855429449,85
123345801,"1","Assente","Abbiategrasso, Chiesa Rossa","Chiesa Rossa",450,3,5.29411764705882,22.6666666666667,c(9.1761, 45.4258),7.45433505885735,1.91410264030359,114.8
124776273,"1","Assente","Abbiategrasso, Chiesa Rossa","Chiesa Rossa",520,2,6.93333333333333,20,c(9.1773, 45.429),1.75764160476913,0.481445372873048,108.6
127408711,"1","Assente","Abbiategrasso, Chiesa Rossa","Chiesa Rossa",450,3,5.625,21.3333333333333,c(9.1773, 45.429),1.75764160476913,0.481445372873048,108.6
127374297,"1","Assente","Abbiategrasso, Chiesa Rossa","Chiesa Rossa",450,3,5.625,21.3333333333333,c(9.1743, 45.4287),4.33472235818704,4.02465638647288,112.4
124415777,"1","Assente","Abbiategrasso, Chiesa Rossa","Chiesa Rossa",450,3,5.29411764705882,22.6666666666667,c(9.1761, 45.4258),7.45433505885735,1.91410264030359,114.8
127137159,"1","Assente","San Siro, Trenno","Gallaratese",480,4,24,20,c(9.1134, 45.4934),7.45062612908219,19.2580485962133,58.9
126262117,"1","Assente","Cimiano, Crescenzago, Adriano","Crescenzago",500,2,7.69230769230769,26,c(9.245, 45.5074),5.54203527974199,11.3231261167856,52.5
97194482,"1","Assente","Abbiategrasso, Chiesa Rossa","Chiesa Rossa",550,3,7.14285714285714,20.5333333333333,c(9.1819, 45.4305),5.64946789262233,2.40765538638655,109.5
122543610,"1","Centralizzato","Città Studi, Susa","Città Studi",550,3,6.875,21.3333333333333,c(9.23117, 45.4828),6.11649077000346,5.61414737766121,9.2
124417535,"1","Centralizzato","Bicocca, Niguarda","Prato Centenaro",460,1,7.66666666666667,20,c(9.20186, 45.5112),6.91965487364445,2.12058640910052,63.7
125990307,"1","Centralizzato","Cimiano, Crescenzago, Adriano","Cimiano",550,2,42.3076923076923,13,c(9.23524, 45.4982),7.12928429319486,23.2835589164197,35.1
110753269,"1","Autonomo","Abbiategrasso, Chiesa Rossa","Pezzotti - Meda",450,1,11.25,20,c(9.18192, 45.44),17.6652782688302,1.89910367894223,89.9
112213393,"1","Centralizzato","Famagosta, Barona","Barona",440,3,5.86666666666667,20,c(9.15144, 45.4414),20.2480181381956,8.85651667014553,107.9
127147927,"2","Centralizzato","Famagosta, Barona","Tre Castelli - Faenza",520,4,34.6666666666667,15,c(9.13739, 45.4403),9.4124634278452,7.061088989361,122
122609684,"2","Autonomo","Affori, Bovisa","Vialba",460,4,23,20,c(9.12889, 45.5132),35.0988226666192,2.80747876047923,42.1
121539528,"1","Centralizzato","San Siro, Trenno","San Siro",550,2,25,22,c(9.14235, 45.4757),5.46013506225222,3.68384169871176,54.2
122785072,"2","Centralizzato","Fiera, Sempione, City Life, Portello","Portello - Parco Vittoria",550,5,27.5,20,c(9.15324, 45.4864),9.37873436271029,4.37173892287714,37.3
105494445,"2","Centralizzato","Bande Nere, Inganni","Inganni",400,4,33.3333333333333,12,c(9.12075, 45.4541),6.29070420782292,19.9452162886065,101.4
119605331,"2","Centralizzato","Città Studi, Susa","Casoretto",400,3,26.6666666666667,15,c(9.23329, 45.4878),6.45916428654837,6.46105295761691,18.6
121369662,"2","Autonomo","Uptown, Cascina Merlata, Viale Certosa","Certosa",500,5,25,20,c(9.14943, 45.4981),25.8389283780734,1.78464946743775,15
107727705,"1","Autonomo","Genova, Ticinese","Ticinese",500,2,11.1111111111111,18,c(9.18049, 45.4552),4.35489260151012,2.86888500009701,70
111541755,"1","Autonomo","Ripamonti, Vigentino","Quintosole - Chiaravalle",450,3,15,20,c(9.23991, 45.417),28.8205728046571,45.1663285847219,106
120379272,"1","Centralizzato","Cimiano, Crescenzago, Adriano","Cimiano",480,1,10.6666666666667,20,c(9.23867, 45.4958),6.97064220192225,19.2448857524527,35.2
123973013,"2","Centralizzato","Uptown, Cascina Merlata, Viale Certosa","Musocco",340,4,17,20,c(9.1257, 45.502),15.5586520835927,1.3211673182374,38.7
125406279,"1","Centralizzato","Affori, Bovisa","Bovisa",470,5,23.5,20,c(9.16536, 45.5026),18.0512869282986,0.195872093764117,11.6
127410541,"1","Autonomo","Cimiano, Crescenzago, Adriano","Cimiano",550,3,9.16666666666667,16,c(9.2344, 45.4996),7.7642047922637,23.7597812509431,36.2
116602981,"1","Centralizzato","Città Studi, Susa","Città Studi",380,3,17.2727272727273,22,c(9.22919, 45.4848),7.84600283953172,8.30832720113352,11.2
127403097,"1","Autonomo","San Siro, Trenno","Gallaratese",530,1,53,10,c(9.11264, 45.4924),8.5910833784328,21.2232666433512,60.4
123675669,"2","Centralizzato","Bicocca, Niguarda","Bignami - Ponale",500,3,5.55555555555556,24,c(9.21444, 45.5169),10.7130221706975,1.82602888659068,70.5
119490005,"1","Autonomo","Uptown, Cascina Merlata, Viale Certosa","Certosa",250,2,19.2307692307692,13,c(9.13313, 45.5066),27.0594999215688,3.59861752504371,31.3
127148087,"1","Centralizzato","Navigli","Navigli - Darsena",500,2,8.33333333333333,24,c(9.17406, 45.4442),7.79993650586347,6.11360600138242,89.8
126759149,NA,"Centralizzato","Genova, Ticinese","Corso Genova",500,NA,25,20,c(9.17781, 45.4576),2.68697801611831,1.60511997922077,69.1
121619778,"1","Centralizzato","Città Studi, Susa","Città Studi",550,3,6.875,21.3333333333333,c(9.22261, 45.4783),5.47822295403555,3.94358756215183,7.4
123722583,"1","Centralizzato","Porta Romana, Cadore, Montenero","Cadore",475,3,21.5909090909091,22,c(9.21109, 45.4582),15.0326083158871,3.83106757004629,42.1
114859333,"2","Centralizzato","Centrale, Repubblica","Buenos Aires",440,5,29.3333333333333,15,c(9.21092, 45.4826),3.8878212675633,4.02371825073837,20.5
126734717,"2","Assente","Affori, Bovisa","Dergano",450,4,30,15,c(9.18186, 45.5022),6.43361499212681,7.95281092622523,32.6
115724237,"3","Centralizzato","San Siro, Trenno","Gallaratese",480,5,36.9230769230769,13,c(9.10815, 45.4958),3.22163448864337,20.0598113144426,65.4
100903053,"1","Centralizzato","Abbiategrasso, Chiesa Rossa","Cermenate - Abbiategrasso",500,5,33.3333333333333,15,c(9.17976, 45.4315),3.93477457708081,0.708519868094011,103.5
120599868,"1","Autonomo","Udine, Lambrate","Ortica",350,2,17.5,20,c(9.24604, 45.4705),15.7736239701716,10.2376864339639,33
126606087,"1","Centralizzato","Uptown, Cascina Merlata, Viale Certosa","Certosa",450,2,5.625,20,c(9.13493, 45.5011),21.8286661482608,5.06816629217148,26.7
112829933,"1","Centralizzato","Famagosta, Barona","Cantalupa - San Paolo",473,4,18.92,25,c(9.17395, 45.4366),7.1153712523688,5.37052558762435,99.4
119089335,"2","Autonomo","Città Studi, Susa","Città Studi",500,5,6.66666666666667,12,c(9.2182, 45.4765),11.0742857278175,4.22778396397224,12.8
123509415,"1","Centralizzato","Cimiano, Crescenzago, Adriano","Ponte Nuovo",450,2,30,15,c(9.24003, 45.507),10.1274912562291,13.7302783245255,52.5
124460907,"1","Centralizzato","Famagosta, Barona","Cantalupa - San Paolo",400,2,6.66666666666667,24,c(9.17376, 45.4366),6.88412812059536,5.5981852018797,99.6
119367401,"1","Centralizzato","San Siro, Trenno","San Siro",350,2,7,20,c(9.14088, 45.4695),8.36399345899117,5.34800025124247,65.2
124461351,"1","Centralizzato","Famagosta, Barona","Cantalupa - San Paolo",400,2,6.66666666666667,24,c(9.17376, 45.4366),6.88412812059536,5.5981852018797,99.6
122104438,"1","Centralizzato","Abbiategrasso, Chiesa Rossa","Pezzotti - Meda",460,3,30.6666666666667,15,c(9.18708, 45.4454),19.1168740818674,3.00802259289884,78.2
121664302,"1","Centralizzato","Cimiano, Crescenzago, Adriano","Crescenzago",400,3,5.55555555555556,19.2,c(9.24658, 45.5088),6.9789232866504,8.97578105283956,54.9
117314017,"1","Centralizzato","Bande Nere, Inganni","Inganni",420,3,21,20,c(9.11706, 45.4566),5.45692086024635,25.4803427930992,99.5
126816571,"1","Autonomo","Affori, Bovisa","Dergano",470,3,9.4,13.3333333333333,c(9.17522, 45.5025),7.47681880915876,9.30463464710655,24.5
123402407,"1","Autonomo","Fiera, Sempione, City Life, Portello","Sempione",434,2,5.425,20,c(9.1657, 45.4826),3.43076678226502,2.77294038220756,44.9
124886127,"2","Autonomo","Uptown, Cascina Merlata, Viale Certosa","Musocco",425,5,21.25,20,c(9.12249, 45.501),12.6362480306987,3.12281591112205,43.6
71179694,"2","Autonomo","Uptown, Cascina Merlata, Viale Certosa","Certosa",500,5,25,20,c(9.14951, 45.4984),26.3186290477506,1.28382601028872,15.1
125737357,"2","Autonomo","Pasteur, Rovereto","Pasteur",540,5,27,20,c(9.21567, 45.4909),2.95279483296285,0.784591386341757,27.3
121267870,"1","Centralizzato","Abbiategrasso, Chiesa Rossa","Chiesa Rossa",500,3,31.25,16,c(9.17233, 45.4276),7.39069534031876,6.06868725906311,113.7
126377051,"1","Centralizzato","Forlanini","Viale Ungheria - Mecenate",550,3,36.6666666666667,15,c(9.24912, 45.452),20.3515166576487,2.20674525323258,55.1
104475391,"1","Centralizzato","Precotto, Turro","Villa San Giovanni",460,3,18.4,25,c(9.22501, 45.5176),1.35963835817974,6.94094068310047,63
126756263,"1","Centralizzato","Bicocca, Niguarda","Ca' Granda",500,2,31.25,16,c(9.19793, 45.5071),3.89290391074882,0.25654837269063,55.6
123018137,"2","Centralizzato","Città Studi, Susa","Plebisciti - Susa",500,4,25,20,c(9.22696, 45.4654),5.25415148990523,5.63909662877474,22
124792883,"2","Centralizzato","Bisceglie, Baggio, Olmi","Baggio",500,3,5.26315789473684,25.3333333333333,c(9.10508, 45.4598),12.2384190919802,34.3319912758479,105.5
127074545,"1","Centralizzato","Affori, Bovisa","Affori",350,2,11.6666666666667,12,c(9.15866, 45.5156),15.696038420517,24.1033918098327,30
124103559,"1","Centralizzato","Affori, Bovisa","Comasina",400,4,44.4444444444444,9,c(9.16273, 45.5285),1.35486819256246,36.5101583831423,52.5
123286597,"1","Centralizzato","Famagosta, Barona","Cantalupa - San Paolo",460,3,7.66666666666667,16,c(9.15577, 45.4297),12.000528958727,26.5414009060777,124.9
127398061,"1","Centralizzato","Abbiategrasso, Chiesa Rossa","Cermenate - Abbiategrasso",450,NA,28.125,16,c(9.18062, 45.4347),9.06391214130356,3.25800703761044,99.5
123549673,"1","Centralizzato","Navigli","Corso San Gottardo",550,3,55,10,c(9.18614, 45.4481),14.6361161710569,1.24849054350489,74.9
74313540,"2","Centralizzato","Città Studi, Susa","Città Studi",550,3,61.1111111111111,9,c(9.23131, 45.4696),2.7036042246304,2.49748846270819,18.4
123362667,"1","Centralizzato","Navigli","Bocconi",450,2,22.5,20,c(9.19635, 45.4477),10.6819629320931,1.76312920451202,66.8
114162103,"2","Centralizzato","Abbiategrasso, Chiesa Rossa","Gratosoglio",550,5,5.23809523809524,16.8,c(9.17454, 45.4183),20.5843119424448,1.08887164505302,125.4
114965657,"1","Autonomo","Cimiano, Crescenzago, Adriano","Ponte Nuovo",400,2,13.3333333333333,20,c(9.24628, 45.5103),9.59983958317829,6.35049122784412,58.7
116287491,"1","Centralizzato","Abbiategrasso, Chiesa Rossa","Pezzotti - Meda",400,2,6.15384615384615,26,c(9.18519, 45.4383),17.2745461534353,2.36322673347709,90.8
126801383,"1","Autonomo","San Siro, Trenno","San Siro",450,4,6.42857142857143,14,c(9.13565, 45.4685),10.9224338259308,10.9052800945011,68.8
116028405,"1","Centralizzato","Fiera, Sempione, City Life, Portello","Portello - Parco Vittoria",550,2,8.46153846153846,26,c(9.15381, 45.4888),13.5467262397756,3.05719202100033,32.4
110090391,"1","Autonomo","Affori, Bovisa","Bovisa",475,2,9.5,20,c(9.16238, 45.5014),22.1442930006025,4.0170318723363,8.8
124324371,NA,"Centralizzato","San Siro, Trenno","Gallaratese",515,NA,7.35714285714286,NA,c(9.09595, 45.5039),3.87526318616436,30.273769596278,74.3
118757295,"1","Centralizzato","Cimiano, Crescenzago, Adriano","Cimiano",500,2,35.7142857142857,14,c(9.2392, 45.4993),1.9581671094458,25.3434059903544,37.7
112930325,"1","Centralizzato","Bande Nere, Inganni","Lorenteggio",500,3,27.7777777777778,18,c(9.14042, 45.4547),5.46371583822236,10.6011896202686,90
113422723,"1","Autonomo","Affori, Bovisa","Bovisasca",550,2,18.3333333333333,20,c(9.15345, 45.5173),19.5675157916061,25.6742973197153,33.7
124106337,"1","Centralizzato","Affori, Bovisa","Comasina",400,4,44.4444444444444,9,c(9.16276, 45.5285),1.32283160970024,36.4741941537029,52.5
120929250,"2","Centralizzato","Città Studi, Susa","Casoretto",550,5,9.16666666666667,9.6,c(9.21838, 45.4863),3.72704593695969,7.66449449519514,17.7
122171096,"1","Autonomo","Bande Nere, Inganni","Gambara",390,2,26,15,c(9.14017, 45.4649),3.46943881061013,11.1693160711469,73.5
124331743,"2","Centralizzato","Bicocca, Niguarda","Prato Centenaro",550,4,6.875,16,c(9.19575, 45.5085),6.89566646040458,1.43574993979908,53.8
121985214,"1","Centralizzato","San Siro, Trenno","Gallaratese",550,1,5.78947368421053,20,c(9.10235, 45.5048),6.42242894877215,22.6159032963276,67.7
114173275,"1","Centralizzato","Forlanini","Viale Ungheria - Mecenate",530,3,7.57142857142857,18.6666666666667,c(9.24718, 45.446),24.2370389718337,1.46909131685514,66.1
126944793,"2","Autonomo","Abbiategrasso, Chiesa Rossa","Chiesa Rossa",550,4,22,25,c(9.17738, 45.4259),7.13059308118989,1.15675265952352,112.9
126267993,"1","Centralizzato","Bicocca, Niguarda","Niguarda",380,3,42.2222222222222,9,c(9.18878, 45.5169),18.9671049276398,5.20100014795261,52.4
113531715,"1","Centralizzato","San Siro, Trenno","San Siro",450,2,22.5,20,c(9.14024, 45.4699),9.28067382854836,5.21826441270846,64.8
126625267,"1","Centralizzato","San Siro, Trenno","Figino",400,2,5.71428571428571,20,c(9.0731, 45.4925),32.1602657483229,61.0080630777925,115.8
127165295,"1","Centralizzato","Affori, Bovisa","Affori",475,3,23.75,20,c(9.17544, 45.5148),2.82820393595303,19.3505423296152,41.3
74804404,"1","Assente","Abbiategrasso, Chiesa Rossa","Chiesa Rossa",450,3,22.5,20,c(9.17231, 45.4282),6.87748295873917,6.30247069260321,112.6
121185140,"1","Centralizzato","Bisceglie, Baggio, Olmi","Quarto Cagnino",350,1,8.75,20,c(9.11023, 45.4718),12.535871965255,17.1901428782965,90.2
125967287,"1","Centralizzato","Centro","Missori",400,3,20,20,c(9.18953, 45.458),3.09514939643023,3.33961291832319,59.4
113946769,NA,"Autonomo","San Siro, Trenno","San Siro",450,NA,7.5,NA,c(9.14413, 45.4695),8.06405589940785,2.29542678336425,64.3
125662661,"1","Centralizzato","Corvetto, Rogoredo","Corvetto",450,4,5.29411764705882,17,c(9.22253, 45.4338),11.1880609396565,25.7168072163083,73.5
115150233,"1","Centralizzato","Bicocca, Niguarda","Bicocca",550,2,27.5,20,c(9.20878, 45.518),6.98208008570445,1.74268924471076,73.8
121403820,NA,"Centralizzato","San Siro, Trenno","Gallaratese",550,2,9.16666666666667,24,c(9.11513, 45.5014),9.71947315056073,7.57061697926571,52.9
111106349,"2","Centralizzato","Bisceglie, Baggio, Olmi","Bisceglie",550,4,34.375,16,c(9.10895, 45.4563),5.09470879292656,26.8807527357809,105.8
111775127,"1","Centralizzato","Abbiategrasso, Chiesa Rossa","Cermenate - Abbiategrasso",450,2,5.48780487804878,20,c(9.18113, 45.4361),11.5260965655905,3.85572404163482,97.4
119667494,"2","Autonomo","Cimiano, Crescenzago, Adriano","Quartiere Adriano",450,2,75,20,c(9.24743, 45.5169),18.9118665165513,4.14783278795645,70.2
109784415,"1","Centralizzato","Bicocca, Niguarda","Prato Centenaro",550,3,34.375,16,c(9.20069, 45.5097),4.29233975031433,2.20993974259404,60.9
123010485,"1","Centralizzato","Cimiano, Crescenzago, Adriano","Crescenzago",440,2,8,22,c(9.24633, 45.502),5.25584947827872,20.6899513683952,47.1
119578481,"1","Centralizzato","Cimiano, Crescenzago, Adriano","Cimiano",550,NA,27.5,20,c(9.23936, 45.504),7.91695864997528,18.7592173898358,45.3
120655942,"2","Autonomo","Bicocca, Niguarda","Greco - Segnano",550,2,6.11111111111111,20,c(9.21216, 45.5019),11.0479484246429,13.0017514212423,45.4
125817195,"2","Centralizzato","Cimiano, Crescenzago, Adriano","Cimiano",550,5,36.6666666666667,15,c(9.24008, 45.4992),1.02750654523609,25.3318435764987,39.5
120311460,"1","Centralizzato","San Siro, Trenno","Gallaratese",550,4,6.47058823529412,17,c(9.12094, 45.4975),6.32833131633852,9.29552628292148,50.6
127209677,"1","Autonomo","Città Studi, Susa","Città Studi",550,2,7.33333333333333,20,c(9.23571, 45.4858),2.34634343326032,2.01330549017763,17.1
126180165,"1","Centralizzato","Navigli","Bocconi",450,5,18,25,c(9.19416, 45.4487),12.0792132440993,3.89459188811574,67.8
108991059,"1","Centralizzato","Maggiolina, Istria","Cascina dei Pomi",400,3,25,16,c(9.20956, 45.4954),12.102845859935,7.98669244583426,36.6
126194161,"1","Centralizzato","Città Studi, Susa","Città Studi",550,5,27.5,20,c(9.22992, 45.4719),7.02215774201654,1.70034186016352,13.7
126798581,NA,"Centralizzato","Uptown, Cascina Merlata, Viale Certosa","Certosa",445,NA,8.9,NA,c(9.15195, 45.4968),26.0882026267608,1.98162333144304,16.3
111266757,"1","Centralizzato","Corvetto, Rogoredo","Corvetto",500,5,33.3333333333333,15,c(9.21639, 45.4395),6.2328656340179,19.318586044817,68
118598113,"2","Autonomo","Affori, Bovisa","Affori",350,1,13.4615384615385,26,c(9.1689, 45.5097),9.07712110248288,13.2347721920914,24.6
122504286,NA,"Autonomo","Ponte Lambro, Santa Giulia","Santa Giulia",500,NA,33.3333333333333,15,c(9.24192, 45.432),5.44879534668667,23.368288473269,84
121686718,NA,"Assente","Ripamonti, Vigentino","Ripamonti - Fondazione Prada",385,NA,5.5,NA,c(9.21012, 45.4429),6.80857282227901,13.3619901762851,66.5
124327547,"2","Autonomo","Udine, Lambrate","Rubattino",500,5,20,25,c(9.24213, 45.4811),9.84585997022532,3.2064162277433,18.5
127214795,NA,"Centralizzato","Genova, Ticinese","Ticinese",375,NA,5.76923076923077,NA,c(9.17828, 45.4537),8.06351588863541,2.58513584539282,73.7
119111899,NA,"Assente","San Siro, Trenno","San Siro",350,NA,7,NA,c(9.1415, 45.4699),8.83701370251314,4.38797275426788,64.3
126202949,NA,"Autonomo","Cenisio, Sarpi, Isola","Farini",500,NA,25,20,c(9.17654, 45.4968),10.4582180750353,2.91628792144676,27.3
121735696,"2","Centralizzato","Bicocca, Niguarda","Bignami - Ponale",530,5,10.6,8,c(9.21044, 45.5256),2.95220833113176,1.0538940672963,83.7
120182300,"1","Centralizzato","San Siro, Trenno","Gallaratese",550,4,27.5,20,c(9.12217, 45.4973),6.36935213598575,8.7138697091388,49.6
123020689,"1","Autonomo","Uptown, Cascina Merlata, Viale Certosa","Musocco",500,2,20,25,c(9.12481, 45.5019),14.9667214088532,0.573187082716265,39.8
119240531,"1","Autonomo","Precotto, Turro","Precotto",500,NA,27.7777777777778,18,c(9.22749, 45.5124),3.74133730353421,2.66028301921057,55.7
104124299,"2","Autonomo","Centro","Duomo",450,5,25,18,c(9.15964, 45.4607),5.25561941480134,4.49056976076029,80.8
111636083,"2","Centralizzato","Abbiategrasso, Chiesa Rossa","Chiesa Rossa",550,4,27.5,20,c(9.17582, 45.4234),11.6088511714855,1.42182800851413,119
115865621,NA,"Autonomo","Abbiategrasso, Chiesa Rossa","Pezzotti - Meda",500,NA,22.7272727272727,22,c(9.18089, 45.4409),16.8246365809986,2.71816807020313,89.3
108587321,"1","Centralizzato","Pasteur, Rovereto","Pasteur",500,4,25,20,c(9.21197, 45.4913),7.47424582820999,3.89795375470656,28.8
46862117,"1","Centralizzato","Affori, Bovisa","Dergano",230,2,6.57142857142857,14,c(9.17912, 45.5071),2.75194373117185,12.872235345706,28.6
119067247,"1","Centralizzato","Porta Vittoria, Lodi","Martini - Insubria",500,2,9.09090909090909,22,c(9.21935, 45.4508),12.587797722483,0.941754657223795,48.5
112755667,"1","Autonomo","Solari, Washington","Vercelli - Wagner",500,4,50,10,c(9.15972, 45.4658),4.65226092200242,1.79696072282595,73.7
122913344,"1","Autonomo","Abbiategrasso, Chiesa Rossa","Cermenate - Abbiategrasso",450,1,22.5,20,c(9.17801, 45.4368),11.791176568838,0.758281333033614,97
110844339,"2","Centralizzato","Famagosta, Barona","Tre Castelli - Faenza",400,2,40,10,c(9.137, 45.4394),9.52813171313103,8.68127876980721,124.1
114104535,"1","Centralizzato","Solari, Washington","Vercelli - Wagner",480,1,10.6666666666667,20,c(9.15382, 45.4674),2.22989406978064,0.697127842613973,69.7
101105667,"1","Centralizzato","Bicocca, Niguarda","Prato Centenaro",500,3,31.25,16,c(9.19171, 45.5088),11.7789097881539,0.673722372673875,49
118721975,"1","Centralizzato","Affori, Bovisa","Dergano",500,2,7.14285714285714,20,c(9.17668, 45.5036),4.87163039965833,11.8900406387222,25.6
120746708,NA,"Centralizzato","Ponte Lambro, Santa Giulia","Santa Giulia",400,NA,22.2222222222222,18,c(9.2473, 45.4332),11.297060616656,21.1007164310215,89.1
127564338,"1","Centralizzato","Bicocca, Niguarda","Prato Centenaro",480,4,24,20,c(9.20294, 45.5097),4.80439440630936,2.45436741894161,63.5
127669422,"1","Centralizzato","Centrale, Repubblica","Centrale",550,2,7.85714285714286,20,c(9.20951, 45.4889),6.23242395280747,4.05895065240867,26.5
127667132,"2","Centralizzato","Porta Romana, Cadore, Montenero","Porta Romana - Medaglie d'Oro",380,3,8.44444444444444,12,c(9.20584, 45.4514),3.2207220904013,4.01317381917783,54.3
127601384,"2","Centralizzato","Cimiano, Crescenzago, Adriano","Crescenzago",560,5,46.6666666666667,12,c(9.24023, 45.5053),9.21198539562832,16.2702743899333,48.4
127536450,"2","Centralizzato","Forlanini","Quartiere Forlanini",500,4,41.6666666666667,12,c(9.24716, 45.4577),11.131298869826,4.97661364733916,47.5
127534652,"1","Centralizzato","Napoli, Soderini","Tripoli - Soderini",375,4,17.0454545454546,22,c(9.15176, 45.455),1.76853945714341,5.24198372379896,87.9
127529458,"2","Centralizzato","Cenisio, Sarpi, Isola","Farini",550,5,27.5,20,c(9.18838, 45.4967),4.43324032949036,3.64269648194799,40.6
127517522,"1","Centralizzato","Affori, Bovisa","Dergano",560,4,21.5384615384615,26,c(9.18852, 45.503),10.140755975558,0.587569561851474,42
127496784,"2","Autonomo","Abbiategrasso, Chiesa Rossa","Chiesa Rossa",550,5,34.375,16,c(9.17831, 45.4263),6.54886358662689,1.38354542784013,112.5
127426064,NA,"Autonomo","Navigli","Bocconi",360,NA,36,10,c(9.19169, 45.45),11.7624575689205,2.03874613367424,68.9
127534652,"1","Centralizzato","Napoli, Soderini","Tripoli - Soderini",375,4,17.0454545454546,22,c(9.15176, 45.455),1.76853945714341,5.24198372379896,87.9
127529458,"2","Centralizzato","Cenisio, Sarpi, Isola","Farini",550,5,27.5,20,c(9.18838, 45.4967),4.43324032949036,3.64269648194799,40.6
127517522,"1","Centralizzato","Affori, Bovisa","Dergano",560,4,21.5384615384615,26,c(9.18852, 45.503),10.140755975558,0.587569561851474,42
127496784,"2","Autonomo","Abbiategrasso, Chiesa Rossa","Chiesa Rossa",550,5,34.375,16,c(9.17831, 45.4263),6.54886358662689,1.38354542784013,112.5
127426064,NA,"Autonomo","Navigli","Bocconi",360,NA,36,10,c(9.19169, 45.45),11.7624575689205,2.03874613367424,68.9
126620999,"1","Assente","Cenisio, Sarpi, Isola","Farini",500,3,41.6666666666667,12,c(9.1695, 45.496),15.1901570431952,2.32377087473999,21.1
120951688,"2","Assente","Affori, Bovisa","Bovisa",525,4,5.70652173913043,18.4,c(9.1679, 45.4988),18.4071824319682,1.62964985755768,17.2
127519124,"1","Assente","Uptown, Cascina Merlata, Viale Certosa","Certosa",450,4,37.5,12,c(9.1513, 45.4953),23.7047756214025,2.85841955669555,19.5
126837165,"1","Assente","Bicocca, Niguarda","Niguarda",550,3,32.3529411764706,17,c(9.1887, 45.5158),18.3758880237204,3.99702559405094,53.7
126371235,"1","Assente","Udine, Lambrate","Udine",500,4,5.55555555555556,18,c(9.2327, 45.4908),5.21338096447834,11.4103469759761,23.7
127374201,"1","Assente","Famagosta, Barona","Tre Castelli - Faenza",450,3,7.37704918032787,16.2666666666667,c(9.1469, 45.4398),20.9374663464122,10.0251497109503,113.9
126386259,"2","Centralizzato","Bicocca, Niguarda","Ca' Granda",565,5,62.7777777777778,9,c(9.1993, 45.5052),4.1751829667921,2.25776090483904,57.2
127362911,"1","Centralizzato","San Siro, Trenno","San Siro",585,1,5.85,20,c(9.1432, 45.4752),6.17197318877611,3.72025218073915,54.9
126386267,"1","Centralizzato","Cimiano, Crescenzago, Adriano","Cimiano",585,4,39,15,c(9.23587, 45.5024),7.75983251338165,21.5176265974691,42
82006096,"2","Assente","Centro","Carrobbio",450,4,15,20,c(9.1843, 45.459),3.70572214246628,3.28954609885239,62.5
97243928,"1","Assente","Abbiategrasso, Chiesa Rossa","Chiesa Rossa",420,3,5.45454545454545,20.5333333333333,c(9.1819, 45.4305),5.64946789262233,2.40765538638655,109.5
127545574,"1","Assente","Abbiategrasso, Chiesa Rossa","Cermenate - Abbiategrasso",550,5,5.5,16,c(9.1779, 45.4308),1.53387773032184,2.523340036082,105.9
125526603,"1","Assente","Udine, Lambrate","Lambrate",500,3,25,20,c(9.2506, 45.4732),23.0402162262058,15.9036601371668,37
88641345,"1","Assente","Abbiategrasso, Chiesa Rossa","Chiesa Rossa",500,1,9.09090909090909,20,c(9.1823, 45.4311),6.35935218206221,2.31867611559482,101.7
100766783,"2","Assente","Napoli, Soderini","Tripoli - Soderini",500,4,41.6666666666667,12,c(9.1509, 45.4568),3.70754993628861,8.5320818882391,84.3
127553316,"1","Assente","Precotto, Turro","Gorla",550,3,5.67010309278351,25.8666666666667,c(9.2245, 45.5045),3.63820783807995,15.7121015981585,42.2
127099419,"1","Assente","Bicocca, Niguarda","Greco - Segnano",430,3,5.375,21.3333333333333,c(9.2081, 45.5093),9.22616346036451,6.70732047858934,59.2
126635723,"2","Assente","Città Studi, Susa","Città Studi",550,5,5.5,16,c(9.2184, 45.4752),12.4764410919549,2.45908701698366,13.3
127553494,"1","Assente","Precotto, Turro","Gorla",550,3,5.67010309278351,25.8666666666667,c(9.2245, 45.5045),3.63820783807995,15.7121015981585,42.2
126918433,"1","Assente","Bicocca, Niguarda","Prato Centenaro",550,3,36.6666666666667,15,c(9.1917, 45.5088),11.7907720487273,0.675947258298277,49
127506864,"1","Assente","Bisceglie, Baggio, Olmi","Bisceglie",560,2,37.3333333333333,15,c(9.1055, 45.4579),10.0416529678484,31.1511760265131,108.6
127297409,"2","Assente","Precotto, Turro","Turro",520,3,34.6666666666667,15,c(9.2201, 45.4996),1.82515352046746,9.47483992576612,35.3
124773055,"1","Assente","Ripamonti, Vigentino","Vigentino - Fatima",450,3,28.125,16,c(9.2029, 45.4253),32.2662854752457,0.964416156101449,99.8
127611852,"2","Assente","Fiera, Sempione, City Life, Portello","Monte Rosa - Lotto",500,4,41.6666666666667,12,c(9.1466, 45.4813),4.42726230022492,13.9669124832472,45.2
127306223,"2","Assente","Precotto, Turro","Turro",520,3,34.6666666666667,15,c(9.2201, 45.4996),1.82515352046746,9.47483992576612,35.3
126224393,"2","Centralizzato","Bicocca, Niguarda","Bignami - Ponale",550,1,45.8333333333333,12,c(9.2108, 45.5271),1.77165930099214,2.52857163656705,84.9
121313432,"1","Assente","Città Studi, Susa","Casoretto",515,3,5.15,20,c(9.2253, 45.4904),8.98735936516701,11.5627454784955,17.9
123104261,"1","Assente","Famagosta, Barona","Giambellino",580,4,48.3333333333333,12,c(9.1286, 45.4448),4.65576547166873,1.98799952782752,110.4
123744565,"1","Assente","Affori, Bovisa","Dergano",480,3,5.64705882352941,22.6666666666667,c(9.1886, 45.5043),11.2171845461385,2.25106423358401,40.2
126931855,"1","Assente","Abbiategrasso, Chiesa Rossa","Chiesa Rossa",500,3,7.69230769230769,17.3333333333333,c(9.1766, 45.4255),7.8730139766535,1.4517407565938,114.3
127529334,"1","Assente","Affori, Bovisa","Affori",500,3,22.7272727272727,22,c(9.1645, 45.5184),7.23695262758845,27.5782264206156,38.8
122340598,"1","Assente","Cimiano, Crescenzago, Adriano","Crescenzago",450,3,6.42857142857143,18.6666666666667,c(9.2456, 45.5029),4.30004427668905,19.1060382416005,47.4
124344465,"1","Assente","Napoli, Soderini","Piazza Napoli",550,3,8.46153846153846,17.3333333333333,c(9.1539, 45.4511),7.41429164652005,2.00470813403241,94.7
112952107,"1","Assente","Centrale, Repubblica","Centrale",450,4,30,15,c(9.2051, 45.4834),2.99782436689856,2.10744932554946,27.3
126541091,"2","Assente","San Siro, Trenno","San Carlo",500,3,6.66666666666667,20,c(9.1077, 45.4605),10.9002375664293,32.8561418859188,102.8
125282299,"1","Assente","Udine, Lambrate","Lambrate",600,2,10,24,c(9.239, 45.4821),5.80390955610465,2.78400205122866,14.5
127581310,"1","Assente","Uptown, Cascina Merlata, Viale Certosa","Ghisolfa - Mac Mahon",620,4,7.84810126582278,15.8,c(9.1572, 45.493),18.7589314355631,1.84928483284529,24.1
126805389,"1","Assente","Pasteur, Rovereto","Parco Trotter",590,4,8.19444444444444,14.4,c(9.2246, 45.4909),8.20121605882014,10.6225333082107,19.1
127540570,"1","Assente","Uptown, Cascina Merlata, Viale Certosa","Certosa",700,3,10.7692307692308,17.3333333333333,c(9.1518, 45.4967),25.8364842032316,2.23320422016811,16.5
127209807,"1","Assente","Pasteur, Rovereto","Pasteur",650,4,6.31067961165049,20.6,c(9.2122, 45.4892),7.23336390608711,1.95843358584746,25.6
126273839,"1","Assente","San Siro, Trenno","Monte Stella",590,4,7.28395061728395,16.2,c(9.1439, 45.4855),8.42083902701184,11.6801616084785,38.6
127242765,"1","Assente","Ripamonti, Vigentino","Ripamonti - Fondazione Prada",590,4,7.375,16,c(9.2101, 45.4438),5.26447941500887,13.6562205188159,65.4
123344905,"2","Assente","Udine, Lambrate","Ortica",598,4,7.03529411764706,17,c(9.2463, 45.469),14.1026980992741,11.2867658543715,36
127387537,"1","Assente","Solari, Washington","Washington",620,4,6.26262626262626,19.8,c(9.1516, 45.4618),8.43702609147089,9.381728379975,79.3
123705547,"2","Assente","Udine, Lambrate","Udine",700,3,5.83333333333333,20,c(9.237, 45.4908),1.10561032918179,10.4184731344315,26
122375986,"1","Centralizzato","Famagosta, Barona","Barona",625,1,28.4090909090909,22,c(9.1583, 45.4414),12.1626985153311,11.2193682032718,103.7
127069891,"2","Assente","San Siro, Trenno","San Siro",600,4,42.8571428571428,14,c(9.1436, 45.4692),7.46278306776221,3.10407365422892,65
127658490,"1","Assente","Pasteur, Rovereto","Pasteur",670,3,8.375,21.3333333333333,c(9.2178, 45.4905),0.40348346723413,2.71958269086182,24.9
126807801,"1","Assente","Città Studi, Susa","Città Studi",670,3,8.375,21.3333333333333,c(9.2168, 45.486),1.87717606364688,6.25056057422673,17.5
127553380,"2","Assente","Bicocca, Niguarda","Bignami - Ponale",700,5,5.38461538461539,20.8,c(9.2101, 45.5252),3.73775941226407,1.67411376033708,83
127540580,"1","Assente","Uptown, Cascina Merlata, Viale Certosa","Certosa",700,3,11.6666666666667,16,c(9.1516, 45.4954),24.0911743944823,2.62361039208393,19.4
127540624,"3","Assente","Bicocca, Niguarda","Bignami - Ponale",700,NA,5.6,NA,c(9.2094, 45.5265),3.42558595635167,2.7225381209504,82.9
125858751,"1","Assente","Navigli","Bocconi",600,4,37.5,16,c(9.1874, 45.451),9.42452932782458,1.23616910206078,70.5
122661114,"1","Assente","Porta Vittoria, Lodi","Bologna - Sulmona",600,3,7.05882352941176,22.6666666666667,c(9.227, 45.4409),4.43994493092644,18.0840471032188,62.5
114647975,"1","Assente","Famagosta, Barona","Tre Castelli - Faenza",610,4,6.77777777777778,18,c(9.1377, 45.4404),9.73163106008908,6.75338753109151,121.7
127554306,"1","Centralizzato","Città Studi, Susa","Argonne - Corsica",600,4,30,20,c(9.23323, 45.4629),4.67494824637086,1.6328719185342,29.2
127554996,"1","Assente","San Siro, Trenno","San Siro",700,3,7.77777777777778,24,c(9.1438, 45.4736),8.4886744962626,2.43993267684762,57.4
124895169,"2","Assente","San Siro, Trenno","Monte Stella",630,4,5.25,24,c(9.1388, 45.4879),3.92441189159,11.4599948251349,43.8
126714265,"1","Assente","Abbiategrasso, Chiesa Rossa","Pezzotti - Meda",625,3,8.44594594594595,19.7333333333333,c(9.187, 45.4393),19.9619214824109,5.14293984447226,87.9
127289513,"1","Assente","Porta Vittoria, Lodi","Lodi - Brenta",600,3,33.3333333333333,18,c(9.2207, 45.4484),10.1158340643429,3.36516713412262,51.8
127136987,"1","Assente","Maggiolina, Istria","Maggiolina",630,3,52.5,12,c(9.2075, 45.4958),13.1476765759286,7.65902912227173,38.5
127296165,"1","Centralizzato","Bisceglie, Baggio, Olmi","Bisceglie",660,3,41.25,16,c(9.10549, 45.4579),10.0526558950801,31.1567335027989,108.6
126779791,"1","Assente","Affori, Bovisa","Bovisa",600,3,8.21917808219178,19.4666666666667,c(9.1615, 45.5034),22.3307196116724,4.87783092397745,7.3
127220589,"1","Assente","San Siro, Trenno","Gallaratese",630,4,6.5625,19.2,c(9.1051, 45.5005),4.47024128454034,19.6768174183228,70.5
126917383,"1","Autonomo","Quadronno, Palestro, Guastalla","Quadronno - Crocetta",660,4,7.25274725274725,18.2,c(9.1986, 45.4542),5.15051825578097,3.13605452417075,58.1
126916635,"2","Autonomo","Città Studi, Susa","Città Studi",630,5,42,15,c(9.22085, 45.4753),11.0240482163558,0.623388393711188,9.5
126984905,"2","Autonomo","Centrale, Repubblica","Centrale",630,5,5.29411764705882,19.04,c(9.20305, 45.4905),2.92742565944629,2.3800437333415,35.6
126984915,"1","Autonomo","Solari, Washington","Dezza",650,4,9.70149253731343,13.4,c(9.1592, 45.4575),1.84151295841587,5.83819960217173,86.2
126917133,"3","Autonomo","Cenisio, Sarpi, Isola","Isola",630,5,42,15,c(9.19945, 45.4901),1.7644872553065,5.86764610691632,36.3
126984917,"1","Autonomo","Bande Nere, Inganni","Gambara",620,5,6.81318681318681,14.56,c(9.14358, 45.4633),2.88088567674738,9.92506092537499,75.8
126915525,"1","Autonomo","Cimiano, Crescenzago, Adriano","Crescenzago",665,4,7.38888888888889,18,c(9.24038, 45.5053),9.02981660541157,16.1989108313452,47.8
126916615,"1","Autonomo","Bande Nere, Inganni","Gambara",630,4,7.68292682926829,16.4,c(9.14359, 45.4628),3.73034001143834,10.505925409827,76.5
126917655,"3","Autonomo","Cenisio, Sarpi, Isola","Isola",630,5,42,15,c(9.19945, 45.4901),1.7644872553065,5.86764610691632,36.3
126917517,"2","Autonomo","Solari, Washington","Vercelli - Wagner",665,4,44.3333333333333,15,c(9.16221, 45.4653),5.3754329276512,1.84424292833468,76.5
126915529,"1","Autonomo","Maggiolina, Istria","Maggiolina",675,5,6.75,16,c(9.20184, 45.4997),5.78758519062277,5.56213132862639,49.7
126917623,"2","Autonomo","Ripamonti, Vigentino","Ripamonti - Fondazione Prada",615,5,41,15,c(9.21026, 45.4441),4.72295619779188,13.9018342360335,65.2
126916985,"2","Autonomo","Bicocca, Niguarda","Ca' Granda",635,3,42.3333333333333,15,c(9.20256, 45.5058),3.05497278128588,2.55286140090128,58.3
126916187,"2","Autonomo","Bande Nere, Inganni","Bande Nere",600,5,5.71428571428571,16.8,c(9.13124, 45.4597),2.46593587786857,23.1239639279399,85.6
126917635,"2","Autonomo","Genova, Ticinese","San Vittore",630,5,42,15,c(9.1703, 45.4602),2.84002362624467,5.00101197987493,75.9
126917267,"3","Autonomo","Cenisio, Sarpi, Isola","Isola",630,5,42,15,c(9.19945, 45.4901),1.7644872553065,5.86764610691632,36.3
126916463,"1","Autonomo","Bande Nere, Inganni","Gambara",665,4,7.47191011235955,17.8,c(9.14358, 45.4633),2.88088567674738,9.92506092537499,75.8
126917629,"1","Autonomo","Solari, Washington","Washington",695,5,5.47244094488189,20.32,c(9.1525, 45.4621),8.34982773369008,8.64092413529244,78.6
126917333,"2","Autonomo","Centrale, Repubblica","Melchiorre Gioia",620,5,41.3333333333333,15,c(9.19897, 45.486),4.91865175426528,2.91955954231593,35.6
126917271,"2","Autonomo","Bande Nere, Inganni","Primaticcio",690,5,46,15,c(9.1275, 45.457),4.72480736000685,20.7740904432042,92
126917055,"2","Autonomo","Affori, Bovisa","Affori",600,5,5.30973451327434,18.08,c(9.17352, 45.5173),6.54048113433048,22.2618643506441,38.7
126915541,"2","Autonomo","Affori, Bovisa","Affori",695,5,6.31818181818182,17.6,c(9.17477, 45.513),1.35401605726726,19.5914564025716,34.1
126917091,"2","Autonomo","Porta Romana, Cadore, Montenero","Porta Romana - Medaglie d'Oro",685,5,45.6666666666667,15,c(9.20376, 45.4527),2.13180461010036,2.38082082176572,53.6
126917377,"2","Autonomo","Famagosta, Barona","Giambellino",595,5,5.04237288135593,18.88,c(9.14046, 45.4501),3.88570612373661,4.14016453425667,99.4
126916895,"1","Autonomo","Centrale, Repubblica","Morgagni",685,4,5.39370078740157,25.4,c(9.21442, 45.4734),10.5672177174255,0.321562578231493,17.5
126917453,"2","Autonomo","Solari, Washington","Vercelli - Wagner",685,5,5.26923076923077,20.8,c(9.16153, 45.4663),3.508689073979,0.733650700465045,74.6
126917565,"1","Autonomo","Abbiategrasso, Chiesa Rossa","Pezzotti - Meda",630,4,7.875,16,c(9.18289, 45.4387),16.5163496145816,1.86835465445407,91.3
123366843,"2","Assente","Affori, Bovisa","Bovisa",600,3,6,20,c(9.1651, 45.5024),18.4548418381273,0.276616034359099,11.5
126917667,"3+","Autonomo","Affori, Bovisa","Dergano",685,5,45.6666666666667,15,c(9.18211, 45.5012),7.04595608793902,6.72840014888654,33.9
126916673,"2","Autonomo","Centrale, Repubblica","Centrale",680,5,5.6198347107438,19.36,c(9.21353, 45.4869),3.97798726897564,2.36455684601662,21.3
126917337,"2","Autonomo","Udine, Lambrate","Udine",615,5,41,15,c(9.23447, 45.4901),3.73788698681335,9.53185929754807,22.9
126917259,"1","Autonomo","Città Studi, Susa","Plebisciti - Susa",630,4,6.05769230769231,20.8,c(9.21759, 45.471),5.3010822365483,3.50994874001973,18.4
126916949,"3","Autonomo","Cenisio, Sarpi, Isola","Isola",675,5,45,15,c(9.18932, 45.4897),4.34582751872462,1.94638770319659,45.7
126917747,"1","Autonomo","Bande Nere, Inganni","Lorenteggio",590,4,7.28395061728395,16.2,c(9.13777, 45.4541),6.84586835265483,11.2750308379705,94.9
112965541,"1","Assente","Cimiano, Crescenzago, Adriano","Cimiano",600,3,7.31707317073171,21.8666666666667,c(9.2348, 45.4978),7.87699224535983,22.63601383518,33.9
126917571,"1","Autonomo","San Siro, Trenno","Monte Stella",640,5,6.4,16,c(9.13976, 45.4855),3.44208274355609,14.3754453648691,44.1
126917481,"1","Autonomo","Bande Nere, Inganni","Gambara",615,4,10.4237288135593,11.8,c(9.14434, 45.4623),4.81005714527675,10.5401264919321,77.5
126916819,"2","Autonomo","Uptown, Cascina Merlata, Viale Certosa","Certosa",600,5,6.12244897959184,15.68,c(9.15181, 45.4906),16.1574992777769,1.22950503923665,28.7
124776613,"1","Centralizzato","Ripamonti, Vigentino","Vigentino - Fatima",630,2,9.69230769230769,26,c(9.2032, 45.4266),32.1300607637002,1.44694548060869,97.5
126915511,"1","Autonomo","Affori, Bovisa","Bovisa",685,5,6.85,16,c(9.1657, 45.5038),17.168804236174,2.3111537312373,11.2
126917381,"2","Autonomo","Centrale, Repubblica","Buenos Aires",690,5,6.10619469026549,18.08,c(9.21355, 45.4841),2.85384710367116,4.9975672569961,18.5
126917031,"1","Autonomo","Solari, Washington","Dezza",630,4,9.40298507462687,13.4,c(9.1592, 45.4575),1.84151295841587,5.83819960217173,86.2
126917733,"1","Autonomo","Bande Nere, Inganni","Lorenteggio",665,5,7.64367816091954,13.92,c(9.14007, 45.4517),2.86636327958224,6.27855247851335,96.2
126915733,"1","Autonomo","Porta Romana, Cadore, Montenero","Montenero",605,5,6.95402298850575,13.92,c(9.20963, 45.4613),11.6704334258243,2.32986878530755,39
126915547,"1","Autonomo","San Siro, Trenno","Gallaratese",630,5,6.3,16,c(9.11939, 45.4902),6.46581280734079,20.9487339790423,56.6
126916507,"1","Autonomo","Bande Nere, Inganni","Gambara",650,4,7.92682926829268,16.4,c(9.14359, 45.4628),3.73034001143834,10.505925409827,76.5
126917415,"2","Autonomo","Bande Nere, Inganni","Lorenteggio",630,5,5.94339622641509,16.96,c(9.14086, 45.4534),3.24790898284987,8.30701386487264,92.2
126916887,"1","Autonomo","Porta Venezia, Indipendenza","Indipendenza",660,5,5.19685039370079,20.32,c(9.21677, 45.4706),4.94645688659933,4.45407939358246,19.3
126916869,"2","Autonomo","Città Studi, Susa","Casoretto",680,5,7.47252747252747,14.56,c(9.22744, 45.4862),9.64117568807066,10.798278180353,12.1
126916593,"1","Autonomo","Affori, Bovisa","Affori",635,3,11.5454545454545,14.6666666666667,c(9.17351, 45.5174),6.71421382650752,22.313849979964,38.8
126917669,"2","Autonomo","Pasteur, Rovereto","Pasteur",670,5,6.14678899082569,17.44,c(9.21775, 45.4889),2.41160300697062,4.37414601255522,22.2
126917455,"2","Autonomo","Porta Venezia, Indipendenza","Piave - Tricolore",685,5,5.15037593984962,21.28,c(9.2089, 45.4664),2.94877557661311,2.81336222952813,32.7
126916051,"1","Autonomo","Affori, Bovisa","Bovisa",680,5,6.8,16,c(9.1657, 45.5038),17.168804236174,2.3111537312373,11.2
126984911,"1","Autonomo","Bande Nere, Inganni","Gambara",630,4,8.4,15,c(9.14258, 45.463),3.35922459101249,11.1936879660167,76.6
126917545,"2","Autonomo","Solari, Washington","Vercelli - Wagner",690,5,5.30769230769231,20.8,c(9.16153, 45.4663),3.508689073979,0.733650700465045,74.6
126917105,"1","Autonomo","Solari, Washington","Washington",605,5,5.87378640776699,16.48,c(9.1534, 45.4562),1.52260165653746,6.75750818419922,87.2
126916891,"1","Autonomo","Bande Nere, Inganni","Gambara",630,4,10.6779661016949,11.8,c(9.14434, 45.4623),4.81005714527675,10.5401264919321,77.5
126916661,"2","Autonomo","San Siro, Trenno","San Siro",690,5,46,15,c(9.12737, 45.4707),9.50074760171684,9.55946470283026,72.2
126917679,"2","Autonomo","Centrale, Repubblica","Centrale",595,5,39.6666666666667,15,c(9.20015, 45.4837),3.58871133101175,0.616240038393514,33.9
127012709,"2","Autonomo","Solari, Washington","Frua",665,5,6.39423076923077,16.64,c(9.14874, 45.4651),2.55153394405427,3.60185276656845,73.4
126917737,"1","Autonomo","Bande Nere, Inganni","Lorenteggio",590,5,7.97297297297297,11.84,c(9.14113, 45.4525),1.89736515700364,6.74515756041733,94.7
126917731,"1","Autonomo","Bande Nere, Inganni","Lorenteggio",680,5,7.72727272727273,14.08,c(9.1396, 45.4526),3.64720129981479,7.85406220826184,94.6
126917423,"2","Autonomo","Bicocca, Niguarda","Ca' Granda",595,4,39.6666666666667,15,c(9.19976, 45.5068),1.82352570141334,0.35568783467817,57.5
126917037,"1","Autonomo","Corvetto, Rogoredo","Corvetto",590,4,7.86666666666667,15,c(9.21553, 45.437),10.6429782877379,18.2784554632579,73
126917843,"1","Autonomo","Bande Nere, Inganni","Lorenteggio",690,4,8.51851851851852,16.2,c(9.13777, 45.4541),6.84586835265483,11.2750308379705,94.9
126917675,"1","Autonomo","Maggiolina, Istria","Cascina dei Pomi",675,4,6.42857142857143,21,c(9.20803, 45.4926),9.98750304594331,3.52744804187125,34.4
126916667,"1","Autonomo","Affori, Bovisa","Affori",635,3,11.5454545454545,14.6666666666667,c(9.17352, 45.5174),6.71321600266337,22.3020073332733,38.8
126915531,"1","Autonomo","Maggiolina, Istria","Maggiolina",695,5,6.95,16,c(9.20184, 45.4997),5.78758519062277,5.56213132862639,49.7
126917849,"2","Autonomo","San Siro, Trenno","San Siro",660,5,5.32258064516129,19.84,c(9.12369, 45.4743),7.19021308397191,3.35549277396944,73.8
127012701,"1","Autonomo","Centrale, Repubblica","Buenos Aires",700,5,6.73076923076923,16.64,c(9.21128, 45.4813),1.68062798913541,5.67264865604136,19.4
126917725,"2","Autonomo","Bande Nere, Inganni","Lorenteggio",655,5,5.24,20,c(9.14068, 45.4543),4.7017587621521,9.84102083894171,90.6
126917617,"1","Autonomo","Bande Nere, Inganni","Gambara",615,3,41,15,c(9.14251, 45.463),3.37375174770057,11.2601952612208,76.6
126916617,"2","Autonomo","Città Studi, Susa","Argonne - Corsica",645,4,43,15,c(9.22762, 45.4676),3.43879189639283,5.80597253433425,18.3
126917547,"1","Autonomo","Bande Nere, Inganni","Lorenteggio",685,5,9.25675675675676,11.84,c(9.14113, 45.4525),1.89736515700364,6.74515756041733,94.7
126917395,"2","Autonomo","Affori, Bovisa","Affori",630,5,5.47826086956522,18.4,c(9.17526, 45.5131),1.750854139444,19.1179008345253,35
126917633,"2","Autonomo","Città Studi, Susa","Città Studi",650,5,5.11811023622047,20.32,c(9.2349, 45.4724),8.29566885315557,2.6295658872697,16.8
126916947,"2","Autonomo","Affori, Bovisa","Bovisasca",600,5,6.38297872340426,15.04,c(9.15399, 45.5171),19.1005724188004,25.9731381251268,33.2
126916829,"1","Autonomo","Corvetto, Rogoredo","Corvetto",650,3,9.28571428571429,18.6666666666667,c(9.21317, 45.4387),9.60907346133556,15.8426954049599,70.8
127478236,"1","Centralizzato","Porta Vittoria, Lodi","Lodi - Brenta",700,3,9.72222222222222,19.2,c(9.2208, 45.4485),10.3153841027212,3.21857344948933,51.7
126239801,"1","Centralizzato","Ponte Lambro, Santa Giulia","Santa Giulia",600,3,7.5,21.3333333333333,c(9.24531, 45.4321),9.21292798763316,22.8509222372633,88
126592875,"1","Assente","Cimiano, Crescenzago, Adriano","Crescenzago",650,3,32.5,20,c(9.2404, 45.5042),8.08749681229302,17.9645745655295,45.5
126432307,"1","Assente","Famagosta, Barona","Famagosta",650,3,8.125,21.3333333333333,c(9.1704, 45.4406),6.35266366313942,10.0483304886715,98.1
125967055,"2","Autonomo","Bisceglie, Baggio, Olmi","Baggio",600,5,33.3333333333333,18,c(9.10053, 45.4588),16.2282022484281,35.6107598247072,110.9
121414784,"2","Assente","Precotto, Turro","Turro",700,3,53.8461538461538,13,c(9.2204, 45.4992),2.27923618621038,9.09573425670423,34.2
121565698,"2","Assente","Bande Nere, Inganni","Bande Nere",600,3,6.66666666666667,24,c(9.1314, 45.4609),3.65154190756817,23.6558567343434,83.8
126916845,"2","Autonomo","Pasteur, Rovereto","Pasteur",615,5,41,15,c(9.21404, 45.4874),4.32157164493509,2.10216373883025,21.4
127484098,"2","Assente","Corvetto, Rogoredo","Corvetto",680,5,5.66666666666667,19.2,c(9.2155, 45.4363),11.8014305173077,18.1022131267046,73.5
114342433,"1","Assente","Udine, Lambrate","Udine",650,3,43.3333333333333,15,c(9.2373, 45.4879),6.14357400266376,5.45579876942493,21.8
126917809,"1","Autonomo","Bande Nere, Inganni","Bande Nere",690,4,9.85714285714286,14,c(9.13388, 45.4628),3.85178972349815,19.2206794980747,79
126916657,"2","Autonomo","Centrale, Repubblica","Repubblica",630,4,42,15,c(9.20206, 45.4793),5.02770063921006,1.33603009989529,32.3
122922916,"2","Assente","Cimiano, Crescenzago, Adriano","Cimiano",700,5,5.38461538461539,20.8,c(9.239, 45.4988),2.51028505656218,24.4531181237181,36.8
127476730,"1","Centralizzato","Maggiolina, Istria","Istria",600,4,6.66666666666667,18,c(9.1961, 45.4995),4.30803930965932,0.47170985737843,50.5
124364409,"2","Assente","Centrale, Repubblica","Centrale",650,5,5.41666666666667,19.2,c(9.2009, 45.4865),3.61001418885776,1.40766865682296,34.3
125691147,"1","Assente","Affori, Bovisa","Comasina",650,NA,8.125,NA,c(9.1612, 45.5238),8.10033345783155,37.2556588757611,46.8
126916917,"3","Autonomo","San Siro, Trenno","San Siro",630,5,42,15,c(9.14164, 45.4777),3.80769844064389,5.27809263483538,51.8
127154205,"1","Assente","Abbiategrasso, Chiesa Rossa","Pezzotti - Meda",690,2,10.2985074626866,20,c(9.1844, 45.4387),17.3557362563819,2.08705814411472,91.4
125661303,"2","Assente","Quadronno, Palestro, Guastalla","Guastalla",700,5,70,10,c(9.2003, 45.4629),6.22973661134115,0.94920006143567,45.3
94333562,"1","Assente","Uptown, Cascina Merlata, Viale Certosa","Certosa",650,4,5.90909090909091,22,c(9.1444, 45.4942),16.8009928372042,0.225176089304298,23.6
108875413,"1","Assente","Corvetto, Rogoredo","Corvetto",650,3,8.125,21.3333333333333,c(9.222, 45.4409),1.97382043504792,16.4571194885405,63.3
126917585,"1","Autonomo","Cenisio, Sarpi, Isola","Zara",625,3,41.6666666666667,15,c(9.19043, 45.4949),4.90315474617064,5.14315763451282,43.9
106119073,"1","Assente","Bande Nere, Inganni","Bande Nere",600,3,7.05882352941176,22.6666666666667,c(9.1331, 45.4613),4.12332990765809,21.6501642663726,81.9
126837581,"1","Assente","Abbiategrasso, Chiesa Rossa","Cermenate - Abbiategrasso",675,3,11.25,16,c(9.183, 45.4372),14.2519028325663,0.909301301228689,93.5
126917567,"1","Autonomo","Navigli","Navigli - Darsena",650,4,7.38636363636364,17.6,c(9.16077, 45.4464),9.63570626245695,3.92111592433915,96
125922555,"1","Assente","Famagosta, Barona","Cantalupa - San Paolo",630,2,14,20,c(9.1719, 45.4365),4.64548434581563,7.78090820311706,102
126916219,"2","Autonomo","Città Studi, Susa","Città Studi",645,5,6.32352941176471,16.32,c(9.2173, 45.4847),1.91898704905854,8.19797003515514,15.2
126917589,"2","Autonomo","Famagosta, Barona","Tre Castelli - Faenza",590,4,6.55555555555556,18,c(9.13738, 45.442),9.03785792968902,4.5459624929115,121.5
126131483,"1","Assente","Famagosta, Barona","Tre Castelli - Faenza",650,2,10.8333333333333,24,c(9.1432, 45.4441),13.2560182134609,1.44934288743774,111.3
126916871,"1","Autonomo","Bande Nere, Inganni","Gambara",645,4,7.96296296296296,16.2,c(9.14405, 45.4622),4.87019442976898,10.8971665525213,77.5
126270107,"2","Centralizzato","Bicocca, Niguarda","Bignami - Ponale",600,1,37.5,16,c(9.2108, 45.5271),1.77165930099214,2.52857163656705,84.9
127550346,"1","Centralizzato","Famagosta, Barona","Famagosta",650,2,43.3333333333333,15,c(9.1704, 45.4406),6.35266366313942,10.0483304886715,98.1
126537035,"2","Centralizzato","Bande Nere, Inganni","Piazzale Siena",600,5,40,15,c(9.13552, 45.4652),6.47471197478115,15.132031993816,73.7
127158513,"3","Centralizzato","Città Studi, Susa","Città Studi",610,5,67.7777777777778,9,c(9.22738, 45.4723),7.9701972052941,2.36783597096841,10.6
105804609,"2","Assente","Forlanini","Quartiere Forlanini",650,4,5.41666666666667,24,c(9.2451, 45.4584),8.49005956701664,4.5901883261376,45.1
126917045,"2","Autonomo","Maggiolina, Istria","Maggiolina",635,5,42.3333333333333,15,c(9.20583, 45.4962),12.6018623303229,7.12582851502001,40.1
125405199,"1","Assente","Affori, Bovisa","Comasina",650,NA,7.64705882352941,NA,c(9.1629, 45.529),1.80345110572017,36.4712014871771,52.7
126570803,"2","Centralizzato","Famagosta, Barona","Cantalupa - San Paolo",700,3,46.6666666666667,15,c(9.17327, 45.435),7.07146365706625,5.74132067062078,102.1
107610887,"2","Assente","Precotto, Turro","Villa San Giovanni",700,3,9.33333333333333,20,c(9.2254, 45.5175),0.866266523944814,6.72670858682035,62.5
125433543,"1","Assente","Abbiategrasso, Chiesa Rossa","Pezzotti - Meda",700,4,5.55555555555556,25.2,c(9.1805, 45.4407),16.4719165456118,2.40010426227523,89.9
125433639,"1","Assente","Abbiategrasso, Chiesa Rossa","Pezzotti - Meda",700,4,5.55555555555556,25.2,c(9.1805, 45.4407),16.4719165456118,2.40010426227523,89.9
126727421,"1","Centralizzato","Pasteur, Rovereto","Pasteur",600,4,5.45454545454545,22,c(9.2177, 45.4901),0.426291363615558,3.05388939863157,24.3
126916675,"1","Autonomo","Città Studi, Susa","Casoretto",670,3,44.6666666666667,15,c(9.22375, 45.4868),9.31932396519614,12.3722346772531,14.3
126916807,"2","Autonomo","Maggiolina, Istria","Maggiolina",640,4,6.21359223300971,20.6,c(9.19646, 45.4953),2.57446988983403,1.53559588349648,44.8
127038981,"1","Assente","Città Studi, Susa","Città Studi",700,1,8.75,20,c(9.21802, 45.483),3.34791143957288,10.7105580219754,12.8
126917143,"2","Autonomo","Centrale, Repubblica","Buenos Aires",675,5,6.02678571428571,17.92,c(9.21537, 45.4836),1.23700226540629,7.35443851240856,17.1
127333511,"1","Assente","Ripamonti, Vigentino","Vigentino - Fatima",600,3,37.5,16,c(9.2021, 45.4257),31.1490226804528,1.49832026522721,99.3
124736489,"1","Assente","Udine, Lambrate","Lambrate",650,4,6.5,20,c(9.2414, 45.4829),7.55631645697703,0.405548619620342,17.4
127306593,"1","Assente","Bicocca, Niguarda","Prato Centenaro",700,3,8.75,21.3333333333333,c(9.202, 45.5096),4.22618130838534,1.75999107011544,62.9
125840677,"2","Centralizzato","Udine, Lambrate","Quartiere Feltre",640,5,6.4,16,c(9.242, 45.489),7.53077890456107,9.86394556251421,27.4
119920598,"1","Autonomo","San Siro, Trenno","San Siro",600,3,9.23076923076923,17.3333333333333,c(9.14356, 45.4679),5.21798944512728,4.53303156363545,67.1
124764233,"1","Assente","Ripamonti, Vigentino","Ripamonti - Fondazione Prada",650,3,10,17.3333333333333,c(9.1997, 45.4407),17.1213724883805,0.686664768419026,75.7
125433197,"1","Assente","Abbiategrasso, Chiesa Rossa","Pezzotti - Meda",700,4,5.55555555555556,25.2,c(9.1805, 45.4407),16.4719165456118,2.40010426227523,89.9
126360827,"2","Assente","Maggiolina, Istria","Maggiolina",600,4,5.45454545454545,22,c(9.2014, 45.4951),8.13380718295982,4.80961837097033,40.1
114183563,"3","Assente","Maggiolina, Istria","Cascina dei Pomi",650,4,6.19047619047619,21,c(9.2083, 45.4922),9.97236823209461,3.42342256260579,32.8
125356003,"1","Centralizzato","Affori, Bovisa","Bovisa",600,3,6,20,c(9.16526, 45.4986),21.1201287160311,4.8615124751528,14.6
126916703,"2","Autonomo","Città Studi, Susa","Città Studi",680,5,5.86206896551724,18.56,c(9.21741, 45.4813),5.3832890486136,10.8387587328353,13
114370569,"1","Assente","Cenisio, Sarpi, Isola","Zara",600,2,30,20,c(9.1894, 45.4904),5.35531010832593,2.25784813357664,45.3
126956367,"1","Centralizzato","Bisceglie, Baggio, Olmi","Bisceglie",600,2,8.57142857142857,20,c(9.10465, 45.4575),10.731206803022,31.0309623704656,109.6
124537541,"1","Centralizzato","Bande Nere, Inganni","Bande Nere",600,3,6.66666666666667,24,c(9.13254, 45.4604),4.34501638860983,23.2240182321417,83.6
80664697,"1","Centralizzato","Precotto, Turro","Turro",650,3,7.22222222222222,24,c(9.22068, 45.5015),1.8600030781728,12.7060537997538,38.1
126190037,"1","Assente","Udine, Lambrate","Udine",680,3,9.71428571428571,18.6666666666667,c(9.2373, 45.4879),6.14357400266376,5.45579876942493,21.8
126838329,"2","Assente","Bicocca, Niguarda","Niguarda",600,5,6,16,c(9.191, 45.5154),17.5362253010059,1.70814286173961,53.3
121666442,"2","Assente","Famagosta, Barona","Cantalupa - San Paolo",650,4,7.30337078651685,17.8,c(9.169, 45.4307),4.23838602324927,10.689548854845,112.2
116226137,"1","Assente","Maggiolina, Istria","Istria",700,3,8.75,21.3333333333333,c(9.1975, 45.5027),1.9560484092419,1.92180073055795,53
126858429,"1","Assente","Bicocca, Niguarda","Prato Centenaro",600,1,8.57142857142857,20,c(9.2005, 45.5109),6.38493426765237,3.84504934685775,61.4
125718335,"1","Assente","Città Studi, Susa","Città Studi",700,2,11.6666666666667,24,c(9.219, 45.4861),4.25881388460439,8.48089471618099,16.4
113384565,"2","Assente","Affori, Bovisa","Comasina",650,3,43.3333333333333,15,c(9.166, 45.5269),3.51080987847167,32.160692270136,51.8
125539107,"1","Assente","Navigli","Corso San Gottardo",680,4,7.55555555555556,18,c(9.1806, 45.4469),16.3367651479382,2.13147615077785,81.4
127540574,"1","Assente","Uptown, Cascina Merlata, Viale Certosa","Certosa",700,3,11.6666666666667,16,c(9.1518, 45.4967),25.8364842032316,2.23320422016811,16.5
127556714,"2","Assente","Bande Nere, Inganni","Gambara",690,4,6.9,20,c(9.1422, 45.4644),1.33437317022405,9.8648282422689,74.2
126568395,NA,"Centralizzato","Abbiategrasso, Chiesa Rossa","Cermenate - Abbiategrasso",700,NA,10,NA,c(9.18012, 45.4362),11.2517993458539,2.84490978819411,97.8
126133025,"2","Assente","Navigli","Corso San Gottardo",600,4,40,15,c(9.1821, 45.4515),9.98929810181682,1.82962533280307,74.4
118406887,"2","Centralizzato","Affori, Bovisa","Bovisa",610,5,5.54545454545455,17.6,c(9.1665, 45.5006),18.0848111906418,3.57718406666584,15.2
125986615,"2","Centralizzato","Udine, Lambrate","Udine",670,5,26.8,25,c(9.2374, 45.4913),0.672886390464036,11.3184349318924,27.1
126372035,"2","Centralizzato","Centrale, Repubblica","Morgagni",600,5,40,15,c(9.21222, 45.4785),3.566956745334,6.52827169612001,18.7
122991570,"3","Centralizzato","San Siro, Trenno","Gallaratese",700,3,6.48148148148148,20,c(9.09609, 45.5035),4.43130784067967,30.0845282515035,74.3
126033041,"1","Centralizzato","Bicocca, Niguarda","Greco - Segnano",650,1,32.5,20,c(9.2102, 45.5026),13.665093183385,13.2797885972117,47
93760550,"1","Centralizzato","Pasteur, Rovereto","Pasteur",700,2,28,25,c(9.21689, 45.491),1.77138995491255,1.3278859430633,26.5
127152971,"1","Centralizzato","Corvetto, Rogoredo","Corvetto",650,3,40.625,16,c(9.2137, 45.4379),10.2853879370462,16.2069624219322,72.1
127532880,"1","Centralizzato","San Siro, Trenno","San Siro",350,2,7.95454545454545,17.6,c(9.1373, 45.475),2.29095598041782,1.44508727119017,58
127614336,"1","Autonomo","Famagosta, Barona","Cantalupa - San Paolo",650,2,40.625,16,c(9.16983, 45.4273),7.47792658935843,9.0781478996352,113.8
127502142,"1","Autonomo","Cimiano, Crescenzago, Adriano","Ponte Nuovo",700,2,11.6666666666667,24,c(9.23214, 45.5107),9.63453426057748,6.44274897678974,57.5
126384921,"3+","Assente","Centrale, Repubblica","Buenos Aires",650,5,5.41666666666667,19.2,c(9.2155, 45.4852),0.296245008290226,6.13336261563615,17.6
126956067,"1","Centralizzato","Bisceglie, Baggio, Olmi","Bisceglie",600,2,8.57142857142857,20,c(9.10491, 45.4575),10.4334596989389,30.8765948754047,109.3
126921113,"1","Assente","Abbiategrasso, Chiesa Rossa","Cermenate - Abbiategrasso",600,3,30,20,c(9.1814, 45.4362),11.8197936097015,3.49909983510993,97
126021613,"1","Autonomo","Ripamonti, Vigentino","Ripamonti - Fondazione Prada",700,1,31.8181818181818,22,c(9.19221, 45.4413),22.2384657382743,8.82740083284886,82.6
126476399,"1","Assente","Precotto, Turro","Turro",700,3,35,20,c(9.2212, 45.5005),0.274989139594472,11.5084637598489,36
122929046,"1","Centralizzato","Bicocca, Niguarda","Ca' Granda",650,5,27.0833333333333,24,c(9.19737, 45.5052),5.77814461375689,3.03747204467243,54.3
125670025,"1","Assente","Bicocca, Niguarda","Niguarda",650,3,46.4285714285714,14,c(9.1935, 45.5177),15.3390913692406,2.70658759501039,57.4
126310029,"3","Centralizzato","Arco della Pace, Arena, Pagano","Arena",610,1,43.5714285714286,14,c(9.18053, 45.4783),5.13167313153869,0.388475138515144,58.2
127295955,"2","Centralizzato","Città Studi, Susa","Casoretto",700,3,35,20,c(9.23361, 45.4863),4.02779153254303,4.14781506924321,16.3
127400907,NA,"Assente","Porta Vittoria, Lodi","Martini - Insubria",625,NA,41.6666666666667,15,c(9.22, 45.4506),13.0794643942752,0.253585960850936,49.1
127103035,"1","Autonomo","Pasteur, Rovereto","Pasteur",675,4,37.5,18,c(9.22038, 45.4902),2.99119574875337,5.79368050808951,23.1
114265387,NA,"Assente","Precotto, Turro","Gorla",700,2,21.2121212121212,20,c(9.2219, 45.504),3.85100640374188,16.8930374992888,41.5
126951027,"1","Autonomo","Città Studi, Susa","Città Studi",590,4,6.86046511627907,17.2,c(9.21732, 45.4813),5.34638529480246,10.9412756774541,13.1
127160285,"1","Centralizzato","Città Studi, Susa","Città Studi",700,4,35,20,c(9.22378, 45.4821),2.81446153404239,5.77155645984925,7.3
124195993,"1","Centralizzato","Affori, Bovisa","Comasina",620,4,20.6666666666667,20,c(9.16673, 45.5257),5.59137884447941,31.0990215002106,48.1
110970033,"1","Assente","Città Studi, Susa","Città Studi",700,3,7.77777777777778,24,c(9.229, 45.47),4.84621848692276,1.90948669721919,15.7
127484216,"1","Assente","Città Studi, Susa","Città Studi",690,1,76.6666666666667,9,c(9.2261, 45.469),2.2200995203845,3.25620566141769,16.2
127514028,"2","Autonomo","Pasteur, Rovereto","Pasteur",625,5,5.43478260869565,18.4,c(9.21277, 45.4913),6.53041061861592,3.25633287583821,28.4
127462746,"2","Autonomo","Bande Nere, Inganni","Gambara",670,5,44.6666666666667,15,c(9.13984, 45.4666),4.85081568934331,9.4366419107481,70.5
127201251,"2","Autonomo","Centrale, Repubblica","Buenos Aires",685,4,7.44565217391304,18.4,c(9.21566, 45.4827),2.63990575424172,8.48961302738121,16.8
127602604,"2","Autonomo","Ripamonti, Vigentino","Ripamonti - Fondazione Prada",615,5,41,15,c(9.21026, 45.4441),4.72295619779188,13.9018342360335,65.2
127602164,"1","Autonomo","San Siro, Trenno","Gallaratese",630,5,6.3,16,c(9.11939, 45.4902),6.46581280734079,20.9487339790423,56.6
127569768,"1","Autonomo","Affori, Bovisa","Dergano",630,2,9.40298507462687,20,c(9.18644, 45.5046),8.53386459763151,4.19070061587776,37.9
127541548,"2","Autonomo","Centrale, Repubblica","Centrale",630,5,5.29411764705882,19.04,c(9.20305, 45.4905),2.92742565944629,2.3800437333415,35.6
127462800,"2","Autonomo","Solari, Washington","Vercelli - Wagner",690,5,5.30769230769231,20.8,c(9.16153, 45.4663),3.508689073979,0.733650700465045,74.6
127414853,"2","Autonomo","Bicocca, Niguarda","Ca' Granda",680,5,7.55555555555556,14.4,c(9.19424, 45.5074),8.38651255377538,0.820117532829987,51.2
127121123,"3","Autonomo","Maggiolina, Istria","Maggiolina",590,5,39.3333333333333,15,c(9.19756, 45.4915),4.94163028067195,5.64162026842396,39.3
127602366,"2","Autonomo","Centrale, Repubblica","Buenos Aires",685,4,7.44565217391304,18.4,c(9.21566, 45.4827),2.63990575424172,8.48961302738121,16.8
127541690,"1","Autonomo","Bande Nere, Inganni","Lorenteggio",665,5,7.64367816091954,13.92,c(9.14007, 45.4517),2.86636327958224,6.27855247851335,96.2
127504632,"1","Autonomo","Bande Nere, Inganni","Gambara",615,4,10.4237288135593,11.8,c(9.14434, 45.4623),4.81005714527675,10.5401264919321,77.5
127602346,"1","Autonomo","Bande Nere, Inganni","Lorenteggio",685,5,8.67088607594937,12.64,c(9.14028, 45.4547),5.54157491971635,10.6618848361608,89.9
127541588,"1","Autonomo","Uptown, Cascina Merlata, Viale Certosa","Certosa",600,4,7.31707317073171,16.4,c(9.14426, 45.4945),17.1543073498478,0.772316414326131,23.4
127462658,"1","Autonomo","Abbiategrasso, Chiesa Rossa","Pezzotti - Meda",645,4,8.6,15,c(9.17731, 45.4434),11.7376314455623,2.10104732224802,88.5
127355609,"3+","Autonomo","Affori, Bovisa","Dergano",685,5,45.6666666666667,15,c(9.18211, 45.5012),7.04595608793902,6.72840014888654,33.9
127317247,"1","Autonomo","Maggiolina, Istria","Maggiolina",695,5,6.95,16,c(9.20184, 45.4997),5.78758519062277,5.56213132862639,49.7
127037491,"1","Assente","Affori, Bovisa","Bovisa",620,2,9.53846153846154,26,c(9.1649, 45.5),20.2948588667725,4.3284282900436,12.9
127304009,"2","Autonomo","Bande Nere, Inganni","Bande Nere",600,5,5.71428571428571,16.8,c(9.13124, 45.4597),2.46593587786857,23.1239639279399,85.6
127602338,"2","Autonomo","Ripamonti, Vigentino","Ripamonti - Fondazione Prada",615,5,41,15,c(9.21026, 45.4441),4.72295619779188,13.9018342360335,65.2
127570032,"1","Autonomo","Solari, Washington","Dezza",630,4,9.40298507462687,13.4,c(9.1592, 45.4575),1.84151295841587,5.83819960217173,86.2
127513724,"1","Autonomo","Porta Venezia, Indipendenza","Indipendenza",660,5,5.19685039370079,20.32,c(9.21677, 45.4706),4.94645688659933,4.45407939358246,19.3
127141351,"1","Autonomo","Maggiolina, Istria","Cascina dei Pomi",670,4,8.2716049382716,16.2,c(9.20803, 45.4926),9.98750304594331,3.52744804187125,34.4
127570250,"1","Autonomo","Bande Nere, Inganni","Inganni",645,2,6.71875,20,c(9.12519, 45.4474),7.01592191772627,7.69981815303192,109.8
127513922,"1","Autonomo","Bande Nere, Inganni","Lorenteggio",665,5,7.64367816091954,13.92,c(9.14007, 45.4517),2.86636327958224,6.27855247851335,96.2
127317709,"1","Autonomo","Bande Nere, Inganni","Lorenteggio",700,5,7.95454545454545,14.08,c(9.13914, 45.4523),4.05243613343563,7.80962944361716,95.2
127569782,"1","Autonomo","Forlanini","Quartiere Forlanini",690,4,10.6153846153846,13,c(9.24356, 45.4618),3.88366707254525,6.61570214016669,40.5
127504536,"1","Autonomo","Porta Venezia, Indipendenza","Indipendenza",645,5,5.07874015748031,20.32,c(9.21677, 45.4706),4.94645688659933,4.45407939358246,19.3
127384569,"1","Autonomo","Bande Nere, Inganni","Inganni",620,2,6.45833333333333,20,c(9.12519, 45.4474),7.01592191772627,7.69981815303192,109.8
127303699,"2","Autonomo","Famagosta, Barona","Barona",650,5,8.125,12.8,c(9.15399, 45.4422),16.9384469732882,8.55770639927104,105
127504688,"2","Autonomo","Famagosta, Barona","Barona",625,4,41.6666666666667,15,c(9.154, 45.4421),16.9545087126199,8.71595611009496,105
127355515,"2","Autonomo","Bande Nere, Inganni","Primaticcio",690,5,46,15,c(9.1275, 45.457),4.72480736000685,20.7740904432042,92
127326467,"2","Autonomo","Abbiategrasso, Chiesa Rossa","Cermenate - Abbiategrasso",600,5,40,15,c(9.18072, 45.4343),8.50713512581633,3.43005964316046,100.1
127326335,"2","Autonomo","Udine, Lambrate","Udine",615,5,41,15,c(9.23447, 45.4901),3.73788698681335,9.53185929754807,22.9
127317493,"1","Autonomo","Abbiategrasso, Chiesa Rossa","Pezzotti - Meda",620,4,6.88888888888889,18,c(9.18289, 45.4387),16.5163496145816,1.86835465445407,91.3
127646784,"2","Autonomo","Ripamonti, Vigentino","Ripamonti - Fondazione Prada",595,5,39.6666666666667,15,c(9.21026, 45.4441),4.72295619779188,13.9018342360335,65.2
127602418,"1","Autonomo","Bande Nere, Inganni","Inganni",700,2,7.29166666666667,20,c(9.12519, 45.4474),7.01592191772627,7.69981815303192,109.8
127513942,"1","Autonomo","Affori, Bovisa","Bovisa",700,4,12.7272727272727,11,c(9.16316, 45.5015),21.1893126549332,3.10900054572847,9.7
127414835,"1","Autonomo","Maggiolina, Istria","Cascina dei Pomi",675,4,6.42857142857143,21,c(9.20803, 45.4926),9.98750304594331,3.52744804187125,34.4
127303363,"1","Autonomo","Cimiano, Crescenzago, Adriano","Crescenzago",665,4,7.38888888888889,18,c(9.24038, 45.5053),9.02981660541157,16.1989108313452,47.8
127275099,"1","Autonomo","Bande Nere, Inganni","Lorenteggio",600,4,8.10810810810811,14.8,c(9.13928, 45.4529),4.20773318240698,8.50423070727348,94.3
127570082,"1","Autonomo","Bande Nere, Inganni","Gambara",630,4,8.4,15,c(9.14258, 45.463),3.35922459101249,11.1936879660167,76.6
127513716,"1","Autonomo","Bicocca, Niguarda","Greco - Segnano",700,2,6.36363636363636,20,c(9.2047, 45.5082),4.67049443400318,3.45499123397985,59.7
127384605,"3","Autonomo","Maggiolina, Istria","Maggiolina",590,5,39.3333333333333,15,c(9.19756, 45.4915),4.94163028067195,5.64162026842396,39.3
127326349,"2","Autonomo","Centrale, Repubblica","Buenos Aires",690,5,6.10619469026549,18.08,c(9.21355, 45.4841),2.85384710367116,4.9975672569961,18.5
127490490,"2","Autonomo","Bicocca, Niguarda","Ca' Granda",645,5,7.16666666666667,14.4,c(9.19424, 45.5074),8.38651255377538,0.820117532829987,51.2
127384745,"1","Autonomo","Bande Nere, Inganni","Lorenteggio",690,4,8.51851851851852,16.2,c(9.13777, 45.4541),6.84586835265483,11.2750308379705,94.9
127355619,"2","Autonomo","Navigli","Navigli - Darsena",690,5,6.27272727272727,17.6,c(9.17288, 45.4446),6.49405554622695,7.6374589493616,90.1
127384649,"1","Autonomo","Bande Nere, Inganni","Gambara",665,4,7.47191011235955,17.8,c(9.14358, 45.4633),2.88088567674738,9.92506092537499,75.8
127384391,"1","Autonomo","Bande Nere, Inganni","Gambara",595,5,7.72727272727273,12.32,c(9.14434, 45.4623),4.81005714527675,10.5401264919321,77.5
127169339,"1","Autonomo","Fiera, Sempione, City Life, Portello","De Angeli",665,3,44.3333333333333,15,c(9.14607, 45.4682),5.22917469362646,2.31308913375149,66.6
127355335,"1","Autonomo","Famagosta, Barona","Giambellino",640,3,8.10126582278481,21.0666666666667,c(9.12707, 45.4468),4.68368388418437,5.27203370848003,108.4
127303689,"3","Autonomo","Cenisio, Sarpi, Isola","Isola",630,5,42,15,c(9.19945, 45.4901),1.7644872553065,5.86764610691632,36.3
127490488,"2","Autonomo","San Siro, Trenno","Gallaratese",635,5,7.05555555555556,14.4,c(9.11996, 45.4969),5.24555826553555,10.7959778179168,50.4
127384547,"2","Autonomo","Città Studi, Susa","Argonne - Corsica",645,4,43,15,c(9.22762, 45.4676),3.43879189639283,5.80597253433425,18.3
127132853,"1","Autonomo","Bande Nere, Inganni","Lorenteggio",685,5,8.45679012345679,12.96,c(9.1396, 45.4526),3.64720129981479,7.85406220826184,94.6
127513734,"3","Autonomo","Cenisio, Sarpi, Isola","Isola",675,5,45,15,c(9.18932, 45.4897),4.34582751872462,1.94638770319659,45.7
127414867,"1","Autonomo","Bande Nere, Inganni","Lorenteggio",680,5,7.72727272727273,14.08,c(9.1396, 45.4526),3.64720129981479,7.85406220826184,94.6
127569772,"1","Autonomo","Affori, Bovisa","Dergano",695,2,10.3731343283582,20,c(9.18644, 45.5046),8.53386459763151,4.19070061587776,37.9
127647022,"2","Autonomo","Precotto, Turro","Villa San Giovanni",670,5,5.11450381679389,20.96,c(9.2214, 45.5189),6.25379069007078,8.47111496826176,68.1
127414829,"2","Autonomo","Famagosta, Barona","Barona",595,5,8.5,11.2,c(9.154, 45.4421),16.9545087126199,8.71595611009496,105
127303945,"1","Autonomo","Bande Nere, Inganni","Gambara",595,5,7.72727272727273,12.32,c(9.14434, 45.4623),4.81005714527675,10.5401264919321,77.5
127141347,"1","Autonomo","Bande Nere, Inganni","Lorenteggio",700,5,7.07070707070707,15.84,c(9.14075, 45.4519),2.02130997432749,6.05618836103308,95.3
127647016,"2","Autonomo","Ripamonti, Vigentino","Ripamonti - Fondazione Prada",595,5,39.6666666666667,15,c(9.21026, 45.4441),4.72295619779188,13.9018342360335,65.2
127570140,"1","Autonomo","Bande Nere, Inganni","Lorenteggio",685,5,9.25675675675676,11.84,c(9.14113, 45.4525),1.89736515700364,6.74515756041733,94.7
127490430,"1","Autonomo","Affori, Bovisa","Bovisa",700,4,12.7272727272727,11,c(9.16316, 45.5015),21.1893126549332,3.10900054572847,9.7
127541686,"2","Autonomo","Bande Nere, Inganni","Lorenteggio",655,5,5.24,20,c(9.14068, 45.4543),4.7017587621521,9.84102083894171,90.6
127490500,"1","Autonomo","Abbiategrasso, Chiesa Rossa","Pezzotti - Meda",700,2,14.5833333333333,20,c(9.18048, 45.4408),16.3997913199761,2.30423475841516,89.7
127415035,"3","Autonomo","Maggiolina, Istria","Maggiolina",590,5,39.3333333333333,15,c(9.19756, 45.4915),4.94163028067195,5.64162026842396,39.3
127275039,"1","Autonomo","Centrale, Repubblica","Morgagni",685,4,5.39370078740157,25.4,c(9.21442, 45.4734),10.5672177174255,0.321562578231493,17.5
127490484,"2","Autonomo","Abbiategrasso, Chiesa Rossa","Cermenate - Abbiategrasso",600,5,40,15,c(9.18072, 45.4343),8.50713512581633,3.43005964316046,100.1
127414551,"3","Autonomo","Maggiolina, Istria","Maggiolina",590,5,39.3333333333333,15,c(9.19756, 45.4915),4.94163028067195,5.64162026842396,39.3
127384713,"2","Autonomo","Famagosta, Barona","Barona",645,4,43,15,c(9.154, 45.4421),16.9545087126199,8.71595611009496,105
127169323,"1","Autonomo","Bande Nere, Inganni","Lorenteggio",600,4,8.10810810810811,14.8,c(9.13928, 45.4529),4.20773318240698,8.50423070727348,94.3
127121137,"1","Autonomo","Bande Nere, Inganni","Lorenteggio",605,4,10.0833333333333,12,c(9.13805, 45.4529),5.60370472200052,9.2533169569482,95.3
127094279,"1","Autonomo","Abbiategrasso, Chiesa Rossa","Pezzotti - Meda",620,4,6.88888888888889,18,c(9.18289, 45.4387),16.5163496145816,1.86835465445407,91.3
127304011,"2","Autonomo","Fiera, Sempione, City Life, Portello","Monte Rosa - Lotto",675,5,5.07518796992481,21.28,c(9.14473, 45.4852),9.49051235658004,11.765843129829,38.9
127201235,"2","Autonomo","Bande Nere, Inganni","Gambara",670,5,44.6666666666667,15,c(9.13984, 45.4666),4.85081568934331,9.4366419107481,70.5
127541632,"1","Autonomo","Solari, Washington","Washington",695,5,5.47244094488189,20.32,c(9.1525, 45.4621),8.34982773369008,8.64092413529244,78.6
127462838,"2","Autonomo","Pasteur, Rovereto","Pasteur",670,5,6.14678899082569,17.44,c(9.21775, 45.4889),2.41160300697062,4.37414601255522,22.2
127462738,"2","Autonomo","Solari, Washington","Frua",665,5,6.39423076923077,16.64,c(9.14874, 45.4651),2.55153394405427,3.60185276656845,73.4
127356397,"2","Autonomo","Bande Nere, Inganni","Lorenteggio",665,5,5.11538461538461,20.8,c(9.14127, 45.453),2.39308202874502,7.47835847139147,93
127304015,"1","Autonomo","Bande Nere, Inganni","Lorenteggio",635,4,9.47761194029851,13.4,c(9.1395, 45.4519),3.54593664800578,7.00271324056712,95.8
127570488,"2","Autonomo","Pasteur, Rovereto","Rovereto",595,5,5.50925925925926,17.28,c(9.21396, 45.4936),7.51059503496684,2.76386352194017,31.8
127570084,"1","Autonomo","Bande Nere, Inganni","Gambara",630,3,42,15,c(9.14251, 45.463),3.37375174770057,11.2601952612208,76.6
127490340,"1","Autonomo","Corvetto, Rogoredo","Corvetto",630,4,7.77777777777778,16.2,c(9.21408, 45.4404),6.79687964606261,17.3589926598207,68.1
127462714,"1","Autonomo","Bande Nere, Inganni","Gambara",630,4,6.36363636363636,19.8,c(9.14251, 45.463),3.37375174770057,11.2601952612208,76.6
127384627,"1","Autonomo","Porta Vittoria, Lodi","Bologna - Sulmona",640,3,11.4285714285714,14.9333333333333,c(9.22454, 45.4438),6.08222033188321,12.4526218680847,56.4
127647030,"1","Autonomo","Maggiolina, Istria","Cascina dei Pomi",670,4,5.82608695652174,23,c(9.20803, 45.4926),9.98750304594331,3.52744804187125,34.4
127385131,"1","Autonomo","Porta Vittoria, Lodi","Bologna - Sulmona",640,3,11.4285714285714,14.9333333333333,c(9.22454, 45.4438),6.08222033188321,12.4526218680847,56.4
127317599,"1","Autonomo","Bande Nere, Inganni","Lorenteggio",590,4,7.28395061728395,16.2,c(9.13777, 45.4541),6.84586835265483,11.2750308379705,94.9
127274875,"1","Autonomo","Bicocca, Niguarda","Niguarda",695,4,7.72222222222222,18,c(9.18931, 45.5163),19.299056119187,4.06609768603647,53.4
127602616,"2","Autonomo","Precotto, Turro","Gorla",660,5,6.6,16,c(9.22374, 45.5053),1.97892619930592,14.3603857528292,44.4
127570510,"1","Autonomo","Porta Vittoria, Lodi","Martini - Insubria",595,4,6.1340206185567,19.4,c(9.22166, 45.4502),13.4372842856372,1.75380265957329,48.3
127317477,"1","Autonomo","Affori, Bovisa","Affori",645,3,11.7272727272727,14.6666666666667,c(9.17352, 45.5174),6.71321600266337,22.3020073332733,38.8
127303655,"1","Autonomo","San Siro, Trenno","Monte Stella",640,5,6.4,16,c(9.13976, 45.4855),3.44208274355609,14.3754453648691,44.1
127646842,"2","Autonomo","Bande Nere, Inganni","Lorenteggio",670,5,5.31746031746032,20.16,c(9.1413, 45.452),1.3672872191812,5.87404788799425,94.6
127602326,"1","Autonomo","Affori, Bovisa","Affori",635,3,11.5454545454545,14.6666666666667,c(9.17351, 45.5174),6.71421382650752,22.313849979964,38.8
127504424,"1","Autonomo","Affori, Bovisa","Bovisa",685,5,6.85,16,c(9.1657, 45.5038),17.168804236174,2.3111537312373,11.2
127303587,"1","Autonomo","Bande Nere, Inganni","Lorenteggio",690,4,10.6153846153846,13,c(9.14113, 45.4525),1.89736515700364,6.74515756041733,94.7
127303503,"2","Autonomo","Centrale, Repubblica","Centrale",680,5,5.6198347107438,19.36,c(9.21353, 45.4869),3.97798726897564,2.36455684601662,21.3
127646810,"2","Autonomo","Famagosta, Barona","Barona",650,5,8.125,12.8,c(9.15399, 45.4422),16.9384469732882,8.55770639927104,105
127384599,"3+","Autonomo","Affori, Bovisa","Dergano",685,5,45.6666666666667,15,c(9.18211, 45.5012),7.04595608793902,6.72840014888654,33.9
127355625,"1","Autonomo","Uptown, Cascina Merlata, Viale Certosa","Certosa",630,4,8.07692307692308,15.6,c(9.15326, 45.4972),27.4614197163636,0.59381456115731,15.4
127355451,"2","Autonomo","Città Studi, Susa","Città Studi",630,5,42,15,c(9.22085, 45.4753),11.0240482163558,0.623388393711188,9.5
127275167,"2","Autonomo","Città Studi, Susa","Città Studi",650,5,5.11811023622047,20.32,c(9.2349, 45.4724),8.29566885315557,2.6295658872697,16.8
127646788,"2","Autonomo","Precotto, Turro","Villa San Giovanni",670,5,5.11450381679389,20.96,c(9.2214, 45.5189),6.25379069007078,8.47111496826176,68.1
127317521,"2","Autonomo","Fiera, Sempione, City Life, Portello","Monte Rosa - Lotto",675,5,5.07518796992481,21.28,c(9.14473, 45.4852),9.49051235658004,11.765843129829,38.9
127646846,"1","Autonomo","Famagosta, Barona","Famagosta",680,3,45.3333333333333,15,c(9.17361, 45.4419),7.87922573908408,6.345182146984,93.1
127513744,"1","Autonomo","Bisceglie, Baggio, Olmi","Baggio",670,3,10,17.8666666666667,c(9.09394, 45.4579),23.5599850945864,39.6154971455956,118.7
127462742,"1","Autonomo","Precotto, Turro","Precotto",595,2,39.6666666666667,15,c(9.22567, 45.5122),1.49731612363283,2.72411443652415,55.2
127356347,"1","Autonomo","Cenisio, Sarpi, Isola","Farini",640,1,42.6666666666667,15,c(9.18333, 45.4933),7.88446470994231,2.81431477343643,36.6
127462722,"2","Autonomo","Abbiategrasso, Chiesa Rossa","Pezzotti - Meda",620,4,5.90476190476191,21,c(9.17651, 45.4433),10.7736287115959,3.04408451189785,88.5
127384553,"1","Autonomo","Affori, Bovisa","Affori",635,3,11.5454545454545,14.6666666666667,c(9.17352, 45.5174),6.71321600266337,22.3020073332733,38.8
127326397,"2","Autonomo","Ripamonti, Vigentino","Ripamonti - Fondazione Prada",615,5,41,15,c(9.21026, 45.4441),4.72295619779188,13.9018342360335,65.2
127303647,"1","Autonomo","Abbiategrasso, Chiesa Rossa","Pezzotti - Meda",630,4,7.875,16,c(9.18289, 45.4387),16.5163496145816,1.86835465445407,91.3
127504692,"1","Autonomo","Affori, Bovisa","Bovisa",610,2,5.54545454545455,20,c(9.15571, 45.4969),25.3537882930239,1.54918664429423,16.7
127504684,"2","Autonomo","Porta Romana, Cadore, Montenero","Cadore",650,4,43.3333333333333,15,c(9.21471, 45.4579),17.8509884040851,3.81546608119025,40.5
127462918,"2","Autonomo","Bicocca, Niguarda","Ca' Granda",685,5,7.61111111111111,14.4,c(9.19424, 45.5074),8.38651255377538,0.820117532829987,51.2
127414637,"1","Autonomo","Corvetto, Rogoredo","Corvetto",650,3,9.28571428571429,18.6666666666667,c(9.21317, 45.4387),9.60907346133556,15.8426954049599,70.8
127384747,"2","Autonomo","San Siro, Trenno","San Siro",660,5,5.32258064516129,19.84,c(9.12369, 45.4743),7.19021308397191,3.35549277396944,73.8
127356309,"1","Autonomo","Bande Nere, Inganni","Lorenteggio",665,5,7.64367816091954,13.92,c(9.14007, 45.4517),2.86636327958224,6.27855247851335,96.2
127326321,"3","Autonomo","Cenisio, Sarpi, Isola","Isola",630,5,42,15,c(9.19945, 45.4901),1.7644872553065,5.86764610691632,36.3
127541704,"1","Autonomo","Bande Nere, Inganni","Lorenteggio",685,5,6.91919191919192,15.84,c(9.14075, 45.4519),2.02130997432749,6.05618836103308,95.3
127051079,"3+","Autonomo","Affori, Bovisa","Dergano",685,5,45.6666666666667,15,c(9.18211, 45.5012),7.04595608793902,6.72840014888654,33.9
127303919,"1","Autonomo","Forlanini","Quartiere Forlanini",690,4,10.6153846153846,13,c(9.24356, 45.4618),3.88366707254525,6.61570214016669,40.5
78373025,"2","Centralizzato","Affori, Bovisa","Bovisa",700,5,43.75,16,c(9.16463, 45.5004),20.2709283421072,3.69817772276816,12.3
127240543,"1","Assente","Famagosta, Barona","Cantalupa - San Paolo",660,3,9.85074626865672,17.8666666666667,c(9.1734, 45.4348),7.37625460578682,5.56042181075849,102.4
126638347,"1","Assente","Bicocca, Niguarda","Niguarda",600,3,8.33333333333333,19.2,c(9.1918, 45.5135),15.7030437958342,1.62398388876159,53.3
127360655,"1","Assente","Porta Vittoria, Lodi","Lodi - Brenta",670,4,8.375,16,c(9.2169, 45.4434),2.25873297848142,12.6526403078931,64.1
121763084,"1","Assente","Precotto, Turro","Villa San Giovanni",650,3,28.2608695652174,23,c(9.2237, 45.5199),5.14095958317841,10.6629680154289,68.1
127285351,"2","Assente","Solari, Washington","Frua",620,5,38.75,16,c(9.1495, 45.4639),4.42500235423582,5.48544873314574,75.9
125157563,"1","Assente","Città Studi, Susa","Città Studi",600,3,8.57142857142857,18.6666666666667,c(9.2303, 45.4691),2.62398218739364,3.19897186948064,18.1
127125411,"1","Assente","Porta Romana, Cadore, Montenero","Cadore",700,4,35,20,c(9.2109, 45.4558),11.9480796937053,0.147356347778167,44.2
125803955,"1","Centralizzato","Città Studi, Susa","Città Studi",600,3,6.81818181818182,23.4666666666667,c(9.2333, 45.4801),8.043640263394,1.00458808132657,7.6
125019221,"2","Assente","Città Studi, Susa","Città Studi",600,3,5.94059405940594,20,c(9.2329, 45.48),8.38586705001903,1.52215938505153,7.1
127657704,"2","Assente","Solari, Washington","Dezza",690,4,6.16071428571429,22.4,c(9.1598, 45.4581),1.2136444276517,6.15455845379064,85.1
114694537,"1","Assente","Corvetto, Rogoredo","Corvetto",700,3,17.5,20,c(9.2238, 45.4433),5.0842975313045,12.9115754294066,57.8
127413297,"1","Autonomo","Uptown, Cascina Merlata, Viale Certosa","Certosa",650,1,50,13,c(9.1353, 45.5018),22.9053746611099,3.99283347066116,26.7
127470372,"1","Assente","Pasteur, Rovereto","Parco Trotter",600,3,30,20,c(9.2286, 45.493),10.453895523379,15.0969484932697,24.2
126932001,"3","Centralizzato","Centrale, Repubblica","Morgagni",670,3,33.5,20,c(9.2156, 45.4774),7.63467327506247,6.87057469897128,15.3
127413295,"1","Autonomo","Uptown, Cascina Merlata, Viale Certosa","Certosa",700,1,46.6666666666667,15,c(9.13526, 45.5018),22.8663615114399,4.03473234624823,26.8
126994869,"2","Assente","Abbiategrasso, Chiesa Rossa","Pezzotti - Meda",600,4,7.31707317073171,16.4,c(9.1857, 45.445),20.0186564111573,1.67492502719985,79.7
121477976,"1","Assente","Navigli","Corso San Gottardo",685,3,8.05882352941176,22.6666666666667,c(9.1852, 45.4513),9.66260376214531,1.49807020135713,71.1
126192243,"1","Assente","Bicocca, Niguarda","Niguarda",660,3,9.85074626865672,17.8666666666667,c(9.1908, 45.5147),17.7420062088857,0.807411846455201,52
126994335,"2","Assente","Abbiategrasso, Chiesa Rossa","Pezzotti - Meda",600,4,7.31707317073171,16.4,c(9.1857, 45.445),20.0186564111573,1.67492502719985,79.7
127283261,"1","Assente","Bicocca, Niguarda","Ca' Granda",600,3,40,15,c(9.1995, 45.5078),2.19636269065802,1.90316439012628,58.1
126897597,"1","Assente","Udine, Lambrate","Lambrate",650,3,32.5,20,c(9.2434, 45.4863),10.0293255940927,6.6754469817528,23.7
124441465,"1","Assente","Affori, Bovisa","Comasina",600,3,30,20,c(9.1603, 45.5249),6.96769381936459,38.890360148465,48.4
123842539,"1","Assente","Famagosta, Barona","Tre Castelli - Faenza",650,1,8.125,20,c(9.1487, 45.441),20.3513856866473,8.52050464744415,110.9
127356451,"1","Autonomo","Cenisio, Sarpi, Isola","Farini",630,1,42,15,c(9.18333, 45.4933),7.88446470994231,2.81431477343643,36.6
127326351,"1","Autonomo","Bande Nere, Inganni","Lorenteggio",700,5,7.07070707070707,15.84,c(9.14075, 45.4519),2.02130997432749,6.05618836103308,95.3
127303981,"1","Autonomo","Affori, Bovisa","Affori",645,3,11.7272727272727,14.6666666666667,c(9.17352, 45.5174),6.71321600266337,22.3020073332733,38.8
127303563,"1","Autonomo","Città Studi, Susa","Plebisciti - Susa",630,4,6.05769230769231,20.8,c(9.21759, 45.471),5.3010822365483,3.50994874001973,18.4
127414887,"2","Autonomo","Bande Nere, Inganni","Lorenteggio",680,5,5.19083969465649,20.96,c(9.13914, 45.4523),4.05243613343563,7.80962944361716,95.2
127570124,"1","Autonomo","Porta Vittoria, Lodi","Martini - Insubria",595,4,6.1340206185567,19.4,c(9.22166, 45.4502),13.4372842856372,1.75380265957329,48.3
127570064,"2","Autonomo","Centrale, Repubblica","Melchiorre Gioia",620,5,41.3333333333333,15,c(9.19897, 45.486),4.91865175426528,2.91955954231593,35.6
127414733,"2","Autonomo","Famagosta, Barona","Giambellino",595,5,5.04237288135593,18.88,c(9.14046, 45.4501),3.88570612373661,4.14016453425667,99.4
127541540,"2","Autonomo","Bande Nere, Inganni","Bande Nere",600,5,5.71428571428571,16.8,c(9.13124, 45.4597),2.46593587786857,23.1239639279399,85.6
127513728,"1","Autonomo","Bande Nere, Inganni","Gambara",630,4,10.6779661016949,11.8,c(9.14434, 45.4623),4.81005714527675,10.5401264919321,77.5
127141341,"1","Autonomo","Bande Nere, Inganni","Lorenteggio",690,4,10.6153846153846,13,c(9.14113, 45.4525),1.89736515700364,6.74515756041733,94.7
127602408,"2","Autonomo","Abbiategrasso, Chiesa Rossa","Cermenate - Abbiategrasso",600,5,40,15,c(9.18072, 45.4343),8.50713512581633,3.43005964316046,100.1
127462702,"2","Autonomo","Affori, Bovisa","Affori",600,5,5.30973451327434,18.08,c(9.17352, 45.5173),6.54048113433048,22.2618643506441,38.7
127602394,"2","Autonomo","Precotto, Turro","Gorla",660,5,6.6,16,c(9.22374, 45.5053),1.97892619930592,14.3603857528292,44.4
127356361,"2","Autonomo","Bande Nere, Inganni","Gambara",695,5,46.3333333333333,15,c(9.13984, 45.4666),4.85081568934331,9.4366419107481,70.5
127326427,"2","Autonomo","Navigli","Navigli - Darsena",695,5,6.31818181818182,17.6,c(9.17288, 45.4446),6.49405554622695,7.6374589493616,90.1
127275179,"1","Autonomo","Precotto, Turro","Turro",610,4,9.38461538461538,13,c(9.22352, 45.5034),4.88864673580991,17.2683038867695,40.1
127490024,"2","Autonomo","Navigli","Navigli - Darsena",600,5,5.45454545454545,17.6,c(9.17288, 45.4446),6.49405554622695,7.6374589493616,90.1
127274871,"1","Autonomo","Bicocca, Niguarda","Greco - Segnano",700,3,9.72222222222222,19.2,c(9.20782, 45.5096),9.13298944254042,6.10762838502815,59.7
127602354,"2","Autonomo","Porta Venezia, Indipendenza","Piave - Tricolore",685,5,5.15037593984962,21.28,c(9.2089, 45.4664),2.94877557661311,2.81336222952813,32.7
127602294,"1","Autonomo","Centrale, Repubblica","Buenos Aires",700,5,6.73076923076923,16.64,c(9.21128, 45.4813),1.68062798913541,5.67264865604136,19.4
127462874,"1","Autonomo","Bande Nere, Inganni","Lorenteggio",590,5,7.97297297297297,11.84,c(9.14113, 45.4525),1.89736515700364,6.74515756041733,94.7
127275053,"1","Autonomo","Corvetto, Rogoredo","Corvetto",590,4,7.86666666666667,15,c(9.21553, 45.437),10.6429782877379,18.2784554632579,73
127541584,"1","Autonomo","Solari, Washington","Dezza",650,4,9.70149253731343,13.4,c(9.1592, 45.4575),1.84151295841587,5.83819960217173,86.2
127646806,"2","Autonomo","Ripamonti, Vigentino","Ripamonti - Fondazione Prada",630,4,6.84782608695652,18.4,c(9.2107, 45.4433),6.07421317168879,14.2673784548438,65.2
127570480,"1","Autonomo","Affori, Bovisa","Affori",645,3,11.7272727272727,14.6666666666667,c(9.17353, 45.5174),6.71224015028302,22.290165055472,38.8
127232189,"1","Autonomo","Precotto, Turro","Precotto",595,2,39.6666666666667,15,c(9.22567, 45.5122),1.49731612363283,2.72411443652415,55.2
127570016,"1","Autonomo","Affori, Bovisa","Affori",645,3,11.7272727272727,14.6666666666667,c(9.17353, 45.5174),6.71224015028302,22.290165055472,38.8
127504560,"2","Autonomo","Affori, Bovisa","Bovisasca",600,5,6.38297872340426,15.04,c(9.15399, 45.5171),19.1005724188004,25.9731381251268,33.2
127356273,"1","Autonomo","Bande Nere, Inganni","Gambara",630,3,42,15,c(9.14251, 45.463),3.37375174770057,11.2601952612208,76.6
127303599,"2","Autonomo","Ripamonti, Vigentino","Ripamonti - Fondazione Prada",595,5,39.6666666666667,15,c(9.21026, 45.4441),4.72295619779188,13.9018342360335,65.2
127094281,"1","Autonomo","Abbiategrasso, Chiesa Rossa","Pezzotti - Meda",620,4,6.88888888888889,18,c(9.18289, 45.4387),16.5163496145816,1.86835465445407,91.3
127646658,"1","Autonomo","Bande Nere, Inganni","Gambara",630,4,7.68292682926829,16.4,c(9.14359, 45.4628),3.73034001143834,10.505925409827,76.5
127490380,"2","Autonomo","Bicocca, Niguarda","Ca' Granda",595,4,39.6666666666667,15,c(9.19976, 45.5068),1.82352570141334,0.35568783467817,57.5
127303613,"1","Autonomo","Abbiategrasso, Chiesa Rossa","Pezzotti - Meda",620,4,6.88888888888889,18,c(9.18289, 45.4387),16.5163496145816,1.86835465445407,91.3
127275069,"3","Autonomo","Cenisio, Sarpi, Isola","Isola",630,5,42,15,c(9.19945, 45.4901),1.7644872553065,5.86764610691632,36.3
127570038,"1","Autonomo","Bande Nere, Inganni","Lorenteggio",685,5,8.45679012345679,12.96,c(9.1396, 45.4526),3.64720129981479,7.85406220826184,94.6
127504748,"1","Autonomo","Cenisio, Sarpi, Isola","Farini",630,1,42,15,c(9.18333, 45.4933),7.88446470994231,2.81431477343643,36.6
127463060,"2","Autonomo","Ripamonti, Vigentino","Ripamonti - Fondazione Prada",630,4,6.84782608695652,18.4,c(9.2107, 45.4433),6.07421317168879,14.2673784548438,65.2
127384717,"2","Autonomo","Famagosta, Barona","Barona",645,4,43,15,c(9.154, 45.4421),16.9545087126199,8.71595611009496,105
127317715,"1","Autonomo","Corvetto, Rogoredo","Corvetto",615,4,8.2,15,c(9.21553, 45.437),10.6429782877379,18.2784554632579,73
127275183,"1","Autonomo","Famagosta, Barona","Famagosta",680,3,45.3333333333333,15,c(9.17361, 45.4419),7.87922573908408,6.345182146984,93.1
127462830,"1","Autonomo","Bande Nere, Inganni","Gambara",615,3,41,15,c(9.14251, 45.463),3.37375174770057,11.2601952612208,76.6
127462676,"2","Autonomo","Cimiano, Crescenzago, Adriano","Quartiere Adriano",615,4,41,15,c(9.23604, 45.5151),12.7758436462327,1.06897928325161,65.7
127414507,"1","Autonomo","Affori, Bovisa","Bovisa",680,5,6.8,16,c(9.1657, 45.5038),17.168804236174,2.3111537312373,11.2
127384625,"1","Autonomo","Bande Nere, Inganni","Lorenteggio",605,4,10.0833333333333,12,c(9.13805, 45.4529),5.60370472200052,9.2533169569482,95.3
127490370,"2","Autonomo","Affori, Bovisa","Affori",630,5,5.47826086956522,18.4,c(9.17526, 45.5131),1.750854139444,19.1179008345253,35
127602348,"1","Autonomo","Bande Nere, Inganni","Gambara",650,4,7.92682926829268,16.4,c(9.14359, 45.4628),3.73034001143834,10.505925409827,76.5
127384633,"1","Autonomo","Città Studi, Susa","Casoretto",615,5,5.34782608695652,18.4,c(9.21877, 45.4864),4.22587121286384,7.90727458717899,17.6
127317559,"2","Autonomo","Centrale, Repubblica","Centrale",595,5,39.6666666666667,15,c(9.20015, 45.4837),3.58871133101175,0.616240038393514,33.9
127646732,"2","Autonomo","Solari, Washington","Frua",640,5,6.15384615384615,16.64,c(9.14874, 45.4651),2.55153394405427,3.60185276656845,73.4
127602606,"1","Autonomo","Bande Nere, Inganni","Lorenteggio",685,5,8.67088607594937,12.64,c(9.14028, 45.4547),5.54157491971635,10.6618848361608,89.9
127414865,"1","Autonomo","Bande Nere, Inganni","Lorenteggio",635,4,9.47761194029851,13.4,c(9.1395, 45.4519),3.54593664800578,7.00271324056712,95.8
127414761,"2","Autonomo","Solari, Washington","Vercelli - Wagner",685,5,5.26923076923077,20.8,c(9.16153, 45.4663),3.508689073979,0.733650700465045,74.6
127355339,"2","Autonomo","Affori, Bovisa","Affori",695,5,6.31818181818182,17.6,c(9.17477, 45.513),1.35401605726726,19.5914564025716,34.1
127646598,"1","Autonomo","Ripamonti, Vigentino","Ripamonti - Fondazione Prada",630,3,42,15,c(9.196, 45.4377),23.9191604128379,5.93584138617528,86
127570044,"1","Autonomo","Corvetto, Rogoredo","Corvetto",615,4,8.2,15,c(9.21553, 45.437),10.6429782877379,18.2784554632579,73
127541480,"2","Autonomo","Pasteur, Rovereto","Pasteur",625,5,5.43478260869565,18.4,c(9.21277, 45.4913),6.53041061861592,3.25633287583821,28.4
127490314,"2","Autonomo","Porta Romana, Cadore, Montenero","Porta Romana - Medaglie d'Oro",685,5,45.6666666666667,15,c(9.20376, 45.4527),2.13180461010036,2.38082082176572,53.6
127355581,"2","Autonomo","Solari, Washington","Frua",650,5,5.80357142857143,17.92,c(9.14888, 45.4653),2.16574567043043,3.21859630969615,73.3
127274877,"1","Autonomo","Maggiolina, Istria","Maggiolina",675,5,6.75,16,c(9.20184, 45.4997),5.78758519062277,5.56213132862639,49.7
127570156,"2","Autonomo","Fiera, Sempione, City Life, Portello","Monte Rosa - Lotto",675,5,5.07518796992481,21.28,c(9.14473, 45.4852),9.49051235658004,11.765843129829,38.9
127541878,"1","Autonomo","Uptown, Cascina Merlata, Viale Certosa","Certosa",600,4,7.31707317073171,16.4,c(9.14426, 45.4945),17.1543073498478,0.772316414326131,23.4
127490460,"2","Autonomo","Genova, Ticinese","San Vittore",630,5,42,15,c(9.1703, 45.4602),2.84002362624467,5.00101197987493,75.9
127602174,"2","Autonomo","Affori, Bovisa","Vialba",640,5,9.14285714285714,11.2,c(9.13541, 45.5136),38.8486593785122,8.62814487402095,37.7
127513892,"2","Autonomo","San Siro, Trenno","Gallaratese",635,5,7.05555555555556,14.4,c(9.11996, 45.4969),5.24555826553555,10.7959778179168,50.4
127303969,"2","Autonomo","Solari, Washington","Frua",640,5,6.15384615384615,16.64,c(9.14874, 45.4651),2.55153394405427,3.60185276656845,73.4
127646834,"1","Autonomo","Maggiolina, Istria","Cascina dei Pomi",670,4,5.82608695652174,23,c(9.20803, 45.4926),9.98750304594331,3.52744804187125,34.4
127646752,"2","Autonomo","Pasteur, Rovereto","Rovereto",595,5,5.50925925925926,17.28,c(9.21396, 45.4936),7.51059503496684,2.76386352194017,31.8
127414661,"2","Autonomo","Bicocca, Niguarda","Ca' Granda",635,3,42.3333333333333,15,c(9.20256, 45.5058),3.05497278128588,2.55286140090128,58.3
127275125,"2","Autonomo","Solari, Washington","Vercelli - Wagner",665,4,44.3333333333333,15,c(9.16221, 45.4653),5.3754329276512,1.84424292833468,76.5
127232181,"2","Autonomo","Abbiategrasso, Chiesa Rossa","Pezzotti - Meda",620,4,5.90476190476191,21,c(9.17651, 45.4433),10.7736287115959,3.04408451189785,88.5
127108697,"2","Autonomo","Bande Nere, Inganni","Lorenteggio",680,5,5.19083969465649,20.96,c(9.13914, 45.4523),4.05243613343563,7.80962944361716,95.2
127602340,"1","Autonomo","Fiera, Sempione, City Life, Portello","De Angeli",665,3,44.3333333333333,15,c(9.14607, 45.4682),5.22917469362646,2.31308913375149,66.6
127504672,"2","Autonomo","Bande Nere, Inganni","Bande Nere",600,5,5.71428571428571,16.8,c(9.13124, 45.4597),2.46593587786857,23.1239639279399,85.6
127504438,"1","Autonomo","Affori, Bovisa","Bovisa",700,4,12.7272727272727,11,c(9.16316, 45.5015),21.1893126549332,3.10900054572847,9.7
127462926,"1","Autonomo","Cenisio, Sarpi, Isola","Farini",640,1,42.6666666666667,15,c(9.18333, 45.4933),7.88446470994231,2.81431477343643,36.6
127462712,"1","Autonomo","Bande Nere, Inganni","Lorenteggio",700,5,7.95454545454545,14.08,c(9.13914, 45.4523),4.05243613343563,7.80962944361716,95.2
127132869,"1","Autonomo","Città Studi, Susa","Casoretto",615,5,5.34782608695652,18.4,c(9.21877, 45.4864),4.22587121286384,7.90727458717899,17.6
127570024,"2","Autonomo","Città Studi, Susa","Casoretto",680,5,7.47252747252747,14.56,c(9.22744, 45.4862),9.64117568807066,10.798278180353,12.1
127504630,"1","Autonomo","Bande Nere, Inganni","Gambara",620,5,6.81318681318681,14.56,c(9.14358, 45.4633),2.88088567674738,9.92506092537499,75.8
127303559,"1","Autonomo","Bande Nere, Inganni","Gambara",675,2,45,15,c(9.13907, 45.4668),5.81635334165347,9.99177571172894,70.8
127141349,"2","Autonomo","Ripamonti, Vigentino","Ripamonti - Fondazione Prada",595,5,39.6666666666667,15,c(9.21026, 45.4441),4.72295619779188,13.9018342360335,65.2
126704843,"1","Assente","Cenisio, Sarpi, Isola","Zara",700,1,46.6666666666667,15,c(9.1896, 45.4905),5.35708139296664,2.11561503630963,45.3
127414643,"2","Autonomo","Cimiano, Crescenzago, Adriano","Quartiere Adriano",620,4,41.3333333333333,15,c(9.23604, 45.5151),12.7758436462327,1.06897928325161,65.7
127414913,"2","Autonomo","Bande Nere, Inganni","Lorenteggio",665,5,5.11538461538461,20.8,c(9.14127, 45.453),2.39308202874502,7.47835847139147,93
127384571,"2","Autonomo","Uptown, Cascina Merlata, Viale Certosa","Certosa",600,5,6.12244897959184,15.68,c(9.15181, 45.4906),16.1574992777769,1.22950503923665,28.7
127355597,"2","Autonomo","Famagosta, Barona","Barona",610,5,7.625,12.8,c(9.15399, 45.4422),16.9384469732882,8.55770639927104,105
127570190,"1","Autonomo","Famagosta, Barona","Famagosta",670,4,9.57142857142857,14,c(9.17508, 45.4405),10.5366028008484,4.3627197425366,93.2
127591734,"1","Assente","Ripamonti, Vigentino","Vigentino - Fatima",600,4,6.66666666666667,18,c(9.203, 45.4319),26.7105896497816,1.81538098121218,90
115199185,"1","Assente","Abbiategrasso, Chiesa Rossa","Chiesa Rossa",600,3,7.5,21.3333333333333,c(9.1811, 45.4312),5.04753078569129,0.889247174526922,102.7
127419323,"1","Assente","Città Studi, Susa","Città Studi",650,3,36.1111111111111,18,c(9.2317, 45.4742),10.5770326684308,5.67825003531634,11.4
127646756,"1","Autonomo","Bande Nere, Inganni","Gambara",630,4,7.68292682926829,16.4,c(9.14358, 45.4633),2.88088567674738,9.92506092537499,75.8
126568173,"1","Assente","Bande Nere, Inganni","Bande Nere",600,4,42.8571428571428,14,c(9.13372, 45.4616),3.35140331226855,20.7431141751235,81
127602448,"1","Autonomo","Bande Nere, Inganni","Bande Nere",690,4,9.85714285714286,14,c(9.13388, 45.4628),3.85178972349815,19.2206794980747,79
127647012,"1","Autonomo","Bande Nere, Inganni","Gambara",630,4,7.68292682926829,16.4,c(9.14358, 45.4633),2.88088567674738,9.92506092537499,75.8
127569784,"2","Autonomo","Napoli, Soderini","Tripoli - Soderini",590,4,5.36363636363636,22,c(9.15182, 45.4552),1.61161211936223,5.54395589804522,87.5
127414635,"2","Autonomo","Pasteur, Rovereto","Pasteur",615,5,41,15,c(9.21404, 45.4874),4.32157164493509,2.10216373883025,21.4
127496834,"1","Centralizzato","San Siro, Trenno","Monte Stella",600,2,24,25,c(9.14229, 45.4866),6.49320760527747,11.0001393768904,39.6
121398048,"1","Assente","Famagosta, Barona","Cantalupa - San Paolo",700,3,35,20,c(9.1727, 45.4354),6.14097669603151,6.44979269502732,102.3
127275303,"1","Autonomo","Bande Nere, Inganni","Gambara",650,4,7.92682926829268,16.4,c(9.14358, 45.4633),2.88088567674738,9.92506092537499,75.8
127490352,"1","Autonomo","Bande Nere, Inganni","Gambara",650,4,7.92682926829268,16.4,c(9.14358, 45.4633),2.88088567674738,9.92506092537499,75.8
114622153,"1","Centralizzato","Porta Romana, Cadore, Montenero","Cadore",600,3,50,12,c(9.21315, 45.4587),17.2497216693159,5.79165999563381,39.4
127490316,"1","Autonomo","Bande Nere, Inganni","Gambara",615,4,7.5,16.4,c(9.14358, 45.4633),2.88088567674738,9.92506092537499,75.8
127317571,"2","Autonomo","Famagosta, Barona","Barona",595,4,39.6666666666667,15,c(9.154, 45.4421),16.9545087126199,8.71595611009496,105
127384309,"2","Autonomo","Napoli, Soderini","Tripoli - Soderini",690,4,6.27272727272727,22,c(9.15182, 45.4552),1.61161211936223,5.54395589804522,87.5
127232179,"1","Autonomo","Bande Nere, Inganni","Gambara",615,4,7.5,16.4,c(9.14358, 45.4633),2.88088567674738,9.92506092537499,75.8
127646848,"2","Autonomo","Famagosta, Barona","Barona",600,4,40,15,c(9.154, 45.4421),16.9545087126199,8.71595611009496,105
127303711,"1","Assente","Bicocca, Niguarda","Niguarda",650,3,9.28571428571429,18.6666666666667,c(9.20172, 45.5181),7.32977938426677,5.99663864305559,67.3
127094269,"2","Autonomo","Città Studi, Susa","Città Studi",645,5,6.32352941176471,16.32,c(9.2173, 45.4847),1.91898704905854,8.19797003515514,15.2
127462782,"1","Autonomo","Famagosta, Barona","Barona",640,4,9.14285714285714,14,c(9.154, 45.4421),16.9545087126199,8.71595611009496,105
127462706,"3","Assente","San Siro, Trenno","San Carlo",650,5,6.37254901960784,16.32,c(9.10837, 45.4619),12.5644815675081,30.3994474977113,103.3
127513692,"2","Assente","Affori, Bovisa","Quarto Oggiaro",650,5,5.41666666666667,19.2,c(9.1474, 45.5107),31.7145850798556,13.3960551624315,21.3
127414593,"1","Assente","Corvetto, Rogoredo","Corvetto",645,5,5.86363636363636,17.6,c(9.21627, 45.4366),10.9247257134667,19.1356995935706,72.7
127504554,"3","Autonomo","San Siro, Trenno","San Siro",630,5,42,15,c(9.14164, 45.4777),3.80769844064389,5.27809263483538,51.8
127326315,"2","Autonomo","Città Studi, Susa","Città Studi",645,5,6.32352941176471,16.32,c(9.2173, 45.4847),1.91898704905854,8.19797003515514,15.2
127541466,"2","Assente","Bisceglie, Baggio, Olmi","Quarto Cagnino",600,4,6.66666666666667,18,c(9.11156, 45.4737),9.37511286337462,14.4628023256689,86.4
127646896,"1","Assente","Affori, Bovisa","Bovisa",680,3,11.3333333333333,16,c(9.16235, 45.5011),22.3527176000422,4.31486604478425,9.5
127384715,"1","Assente","Affori, Bovisa","Bovisa",600,3,8.57142857142857,18.6666666666667,c(9.15098, 45.4998),29.3343826723174,1.11761060101156,11.6
127541458,"2","Assente","Affori, Bovisa","Quarto Oggiaro",650,5,5.41666666666667,19.2,c(9.1474, 45.5107),31.7145850798556,13.3960551624315,21.3
127355431,"2","Assente","Affori, Bovisa","Quarto Oggiaro",650,5,5.41666666666667,19.2,c(9.1474, 45.5107),31.7145850798556,13.3960551624315,21.3
127513698,"1","Assente","Affori, Bovisa","Bovisa",630,3,9.69230769230769,17.3333333333333,c(9.16953, 45.498),17.9055298211418,1.75217087347295,20
127490028,"2","Assente","Bicocca, Niguarda","Greco - Segnano",700,5,7.77777777777778,14.4,c(9.20937, 45.5028),12.6652235598872,12.2340951935603,47.9
127602228,"2","Assente","Maggiolina, Istria","Maggiolina",630,4,42,15,c(9.20606, 45.4957),11.9961965253021,6.48757861791197,39.2
127356155,"1","Assente","Cimiano, Crescenzago, Adriano","Cimiano",650,3,8.66666666666667,20,c(9.23438, 45.4984),8.0351471123321,23.1095677078784,35.4
127541446,"1","Assente","Maggiolina, Istria","Cascina dei Pomi",700,3,8.75,21.3333333333333,c(9.20657, 45.4931),8.98971989793937,3.2471786029671,34.5
127384587,"1","Assente","Navigli","Corso San Gottardo",700,4,46.6666666666667,15,c(9.18069, 45.4463),16.4586595049267,1.65817544937583,82.3
127384541,"2","Assente","Affori, Bovisa","Quarto Oggiaro",650,5,5.41666666666667,19.2,c(9.1474, 45.5107),31.7145850798556,13.3960551624315,21.3
127462632,"1","Assente","Bande Nere, Inganni","Lorenteggio",600,3,6.66666666666667,24,c(9.12651, 45.4503),7.91295875301495,10.6777540904101,104
125247453,"1","Centralizzato","Forlanini","Quartiere Forlanini",650,3,32.5,20,c(9.24891, 45.4574),13.1052728915479,6.2047964607718,50.1
127275023,"1","Assente","Cenisio, Sarpi, Isola","Cenisio",620,3,6.2,20,c(9.15846, 45.489),12.7169855536246,2.30457211988936,32.1
127646656,"1","Assente","San Siro, Trenno","Monte Stella",600,1,40,15,c(9.14316, 45.4861),7.47409670938305,11.1853684159067,39.6
127303633,"1","Assente","San Siro, Trenno","San Carlo",600,4,5.45454545454545,22,c(9.11147, 45.4621),11.7507232587955,28.0618933154354,100.4
127134717,"1","Centralizzato","Fiera, Sempione, City Life, Portello","Sempione",700,3,46.6666666666667,15,c(9.16357, 45.4859),4.51381696316081,3.52376563683999,38.4
127414611,"2","Autonomo","San Siro, Trenno","San Siro",690,5,46,15,c(9.12737, 45.4707),9.50074760171684,9.55946470283026,72.2
127331775,"1","Centralizzato","Udine, Lambrate","Quartiere Feltre",650,3,8.125,21.3333333333333,c(9.24271, 45.4908),7.18960759899725,12.8351075042617,31.6
127504686,"1","Assente","Affori, Bovisa","Quarto Oggiaro",590,4,6.55555555555556,18,c(9.14925, 45.5125),28.0681063996088,16.7537480922014,31.5
127317295,"2","Autonomo","Città Studi, Susa","Città Studi",645,5,6.32352941176471,16.32,c(9.2173, 45.4847),1.91898704905854,8.19797003515514,15.2
123704477,"2","Assente","Città Studi, Susa","Città Studi",700,4,5.83333333333333,24,c(9.2244, 45.4803),1.41963483757129,2.67843386395501,4.3
127646934,"1","Assente","Famagosta, Barona","Cantalupa - San Paolo",700,3,9.33333333333333,20,c(9.17322, 45.4339),8.084681744238,5.62639220647019,103.2
127490432,"2","Autonomo","Famagosta, Barona","Tre Castelli - Faenza",590,4,6.55555555555556,18,c(9.13738, 45.442),9.03785792968902,4.5459624929115,121.5
127602476,"2","Autonomo","Pasteur, Rovereto","Rovereto",595,5,39.6666666666667,15,c(9.21499, 45.4946),5.71681200439732,1.43008554788887,32.9
127570144,"1","Autonomo","Navigli","Navigli - Darsena",650,4,7.38636363636364,17.6,c(9.16077, 45.4464),9.63570626245695,3.92111592433915,96
127414651,"1","Autonomo","Bande Nere, Inganni","Gambara",645,4,7.96296296296296,16.2,c(9.14405, 45.4622),4.87019442976898,10.8971665525213,77.5
127313079,"1","Centralizzato","Affori, Bovisa","Bovisa",600,3,6.74157303370786,23.7333333333333,c(9.16562, 45.5026),17.7475601380592,0.438176856132798,11.9
127513782,"1","Assente","Affori, Bovisa","Quarto Oggiaro",590,4,6.55555555555556,18,c(9.14925, 45.5125),28.0681063996088,16.7537480922014,31.5
127356297,"2","Autonomo","Pasteur, Rovereto","Rovereto",595,5,39.6666666666667,15,c(9.21499, 45.4946),5.71681200439732,1.43008554788887,32.9
127490254,"1","Assente","San Siro, Trenno","Gallaratese",670,3,44.6666666666667,15,c(9.11801, 45.4985),8.46120114533388,8.8586734127323,55
127317463,"1","Assente","Affori, Bovisa","Affori",700,4,7.95454545454545,17.6,c(9.15435, 45.52),17.2142712668307,29.6309979076222,33.3
127326225,"1","Assente","Affori, Bovisa","Quarto Oggiaro",650,4,7.22222222222222,18,c(9.14925, 45.5125),28.0681063996088,16.7537480922014,31.5
126717121,"3","Assente","Navigli","Bocconi",680,4,7.55555555555556,18,c(9.1918, 45.4509),10.3599358194742,1.33201970958978,67.9
126463641,"1","Assente","Porta Romana, Cadore, Montenero","Montenero",650,3,54.1666666666667,12,c(9.2058, 45.4564),9.00856673504739,1.91143940083087,48.4
126074245,"2","Assente","Porta Romana, Cadore, Montenero","Porta Romana - Medaglie d'Oro",600,4,5.94059405940594,20.2,c(9.2088, 45.4479),3.02764029073666,9.88098306563387,56.3
127490304,"2","Autonomo","Maggiolina, Istria","Maggiolina",635,5,42.3333333333333,15,c(9.20583, 45.4962),12.6018623303229,7.12582851502001,40.1
127414803,"1","Autonomo","Cenisio, Sarpi, Isola","Zara",625,3,41.6666666666667,15,c(9.19043, 45.4949),4.90315474617064,5.14315763451282,43.9
127414711,"1","Autonomo","Uptown, Cascina Merlata, Viale Certosa","Certosa",595,4,8.5,14,c(9.14426, 45.4945),17.1543073498478,0.772316414326131,23.4
127326243,"1","Assente","Pasteur, Rovereto","Parco Trotter",700,2,15.5555555555556,20,c(9.22427, 45.4917),8.10884761896537,10.2139276445882,20.9
127232183,"1","Autonomo","Uptown, Cascina Merlata, Viale Certosa","Certosa",595,4,8.5,14,c(9.14426, 45.4945),17.1543073498478,0.772316414326131,23.4
127303513,"2","Autonomo","Centrale, Repubblica","Repubblica",630,4,42,15,c(9.20206, 45.4793),5.02770063921006,1.33603009989529,32.3
125029219,"3","Autonomo","Centrale, Repubblica","Centrale",700,3,7,20,c(9.19901, 45.4826),5.63450239696216,1.08009805330535,35.9
127355807,"2","Autonomo","Abbiategrasso, Chiesa Rossa","Cermenate - Abbiategrasso",600,5,40,15,c(9.18072, 45.4343),8.50713512581633,3.43005964316046,100.1
127602146,"1","Autonomo","Abbiategrasso, Chiesa Rossa","Cermenate - Abbiategrasso",680,3,12.5925925925926,14.4,c(9.17754, 45.4339),6.74032554134576,1.13875309935017,101.5
127646600,"1","Autonomo","Abbiategrasso, Chiesa Rossa","Cermenate - Abbiategrasso",680,3,12.5925925925926,14.4,c(9.17754, 45.4339),6.74032554134576,1.13875309935017,101.5
120695518,"2","Assente","Città Studi, Susa","Città Studi",690,5,6.27272727272727,17.6,c(9.23308, 45.484),3.17620932872238,3.70508093993197,12.3
127553452,"3+","Assente","Bicocca, Niguarda","Bignami - Ponale",700,NA,5.38461538461539,NA,c(9.2059, 45.5223),4.38115753041433,4.12108704693825,75.8
96574408,"3","Assente","Affori, Bovisa","Bovisa",660,4,33,20,c(9.1591, 45.5082),20.3426919395321,12.4338169123722,14.4
124640157,"2","Assente","Bicocca, Niguarda","Ca' Granda",600,4,46.1538461538462,13,c(9.1933, 45.507),9.53682741639587,2.15122011412209,49.2
118949255,"1","Centralizzato","Centrale, Repubblica","Buenos Aires",700,2,35,20,c(9.21456, 45.485),1.48788524968244,5.59294246476262,17.6
126490695,"1","Centralizzato","Affori, Bovisa","Bovisa",700,3,35,20,c(9.16653, 45.5014),17.4371764008635,2.40468386519286,14.3
127410341,"1","Assente","Corvetto, Rogoredo","Corvetto",690,3,9.85714285714286,18.6666666666667,c(9.2137, 45.4379),10.2853879370462,16.2069624219322,72.1
123137863,"3+","Assente","Affori, Bovisa","Affori",680,4,8.5,16,c(9.1693, 45.5156),6.71444230178053,23.2279984252248,32.3
127392633,"2","Assente","Bande Nere, Inganni","Gambara",690,4,6.9,20,c(9.1422, 45.4644),1.33437317022405,9.8648282422689,74.2
114386525,"2","Assente","Ponte Lambro, Santa Giulia","Santa Giulia",650,3,7.64705882352941,22.6666666666667,c(9.24, 45.4373),6.87311457559961,15.2212339139631,76.3
127520610,"1","Assente","Bicocca, Niguarda","Bicocca",600,3,8.57142857142857,18.6666666666667,c(9.2072, 45.5144),2.31489657927861,0.327408453917103,67.7
127649454,"2","Assente","Forlanini","Viale Ungheria - Mecenate",600,5,6.66666666666667,14.4,c(9.2419, 45.4455),20.190781729527,4.02903426134908,62.1
127520230,"1","Assente","Bicocca, Niguarda","Bicocca",620,3,8.85714285714286,18.6666666666667,c(9.2072, 45.5144),2.31489657927861,0.327408453917103,67.7
127649244,"2","Assente","Forlanini","Viale Ungheria - Mecenate",650,5,7.22222222222222,14.4,c(9.2419, 45.4455),20.190781729527,4.02903426134908,62.1
126667131,"1","Assente","Affori, Bovisa","Affori",600,4,6.66666666666667,18,c(9.169, 45.5193),4.10345889819276,27.9495645552297,37.2
126661405,"1","Assente","Affori, Bovisa","Bovisa",675,3,8.03571428571429,22.4,c(9.1687, 45.4996),16.7795342026099,1.00834878926999,17.5
126530127,"1","Assente","Porta Venezia, Indipendenza","Indipendenza",640,1,32,20,c(9.215, 45.4726),9.01083236923143,0.828515479690169,17.3
127331333,"1","Assente","Bicocca, Niguarda","Prato Centenaro",600,1,46.1538461538462,13,c(9.2007, 45.5097),4.29087596790243,2.20355059612389,60.9
104020285,"1","Centralizzato","Ripamonti, Vigentino","Vigentino - Fatima",675,2,37.5,18,c(9.1968, 45.4366),24.5315462687331,4.59920229933168,85
127612148,"1","Assente","Centrale, Repubblica","Buenos Aires",650,5,6.43564356435644,16.16,c(9.2074, 45.4787),5.20355419896851,3.62860144683956,25.2
127392123,"1","Assente","Quadronno, Palestro, Guastalla","Quadronno - Crocetta",650,4,9.28571428571429,14,c(9.1949, 45.4522),7.10816763140344,2.24045076914549,63.2
125528605,"2","Assente","Bicocca, Niguarda","Ca' Granda",650,2,40.625,16,c(9.1925, 45.5081),10.607260200972,0.669373275389671,49.2
127094363,"1","Assente","Cimiano, Crescenzago, Adriano","Ponte Nuovo",600,3,10,16,c(9.2389, 45.5067),11.2620192442201,14.8843555000696,51.2
112965475,"1","Assente","Cimiano, Crescenzago, Adriano","Cimiano",650,3,7.92682926829268,21.8666666666667,c(9.2351, 45.4967),8.48534100316598,20.7044130052307,32.1
125542493,"1","Assente","San Siro, Trenno","San Siro",630,2,31.5,20,c(9.1198, 45.4733),5.37978072785359,6.2226141139604,78.3
126041923,"1","Autonomo","Maggiolina, Istria","Maggiolina",640,1,71.1111111111111,9,c(9.1964, 45.4983),3.80024033092058,1.30855280578009,48.8
126848761,"1","Autonomo","Maggiolina, Istria","Maggiolina",696,1,58,12,c(9.1985, 45.494),5.92819223486318,1.81516380000099,41.2
126041669,"1","Centralizzato","Quadronno, Palestro, Guastalla","Quadronno - Crocetta",660,1,44,15,c(9.1986, 45.4542),5.15051825578097,3.13605452417075,58.1
126982213,"1","Autonomo","Bicocca, Niguarda","Niguarda",642,1,53.5,12,c(9.2033, 45.5167),4.23351307384222,3.52617455584044,68.3
126042013,"1","Autonomo","Cimiano, Crescenzago, Adriano","Cimiano",690,1,76.6666666666667,9,c(9.2429, 45.5017),4.55460823928588,21.4222409099251,42.8
126080043,"1","Centralizzato","Città Studi, Susa","Città Studi",590,1,32.7777777777778,18,c(9.2354, 45.4846),0.363809083584683,0.729827990171409,14.6
126738975,"1","Centralizzato","Quadronno, Palestro, Guastalla","Quadronno - Crocetta",590,1,39.3333333333333,15,c(9.2018, 45.4555),7.08586332969208,2.59127650118449,53.3
120523982,"1","Centralizzato","Udine, Lambrate","Udine",600,1,60,10,c(9.2355, 45.4941),4.92043270155706,16.1733075694932,30.3
125953299,"1","Autonomo","Centrale, Repubblica","Morgagni",696,1,27.84,25,c(9.211, 45.4779),4.25872646025645,5.04593153657439,20.7
126035629,"1","Centralizzato","Affori, Bovisa","Bovisa",680,1,45.3333333333333,15,c(9.1624, 45.5011),22.2955211021447,4.26431086148364,9.5
121436038,"1","Centralizzato","Porta Vittoria, Lodi","Lodi - Brenta",690,1,86.25,8,c(9.215, 45.4429),4.30027529800971,14.3465004278863,65.7
126038095,"1","Centralizzato","Porta Vittoria, Lodi","Martini - Insubria",690,1,69,10,c(9.2208, 45.4509),14.1845364768749,1.23075847461547,48.4
126936403,"1","Autonomo","San Siro, Trenno","San Siro",642,1,53.5,12,c(9.1205, 45.4731),6.02700613792274,6.04590462235751,81
126037919,"1","Autonomo","Arco della Pace, Arena, Pagano","Arena",690,1,86.25,8,c(9.1743, 45.4781),12.4018577925214,4.54769004773858,54.1
118262031,"1","Centralizzato","Abbiategrasso, Chiesa Rossa","Gratosoglio",700,1,50,14,c(9.174, 45.4165),22.4575785913972,3.42828827170705,128.8
109560047,"1","Centralizzato","Bisceglie, Baggio, Olmi","Quarto Cagnino",650,1,32.5,20,c(9.1112, 45.4708),12.835421418042,17.0154775577411,89.7
123468281,"1","Centralizzato","San Siro, Trenno","San Siro",600,1,37.5,16,c(9.1454, 45.4686),6.29744450934018,2.28110695533118,65.8
123123397,"1","Autonomo","Città Studi, Susa","Plebisciti - Susa",690,1,43.125,16,c(9.2216, 45.4684),3.90619520357186,5.13753874740514,19.6
126469575,"1","Autonomo","Bicocca, Niguarda","Bicocca",589,1,58.9,10,c(9.2144, 45.5146),11.0174235227157,2.05178332990402,67.6
126037347,"1","Centralizzato","Città Studi, Susa","Città Studi",635,1,35.2777777777778,18,c(9.2256, 45.4691),2.01925266691106,3.23927087089564,15.8
123112177,"1","Autonomo","Forlanini","Quartiere Forlanini",640,1,71.1111111111111,9,c(9.2436, 45.4618),3.93224839690997,6.66425714076599,40.5
126038909,"1","Centralizzato","Famagosta, Barona","Cantalupa - San Paolo",650,1,40.625,16,c(9.1553, 45.4312),12.5923553387039,27.1452102480032,122.2
126038903,"1","Centralizzato","Famagosta, Barona","Cantalupa - San Paolo",690,1,30,23,c(9.1553, 45.4312),12.5923553387039,27.1452102480032,122.2
126791883,"1","Autonomo","Bicocca, Niguarda","Niguarda",589,1,34.6470588235294,17,c(9.1929, 45.5222),19.9492928260329,1.09411814488597,62.8
126041967,"1","Autonomo","Centrale, Repubblica","Buenos Aires",600,1,66.6666666666667,9,c(9.2053, 45.478),4.69028226544021,2.75731950262922,28.3
123112167,"1","Centralizzato","Città Studi, Susa","Plebisciti - Susa",690,1,43.125,16,c(9.2235, 45.466),3.9328726333576,6.66864042051319,21.8
127602268,"2","Autonomo","Maggiolina, Istria","Maggiolina",640,4,6.21359223300971,20.6,c(9.19646, 45.4953),2.57446988983403,1.53559588349648,44.8
127272349,"1","Centralizzato","Solari, Washington","Vercelli - Wagner",640,1,37.6470588235294,17,c(9.159, 45.4674),3.00244129166544,1.3915088679076,70.7
126440107,"1","Autonomo","Bande Nere, Inganni","Inganni",589,1,42.0714285714286,14,c(9.1215, 45.4584),1.6762731306798,25.9864892621868,93.9
126040401,"1","Centralizzato","Famagosta, Barona","Barona",645,1,43,15,c(9.1539, 45.4421),17.0748117540868,8.65902141020778,105.1
125953301,"1","Autonomo","Affori, Bovisa","Affori",642,1,64.2,10,c(9.1539, 45.5213),16.8182401381367,30.8985479705218,41.2
125953305,"1","Autonomo","Famagosta, Barona","Barona",696,1,69.6,10,c(9.1521, 45.4398),20.2031235133066,11.7435302723758,109.8
121244388,"1","Autonomo","Forlanini","Quartiere Forlanini",690,1,76.6666666666667,9,c(9.2436, 45.4618),3.93224839690997,6.66425714076599,40.5
124938665,"1","Centralizzato","Città Studi, Susa","Plebisciti - Susa",690,1,69,10,c(9.2235, 45.466),3.9328726333576,6.66864042051319,21.8
126035645,"1","Autonomo","Bisceglie, Baggio, Olmi","Baggio",590,1,39.3333333333333,15,c(9.0818, 45.461),39.1862469181788,54.3450665679734,132.3
126936409,"1","Autonomo","Bicocca, Niguarda","Bignami - Ponale",642,1,71.3333333333333,9,c(9.206, 45.524),5.46841793064848,5.18144275456461,78.8
126511735,"1","Autonomo","Cenisio, Sarpi, Isola","Cenisio",642,1,40.125,16,c(9.168, 45.4888),5.6956504677806,2.15247222835095,37.1
124313355,"1","Autonomo","Ripamonti, Vigentino","Ripamonti - Fondazione Prada",642,1,64.2,10,c(9.196, 45.4377),23.9191604128379,5.93584138617528,86
126041943,"1","Autonomo","Cimiano, Crescenzago, Adriano","Cimiano",690,1,76.6666666666667,9,c(9.2429, 45.5017),4.55460823928588,21.4222409099251,42.8
127197733,"1","Centralizzato","Solari, Washington","Vercelli - Wagner",600,1,46.1538461538462,13,c(9.1563, 45.4694),2.1321855850273,4.75226295553237,66.5
125812323,"1","Centralizzato","Porta Vittoria, Lodi","Martini - Insubria",690,1,86.25,8,c(9.2187, 45.4546),16.6431284810604,4.49740200657468,43.3
126040451,"1","Centralizzato","Navigli","Navigli - Darsena",600,1,33.3333333333333,18,c(9.1729, 45.4445),6.48011102472095,7.58483775976299,90.3
126936407,"1","Autonomo","Cimiano, Crescenzago, Adriano","Crescenzago",632,1,70.2222222222222,9,c(9.2405, 45.5038),7.38897451019633,18.5761162286683,45.9
126042017,"1","Centralizzato","Cimiano, Crescenzago, Adriano","Cimiano",620,1,34.4444444444444,18,c(9.2429, 45.5017),4.55460823928588,21.4222409099251,42.8
119895374,"1","Autonomo","Città Studi, Susa","Città Studi",600,1,66.6666666666667,9,c(9.2172, 45.4779),8.72015557423748,6.80390832966579,12.7
126040419,"1","Autonomo","Famagosta, Barona","Barona",650,1,38.2352941176471,17,c(9.1539, 45.4421),17.0748117540868,8.65902141020778,105.1
122799560,"1","Centralizzato","Famagosta, Barona","Giambellino",690,1,38.3333333333333,18,c(9.1495, 45.4496),7.30424341323599,2.27249520105603,98.8
126041941,"1","Autonomo","Città Studi, Susa","Città Studi",700,1,77.7777777777778,9,c(9.2182, 45.483),3.5212317737852,10.9099418756858,12.7
126040415,"1","Autonomo","Famagosta, Barona","Famagosta",680,1,52.3076923076923,13,c(9.1737, 45.4421),7.84813372548092,6.30114588466629,93.2
124565669,"1","Autonomo","Bande Nere, Inganni","Inganni",620,1,36.4705882352941,17,c(9.1249, 45.4477),7.44158234450525,8.29797728600198,109.4
126242223,"1","Centralizzato","Abbiategrasso, Chiesa Rossa","Chiesa Rossa",690,1,31.3636363636364,22,c(9.1788, 45.4267),6.02015790224204,1.921564482837,113
126041959,"1","Centralizzato","Centrale, Repubblica","Repubblica",650,1,43.3333333333333,15,c(9.2006, 45.48),3.38547858944102,3.48093282452545,33.8
126041965,"1","Centralizzato","Centrale, Repubblica","Repubblica",620,1,41.3333333333333,15,c(9.2006, 45.48),3.38547858944102,3.48093282452545,33.8
126041643,"1","Centralizzato","Udine, Lambrate","Udine",630,1,63,10,c(9.2355, 45.4941),4.92043270155706,16.1733075694932,30.3
126041957,"1","Centralizzato","Cimiano, Crescenzago, Adriano","Cimiano",600,1,33.3333333333333,18,c(9.2429, 45.5017),4.55460823928588,21.4222409099251,42.8
126041685,"1","Centralizzato","Navigli","Bocconi",670,1,33.5,20,c(9.1879, 45.4487),13.3417256128213,2.79196010298001,72.5
119895774,"1","Autonomo","Arco della Pace, Arena, Pagano","Arco della Pace",690,1,76.6666666666667,9,c(9.1685, 45.4774),10.5891567922319,1.48957989830652,54.4
126116255,"1","Autonomo","Maggiolina, Istria","Maggiolina",642,1,29.1818181818182,22,c(9.2018, 45.4997),5.74773565084567,5.52357613682801,49.7
126037351,"1","Autonomo","Cenisio, Sarpi, Isola","Farini",600,1,33.3333333333333,18,c(9.1826, 45.4933),8.16310262742233,3.3431590552952,35.5
126956701,"1","Autonomo","Abbiategrasso, Chiesa Rossa","Pezzotti - Meda",589,1,42.0714285714286,14,c(9.181, 45.438),14.5504350155979,3.01808026965263,94
126042497,"1","Centralizzato","Uptown, Cascina Merlata, Viale Certosa","Ghisolfa - Mac Mahon",634,1,52.8333333333333,12,c(9.1625, 45.4921),14.1753380672244,2.05263327005315,28.8
126041899,"1","Centralizzato","Città Studi, Susa","Città Studi",650,1,43.3333333333333,15,c(9.217, 45.4763),10.1832650182154,4.48074071667102,14
126936401,"1","Autonomo","San Siro, Trenno","San Siro",632,1,79,8,c(9.1205, 45.4731),6.02700613792274,6.04590462235751,81
126042493,"1","Centralizzato","Quadronno, Palestro, Guastalla","Guastalla",700,1,63.6363636363636,11,c(9.2, 45.463),5.89836977784176,1.13957241919813,45.4
126041901,"1","Centralizzato","Città Studi, Susa","Città Studi",640,1,64,10,c(9.217, 45.4763),10.1832650182154,4.48074071667102,14
126041881,"1","Centralizzato","Cimiano, Crescenzago, Adriano","Cimiano",670,1,37.2222222222222,18,c(9.2429, 45.5017),4.55460823928588,21.4222409099251,42.8
122756574,"1","Centralizzato","Maggiolina, Istria","Maggiolina",600,1,40,15,c(9.1964, 45.4983),3.80024033092058,1.30855280578009,48.8
126037389,"1","Autonomo","Affori, Bovisa","Affori",600,1,60,10,c(9.1721, 45.5089),8.35636392993684,13.8556851110644,25
124565545,"1","Autonomo","Bicocca, Niguarda","Greco - Segnano",700,1,58.3333333333333,12,c(9.2047, 45.5082),4.67049443400318,3.45499123397985,59.7
126042393,"1","Centralizzato","Uptown, Cascina Merlata, Viale Certosa","Certosa",700,1,58.3333333333333,12,c(9.152, 45.4968),26.130729676812,1.93552574610561,16.4
127197697,"1","Autonomo","Città Studi, Susa","Città Studi",696,1,69.6,10,c(9.222, 45.4746),11.5432200851139,1.28095099681341,10.2
126040417,"1","Centralizzato","Navigli","Navigli - Darsena",695,1,49.6428571428572,14,c(9.1729, 45.4445),6.48011102472095,7.58483775976299,90.3
119895708,"1","Autonomo","Bisceglie, Baggio, Olmi","Bisceglie",700,1,46.6666666666667,15,c(9.0988, 45.4475),22.0063425087124,24.378493945253,128.8
126040421,"1","Autonomo","Famagosta, Barona","Barona",650,1,40.625,16,c(9.1539, 45.4421),17.0748117540868,8.65902141020778,105.1
126042325,"1","Centralizzato","Affori, Bovisa","Bovisa",600,1,33.3333333333333,18,c(9.151, 45.4998),29.3485212813401,1.1224941878511,11.6
127019711,"1","Centralizzato","Cimiano, Crescenzago, Adriano","Crescenzago",650,2,40.625,16,c(9.24729, 45.506),2.05781269529706,13.9038136130918,51.6
126042893,"1","Autonomo","Centrale, Repubblica","Buenos Aires",609,1,38.0625,16,c(9.2116, 45.4842),3.28164628016776,3.02270177528791,20.9
123790987,"1","Centralizzato","Città Studi, Susa","Città Studi",690,1,76.6666666666667,9,c(9.22, 45.4802),6.51094988713562,7.23658329939183,8.9
127462652,"1","Autonomo","Città Studi, Susa","Casoretto",670,3,44.6666666666667,15,c(9.22375, 45.4868),9.31932396519614,12.3722346772531,14.3
126038907,"1","Centralizzato","Famagosta, Barona","Cantalupa - San Paolo",650,1,40.625,16,c(9.1553, 45.4312),12.5923553387039,27.1452102480032,122.2
123112161,"1","Autonomo","Città Studi, Susa","Plebisciti - Susa",690,1,43.125,16,c(9.2216, 45.4684),3.90619520357186,5.13753874740514,19.6
126041917,"1","Autonomo","Centrale, Repubblica","Buenos Aires",700,1,77.7777777777778,9,c(9.2053, 45.478),4.69028226544021,2.75731950262922,28.3
127229133,"1","Autonomo","Affori, Bovisa","Bovisa",610,1,61,10,c(9.1657, 45.5038),17.168804236174,2.3111537312373,11.2
126655917,"1","Autonomo","Affori, Bovisa","Affori",696,1,69.6,10,c(9.1646, 45.5183),7.29548741095665,27.4009976720414,39.3
126040475,"1","Centralizzato","Affori, Bovisa","Bovisa",610,1,33.8888888888889,18,c(9.1557, 45.4969),25.3602063644995,1.54004404747797,16.7
126041629,"1","Centralizzato","Città Studi, Susa","Argonne - Corsica",600,1,50,12,c(9.2271, 45.466),4.47469138780868,6.60424298933779,20.8
126242341,"1","Centralizzato","Porta Vittoria, Lodi","Bologna - Sulmona",700,1,50,14,c(9.2268, 45.4453),9.46649488862992,10.5280073459464,58.9
127352421,"1","Centralizzato","Quadronno, Palestro, Guastalla","Quadronno - Crocetta",590,1,42.1428571428572,14,c(9.2018, 45.4555),7.08586332969208,2.59127650118449,53.3
123468199,"1","Centralizzato","Affori, Bovisa","Dergano",700,1,53.8461538461538,13,c(9.187, 45.5012),6.54201946698181,1.46149318872211,40.6
126041877,"1","Assente","Centrale, Repubblica","Repubblica",630,1,42,15,c(9.2006, 45.48),3.38547858944102,3.48093282452545,33.8
125110733,"1","Centralizzato","Ponte Lambro, Santa Giulia","Santa Giulia",650,1,54.1666666666667,12,c(9.2457, 45.431),10.3406546694215,24.764616913251,89.1
126037315,"1","Centralizzato","Affori, Bovisa","Bovisa",700,1,70,10,c(9.1628, 45.5014),21.6607204484044,3.57233420678068,9.2
122574486,"1","Centralizzato","Affori, Bovisa","Bovisa",700,1,70,10,c(9.1628, 45.5014),21.6607204484044,3.57233420678068,9.2
123802849,"1","Centralizzato","Affori, Bovisa","Affori",650,1,26,25,c(9.1524, 45.5209),18.6214521060093,29.1847275434746,39.5
126042379,"1","Autonomo","Uptown, Cascina Merlata, Viale Certosa","Certosa",650,1,108.333333333333,20,c(9.144, 45.4989),23.9041126241674,3.1741302377505,18.5
127462616,"1","Assente","Affori, Bovisa","Quarto Oggiaro",600,2,8.69565217391304,20,c(9.13422, 45.5084),30.3800655117444,0.55506159190874,31.3
126037317,"1","Centralizzato","Affori, Bovisa","Bovisa",700,1,70,10,c(9.1628, 45.5014),21.6607204484044,3.57233420678068,9.2
127166657,"1","Centralizzato","Solari, Washington","Dezza",620,1,41.3333333333333,15,c(9.159, 45.4605),5.1735301467481,5.32876441135201,80.8
127166573,"1","Autonomo","Cimiano, Crescenzago, Adriano","Crescenzago",589,1,53.5454545454545,11,c(9.2404, 45.5038),7.39539687699506,18.6164930045069,45.3
127166653,"1","Centralizzato","Centrale, Repubblica","Buenos Aires",600,1,30,20,c(9.216, 45.4852),0.314969564833028,6.49849366409448,17.6
127229135,"1","Autonomo","Bicocca, Niguarda","Bignami - Ponale",610,1,50.8333333333333,12,c(9.2098, 45.5272),2.99125388184855,3.2170569033343,84
123956035,"1","Centralizzato","Città Studi, Susa","Città Studi",690,1,57.5,12,c(9.222, 45.4746),11.5432200851139,1.28095099681341,10.2
126035659,"1","Centralizzato","Abbiategrasso, Chiesa Rossa","Gratosoglio",690,1,57.5,12,c(9.1744, 45.4181),20.9546791373802,1.26085249915722,130.3
126040485,"1","Autonomo","Bande Nere, Inganni","Inganni",699,1,41.1176470588235,17,c(9.1249, 45.4477),7.44158234450525,8.29797728600198,109.4
123790989,"1","Centralizzato","Città Studi, Susa","Città Studi",690,1,69,10,c(9.22, 45.4802),6.51094988713562,7.23658329939183,8.9
125820449,"1","Centralizzato","Bicocca, Niguarda","Prato Centenaro",630,1,35,18,c(9.1991, 45.511),6.96245154797877,5.16621388749873,60.3
126041945,"1","Autonomo","Famagosta, Barona","Cantalupa - San Paolo",640,1,35.5555555555556,18,c(9.1683, 45.4268),7.06808892728253,10.9160857454784,115.9
126791999,"1","Centralizzato","Quadronno, Palestro, Guastalla","Quadronno - Crocetta",590,1,42.1428571428572,14,c(9.2023, 45.4558),7.47717374970046,2.4218452302328,52.1
124565915,"1","Autonomo","Bisceglie, Baggio, Olmi","Baggio",590,1,36.875,16,c(9.0818, 45.461),39.1862469181788,54.3450665679734,132.3
124685655,"1","Centralizzato","Maggiolina, Istria","Maggiolina",700,1,46.6666666666667,15,c(9.2075, 45.4958),13.1476765759286,7.65902912227173,38.5
126038983,"1","Centralizzato","Maggiolina, Istria","Maggiolina",680,1,68,10,c(9.1991, 45.5016),1.39949136784393,1.07288040312619,51.5
126116251,"1","Autonomo","Porta Vittoria, Lodi","Martini - Insubria",685,1,76.1111111111111,9,c(9.2199, 45.4558),19.1862758921123,3.36617175554827,40.6
126936399,"1","Autonomo","San Siro, Trenno","San Siro",589,1,58.9,10,c(9.1205, 45.4731),6.02700613792274,6.04590462235751,81
126042883,"1","Autonomo","Centrale, Repubblica","Buenos Aires",609,1,50.75,12,c(9.2116, 45.4842),3.28164628016776,3.02270177528791,20.9
126041991,"1","Centralizzato","Cimiano, Crescenzago, Adriano","Cimiano",640,1,35.5555555555556,18,c(9.2429, 45.5017),4.55460823928588,21.4222409099251,42.8
126242221,"1","Centralizzato","Famagosta, Barona","Giambellino",640,1,35.5555555555556,18,c(9.1495, 45.4496),7.30424341323599,2.27249520105603,98.8
126038063,"1","Centralizzato","Porta Vittoria, Lodi","Lodi - Brenta",690,1,69,10,c(9.2204, 45.4487),10.5326434855033,2.80385839598745,51.7
126040479,"1","Centralizzato","Affori, Bovisa","Bovisa",640,1,35.5555555555556,18,c(9.1557, 45.4969),25.3602063644995,1.54004404747797,16.7
126042501,"1","Centralizzato","Uptown, Cascina Merlata, Viale Certosa","Ghisolfa - Mac Mahon",634,1,52.8333333333333,12,c(9.1625, 45.4921),14.1753380672244,2.05263327005315,28.8
124912943,"1","Autonomo","Affori, Bovisa","Bovisa",589,1,65.4444444444444,9,c(9.1657, 45.5038),17.168804236174,2.3111537312373,11.2
126038519,"1","Centralizzato","Cenisio, Sarpi, Isola","Isola",650,1,43.3333333333333,15,c(9.1914, 45.4879),0.515674224665395,3.09133194360214,45.9
122440390,"1","Centralizzato","Città Studi, Susa","Città Studi",690,1,57.5,12,c(9.22, 45.4802),6.51094988713562,7.23658329939183,8.9
127229201,"1","Centralizzato","Abbiategrasso, Chiesa Rossa","Chiesa Rossa",700,1,38.8888888888889,18,c(9.1822, 45.431),6.19284720655525,2.25599271856674,109.8
126042901,"1","Autonomo","Centrale, Repubblica","Buenos Aires",609,1,38.0625,16,c(9.2116, 45.4842),3.28164628016776,3.02270177528791,20.9
124912947,"1","Autonomo","Affori, Bovisa","Bovisa",632,1,57.4545454545455,11,c(9.1657, 45.5038),17.168804236174,2.3111537312373,11.2
124565575,"1","Centralizzato","Centrale, Repubblica","Buenos Aires",690,1,86.25,8,c(9.2149, 45.4839),1.31920398797858,6.60636866059629,17.2
123790977,"1","Autonomo","Città Studi, Susa","Plebisciti - Susa",690,1,43.125,16,c(9.2216, 45.4684),3.90619520357186,5.13753874740514,19.6
125110735,"1","Centralizzato","Ponte Lambro, Santa Giulia","Santa Giulia",650,1,54.1666666666667,12,c(9.2457, 45.431),10.3406546694215,24.764616913251,89.1
126080041,"1","Centralizzato","Quadronno, Palestro, Guastalla","Quadronno - Crocetta",590,1,42.1428571428572,14,c(9.2023, 45.4558),7.47717374970046,2.4218452302328,52.1
126040385,"1","Centralizzato","Famagosta, Barona","Barona",675,1,33.75,20,c(9.1539, 45.4421),17.0748117540868,8.65902141020778,105.1
126042233,"1","Centralizzato","Bande Nere, Inganni","Primaticcio",690,1,36.3157894736842,19,c(9.1265, 45.453),9.49517129637199,15.0500705032291,99.7
127138801,"1","Centralizzato","Quadronno, Palestro, Guastalla","Quadronno - Crocetta",600,1,33.3333333333333,18,c(9.2018, 45.4555),7.08586332969208,2.59127650118449,53.3
127091423,"1","Autonomo","Città Studi, Susa","Città Studi",589,1,58.9,10,c(9.222, 45.4746),11.5432200851139,1.28095099681341,10.2
126600567,"1","Centralizzato","Bande Nere, Inganni","Lorenteggio",675,1,61.3636363636364,11,c(9.1379, 45.4535),6.17714623169588,10.3091927491775,94.3
126040467,"1","Centralizzato","Bicocca, Niguarda","Ca' Granda",685,1,42.8125,16,c(9.1947, 45.5075),7.83422479592693,0.371976047102814,51.5
126041969,"1","Centralizzato","Centrale, Repubblica","Repubblica",700,1,46.6666666666667,15,c(9.2006, 45.48),3.38547858944102,3.48093282452545,33.8
127381525,"1","Autonomo","San Siro, Trenno","Gallaratese",696,1,49.7142857142857,14,c(9.1192, 45.4916),4.15683345147347,19.0562532674397,58.8
126818877,"1","Autonomo","Bicocca, Niguarda","Niguarda",642,1,45.8571428571428,14,c(9.1895, 45.5164),19.540417055856,4.07132662319008,53.6
122478178,"1","Centralizzato","Porta Vittoria, Lodi","Lodi - Brenta",690,1,86.25,8,c(9.215, 45.4429),4.30027529800971,14.3465004278863,65.7
126042525,"1","Centralizzato","Affori, Bovisa","Affori",600,1,30,20,c(9.1524, 45.5209),18.6214521060093,29.1847275434746,39.5
127042521,"1","Autonomo","Cimiano, Crescenzago, Adriano","Crescenzago",589,1,65.4444444444444,9,c(9.2404, 45.5053),9.00552939180234,16.1895278620894,47.8
126042503,"1","Centralizzato","Uptown, Cascina Merlata, Viale Certosa","Ghisolfa - Mac Mahon",634,1,52.8333333333333,12,c(9.1625, 45.4921),14.1753380672244,2.05263327005315,28.8
126440117,"1","Autonomo","Bicocca, Niguarda","Greco - Segnano",632,1,57.4545454545455,11,c(9.2074, 45.5075),7.66876342432143,6.82170048470467,56.4
125390843,"1","Autonomo","Ripamonti, Vigentino","Vigentino - Fatima",642,1,64.2,10,c(9.2048, 45.4345),22.0367243554933,4.6819838768871,83.3
127352411,"1","Centralizzato","Solari, Washington","Dezza",590,1,31.0526315789474,19,c(9.1594, 45.4591),2.79626108991748,5.96957313575963,83.2
123802847,"1","Autonomo","Città Studi, Susa","Città Studi",600,1,54.5454545454545,11,c(9.2349, 45.4858),2.49606372709499,2.47989607992816,16.3
126511727,"1","Autonomo","Affori, Bovisa","Affori",589,1,65.4444444444444,9,c(9.1656, 45.519),5.59311341477424,28.6037648806172,37
126511737,"1","Autonomo","San Siro, Trenno","San Siro",589,1,53.5454545454545,11,c(9.1394, 45.4766),1.88573090320943,2.02659278345172,54.3
126041883,"1","Centralizzato","Centrale, Repubblica","Repubblica",620,1,41.3333333333333,15,c(9.2006, 45.48),3.38547858944102,3.48093282452545,33.8
126511733,"1","Autonomo","Città Studi, Susa","Città Studi",675,1,61.3636363636364,11,c(9.2323, 45.486),4.8455893809247,5.12401000690809,15.6
127130845,"1","Centralizzato","Genova, Ticinese","Corso Genova",650,1,46.4285714285714,14,c(9.1701, 45.4582),0.775473565563827,1.8558269303897,76.7
126818879,"1","Autonomo","San Siro, Trenno","Gallaratese",632,1,45.1428571428572,14,c(9.1192, 45.4916),4.15683345147347,19.0562532674397,58.8
127229197,"1","Centralizzato","Abbiategrasso, Chiesa Rossa","Pezzotti - Meda",620,1,34.4444444444444,18,c(9.1765, 45.4433),10.7614581090508,3.05624345499254,88.5
126036953,"1","Centralizzato","Maggiolina, Istria","Maggiolina",700,1,50,14,c(9.2075, 45.4958),13.1476765759286,7.65902912227173,38.5
122556140,"1","Autonomo","Bisceglie, Baggio, Olmi","Bisceglie",600,1,40,15,c(9.0988, 45.4475),22.0063425087124,24.378493945253,128.8
125799349,"1","Autonomo","Bicocca, Niguarda","Bicocca",696,1,49.7142857142857,14,c(9.2161, 45.5164),12.3347378865415,2.97801944881504,70.9
126746327,"1","Centralizzato","Bisceglie, Baggio, Olmi","Quarto Cagnino",645,1,58.6363636363636,11,c(9.1114, 45.4725),10.6652774091959,15.3826110011638,88
126242215,"1","Centralizzato","Bande Nere, Inganni","Inganni",700,1,35,20,c(9.121, 45.4574),1.52502214819461,24.6877599214565,95.2
126042889,"1","Autonomo","Centrale, Repubblica","Buenos Aires",609,1,38.0625,16,c(9.2116, 45.4842),3.28164628016776,3.02270177528791,20.9
126042079,"1","Centralizzato","Affori, Bovisa","Affori",650,1,26,25,c(9.1524, 45.5209),18.6214521060093,29.1847275434746,39.5
122575210,"1","Centralizzato","Corvetto, Rogoredo","Corvetto",675,1,27,25,c(9.2263, 45.4365),5.09705094489023,25.0597587582602,69.7
126040429,"1","Centralizzato","Navigli","Navigli - Darsena",690,1,43.125,16,c(9.1729, 45.4445),6.48011102472095,7.58483775976299,90.3
123022157,"1","Centralizzato","Navigli","Bocconi",670,1,55.8333333333333,12,c(9.1881, 45.4486),13.5052282949094,3.05081749596471,72.5
127197731,"1","Centralizzato","Navigli","Navigli - Darsena",600,1,33.3333333333333,18,c(9.1729, 45.4445),6.48011102472095,7.58483775976299,90.3
126242287,"1","Centralizzato","Centrale, Repubblica","Repubblica",610,1,38.125,16,c(9.1997, 45.4795),2.1473402158957,3.51855025201934,35.1
126037881,"1","Centralizzato","Città Studi, Susa","Città Studi",680,1,48.5714285714286,14,c(9.2367, 45.4821),4.28281586504784,1.12449733017333,12.8
126936599,"1","Centralizzato","Quadronno, Palestro, Guastalla","Quadronno - Crocetta",590,1,34.7058823529412,17,c(9.1987, 45.4542),5.23858559074233,3.25073496308955,58.2
123790983,"1","Autonomo","Centrale, Repubblica","Buenos Aires",690,1,43.125,16,c(9.2114, 45.4811),1.39554786725806,6.01732897839693,19.6
127414685,"2","Autonomo","Centrale, Repubblica","Buenos Aires",675,5,6.02678571428571,17.92,c(9.21537, 45.4836),1.23700226540629,7.35443851240856,17.1
126791879,"1","Autonomo","Bicocca, Niguarda","Niguarda",589,1,58.9,10,c(9.1927, 45.5221),20.0244208591145,0.797111254174325,62.5
126036945,"1","Centralizzato","Affori, Bovisa","Dergano",700,1,53.8461538461538,13,c(9.187, 45.5012),6.54201946698181,1.46149318872211,40.6
124565577,"1","Centralizzato","Centrale, Repubblica","Buenos Aires",690,1,86.25,8,c(9.2149, 45.4839),1.31920398797858,6.60636866059629,17.2
126041887,"1","Assente","Maggiolina, Istria","Maggiolina",700,1,35,20,c(9.2051, 45.4961),12.0411172097056,6.6345649882924,40.4
126040477,"1","Centralizzato","Affori, Bovisa","Bovisa",615,1,34.1666666666667,18,c(9.1557, 45.4969),25.3602063644995,1.54004404747797,16.7
123865663,"1","Centralizzato","Centrale, Repubblica","Buenos Aires",690,1,69,10,c(9.2114, 45.4811),1.39554786725806,6.01732897839693,19.6
126038097,"1","Centralizzato","Porta Vittoria, Lodi","Martini - Insubria",690,1,69,10,c(9.2208, 45.4509),14.1845364768749,1.23075847461547,48.4
126040407,"1","Autonomo","Famagosta, Barona","Famagosta",680,1,48.5714285714286,14,c(9.1737, 45.4421),7.84813372548092,6.30114588466629,93.2
127504762,"1","Assente","Città Studi, Susa","Città Studi",700,3,10,18.6666666666667,c(9.22335, 45.4694),2.98489603193047,2.88214880346407,17
126041885,"1","Centralizzato","Centrale, Repubblica","Repubblica",600,1,40,15,c(9.2006, 45.48),3.38547858944102,3.48093282452545,33.8
123790981,"1","Autonomo","Bande Nere, Inganni","Gambara",690,1,49.2857142857143,14,c(9.1396, 45.4621),3.95095987615842,14.9353432855702,78.4
126041949,"1","Autonomo","Città Studi, Susa","Città Studi",670,1,74.4444444444444,9,c(9.2202, 45.482),6.48025423080768,8.43218384673131,10.1
126042897,"1","Autonomo","Centrale, Repubblica","Buenos Aires",609,1,38.0625,16,c(9.2116, 45.4842),3.28164628016776,3.02270177528791,20.9
126037821,"1","Autonomo","Uptown, Cascina Merlata, Viale Certosa","Certosa",640,1,53.3333333333333,12,c(9.1496, 45.4952),22.1034679182587,3.97143512342124,19.8
125799351,"1","Autonomo","Udine, Lambrate","Rubattino",642,1,53.5,12,c(9.2483, 45.4777),19.399192344195,12.4696872237036,29
127459992,"1","Autonomo","Bicocca, Niguarda","Bicocca",642,1,71.3333333333333,9,c(9.2142, 45.5156),10.8754718010383,0.822232631796544,68.9
126041627,"1","Centralizzato","Città Studi, Susa","Argonne - Corsica",600,1,46.1538461538462,13,c(9.2271, 45.466),4.47469138780868,6.60424298933779,20.8
126127763,NA,"Assente","Affori, Bovisa","Bovisa",600,NA,6,NA,c(9.1687, 45.4996),16.7795342026099,1.00834878926999,17.5
125990339,"2","Centralizzato","Maggiolina, Istria","Cascina dei Pomi",700,5,5.38461538461539,20.8,c(9.20843, 45.4919),9.91728666833223,3.31482846803244,32.2
127187253,"1","Centralizzato","Bicocca, Niguarda","Bignami - Ponale",600,4,5.8252427184466,20.6,c(9.2088, 45.5228),1.61058956874227,1.36037909193627,79.2
126750475,"1","Assente","Famagosta, Barona","Famagosta",700,1,35,20,c(9.15768, 45.4362),12.8105938285942,19.7116918096172,113.7
127057773,"2","Centralizzato","Bicocca, Niguarda","Bicocca",600,3,30,20,c(9.21268, 45.5141),8.98646348398922,1.7805157736187,65.9
124895575,"1","Centralizzato","Maggiolina, Istria","Cascina dei Pomi",600,2,40,15,c(9.20703, 45.4925),8.84590300549002,2.55713996439664,33.4
127303681,"1","Assente","Affori, Bovisa","Affori",600,4,6.81818181818182,17.6,c(9.15435, 45.52),17.2142712668307,29.6309979076222,33.3
126038515,"1","Centralizzato","Cenisio, Sarpi, Isola","Isola",700,1,46.6666666666667,15,c(9.191, 45.4881),0.918505968248896,2.68964256727653,46.4
126040483,"1","Autonomo","Bande Nere, Inganni","Inganni",645,1,37.9411764705882,17,c(9.1249, 45.4477),7.44158234450525,8.29797728600198,109.4
125820329,"1","Centralizzato","Navigli","Navigli - Darsena",650,1,36.1111111111111,18,c(9.1614, 45.4468),9.34475816546395,3.41727842753275,95.1
125820663,"1","Centralizzato","Navigli","Bocconi",670,1,55.8333333333333,12,c(9.1881, 45.4486),13.5052282949094,3.05081749596471,72.5
127541464,"1","Assente","Bande Nere, Inganni","Primaticcio",600,3,8.57142857142857,18.6666666666667,c(9.13194, 45.454),8.78925839932828,14.0963524279408,94.8
126035697,"1","Centralizzato","Navigli","Navigli - Darsena",650,1,36.1111111111111,18,c(9.1614, 45.4468),9.34475816546395,3.41727842753275,95.1
123802097,"1","Centralizzato","Bicocca, Niguarda","Greco - Segnano",650,1,65,10,c(9.2047, 45.5082),4.67049443400318,3.45499123397985,59.7
127303461,"2","Assente","Bicocca, Niguarda","Bignami - Ponale",700,5,5.83333333333333,19.2,c(9.20583, 45.522),4.4353035879267,4.19267933881653,75.8
126037823,"1","Autonomo","Uptown, Cascina Merlata, Viale Certosa","Certosa",640,1,53.3333333333333,12,c(9.1496, 45.4952),22.1034679182587,3.97143512342124,19.8
125037283,"1","Autonomo","Centrale, Repubblica","Morgagni",650,1,50,13,c(9.2149, 45.4737),10.7823661579266,1.09259868444951,17.6
126037393,"1","Centralizzato","Bicocca, Niguarda","Prato Centenaro",630,1,35,18,c(9.1991, 45.511),6.96245154797877,5.16621388749873,60.3
126041987,"1","Centralizzato","Famagosta, Barona","Cantalupa - San Paolo",650,1,36.1111111111111,18,c(9.1683, 45.4268),7.06808892728253,10.9160857454784,115.9
122575008,"1","Autonomo","Famagosta, Barona","Barona",645,1,49.6153846153846,13,c(9.1539, 45.4421),17.0748117540868,8.65902141020778,105.1
124198097,"1","Centralizzato","Affori, Bovisa","Comasina",620,1,20.6666666666667,20,c(9.1692, 45.5248),5.6310917436378,28.0468562156587,48.8
122556086,"1","Centralizzato","Udine, Lambrate","Udine",630,1,35,18,c(9.2374, 45.4872),5.24690765311668,4.29292957181728,20.8
123790985,"1","Centralizzato","Città Studi, Susa","Città Studi",690,1,69,10,c(9.22, 45.4802),6.51094988713562,7.23658329939183,8.9
126041907,"1","Autonomo","Affori, Bovisa","Bovisa",600,1,66.6666666666667,9,c(9.1653, 45.5038),17.6488923060586,2.25681078524484,10.9
126695979,"1","Centralizzato","Città Studi, Susa","Città Studi",650,1,50,13,c(9.2266, 45.4826),3.44106605078531,5.7063770386918,5.9
125820451,"1","Centralizzato","Bicocca, Niguarda","Prato Centenaro",630,1,35,18,c(9.1991, 45.511),6.96245154797877,5.16621388749873,60.3
127541434,"1","Assente","Bicocca, Niguarda","Niguarda",650,3,12.037037037037,14.4,c(9.20003, 45.5177),8.28395353145431,7.72408293608188,64
126035635,"1","Autonomo","Bisceglie, Baggio, Olmi","Baggio",650,1,43.3333333333333,15,c(9.0818, 45.461),39.1862469181788,54.3450665679734,132.3
127384311,"1","Autonomo","Famagosta, Barona","Famagosta",690,3,11.8965517241379,15.4666666666667,c(9.16054, 45.437),9.26702174336672,19.3192332943914,111.8
127166651,"1","Centralizzato","Famagosta, Barona","Famagosta",670,1,44.6666666666667,15,c(9.175, 45.4404),10.3554524855245,4.43198148530575,93.4
126247401,"2","Centralizzato","Udine, Lambrate","Quartiere Feltre",620,1,34.4444444444444,18,c(9.2454, 45.491),10.411730511628,15.1399017723105,33.2
125820331,"1","Centralizzato","Navigli","Navigli - Darsena",650,1,36.1111111111111,18,c(9.1614, 45.4468),9.34475816546395,3.41727842753275,95.1
127326267,"2","Autonomo","Città Studi, Susa","Città Studi",680,5,5.86206896551724,18.56,c(9.21741, 45.4813),5.3832890486136,10.8387587328353,13
126042011,"1","Assente","Maggiolina, Istria","Maggiolina",690,1,34.5,20,c(9.2051, 45.4961),12.0411172097056,6.6345649882924,40.4
125820381,"1","Centralizzato","Maggiolina, Istria","Maggiolina",670,1,30.4545454545454,22,c(9.1973, 45.4998),3.24808858741582,1.11712109612721,50.4
127105249,"3","Centralizzato","Arco della Pace, Arena, Pagano","Arena",600,1,40,15,c(9.18053, 45.4783),5.13167313153869,0.388475138515144,58.2
118507823,"1","Assente","Famagosta, Barona","Cantalupa - San Paolo",700,3,35,20,c(9.1699, 45.4319),5.91260088137021,9.70626614647001,110.2
126547877,"1","Centralizzato","San Siro, Trenno","Gallaratese",600,5,6,16,c(9.11101, 45.4929),7.24097963391227,21.4937450493865,62.1
124634433,"1","Centralizzato","Abbiategrasso, Chiesa Rossa","Chiesa Rossa",600,2,40,15,c(9.18275, 45.4325),7.90158787798834,0.549666347075054,100.1
124684689,"1","Assente","Famagosta, Barona","Cantalupa - San Paolo",650,2,26,25,c(9.1733, 45.435),7.10393148681858,5.70474128900395,102.1
126999205,"2","Assente","Solari, Washington","Dezza",600,2,20,20,c(9.15608, 45.4575),5.19263700819015,7.01751386031492,85.1
127291813,"1","Assente","Precotto, Turro","Turro",600,NA,37.5,16,c(9.2213, 45.5023),3.23132628762622,14.2839314043392,38.9
124767245,"2","Assente","Uptown, Cascina Merlata, Viale Certosa","Uptown - Mind - Cascina Merlata",650,2,26,25,c(9.0986, 45.5124),14.1118769882707,27.0304158115523,77.7
124565477,"1","Centralizzato","Maggiolina, Istria","Maggiolina",650,1,29.5454545454546,22,c(9.1973, 45.4998),3.24808858741582,1.11712109612721,50.4
127646648,"1","Assente","Famagosta, Barona","Cantalupa - San Paolo",700,4,6.54205607476636,21.4,c(9.16089, 45.4308),5.73644201894832,20.4612451431737,119.7
126131439,"2","Centralizzato","Città Studi, Susa","Argonne - Corsica",590,2,31.0526315789474,19,c(9.23153, 45.4675),1.13947480393184,6.09204807460871,21.1
123802151,"1","Centralizzato","Città Studi, Susa","Casoretto",680,1,34,20,c(9.2223, 45.4879),6.74437118167801,9.80242993490842,17.9
126040435,"1","Autonomo","Famagosta, Barona","Barona",595,1,45.7692307692308,13,c(9.1539, 45.4421),17.0748117540868,8.65902141020778,105.1
123123367,"1","Centralizzato","Città Studi, Susa","Casoretto",680,1,34,20,c(9.2223, 45.4879),6.74437118167801,9.80242993490842,17.9
126131591,"2","Centralizzato","Città Studi, Susa","Argonne - Corsica",650,1,26,25,c(9.23153, 45.4675),1.13947480393184,6.09204807460871,21.1
127274885,"1","Autonomo","Fiera, Sempione, City Life, Portello","Monte Rosa - Lotto",690,4,10,13.8,c(9.15026, 45.4765),4.94087880864761,11.5715548914966,54.2
123928785,"1","Centralizzato","Forlanini","Viale Ungheria - Mecenate",650,1,32.5,20,c(9.2464, 45.4499),22.2266025713297,5.38749950013845,57.2
127317465,"1","Assente","Navigli","Ascanio Sforza",700,3,10.2941176470588,18.1333333333333,c(9.17952, 45.4483),13.9741999341565,0.597088116725871,79.7
126834461,"1","Centralizzato","Città Studi, Susa","Casoretto",650,1,23.2142857142857,20,c(9.23366, 45.4874),5.63938910336109,5.63472722088937,17.9
126041997,"1","Autonomo","Affori, Bovisa","Bovisa",640,1,71.1111111111111,9,c(9.1653, 45.5038),17.6488923060586,2.25681078524484,10.9
126042479,"1","Centralizzato","Quadronno, Palestro, Guastalla","Quadronno - Crocetta",700,1,38.8888888888889,18,c(9.1949, 45.4564),0.852464471623238,1.01803761842571,58
126040439,"1","Autonomo","Famagosta, Barona","Barona",600,1,46.1538461538462,13,c(9.1539, 45.4421),17.0748117540868,8.65902141020778,105.1
121747192,"2","Assente","Bicocca, Niguarda","Ca' Granda",650,2,36.1111111111111,18,c(9.1925, 45.5081),10.607260200972,0.669373275389671,49.2
126665257,"1","Assente","Porta Vittoria, Lodi","Bologna - Sulmona",600,3,7.14285714285714,22.4,c(9.2245, 45.4453),8.51353625473551,10.1300814758663,54.2
124527795,"2","Assente","Cimiano, Crescenzago, Adriano","Ponte Nuovo",610,4,33.8888888888889,18,c(9.2392, 45.5079),11.6900005998741,12.9629851171832,53.6
127223305,"2","Assente","Maggiolina, Istria","Cascina dei Pomi",600,4,40,15,c(9.2075, 45.4948),11.8321371921848,6.38574090975071,36.7
127535366,"2","Assente","Solari, Washington","Solari",600,4,30,20,c(9.1583, 45.4568),3.32640312129778,4.79558607221188,87.2
116288007,"2","Assente","Porta Venezia, Indipendenza","Porta Venezia",700,4,6.36363636363636,22,c(9.2091, 45.4755),3.92638431839072,2.19575403136954,23.8
126032523,"1","Assente","Città Studi, Susa","Argonne - Corsica",700,3,7.77777777777778,24,c(9.2324, 45.4664),3.00394993902663,7.24292627019833,23.8
123017435,"1","Centralizzato","Centrale, Repubblica","Centrale",650,4,6.07476635514019,21.4,c(9.2117, 45.4864),3.37216634388809,2.43381956041823,21.3
127254985,"1","Assente","Navigli","Navigli - Darsena",675,3,9.12162162162162,19.7333333333333,c(9.1732, 45.4441),6.73871311552968,7.14420503206284,91.1
104027519,"2","Assente","Città Studi, Susa","Città Studi",630,5,5.25,19.2,c(9.2367, 45.4704),7.06819971295441,0.978811525281044,21.6
125017519,"1","Centralizzato","Abbiategrasso, Chiesa Rossa","Cermenate - Abbiategrasso",680,3,42.5,16,c(9.1753, 45.432),4.23534135130184,3.32297079520102,106.9
123014815,"3+","Assente","Navigli","Corso San Gottardo",700,5,7.77777777777778,14.4,c(9.1863, 45.4461),18.0213352997633,2.13929620866014,77.9
126068303,"2","Assente","Città Studi, Susa","Città Studi",600,3,7.05882352941176,22.6666666666667,c(9.2313, 45.4831),5.74645372567423,5.9342660491484,9.8
122815356,"3","Assente","Affori, Bovisa","Bovisa",620,5,5.16666666666667,19.2,c(9.1693, 45.5004),15.3645482172479,2.14908643187262,17.9
102573680,"1","Assente","San Siro, Trenno","San Siro",600,4,40,15,c(9.1405, 45.4745),4.34476942459518,0.968965586643519,57.1
114259183,"2","Assente","Città Studi, Susa","Plebisciti - Susa",700,4,5.38461538461539,26,c(9.2183, 45.4661),3.30054089496768,6.74217732732574,25.7
126386269,"2","Centralizzato","Famagosta, Barona","Famagosta",625,5,44.6428571428572,14,c(9.16298, 45.4376),6.40740478294277,18.6679767829095,108.7
125844915,"1","Centralizzato","Pasteur, Rovereto","Pasteur",700,3,33.3333333333333,21,c(9.21366, 45.4897),5.30255301212985,0.787864444795713,25.4
125883367,"1","Assente","Cenisio, Sarpi, Isola","Isola",650,4,50,13,c(9.1877, 45.4875),4.3854947364068,3.03577043360347,47.8
127475610,"2","Assente","Porta Romana, Cadore, Montenero","Porta Romana - Medaglie d'Oro",650,4,36.1111111111111,18,c(9.1976, 45.4482),8.95295754011388,0.0634436430887604,64.9
127317357,"2","Assente","Bicocca, Niguarda","Bignami - Ponale",670,5,5.58333333333333,19.2,c(9.20583, 45.522),4.4353035879267,4.19267933881653,75.8
124684949,"1","Assente","Famagosta, Barona","Cantalupa - San Paolo",650,2,26,25,c(9.1733, 45.435),7.10393148681858,5.70474128900395,102.1
127326423,"1","Autonomo","Uptown, Cascina Merlata, Viale Certosa","Certosa",640,2,42.6666666666667,15,c(9.14104, 45.4989),22.8717835550798,1.60990419248115,19.7
127504406,"1","Autonomo","Uptown, Cascina Merlata, Viale Certosa","Certosa",620,3,41.3333333333333,15,c(9.1478, 45.4936),18.5869755451713,3.14810913932684,24
127541432,"1","Assente","Uptown, Cascina Merlata, Viale Certosa","Ghisolfa - Mac Mahon",650,3,10,17.3333333333333,c(9.15756, 45.4919),17.0053342967369,3.54669150791208,26.4
127569766,"2","Autonomo","Affori, Bovisa","Dergano",610,3,40.6666666666667,15,c(9.17857, 45.5079),4.26100292792791,13.3576958239157,29.9
126065777,"1","Assente","Affori, Bovisa","Bovisa",600,3,30,20,c(9.1685, 45.4999),16.6621107222272,1.56863947197513,17.2
127274857,"1","Autonomo","Maggiolina, Istria","Cascina dei Pomi",620,2,41.3333333333333,15,c(9.20834, 45.4953),13.1658584646338,7.58338959540425,37.1
127313471,"2","Autonomo","Famagosta, Barona","Cantalupa - San Paolo",650,4,43.3333333333333,15,c(9.16951, 45.4315),5.19541559274101,10.3109973026147,110.9
126040029,"1","Autonomo","Pasteur, Rovereto","Pasteur",600,1,40,15,c(9.2119, 45.4884),6.16168166677144,1.03600593302832,24.1
126041423,"1","Centralizzato","Bande Nere, Inganni","Lorenteggio",685,1,62.2727272727273,11,c(9.1394, 45.4528),4.00298204157656,8.27779613873216,94.5
126379167,"1","Centralizzato","Cimiano, Crescenzago, Adriano","Quartiere Adriano",700,1,63.6363636363636,11,c(9.2389, 45.5133),17.1761038658893,5.3760592755119,69.6
119817048,"1","Centralizzato","Abbiategrasso, Chiesa Rossa","Gratosoglio",690,1,46,15,c(9.1742, 45.4163),22.7022907314777,3.11283577394874,128.6
125820661,"1","Centralizzato","Navigli","Bocconi",670,1,55.8333333333333,12,c(9.1879, 45.4487),13.3417256128213,2.79196010298001,72.5
125391303,"1","Centralizzato","San Siro, Trenno","San Siro",620,1,47.6923076923077,13,c(9.1454, 45.4695),7.32810099978443,0.996758422945852,64.5
127381557,"1","Centralizzato","Bande Nere, Inganni","Bande Nere",685,1,52.6923076923077,13,c(9.1321, 45.4601),3.65913020857303,23.3352004974124,84.5
126035673,"1","Centralizzato","Abbiategrasso, Chiesa Rossa","Gratosoglio",690,1,62.7272727272727,11,c(9.1742, 45.4163),22.7022907314777,3.11283577394874,128.6
127118713,"1","Centralizzato","Bande Nere, Inganni","Lorenteggio",685,1,40.2941176470588,17,c(9.1394, 45.4528),4.00298204157656,8.27779613873216,94.5
126035663,"1","Centralizzato","Abbiategrasso, Chiesa Rossa","Gratosoglio",690,1,40.5882352941176,17,c(9.1742, 45.4163),22.7022907314777,3.11283577394874,128.6
127412041,"1","Centralizzato","Cenisio, Sarpi, Isola","Paolo Sarpi",645,1,46.0714285714286,14,c(9.1805, 45.4803),7.29946157358728,1.0902764701055,55.4
126041395,"1","Centralizzato","Bande Nere, Inganni","Lorenteggio",685,1,62.2727272727273,11,c(9.1394, 45.4528),4.00298204157656,8.27779613873216,94.5
126552349,"1","Centralizzato","Bande Nere, Inganni","Bande Nere",655,1,59.5454545454545,11,c(9.1396, 45.4566),8.87668886867372,14.0379446587678,87.1
126726145,"1","Centralizzato","Bande Nere, Inganni","Bande Nere",615,1,43.9285714285714,14,c(9.1396, 45.4566),8.87668886867372,14.0379446587678,87.1
126037951,"1","Centralizzato","Cenisio, Sarpi, Isola","Isola",640,1,53.3333333333333,12,c(9.196, 45.4893),5.97805247480895,5.57605155147922,41
127412043,"1","Centralizzato","Famagosta, Barona","Giambellino",655,1,38.5294117647059,17,c(9.1408, 45.4501),3.64704412979619,3.78018859266181,99.5
126041315,"1","Centralizzato","Bande Nere, Inganni","Lorenteggio",685,1,62.2727272727273,11,c(9.1394, 45.4528),4.00298204157656,8.27779613873216,94.5
127130829,"1","Centralizzato","Bande Nere, Inganni","Lorenteggio",690,1,76.6666666666667,9,c(9.1394, 45.4528),4.00298204157656,8.27779613873216,94.5
125953377,"1","Centralizzato","San Siro, Trenno","San Siro",680,1,56.6666666666667,12,c(9.1255, 45.4719),8.39208898408249,7.4148453637048,74.9
126167009,"1","Autonomo","San Siro, Trenno","Gallaratese",696,1,58,12,c(9.1222, 45.4973),6.38284064647501,8.69259749718771,49.5
125532079,"1","Centralizzato","Bande Nere, Inganni","Lorenteggio",600,1,66.6666666666667,9,c(9.1379, 45.4535),6.17714623169588,10.3091927491775,94.3
126041257,"1","Centralizzato","Bande Nere, Inganni","Lorenteggio",590,1,53.6363636363636,11,c(9.1394, 45.4528),4.00298204157656,8.27779613873216,94.5
126041239,"1","Centralizzato","Bande Nere, Inganni","Gambara",695,1,40.8823529411765,17,c(9.1396, 45.4656),4.33093965922034,10.7696613135631,72.1
127010015,"1","Autonomo","Affori, Bovisa","Affori",600,1,54.5454545454545,11,c(9.1733, 45.518),7.77357946845828,22.7594478216327,39.5
126041407,"1","Centralizzato","Bande Nere, Inganni","Lorenteggio",685,1,28.5416666666667,24,c(9.1379, 45.4535),6.17714623169588,10.3091927491775,94.3
126041211,"1","Centralizzato","Porta Vittoria, Lodi","Lodi - Brenta",625,1,36.7647058823529,17,c(9.2136, 45.4428),6.00259724327017,15.3305104387331,66.3
125820619,"1","Assente","Bande Nere, Inganni","Lorenteggio",685,1,76.1111111111111,9,c(9.1401, 45.4539),4.4988387024635,9.47560422538872,91.9
126037865,"1","Centralizzato","Città Studi, Susa","Città Studi",690,1,43.125,16,c(9.2367, 45.4821),4.28281586504784,1.12449733017333,12.8
126791917,"1","Assente","Uptown, Cascina Merlata, Viale Certosa","Certosa",595,1,37.1875,16,c(9.1411, 45.4988),22.7183566884548,1.42213571599759,19.5
126041223,"1","Centralizzato","Bande Nere, Inganni","Bande Nere",655,1,50.3846153846154,13,c(9.1321, 45.4601),3.65913020857303,23.3352004974124,84.5
126041225,"1","Centralizzato","Porta Vittoria, Lodi","Molise - Cuoco",665,1,39.1176470588235,17,c(9.224, 45.4562),20.5705266696245,1.8340148400107,37.3
126041255,"1","Centralizzato","Centrale, Repubblica","Centrale",685,1,85.625,8,c(9.205, 45.4913),5.66911813991909,0.900967109577208,32.4
125391745,"1","Centralizzato","Solari, Washington","Frua",615,1,38.4375,16,c(9.1498, 45.4649),2.70624379649801,3.74729833662051,74.6
125391829,"1","Centralizzato","Navigli","Ascanio Sforza",630,1,45,14,c(9.1801, 45.4521),9.41900758751203,0.514473207648548,74.1
125320129,"1","Centralizzato","Bande Nere, Inganni","Lorenteggio",630,1,45,14,c(9.1403, 45.4551),6.15251121476087,11.3025039082996,89.4
127412027,"1","Centralizzato","Fiera, Sempione, City Life, Portello","Monte Rosa - Lotto",685,1,42.8125,16,c(9.1454, 45.4815),3.70506089844062,13.235660273342,45.8
125392129,"1","Centralizzato","Porta Romana, Cadore, Montenero","Porta Romana - Medaglie d'Oro",680,1,48.5714285714286,14,c(9.2031, 45.4548),5.66325607914425,1.41246105201846,51.8
127130821,"1","Centralizzato","Bande Nere, Inganni","Lorenteggio",700,1,63.6363636363636,11,c(9.1394, 45.4528),4.00298204157656,8.27779613873216,94.5
125391111,"1","Centralizzato","Bande Nere, Inganni","Bande Nere",675,1,56.25,12,c(9.1319, 45.4592),3.25084165249197,21.9992308363591,86.3
126041343,"1","Centralizzato","Bande Nere, Inganni","Lorenteggio",635,1,57.7272727272727,11,c(9.1379, 45.4535),6.17714623169588,10.3091927491775,94.3
126600555,"1","Centralizzato","Cenisio, Sarpi, Isola","Isola",615,1,51.25,12,c(9.1995, 45.4904),1.91486577239711,5.92574480860232,36.7
123022147,"1","Centralizzato","Navigli","Bocconi",670,1,55.8333333333333,12,c(9.1881, 45.4486),13.5052282949094,3.05081749596471,72.5
125391881,"1","Centralizzato","Pasteur, Rovereto","Pasteur",595,1,33.0555555555556,18,c(9.2137, 45.4874),4.53522280836982,1.78404363321079,21.5
125391495,"1","Centralizzato","Navigli","Corso San Gottardo",625,1,69.4444444444444,9,c(9.1824, 45.4443),17.9599639407915,1.08780498111427,82.7
126552363,"1","Centralizzato","Bande Nere, Inganni","Bande Nere",670,1,74.4444444444444,9,c(9.1396, 45.4566),8.87668886867372,14.0379446587678,87.1
125391771,"1","Centralizzato","Bande Nere, Inganni","Lorenteggio",690,1,76.6666666666667,9,c(9.1394, 45.4528),4.00298204157656,8.27779613873216,94.5
127197705,"1","Centralizzato","Bande Nere, Inganni","Gambara",670,1,74.4444444444444,9,c(9.1396, 45.4656),4.33093965922034,10.7696613135631,72.1
125598983,"1","Centralizzato","Bande Nere, Inganni","Lorenteggio",700,1,50,14,c(9.1379, 45.4535),6.17714623169588,10.3091927491775,94.3
127130837,"1","Centralizzato","Bande Nere, Inganni","Lorenteggio",685,1,62.2727272727273,11,c(9.1394, 45.4528),4.00298204157656,8.27779613873216,94.5
125391911,"1","Centralizzato","Bande Nere, Inganni","Lorenteggio",700,1,63.6363636363636,11,c(9.1394, 45.4528),4.00298204157656,8.27779613873216,94.5
123802597,"1","Autonomo","Pasteur, Rovereto","Pasteur",600,1,40,15,c(9.2119, 45.4884),6.16168166677144,1.03600593302832,24.1
125846945,"1","Centralizzato","Bande Nere, Inganni","Gambara",590,1,53.6363636363636,11,c(9.1447, 45.462),5.45254846477641,10.6949151213948,77.8
125846901,"1","Centralizzato","Centro","Missori",620,1,41.3333333333333,15,c(9.1912, 45.458),3.92031164437287,1.52104997017748,57.1
125846823,"1","Centralizzato","Solari, Washington","Frua",660,1,66,10,c(9.1498, 45.4649),2.70624379649801,3.74729833662051,74.6
123802153,"1","Centralizzato","Città Studi, Susa","Casoretto",680,1,34,20,c(9.2223, 45.4879),6.74437118167801,9.80242993490842,17.9
124565647,"1","Autonomo","Pasteur, Rovereto","Pasteur",600,1,46.1538461538462,13,c(9.2127, 45.4899),6.4097059566726,1.96619879499484,26.9
126242209,"1","Centralizzato","Corvetto, Rogoredo","Corvetto",700,1,46.6666666666667,15,c(9.2264, 45.4391),4.23895460062487,20.841029228298,64.6
126037949,"1","Centralizzato","Cenisio, Sarpi, Isola","Isola",640,1,53.3333333333333,12,c(9.196, 45.4893),5.97805247480895,5.57605155147922,41
127460288,"1","Centralizzato","Bande Nere, Inganni","Lorenteggio",665,1,60.4545454545455,11,c(9.1394, 45.4528),4.00298204157656,8.27779613873216,94.5
127130825,"1","Centralizzato","Bande Nere, Inganni","Bande Nere",690,1,49.2857142857143,14,c(9.1317, 45.4564),6.03973879414182,17.8198846857968,91.5
126041213,"1","Centralizzato","Solari, Washington","Washington",695,1,49.6428571428572,14,c(9.1533, 45.4623),8.5173435046093,8.16713908853988,77.9
127460276,"1","Assente","Bande Nere, Inganni","Lorenteggio",695,1,57.9166666666667,12,c(9.1394, 45.4528),4.00298204157656,8.27779613873216,94.5
126891297,"1","Centralizzato","Genova, Ticinese","San Vittore",650,1,59.0909090909091,11,c(9.1691, 45.4587),0.883588446369224,2.14456738901587,78.1
126936503,"1","Autonomo","Fiera, Sempione, City Life, Portello","Monte Rosa - Lotto",590,1,45.3846153846154,13,c(9.145, 45.4752),6.01563184938676,5.47848118278944,55.8
126036855,"1","Centralizzato","Famagosta, Barona","Barona",625,1,28.4090909090909,22,c(9.1583, 45.4414),12.1626985153311,11.2193682032718,103.7
126040487,"1","Centralizzato","Uptown, Cascina Merlata, Viale Certosa","Certosa",630,1,45,14,c(9.1533, 45.4972),27.4324506115893,0.6027147793024,15.4
125391939,"1","Centralizzato","Solari, Washington","Frua",605,1,60.5,10,c(9.1498, 45.4649),2.70624379649801,3.74729833662051,74.6
126040025,"1","Autonomo","Pasteur, Rovereto","Pasteur",600,1,40,15,c(9.2119, 45.4884),6.16168166677144,1.03600593302832,24.1
126791915,"1","Assente","Uptown, Cascina Merlata, Viale Certosa","Certosa",595,1,42.5,14,c(9.1411, 45.4988),22.7183566884548,1.42213571599759,19.5
126041421,"1","Centralizzato","Bande Nere, Inganni","Lorenteggio",670,1,74.4444444444444,9,c(9.1394, 45.4528),4.00298204157656,8.27779613873216,94.5
127010009,"1","Centralizzato","Solari, Washington","Frua",610,1,33.8888888888889,18,c(9.1498, 45.4649),2.70624379649801,3.74729833662051,74.6
127301279,"1","Centralizzato","Bande Nere, Inganni","Gambara",680,1,40,17,c(9.1447, 45.462),5.45254846477641,10.6949151213948,77.8
123123837,"1","Centralizzato","Affori, Bovisa","Affori",600,1,31.5789473684211,19,c(9.1532, 45.5209),17.9123735650166,29.8151599342967,40.4
127460250,"1","Centralizzato","Bande Nere, Inganni","Lorenteggio",640,1,71.1111111111111,9,c(9.1394, 45.4528),4.00298204157656,8.27779613873216,94.5
127009991,"1","Centralizzato","Porta Vittoria, Lodi","Lodi - Brenta",695,1,49.6428571428572,14,c(9.2136, 45.4428),6.00259724327017,15.3305104387331,66.3
127460342,"1","Centralizzato","Bande Nere, Inganni","Bande Nere",595,1,66.1111111111111,9,c(9.1396, 45.4566),8.87668886867372,14.0379446587678,87.1
126041271,"1","Centralizzato","Bande Nere, Inganni","Lorenteggio",635,1,70.5555555555556,9,c(9.1394, 45.4528),4.00298204157656,8.27779613873216,94.5
126041487,"1","Centralizzato","Abbiategrasso, Chiesa Rossa","Cermenate - Abbiategrasso",600,1,54.5454545454545,11,c(9.1808, 45.4328),6.42851710436092,2.36443365340836,101.8
125392253,"1","Centralizzato","Porta Venezia, Indipendenza","Indipendenza",615,1,36.1764705882353,17,c(9.2147, 45.4729),9.64174731164799,0.64245307823198,17.5
125532075,"1","Centralizzato","Bande Nere, Inganni","Gambara",660,1,41.25,16,c(9.1447, 45.462),5.45254846477641,10.6949151213948,77.8
125846855,"1","Centralizzato","Solari, Washington","Frua",610,1,35.8823529411765,17,c(9.1498, 45.4649),2.70624379649801,3.74729833662051,74.6
126726109,"1","Centralizzato","Bande Nere, Inganni","Gambara",640,1,58.1818181818182,11,c(9.1447, 45.462),5.45254846477641,10.6949151213948,77.8
125846839,"1","Centralizzato","Bande Nere, Inganni","Lorenteggio",635,1,52.9166666666667,12,c(9.1394, 45.4528),4.00298204157656,8.27779613873216,94.5
126936511,"1","Assente","Uptown, Cascina Merlata, Viale Certosa","Ghisolfa - Mac Mahon",685,1,68.5,10,c(9.1514, 45.49),15.0818249238856,0.554229657533256,30
127460238,"1","Centralizzato","Bande Nere, Inganni","Lorenteggio",665,1,55.4166666666667,12,c(9.1394, 45.4528),4.00298204157656,8.27779613873216,94.5
126040073,"1","Autonomo","Pasteur, Rovereto","Pasteur",600,1,46.1538461538462,13,c(9.2127, 45.4899),6.4097059566726,1.96619879499484,26.9
125586459,"1","Centralizzato","Uptown, Cascina Merlata, Viale Certosa","Certosa",695,1,57.9166666666667,12,c(9.1411, 45.4988),22.7183566884548,1.42213571599759,19.5
127460110,"1","Centralizzato","Napoli, Soderini","Piazza Napoli",700,1,70,10,c(9.1494, 45.4539),1.6728302975911,4.70365941963651,90.6
127229139,"1","Centralizzato","Bande Nere, Inganni","Lorenteggio",625,1,48.0769230769231,13,c(9.1394, 45.4528),4.00298204157656,8.27779613873216,94.5
126037945,"1","Centralizzato","Cenisio, Sarpi, Isola","Isola",690,1,57.5,12,c(9.196, 45.4893),5.97805247480895,5.57605155147922,41
126367631,"1","Centralizzato","Bande Nere, Inganni","Lorenteggio",655,1,59.5454545454545,11,c(9.1394, 45.4528),4.00298204157656,8.27779613873216,94.5
126037947,"1","Centralizzato","Cenisio, Sarpi, Isola","Isola",640,1,53.3333333333333,12,c(9.196, 45.4893),5.97805247480895,5.57605155147922,41
127460228,"1","Centralizzato","Bande Nere, Inganni","Lorenteggio",620,1,51.6666666666667,12,c(9.1394, 45.4528),4.00298204157656,8.27779613873216,94.5
126037943,"1","Centralizzato","Porta Vittoria, Lodi","Martini - Insubria",700,1,58.3333333333333,12,c(9.2226, 45.4518),16.4251055126587,2.88928625250698,46.5
126040071,"1","Autonomo","Pasteur, Rovereto","Pasteur",700,1,53.8461538461538,13,c(9.2127, 45.4899),6.4097059566726,1.96619879499484,26.9
126041233,"1","Centralizzato","Bande Nere, Inganni","Bande Nere",685,1,48.9285714285714,14,c(9.1321, 45.4601),3.65913020857303,23.3352004974124,84.5
122943286,"1","Autonomo","Pasteur, Rovereto","Pasteur",600,1,46.1538461538462,13,c(9.2127, 45.4899),6.4097059566726,1.96619879499484,26.9
126037939,"1","Centralizzato","Porta Vittoria, Lodi","Martini - Insubria",700,1,58.3333333333333,12,c(9.2226, 45.4518),16.4251055126587,2.88928625250698,46.5
126848787,"1","Centralizzato","Bande Nere, Inganni","Lorenteggio",690,1,76.6666666666667,9,c(9.1394, 45.4528),4.00298204157656,8.27779613873216,94.5
126552351,"1","Centralizzato","Bande Nere, Inganni","Bande Nere",630,1,57.2727272727273,11,c(9.1396, 45.4566),8.87668886867372,14.0379446587678,87.1
127010005,"1","Centralizzato","Bande Nere, Inganni","Bande Nere",655,1,72.7777777777778,9,c(9.1321, 45.4601),3.65913020857303,23.3352004974124,84.5
125391943,"1","Centralizzato","Bande Nere, Inganni","Lorenteggio",600,1,54.5454545454545,11,c(9.1377, 45.452),4.46834565769899,7.81973765687479,96
127130813,"1","Centralizzato","Solari, Washington","Vercelli - Wagner",610,1,43.5714285714286,14,c(9.1621, 45.4648),6.19024527353922,2.70808722579423,77.1
125390931,"1","Centralizzato","Corvetto, Rogoredo","Corvetto",620,1,34.4444444444444,18,c(9.2117, 45.4391),10.4722221001643,14.3108597409128,72
125390887,"1","Centralizzato","Bande Nere, Inganni","Bande Nere",635,1,45.3571428571428,14,c(9.1349, 45.4622),2.24038155274587,18.9845399813864,79.7
126037723,"1","Centralizzato","Città Studi, Susa","Città Studi",680,1,34,20,c(9.2227, 45.4848),7.5184963971486,10.604947482675,12.3
125392099,"1","Centralizzato","Solari, Washington","Frua",610,1,40.6666666666667,15,c(9.1498, 45.4649),2.70624379649801,3.74729833662051,74.6
126041397,"1","Centralizzato","Bande Nere, Inganni","Lorenteggio",690,1,62.7272727272727,11,c(9.1379, 45.4535),6.17714623169588,10.3091927491775,94.3
126041353,"1","Centralizzato","Bande Nere, Inganni","Lorenteggio",590,1,49.1666666666667,12,c(9.1379, 45.4535),6.17714623169588,10.3091927491775,94.3
126891287,"1","Centralizzato","Bande Nere, Inganni","Lorenteggio",700,1,41.1764705882353,17,c(9.1394, 45.4528),4.00298204157656,8.27779613873216,94.5
126040075,"1","Autonomo","Pasteur, Rovereto","Pasteur",600,1,46.1538461538462,13,c(9.2127, 45.4899),6.4097059566726,1.96619879499484,26.9
127460220,"1","Centralizzato","Bande Nere, Inganni","Lorenteggio",660,1,60,11,c(9.1379, 45.4535),6.17714623169588,10.3091927491775,94.3
126041461,"1","Centralizzato","Abbiategrasso, Chiesa Rossa","Cermenate - Abbiategrasso",600,1,42.8571428571428,14,c(9.1808, 45.4328),6.42851710436092,2.36443365340836,101.8
126936493,"1","Autonomo","Fiera, Sempione, City Life, Portello","Monte Rosa - Lotto",590,1,31.0526315789474,19,c(9.145, 45.4752),6.01563184938676,5.47848118278944,55.8
126041227,"1","Centralizzato","San Siro, Trenno","San Siro",660,1,47.1428571428572,14,c(9.1255, 45.4719),8.39208898408249,7.4148453637048,74.9
125718081,"2","Autonomo","Affori, Bovisa","Bovisasca",690,3,6.9,20,c(9.15515, 45.5175),17.5272765686972,27.5168570380632,32.5
126570363,"2","Autonomo","Ripamonti, Vigentino","Ripamonti - Fondazione Prada",680,5,37.7777777777778,18,c(9.19221, 45.4413),22.2384657382743,8.82740083284886,82.6
126814999,"1","Centralizzato","Abbiategrasso, Chiesa Rossa","Cermenate - Abbiategrasso",600,3,9.23076923076923,17.3333333333333,c(9.17968, 45.4362),11.1006859921908,2.44052567060214,98.3
126568813,"2","Autonomo","Ripamonti, Vigentino","Ripamonti - Fondazione Prada",700,5,31.8181818181818,22,c(9.19221, 45.4413),22.2384657382743,8.82740083284886,82.6
127483486,"1","Centralizzato","Porta Venezia, Indipendenza","Indipendenza",700,2,46.6666666666667,15,c(9.21672, 45.4628),9.25801334928098,1.76860154090561,31.3
127384367,"1","Autonomo","Città Studi, Susa","Città Studi",590,4,6.86046511627907,17.2,c(9.21732, 45.4813),5.34638529480246,10.9412756774541,13.1
127419511,"2","Centralizzato","Bicocca, Niguarda","Bignami - Ponale",650,3,43.3333333333333,15,c(9.20832, 45.5253),5.36253960508401,3.6860544064714,80.6
126570281,"2","Autonomo","Ripamonti, Vigentino","Ripamonti - Fondazione Prada",670,5,39.4117647058824,17,c(9.19221, 45.4413),22.2384657382743,8.82740083284886,82.6
127142801,"2","Centralizzato","San Siro, Trenno","Gallaratese",700,2,7.77777777777778,20,c(9.12188, 45.4923),3.38023703611518,16.2259166754366,49.6
127460112,"1","Centralizzato","Bande Nere, Inganni","Bande Nere",690,1,49.2857142857143,14,c(9.1349, 45.4622),2.24038155274587,18.9845399813864,79.7
126037875,"1","Centralizzato","Bande Nere, Inganni","Lorenteggio",640,1,40,16,c(9.1403, 45.4551),6.15251121476087,11.3025039082996,89.4
126042367,"1","Centralizzato","Fiera, Sempione, City Life, Portello","Monte Rosa - Lotto",600,1,37.5,16,c(9.1486, 45.4823),2.97996118837869,13.3420629024752,42.9
126041683,"1","Centralizzato","Navigli","Bocconi",670,1,44.6666666666667,15,c(9.1879, 45.4487),13.3417256128213,2.79196010298001,72.5
126582073,"1","Centralizzato","Ripamonti, Vigentino","Ripamonti - Fondazione Prada",650,1,26,25,c(9.19221, 45.4413),22.2384657382743,8.82740083284886,82.6
125820655,"1","Centralizzato","Navigli","Bocconi",670,1,44.6666666666667,15,c(9.1879, 45.4487),13.3417256128213,2.79196010298001,72.5
127381551,"1","Centralizzato","Arco della Pace, Arena, Pagano","Vincenzo Monti",620,1,41.3333333333333,15,c(9.169, 45.4711),6.85447316925508,1.73521385608381,66.1
126552369,"1","Centralizzato","Bande Nere, Inganni","Bande Nere",690,1,86.25,8,c(9.1396, 45.4566),8.87668886867372,14.0379446587678,87.1
120555246,"1","Autonomo","Città Studi, Susa","Città Studi",690,1,76.6666666666667,9,c(9.2204, 45.4822),6.36735858801548,8.45806752644182,9.9
125982031,"1","Centralizzato","Fiera, Sempione, City Life, Portello","Monte Rosa - Lotto",625,1,39.0625,16,c(9.1434, 45.4831),5.924690103838,14.2232462117708,42.5
124322601,"1","Centralizzato","Udine, Lambrate","Udine",695,1,77.2222222222222,9,c(9.2332, 45.4923),4.73253752082994,13.6274515261477,26.4
126584129,"1","Centralizzato","Ripamonti, Vigentino","Ripamonti - Fondazione Prada",590,1,36.875,16,c(9.19221, 45.4413),22.2384657382743,8.82740083284886,82.6
126037721,"1","Autonomo","Città Studi, Susa","Città Studi",680,1,45.3333333333333,15,c(9.2227, 45.4848),7.5184963971486,10.604947482675,12.3
126600569,"1","Centralizzato","Bande Nere, Inganni","Lorenteggio",600,1,54.5454545454545,11,c(9.1379, 45.4535),6.17714623169588,10.3091927491775,94.3
126037959,"1","Centralizzato","Città Studi, Susa","Città Studi",680,1,42.5,16,c(9.2367, 45.4821),4.28281586504784,1.12449733017333,12.8
127647018,"2","Autonomo","Città Studi, Susa","Plebisciti - Susa",665,5,5.11538461538461,20.8,c(9.2176, 45.4659),3.78605206714153,6.39034882226106,26.1
127317533,"2","Assente","Pasteur, Rovereto","Pasteur",660,5,5.07692307692308,20.8,c(9.21135, 45.4909),8.09075040972385,4.10368416808675,29.7
127646796,"2","Autonomo","Città Studi, Susa","Plebisciti - Susa",665,5,5.11538461538461,20.8,c(9.2176, 45.4659),3.78605206714153,6.39034882226106,26.1
127490438,"2","Assente","Pasteur, Rovereto","Pasteur",660,5,5.07692307692308,20.8,c(9.21135, 45.4909),8.09075040972385,4.10368416808675,29.7
125820605,"1","Centralizzato","Bande Nere, Inganni","Primaticcio",690,1,57.5,12,c(9.1279, 45.4558),6.50535742909495,18.6812603859487,94
125320131,"1","Centralizzato","Bande Nere, Inganni","Lorenteggio",600,1,46.1538461538462,13,c(9.1403, 45.4551),6.15251121476087,11.3025039082996,89.4
121328646,"1","Centralizzato","Affori, Bovisa","Comasina",700,1,35,20,c(9.166, 45.5269),3.51080987847167,32.160692270136,51.8
126035761,"1","Centralizzato","Città Studi, Susa","Città Studi",600,1,40,15,c(9.2282, 45.4834),5.68724159791093,7.28277487991229,8.3
126037787,"1","Autonomo","Cimiano, Crescenzago, Adriano","Crescenzago",620,1,41.3333333333333,15,c(9.2463, 45.502),5.26811019329685,20.6882091725647,47.2
126495809,"1","Assente","Cimiano, Crescenzago, Adriano","Cimiano",600,2,21.4285714285714,20,c(9.2361, 45.4978),6.44200578691688,22.5424564344703,34.9
126042101,"1","Autonomo","Città Studi, Susa","Città Studi",700,1,46.6666666666667,15,c(9.2349, 45.4858),2.49606372709499,2.47989607992816,16.3
126037801,"1","Autonomo","Bicocca, Niguarda","Bicocca",620,1,34.4444444444444,18,c(9.2089, 45.5163),5.09678646683285,3.06123361231767,69.9
127347517,"1","Assente","Bande Nere, Inganni","Bande Nere",670,1,29.1304347826087,23,c(9.1375, 45.4614),1.27966997115266,17.599630203643,79.3
126037879,"1","Centralizzato","Bande Nere, Inganni","Lorenteggio",640,1,45.7142857142857,14,c(9.1403, 45.4551),6.15251121476087,11.3025039082996,89.4
126037877,"1","Centralizzato","Bande Nere, Inganni","Lorenteggio",640,1,40,16,c(9.1403, 45.4551),6.15251121476087,11.3025039082996,89.4
126037805,"1","Autonomo","Uptown, Cascina Merlata, Viale Certosa","Certosa",690,1,57.5,12,c(9.1492, 45.4969),24.0085430135291,3.83162394507137,16.3
126041641,"1","Centralizzato","Pasteur, Rovereto","Pasteur",600,1,42.8571428571428,14,c(9.2187, 45.4923),3.61536331262057,3.57807820924649,26.6
126037813,"1","Autonomo","Uptown, Cascina Merlata, Viale Certosa","Certosa",590,1,49.1666666666667,12,c(9.1492, 45.4969),24.0085430135291,3.83162394507137,16.3
127569986,"1","Assente","Porta Vittoria, Lodi","Porta Vittoria",650,3,8.66666666666667,20,c(9.2333, 45.4623),5.29587707206746,1.22597960549143,30.7
126496321,"2","Assente","Porta Vittoria, Lodi","Lodi - Brenta",700,3,7.77777777777778,24,c(9.2146, 45.4524),10.7842100597378,1.88189585706727,48
127570238,"3","Assente","Città Studi, Susa","Città Studi",680,5,34,20,c(9.22274, 45.4847),7.34061956366649,10.4254703374464,12.2
125681655,"1","Assente","Udine, Lambrate","Quartiere Feltre",700,1,46.6666666666667,15,c(9.2476, 45.4889),13.7842692668296,13.2073687310419,31.8
127355901,"1","Assente","Uptown, Cascina Merlata, Viale Certosa","Certosa",680,3,9.71428571428571,18.6666666666667,c(9.15361, 45.497),26.9293755077488,1.06517896911766,15.9
127118711,"1","Centralizzato","Maggiolina, Istria","Cascina dei Pomi",650,1,65,10,c(9.2078, 45.4924),9.57652723518805,3.09204781708393,33
125390951,"1","Centralizzato","San Siro, Trenno","San Siro",695,1,69.5,10,c(9.1255, 45.4719),8.39208898408249,7.4148453637048,74.9
126791909,"1","Centralizzato","Maggiolina, Istria","Cascina dei Pomi",640,1,30.4761904761905,21,c(9.2078, 45.4924),9.57652723518805,3.09204781708393,33
127138781,"1","Centralizzato","Maggiolina, Istria","Cascina dei Pomi",670,1,33.5,20,c(9.2078, 45.4924),9.57652723518805,3.09204781708393,33
126041217,"1","Centralizzato","Maggiolina, Istria","Cascina dei Pomi",680,1,35.7894736842105,19,c(9.2078, 45.4924),9.57652723518805,3.09204781708393,33
125392387,"1","Centralizzato","Uptown, Cascina Merlata, Viale Certosa","Certosa",610,1,40.6666666666667,15,c(9.1411, 45.4988),22.7183566884548,1.42213571599759,19.5
125846659,"1","Centralizzato","San Siro, Trenno","San Siro",620,1,68.8888888888889,9,c(9.1412, 45.4773),4.37785160684034,4.40611266835317,52.6
127191055,NA,"Assente","Ponte Lambro, Santa Giulia","Santa Giulia",600,3,6,20,c(9.2425, 45.4318),6.23519335164685,23.6008792976849,84.7
124142161,"1","Centralizzato","Bande Nere, Inganni","Primaticcio",600,1,33.3333333333333,18,c(9.1282, 45.4562),5.74462382958801,19.1606699776556,93.4
122519254,"1","Centralizzato","Bande Nere, Inganni","Lorenteggio",700,1,70,10,c(9.1401, 45.4539),4.4988387024635,9.47560422538872,91.9
127130823,"1","Centralizzato","Bisceglie, Baggio, Olmi","Baggio",605,1,55,11,c(9.105, 45.4597),12.2082530522282,34.2175347073261,105.7
125773327,"1","Centralizzato","Maggiolina, Istria","Maggiolina",635,1,57.7272727272727,11,c(9.2054, 45.496),12.0490001818806,6.59889318348842,40.3
127516170,"2","Autonomo","Porta Venezia, Indipendenza","Porta Venezia",700,1,38.8888888888889,18,c(9.20297, 45.4759),3.69640128521931,2.22233193075127,31.3
121912658,"1","Assente","Città Studi, Susa","Città Studi",600,NA,30,20,c(9.2327, 45.4818),5.79828168929944,3.11204258545311,9.4
127220765,"1","Centralizzato","Famagosta, Barona","Famagosta",690,1,31.3636363636364,22,c(9.16026, 45.437),9.60860337462254,19.2106500337587,112.1
126042999,"1","Autonomo","Bisceglie, Baggio, Olmi","Quarto Cagnino",650,1,65,10,c(9.1115, 45.4721),11.006628979389,15.5718754026192,88.2
125391627,"1","Centralizzato","Centrale, Repubblica","Buenos Aires",595,1,49.5833333333333,12,c(9.2032, 45.4789),6.47931621710577,0.417103358851848,31
127352385,"1","Centralizzato","Bande Nere, Inganni","Bande Nere",685,1,52.6923076923077,13,c(9.1321, 45.4601),3.65913020857303,23.3352004974124,84.5
126335219,"1","Centralizzato","Bande Nere, Inganni","Bande Nere",685,1,48.9285714285714,14,c(9.1321, 45.4601),3.65913020857303,23.3352004974124,84.5
126335217,"1","Centralizzato","Bisceglie, Baggio, Olmi","Baggio",655,1,46.7857142857143,14,c(9.105, 45.4597),12.2082530522282,34.2175347073261,105.7
126041229,"1","Centralizzato","Bande Nere, Inganni","Bande Nere",700,1,43.75,16,c(9.1321, 45.4601),3.65913020857303,23.3352004974124,84.5
125058269,"1","Centralizzato","San Siro, Trenno","San Siro",620,4,20.6666666666667,20,c(9.12882, 45.4748),2.19124998875392,2.25108687315198,68.1
126036859,"1","Centralizzato","Bande Nere, Inganni","Lorenteggio",660,1,73.3333333333333,9,c(9.1401, 45.4539),4.4988387024635,9.47560422538872,91.9
122626708,"1","Centralizzato","Bande Nere, Inganni","Lorenteggio",700,1,70,10,c(9.1401, 45.4539),4.4988387024635,9.47560422538872,91.9
123287965,"1","Centralizzato","Bande Nere, Inganni","Lorenteggio",690,1,57.5,12,c(9.1401, 45.4539),4.4988387024635,9.47560422538872,91.9
123294511,"1","Centralizzato","Bande Nere, Inganni","Lorenteggio",690,1,69,10,c(9.1401, 45.4539),4.4988387024635,9.47560422538872,91.9
127459982,"1","Centralizzato","Bande Nere, Inganni","Lorenteggio",690,1,69,10,c(9.1401, 45.4539),4.4988387024635,9.47560422538872,91.9
123123145,"1","Centralizzato","Bande Nere, Inganni","Primaticcio",630,1,35,18,c(9.1282, 45.4562),5.74462382958801,19.1606699776556,93.4
127393583,"1","Centralizzato","Garibaldi, Moscova, Porta Nuova","Moscova",600,4,6,20,c(9.18197, 45.4791),4.55407352475001,1.65678619208175,57
126041207,"1","Centralizzato","Bande Nere, Inganni","Bande Nere",590,1,45.3846153846154,13,c(9.1321, 45.4601),3.65913020857303,23.3352004974124,84.5
110136743,"1","Autonomo","Maggiolina, Istria","Maggiolina",600,1,100,20,c(9.1998, 45.5029),3.16494665228917,1.78669320338346,53.9
125391885,"1","Centralizzato","Navigli","Corso San Gottardo",630,1,63,10,c(9.1824, 45.4443),17.9599639407915,1.08780498111427,82.7
110136745,"1","Autonomo","Maggiolina, Istria","Maggiolina",600,1,100,20,c(9.1998, 45.5029),3.16494665228917,1.78669320338346,53.9
125820705,"1","Centralizzato","Porta Venezia, Indipendenza","Piave - Tricolore",600,1,40,15,c(9.2084, 45.4706),4.73165725649234,2.77518912937326,26.9
125438371,"1","Autonomo","Ponte Lambro, Santa Giulia","Santa Giulia",675,1,67.5,10,c(9.2456, 45.4312),10.0841813928298,24.4153245353707,88.9
127595550,"3","Assente","San Siro, Trenno","San Carlo",690,5,19.7142857142857,20,c(9.1085, 45.4618),12.3390895692448,30.448787065304,103
126423243,"1","Centralizzato","Famagosta, Barona","Barona",600,2,37.5,16,c(9.15633, 45.4409),14.7176893949243,11.4050260564886,105.8
126041389,"1","Centralizzato","Pasteur, Rovereto","Rovereto",595,1,54.0909090909091,11,c(9.2151, 45.4947),5.54053546279539,1.24612659791857,33.1
122863512,"1","Centralizzato","Bisceglie, Baggio, Olmi","Baggio",600,1,30,20,c(9.08871, 45.4582),29.9333203228783,44.723237386591,124.1
127166643,"1","Centralizzato","Bande Nere, Inganni","Bande Nere",675,1,56.25,12,c(9.1321, 45.4601),3.65913020857303,23.3352004974124,84.5
126956707,"1","Centralizzato","Bande Nere, Inganni","Bande Nere",700,1,38.8888888888889,18,c(9.1321, 45.4601),3.65913020857303,23.3352004974124,84.5
123461961,"2","Centralizzato","Precotto, Turro","Villa San Giovanni",650,3,46.4285714285714,14,c(9.22541, 45.5175),0.854112493317908,6.72184037767283,62.5
124959537,NA,"Assente","Ripamonti, Vigentino","Vigentino - Fatima",620,NA,18.7878787878788,20,c(9.2062, 45.4279),29.8343183898249,4.93797720088121,93.7
127128675,NA,"Assente","Centro","Duomo",700,NA,70,10,c(9.18817, 45.4637),0.893221682379392,0.452576921774995,53.4
126759887,NA,"Assente","Corvetto, Rogoredo","Corvetto",620,NA,24.8,25,c(9.2128, 45.4369),12.3355356708132,14.9428783184744,75.7
127128673,NA,"Assente","Centro","Duomo",700,NA,29.1666666666667,24,c(9.18817, 45.4637),0.893221682379392,0.452576921774995,53.4
127128677,NA,"Assente","Centro","Duomo",700,NA,53.8461538461538,13,c(9.18817, 45.4637),0.893221682379392,0.452576921774995,53.4
126261545,NA,"Assente","Centro","Duomo",600,NA,60,10,c(9.18817, 45.4637),0.893221682379392,0.452576921774995,53.4
127617720,"1","Centralizzato","Famagosta, Barona","Giambellino",650,3,32.5,20,c(9.14348, 45.4495),4.31887578887995,0.925501680184902,99.2
127509610,"1","Centralizzato","San Siro, Trenno","San Siro",600,5,33.3333333333333,18,c(9.13259, 45.4692),12.6486701619923,11.8862429677498,69
98018788,"2","Centralizzato","Famagosta, Barona","Giambellino",650,5,46.4285714285714,14,c(9.12829, 45.4447),5.02611635765484,2.36189907388264,110.9
117480917,"1","Centralizzato","Abbiategrasso, Chiesa Rossa","Cermenate - Abbiategrasso",600,2,17.1428571428571,20,c(9.1836, 45.4338),10.0867560388236,1.12403272037376,98
87494704,"2","Centralizzato","San Siro, Trenno","Gallaratese",650,1,5.90909090909091,20,c(9.10704, 45.4945),5.78232845880971,22.5598871863806,67.3
118873569,"1","Centralizzato","Forlanini","Viale Ungheria - Mecenate",650,3,8.125,21.3333333333333,c(9.24923, 45.4461),25.6293480877134,1.81419450113761,64.9
125414737,"1","Centralizzato","Porta Vittoria, Lodi","Bologna - Sulmona",650,1,36.1111111111111,18,c(9.2336, 45.4385),4.58578870794059,18.396589706936,69.6
113823673,"1","Centralizzato","Cimiano, Crescenzago, Adriano","Cimiano",610,3,6.77777777777778,24,c(9.23701, 45.5013),5.50380111709277,23.7508689748594,40.2
110008693,"1","Autonomo","Porta Venezia, Indipendenza","Porta Venezia",700,2,28,25,c(9.20591, 45.4764),1.86195204140557,1.27606124259486,27.6
122686974,"2","Autonomo","Cimiano, Crescenzago, Adriano","Cimiano",700,5,35,20,c(9.23456, 45.4954),7.43592145588631,18.5347779535742,30.9
112067679,"1","Centralizzato","Porta Vittoria, Lodi","Bologna - Sulmona",600,3,37.5,16,c(9.22829, 45.4448),9.68503569614918,11.8534413314316,58.9
126544735,"1","Centralizzato","Ponte Lambro, Santa Giulia","Santa Giulia",650,3,32.5,20,c(9.24627, 45.4315),10.6486486849154,23.9262980288398,89.2
120489746,"2","Autonomo","Ponte Lambro, Santa Giulia","Santa Giulia",600,5,33.3333333333333,18,c(9.24451, 45.4322),8.2276618099074,22.6926393920857,87.4
103742044,"1","Centralizzato",NA,NA,600,2,33.3333333333333,18,c(9.15103, 45.4998),29.3697543780985,1.13076574842506,11.6
121470426,"1","Centralizzato","San Siro, Trenno","Gallaratese",600,4,35.2941176470588,17,c(9.11216, 45.4943),5.3424327626689,18.6977981630329,60.5
118616035,"1","Assente","Città Studi, Susa","Casoretto",700,3,7,20,c(9.2278, 45.487),10.4942252924886,10.829027020016,13.5
123722943,"2","Centralizzato","Bicocca, Niguarda","Ca' Granda",655,5,40.9375,16,c(9.1993, 45.5052),4.1751829667921,2.25776090483904,57.2
124988747,"1","Assente","Famagosta, Barona","Famagosta",680,3,11.3333333333333,16,c(9.171, 45.4409),6.3509176151794,9.386922333669,97.4
122306742,"1","Assente","Forlanini","Viale Ungheria - Mecenate",650,2,10,26,c(9.251, 45.4462),26.9807146347486,0.452033951052846,65.9
126613589,"2","Assente","Affori, Bovisa","Dergano",650,4,7.64705882352941,17,c(9.174, 45.4991),13.0679492767662,5.79974692322781,28
126999913,"1","Assente","Solari, Washington","Washington",640,3,6.73684210526316,25.3333333333333,c(9.1571, 45.4612),7.38708841501898,7.49274398023063,79.6
125429505,"1","Assente","San Siro, Trenno","Gallaratese",670,3,7.05263157894737,25.3333333333333,c(9.1216, 45.4914),4.60112691591205,17.6882549658644,50.8
125271547,"1","Assente","Abbiategrasso, Chiesa Rossa","Chiesa Rossa",600,2,9.67741935483871,24.8,c(9.1853, 45.4338),11.7401208418127,2.30269892763491,96.3
123100463,"1","Assente","Famagosta, Barona","Giambellino",630,4,42,15,c(9.1286, 45.4448),4.65576547166873,1.98799952782752,110.4
127390673,"1","Assente","Città Studi, Susa","Argonne - Corsica",600,5,33.3333333333333,18,c(9.2282, 45.4642),7.81251108764518,3.3304285962389,24.2
125844601,"1","Assente","Famagosta, Barona","Barona",600,3,8.57142857142857,18.6666666666667,c(9.1508, 45.4406),21.3242543573062,10.0045300821023,109.8
126535985,"2","Assente","Precotto, Turro","Villa San Giovanni",700,4,5.10948905109489,20,c(9.2233, 45.5185),3.86451270963958,8.20347941594103,65.8
125674219,"1","Assente","San Siro, Trenno","QT8",700,4,9.33333333333333,15,c(9.1369, 45.4832),4.87007502395963,13.088259750451,50.3
122617726,"1","Assente","Famagosta, Barona","Famagosta",680,4,12.3636363636364,11,c(9.171, 45.4409),6.3509176151794,9.386922333669,97.4
126612029,"1","Assente","Porta Vittoria, Lodi","Martini - Insubria",700,3,10,18.6666666666667,c(9.2166, 45.4551),16.0601823284728,2.98053290028533,43.4
127342475,"2","Assente","Navigli","Bocconi",650,4,7.64705882352941,17,c(9.197, 45.4501),7.96848741068579,1.18540654918868,64.2
126668189,"1","Assente","Uptown, Cascina Merlata, Viale Certosa","Certosa",650,3,8.66666666666667,20,c(9.1422, 45.5005),25.894981155142,2.32327146219977,18.2
126918677,"1","Assente","Bicocca, Niguarda","Prato Centenaro",600,3,35.2941176470588,17,c(9.1917, 45.5088),11.7907720487273,0.675947258298277,49
127340927,"2","Assente","Navigli","Bocconi",700,4,8.23529411764706,17,c(9.197, 45.4501),7.96848741068579,1.18540654918868,64.2
126611519,"2","Assente","Bicocca, Niguarda","Bignami - Ponale",600,4,7.5,16,c(9.206, 45.5258),7.7227515240848,6.45945825042541,81.6
126744629,"1","Assente","Porta Romana, Cadore, Montenero","Cadore",600,3,7.69230769230769,20.8,c(9.2131, 45.4592),16.4272495030756,5.41896239745282,38.8
124549525,"2","Assente","Porta Vittoria, Lodi","Lodi - Brenta",700,4,5.88235294117647,23.8,c(9.2183, 45.4429),0.351506763725314,13.0629792121879,62.2
119621403,"1","Centralizzato","Uptown, Cascina Merlata, Viale Certosa","Ghisolfa - Mac Mahon",650,2,32.5,20,c(9.16326, 45.4927),14.2514582743355,3.41377647887093,29.6
120022914,"1","Autonomo","Precotto, Turro","Villa San Giovanni",630,3,10.5,16,c(9.22886, 45.5191),4.38919177820086,6.08502761352561,66.8
95732380,"1","Autonomo","Ripamonti, Vigentino","Ripamonti - Fondazione Prada",600,5,5.45454545454545,17.6,c(9.20594, 45.44),13.1638223423473,7.40350217126411,73.7
120294248,"2","Autonomo","Ponte Lambro, Santa Giulia","Santa Giulia",600,4,42.8571428571428,14,c(9.2453, 45.4347),9.04900411444342,18.3446915130673,82.5
127368665,"1","Centralizzato","Porta Vittoria, Lodi","Bologna - Sulmona",650,2,46.4285714285714,14,c(9.22829, 45.4448),9.68503569614918,11.8534413314316,58.9
124473629,"1","Centralizzato","San Siro, Trenno","Gallaratese",600,3,40,15,c(9.10043, 45.5053),7.34101617688085,25.0498169810368,69.1
123154073,"1","Centralizzato","Navigli","Ascanio Sforza",600,2,10.7142857142857,22.4,c(9.17749, 45.4486),11.5578106270189,2.68719395152789,80.8
117883375,"1","Centralizzato","Bisceglie, Baggio, Olmi","Bisceglie",600,2,46.1538461538462,13,c(9.11054, 45.4598),8.16547529472159,32.0506711829241,100.6
116842585,"1","Centralizzato","Bicocca, Niguarda","Prato Centenaro",636,3,35.3333333333333,18,c(9.20097, 45.5102),5.13029951905695,2.86608083664905,61.7
127322015,"1","Centralizzato","Uptown, Cascina Merlata, Viale Certosa","Certosa",599,3,6.65555555555556,24,c(9.14943, 45.4981),25.8389283780734,1.78464946743775,15
125998681,"1","Centralizzato","Abbiategrasso, Chiesa Rossa","Pezzotti - Meda",550,3,42.3076923076923,13,c(9.18168, 45.4404),17.6139344774421,1.87537218952446,89.4
87283946,"2","Autonomo","Pasteur, Rovereto","Pasteur",700,4,35,20,c(9.222, 45.4901),4.97278427262524,7.72721301724157,20.9
122564786,"1","Centralizzato","Affori, Bovisa","Bovisa",630,2,37.0588235294118,17,c(9.15157, 45.4985),27.9794589233395,1.48438073509142,12.8
123974163,"3+","Centralizzato","Ponte Lambro, Santa Giulia","Santa Giulia",640,4,35.5555555555556,18,c(9.24356, 45.4319),7.31687005593521,23.2828957135883,86.4
122543654,"1","Autonomo","Precotto, Turro","Villa San Giovanni",680,3,68,10,c(9.22499, 45.5167),1.90190036886669,5.38973873317858,61.6
122978994,"1","Autonomo","Affori, Bovisa","Bovisa",600,3,9.23076923076923,17.3333333333333,c(9.16741, 45.5008),16.9452922505933,3.61393182043153,15.4
95306968,"2","Centralizzato","Bisceglie, Baggio, Olmi","Bisceglie",650,4,6.07476635514019,21.4,c(9.11125, 45.4588),6.24043610856049,30.1583901907991,101.2
118542991,"1","Autonomo","Affori, Bovisa","Bovisa",600,3,33.3333333333333,18,c(9.16202, 45.5035),21.6770550663557,4.34860382629961,7.8
117816527,"1","Centralizzato","Bisceglie, Baggio, Olmi","Bisceglie",700,2,43.75,16,c(9.11054, 45.4598),8.16547529472159,32.0506711829241,100.6
121795874,"3","Centralizzato","Bicocca, Niguarda","Prato Centenaro",600,5,60,10,c(9.20523, 45.5102),7.16925007590599,3.28755885765672,63.4
80120359,"1","Centralizzato","Bande Nere, Inganni","Gambara",600,4,28.5714285714286,21,c(9.14231, 45.4644),1.23772221115499,9.77002964394001,74.2
126077565,"2","Autonomo","Bande Nere, Inganni","Bande Nere",670,4,37.2222222222222,18,c(9.13657, 45.4584),5.41593043231737,18.376561654429,84.1
121993204,"1","Centralizzato","San Siro, Trenno","Gallaratese",700,5,70,10,c(9.10214, 45.5022),1.97813363101806,22.7774031823939,68.4
97131904,"1","Centralizzato","Porta Vittoria, Lodi","Martini - Insubria",650,2,26,25,c(9.22376, 45.4559),21.1066276020592,2.35175387759464,38
122030756,"1","Centralizzato","Abbiategrasso, Chiesa Rossa","Gratosoglio",590,5,36.875,16,c(9.17182, 45.4149),19.9711636126639,3.74264909893598,133.7
126392229,"2","Centralizzato","Fiera, Sempione, City Life, Portello","Portello - Parco Vittoria",600,5,50,12,c(9.14148, 45.4938),14.552803336823,1.05248304111733,29.4
125688079,"1","Centralizzato","Abbiategrasso, Chiesa Rossa","Cermenate - Abbiategrasso",590,3,24.5833333333333,24,c(9.18222, 45.4343),9.53417793665639,1.76623353329283,99.1
82457284,"1","Assente","Abbiategrasso, Chiesa Rossa","Gratosoglio",660,2,30,22,c(9.17369, 45.41),24.7258235793044,0.955528873715864,137.7
126428023,"1","Autonomo","Centrale, Repubblica","Repubblica",442,NA,22.1,20,c(9.20274, 45.4786),6.02845007873717,0.338454268646642,31.5
121892046,"1","Centralizzato","Navigli","Bocconi",600,2,10.7142857142857,22.4,c(9.18885, 45.451),9.35301461980399,1.34185265190366,68.3
123342453,"2","Autonomo","Abbiategrasso, Chiesa Rossa","Gratosoglio",590,5,53.6363636363636,11,c(9.17441, 45.4182),20.7818212444334,1.23528124832968,130.3
121198396,"1","Centralizzato","Porta Vittoria, Lodi","Porta Vittoria",700,2,35,20,c(9.23301, 45.4623),5.54785414784895,0.875339776824381,30.3
111337249,"1","Centralizzato","Affori, Bovisa","Vialba",650,2,23.2142857142857,20,c(9.12708, 45.5124),33.1577201408614,1.62254571985301,41.3
126426031,"1","Autonomo","Famagosta, Barona","Tre Castelli - Faenza",600,4,42.8571428571428,14,c(9.12686, 45.4386),6.73224378273614,7.92969515279152,122
125045229,"1","Centralizzato","Abbiategrasso, Chiesa Rossa","Chiesa Rossa",700,3,58.3333333333333,12,c(9.17472, 45.4287),3.90790079359452,3.52790592839021,112.8
99750448,"1","Centralizzato","Bicocca, Niguarda","Prato Centenaro",600,4,46.1538461538462,13,c(9.19987, 45.5104),5.6811217992227,3.77337578542551,60.2
115935927,"2","Centralizzato","Famagosta, Barona","Cantalupa - San Paolo",650,4,6.5,20,c(9.16792, 45.4263),7.65527443969991,11.38087506111,116.8
113424655,"1","Centralizzato","Corvetto, Rogoredo","Corvetto",700,3,6.36363636363636,20,c(9.21652, 45.4387),7.4620777235733,19.8348029185141,69.1
117372081,"3+","Centralizzato","Corvetto, Rogoredo","Corvetto",600,4,40,15,c(9.21943, 45.4351),10.3719788101096,22.5329211011118,72.9
116497013,"1","Centralizzato","Maggiolina, Istria","Maggiolina",700,5,46.6666666666667,15,c(9.20463, 45.4929),7.04229010736935,1.58143132660046,35.3
101253739,"2","Centralizzato","San Siro, Trenno","San Siro",680,4,32.3809523809524,21,c(9.11546, 45.4767),3.62034975572688,9.11687905149001,76.8
113086375,"1","Centralizzato","San Siro, Trenno","Gallaratese",700,3,7.77777777777778,24,c(9.10362, 45.5021),3.02812636206455,20.9950714742246,72
106851085,"1","Centralizzato","Abbiategrasso, Chiesa Rossa","Chiesa Rossa",650,2,10,26,c(9.18528, 45.4338),11.7198908032316,2.28141934876107,96.3
102622888,"2","Centralizzato","Città Studi, Susa","Città Studi",630,5,31.5,20,c(9.23356, 45.482),4.92215589624805,2.85216386148426,10.2
115983523,"2","Centralizzato","San Siro, Trenno","San Siro",650,5,38.2352941176471,17,c(9.12417, 45.4728),8.18501408608204,5.85689573679449,73.7
118636495,"2","Centralizzato","Famagosta, Barona","Tre Castelli - Faenza",700,4,5.69105691056911,24.6,c(9.13932, 45.4409),11.5059880236988,5.42326913277564,120
123455941,"2","Autonomo","Corvetto, Rogoredo","Rogoredo",600,3,6.66666666666667,24,c(9.2336, 45.4361),4.32402296155603,21.2970537560442,73.9
104691247,"1","Centralizzato","Uptown, Cascina Merlata, Viale Certosa","Certosa",650,2,36.1111111111111,18,c(9.13136, 45.4964),13.0049117999784,4.07353534248934,35.8
119814964,"1","Centralizzato","Bicocca, Niguarda","Bicocca",650,5,32.5,20,c(9.20809, 45.5173),5.55467635031416,2.5654328861206,72.1
113981943,"2","Centralizzato","Bande Nere, Inganni","Primaticcio",700,5,6.36363636363636,17.6,c(9.1291, 45.4579),2.65899632607963,21.5344646910966,89.7
117625095,"1","Centralizzato","Bicocca, Niguarda","Ca' Granda",600,3,60,10,c(9.20068, 45.5056),2.89518601193961,1.61389051910094,57.7
119374675,"1","Centralizzato","Bande Nere, Inganni","Bande Nere",600,1,17.1428571428571,20,c(9.13197, 45.4593),3.31931183364655,22.1223218275461,86.1
124633205,"1","Centralizzato","Corvetto, Rogoredo","Corvetto",700,4,7,20,c(9.21405, 45.4368),11.6944431508748,16.4603359272872,74.7
116401923,"3","Centralizzato","Affori, Bovisa","Roserio",700,5,20,20,c(9.13251, 45.5186),41.4423512054868,11.7645226786056,46.5
92497692,"2","Autonomo","San Siro, Trenno","San Carlo",650,4,32.5,20,c(9.11556, 45.472),8.08813237240785,11.483078698248,84.6
118934511,"1","Centralizzato","Bicocca, Niguarda","Ca' Granda",600,5,60,10,c(9.20068, 45.5056),2.89518601193961,1.61389051910094,57.7
86219882,"1","Centralizzato","Forlanini","Quartiere Forlanini",700,2,23.3333333333333,20,c(9.23903, 45.4598),4.16800815305933,3.01268282558689,38.6
125143239,"1","Centralizzato","Bisceglie, Baggio, Olmi","Bisceglie",700,2,35,20,c(9.10434, 45.4577),11.2062858326365,31.5189343537616,109.8
126384421,"1","Centralizzato","Città Studi, Susa","Casoretto",600,3,30,20,c(9.22468, 45.4874),9.63019839582214,12.6800097349049,15
121665492,"2","Autonomo","Bicocca, Niguarda","Bicocca",600,5,37.5,16,c(9.21612, 45.5164),12.3106434703043,3.00162308839829,70.9
119867182,"1","Centralizzato","Bande Nere, Inganni","Gambara",600,1,30,20,c(9.13826, 45.4634),3.91930077530886,14.6561483165693,76.2
116139075,"1","Centralizzato","Corvetto, Rogoredo","Corvetto",680,3,37.7777777777778,18,c(9.21784, 45.439),6.58441349485817,19.823953521825,68.3
120110166,"1","Centralizzato","Maggiolina, Istria","Istria",600,4,30,20,c(9.19375, 45.5007),5.36241356065769,3.92897445879428,48.3
114112387,"2","Centralizzato","Abbiategrasso, Chiesa Rossa","Chiesa Rossa",590,5,6.14583333333333,15.36,c(9.17144, 45.4254),10.7462947791389,6.94670834252697,117.2
61069664,"2","Autonomo","Corvetto, Rogoredo","Corvetto",650,4,46.4285714285714,14,c(9.23058, 45.4385),2.37310616050044,21.3606113158091,67.9
125607865,"2","Centralizzato","Bicocca, Niguarda","Bicocca",630,3,42,15,c(9.21259, 45.5137),8.98972430651288,1.48267019790731,65.3
118979847,"1","Centralizzato","Affori, Bovisa","Affori",620,5,24.8,25,c(9.15776, 45.5157),16.423162862341,24.6536740754021,29.1
118008841,"1","Centralizzato","Bicocca, Niguarda","Ca' Granda",650,3,43.3333333333333,15,c(9.20011, 45.5087),2.81005931701391,1.87557299095253,59.9
122671102,"2","Autonomo","Ponte Lambro, Santa Giulia","Santa Giulia",700,3,63.6363636363636,11,c(9.24573, 45.4309),10.4494999199906,24.9388099919767,89.3
126210959,"1","Autonomo","Abbiategrasso, Chiesa Rossa","Pezzotti - Meda",700,5,7.77777777777778,14.4,c(9.18168, 45.4404),17.6139344774421,1.87537218952446,89.4
118733011,"2","Centralizzato","Bande Nere, Inganni","Lorenteggio",700,5,7.77777777777778,14.4,c(9.13722, 45.4527),5.34980755315198,9.14621461617131,92.8
120774018,NA,"Centralizzato","Bicocca, Niguarda","Prato Centenaro",690,NA,34.5,20,c(9.20418, 45.5092),5.04410702106869,3.25164451192929,61.8
123693587,"2","Centralizzato","Cimiano, Crescenzago, Adriano","Ponte Nuovo",680,5,6.47619047619048,16.8,c(9.2372, 45.5068),13.3047461128863,15.1118109711245,50.2
127380593,"2","Centralizzato","Città Studi, Susa","Città Studi",415,3,5.1875,21.3333333333333,c(9.23518, 45.4735),10.172404413652,3.87453211764699,15.6
121686728,"1","Centralizzato","Cimiano, Crescenzago, Adriano","Quartiere Adriano",650,3,50,13,c(9.24908, 45.5148),15.4231043360037,4.5560653558592,67
127277311,NA,"Centralizzato","Bande Nere, Inganni","Inganni",600,NA,33.3333333333333,18,c(9.11837, 45.4557),5.71831951511194,23.5204484018617,100.1
123651247,"1","Centralizzato","San Siro, Trenno","Gallaratese",650,5,32.5,20,c(9.10303, 45.4986),4.75576290425471,23.0633273906288,70
117984369,"2","Centralizzato","Uptown, Cascina Merlata, Viale Certosa","Certosa",620,4,41.3333333333333,15,c(9.13356, 45.4973),15.5992307673263,1.21426696946404,32.8
125057079,"2","Autonomo","Abbiategrasso, Chiesa Rossa","Chiesa Rossa",650,4,6.5,20,c(9.17957, 45.4221),13.9878871328001,3.44103024724044,119.4
123294021,"1","Assente","Bicocca, Niguarda","Bicocca",700,3,10,18.6666666666667,c(9.21612, 45.5164),12.3106434703043,3.00162308839829,70.9
118442071,"2","Centralizzato","Città Studi, Susa","Città Studi",650,4,32.5,20,c(9.23356, 45.482),4.92215589624805,2.85216386148426,10.2
126381991,"2","Centralizzato","Bicocca, Niguarda","Ca' Granda",600,4,6,20,c(9.19934, 45.5067),2.36154215346216,0.714474147695846,56.9
123222875,"1","Centralizzato","Cimiano, Crescenzago, Adriano","Crescenzago",650,3,8.125,21.3333333333333,c(9.24844, 45.5069),3.63042198243461,12.6871386407144,53.2
117502283,"2","Centralizzato","Centrale, Repubblica","Morgagni",700,5,6.36363636363636,17.6,c(9.2076, 45.4767),3.16588133657727,0.518844732150765,25.6
104428073,"1","Centralizzato","Ripamonti, Vigentino","Vigentino - Fatima",700,3,8.23529411764706,22.6666666666667,c(9.20429, 45.4345),22.5130744145576,4.07234049403042,83.6
126871593,"1","Centralizzato","Bande Nere, Inganni","Inganni",650,3,10,17.3333333333333,c(9.11853, 45.4566),4.81457356766229,24.9602045829706,98.2
120459236,"2","Centralizzato","Bicocca, Niguarda","Ca' Granda",650,5,26,25,c(9.19236, 45.507),10.6813954295042,2.49386947083986,48
112935881,"1","Autonomo","Città Studi, Susa","Città Studi",700,3,9.85915492957746,18.9333333333333,c(9.23102, 45.4742),10.6299127604252,5.54096856926791,10.7
118611691,"1","Centralizzato","Porta Venezia, Indipendenza","Indipendenza",700,4,25,20,c(9.21617, 45.4651),5.74482793601546,5.13871438621027,28.4
122765944,"1","Centralizzato","Bicocca, Niguarda","Bruzzano",650,4,26,25,c(9.16896, 45.5271),6.64128302538293,28.6290163047337,50.1
125691653,"1","Centralizzato","Bicocca, Niguarda","Bignami - Ponale",650,3,9.55882352941176,18.1333333333333,c(9.20737, 45.5257),6.15665840279433,4.78685625149351,82
119372575,"2","Autonomo","Famagosta, Barona","Giambellino",700,5,35,20,c(9.11894, 45.4409),13.5579147047269,0.478883312341897,122.5
124490693,"1","Centralizzato","Città Studi, Susa","Città Studi",400,5,6.15384615384615,10.4,c(9.23553, 45.4795),8.5766513398113,2.11891039505743,11.5
117538533,"1","Centralizzato","Forlanini","Quartiere Forlanini",700,3,10,18.6666666666667,c(9.24403, 45.4561),11.1585020266193,0.410025391367717,46.2
125136909,"3+","Autonomo","Uptown, Cascina Merlata, Viale Certosa","Certosa",700,5,11.6666666666667,9.6,c(9.14914, 45.4901),15.3282664928448,2.88157847871722,30
105240711,"1","Centralizzato","Maggiolina, Istria","Cascina dei Pomi",700,2,12.7272727272727,22,c(9.21201, 45.4995),11.0637102717055,9.35515062822597,41.1
119221981,"1","Centralizzato","San Siro, Trenno","San Siro",650,3,36.1111111111111,18,c(9.14123, 45.4729),7.04794856327594,1.32564497865046,59.8
127149873,"2","Centralizzato","Fiera, Sempione, City Life, Portello","Monte Rosa - Lotto",700,5,35,20,c(9.14604, 45.4828),6.05134961529249,14.1286287415639,44
113634739,"1","Centralizzato","San Siro, Trenno","Gallaratese",690,5,27.6,25,c(9.10303, 45.4986),4.75576290425471,23.0633273906288,70
111715597,"1","Centralizzato","Bicocca, Niguarda","Niguarda",600,3,24,25,c(9.19341, 45.5184),15.8875954263464,1.88001469054458,58.4
121846074,"2","Centralizzato","Maggiolina, Istria","Istria",690,5,46,15,c(9.19353, 45.4985),4.11532524966077,4.00102986878728,47.1
117985963,"1","Centralizzato","San Siro, Trenno","Gallaratese",620,4,6.2,20,c(9.10211, 45.5033),3.80997236324193,22.7443092367791,66.7
113529861,"1","Autonomo","Cenisio, Sarpi, Isola","Farini",700,4,10,14,c(9.18448, 45.4933),7.63760205574222,1.87059764854713,38
111522035,"2","Centralizzato","Affori, Bovisa","Quarto Oggiaro",600,5,24,25,c(9.13101, 45.5089),29.1452078108203,1.26336930942393,35.3
127518972,"1","Centralizzato","San Siro, Trenno","San Siro",700,2,46.6666666666667,15,c(9.1316, 45.4731),6.00304932484981,5.09724032379661,65.8
125818987,"1","Centralizzato","Abbiategrasso, Chiesa Rossa","Gratosoglio",650,2,15.1162790697674,20,c(9.17978, 45.4172),22.4104228526735,5.59774396435415,127.6
122824744,"1","Centralizzato","Precotto, Turro","Precotto",650,1,21.6666666666667,20,c(9.22422, 45.5097),4.05466728543557,6.71230317508081,50.7
122887864,"1","Centralizzato","Affori, Bovisa","Quarto Oggiaro",675,5,5.625,19.2,c(9.13373, 45.51),32.4072156201863,2.40600450859216,33.7
122978020,"1","Centralizzato","Famagosta, Barona","Tre Castelli - Faenza",650,5,10.15625,10.24,c(9.12851, 45.44),3.60443271202746,7.1781127218503,119.1
127364069,"1","Centralizzato","San Siro, Trenno","Gallaratese",645,4,46.0714285714286,14,c(9.10609, 45.5019),5.69334200393361,18.0409374972866,63.1
98419106,"2","Centralizzato","Precotto, Turro","Villa San Giovanni",650,5,54.1666666666667,12,c(9.22585, 45.5232),2.57652799463468,13.3885965609961,72
119782174,"2","Centralizzato","San Siro, Trenno","Gallaratese",650,4,32.5,20,c(9.10815, 45.4958),3.22163448864337,20.0598113144426,65.4
112739665,"1","Centralizzato","Città Studi, Susa","Città Studi",550,3,6.875,21.3333333333333,c(9.23117, 45.4828),6.11649077000346,5.61414737766121,9.2
116573279,"1","Autonomo","Città Studi, Susa","Città Studi",700,3,38.8888888888889,18,c(9.2249, 45.4841),5.64445617309451,8.6243394971349,9.4
100315838,"1","Centralizzato","Uptown, Cascina Merlata, Viale Certosa","Certosa",590,3,39.3333333333333,15,c(9.14796, 45.4937),18.8474307109894,3.34957550344942,23.9
114195951,"1","Centralizzato","Famagosta, Barona","Giambellino",600,5,6.31578947368421,15.2,c(9.12721, 45.4468),4.51313066869819,5.14862816242594,108.3
127137775,"2","Autonomo","San Siro, Trenno","Gallaratese",700,3,35,20,c(9.11686, 45.492),5.2683556513524,19.9508869973885,54.3
121280592,"1","Autonomo","Cimiano, Crescenzago, Adriano","Crescenzago",650,3,46.4285714285714,14,c(9.24571, 45.5079),5.83236124968827,10.4426869529441,53.5
126448083,"1","Centralizzato","Affori, Bovisa","Bovisa",650,3,40.625,16,c(9.16767, 45.503),15.1553515515692,3.02711640038012,14.3
113029795,"1","Centralizzato","Famagosta, Barona","Barona",650,2,10,26,c(9.15505, 45.442),15.7251387691891,9.24226739197604,104.4
126437075,"2","Centralizzato","Centrale, Repubblica","Melchiorre Gioia",650,3,40.625,16,c(9.18813, 45.4637),0.919790396665789,0.416026084754276,53.4
98458470,"1","Centralizzato","Maggiolina, Istria","Istria",670,2,33.5,20,c(9.19245, 45.4986),4.96052968807227,5.16309149157623,46.7
122561482,"1","Centralizzato","Centrale, Repubblica","Buenos Aires",650,4,5.41666666666667,24,c(9.21556, 45.4827),2.65535028924841,8.39177163755316,16.8
102462232,"1","Centralizzato","Solari, Washington","Washington",645,3,53.75,12,c(9.15474, 45.4629),8.68004736964247,6.9596909532692,76.2
124537213,"1","Centralizzato","Affori, Bovisa","Roserio",680,5,8,13.6,c(9.13067, 45.5189),43.312772139874,10.6788357116967,48.5
118859439,"1","Centralizzato","Forlanini","Quartiere Forlanini",650,2,43.3333333333333,15,c(9.24834, 45.4578),12.1322325392998,6.08260584149007,49.2
111384025,"1","Autonomo","Città Studi, Susa","Casoretto",650,2,36.1111111111111,18,c(9.2261, 45.4887),10.3327605047199,13.2353564448914,15.4
126227085,"1","Autonomo","Bicocca, Niguarda","Niguarda",650,3,65,10,c(9.19371, 45.5235),19.3769297010389,2.82944461155893,65.3
125364605,"1","Centralizzato","Città Studi, Susa","Città Studi",700,3,46.6666666666667,15,c(9.23658, 45.4841),1.33191922542402,1.1139360268554,15.3
124965059,"1","Centralizzato","Abbiategrasso, Chiesa Rossa","Pezzotti - Meda",700,4,28,25,c(9.18017, 45.439),15.1359784727842,2.64387377979231,93.2
109669245,"2","Centralizzato","Famagosta, Barona","Giambellino",650,4,32.5,20,c(9.14238, 45.4512),1.16964790752083,4.08417338853757,96.2
125228049,"1","Centralizzato","Uptown, Cascina Merlata, Viale Certosa","Certosa",625,2,9.61538461538462,26,c(9.13185, 45.4958),12.3178828054351,4.49926637433275,35.8
127322163,"2","Centralizzato","Abbiategrasso, Chiesa Rossa","Cermenate - Abbiategrasso",620,4,5.63636363636364,22,c(9.17976, 45.4315),3.93477457708081,0.708519868094011,103.5
123067517,"2","Autonomo","Affori, Bovisa","Bovisa",650,5,6.5,16,c(9.16008, 45.5064),20.9634407006984,9.27758837273239,12
124809971,"1","Centralizzato","Forlanini","Quartiere Forlanini",700,3,50,14,c(9.24286, 45.4594),5.43023875734161,3.17450370187136,41.9
124395893,"1","Centralizzato","Affori, Bovisa","Affori",700,5,7.29166666666667,15.36,c(9.16513, 45.5221),3.94196510148491,32.9605608881856,41.6
120820198,"1","Centralizzato","Abbiategrasso, Chiesa Rossa","Cermenate - Abbiategrasso",650,4,10,13,c(9.18326, 45.4372),14.4088041375137,0.776935156263109,93.3
126935513,"1","Autonomo","Abbiategrasso, Chiesa Rossa","Cermenate - Abbiategrasso",650,2,9.70149253731343,20,c(9.17813, 45.4302),1.03704355766033,1.60650231104668,106.2
122148692,"1","Centralizzato","Solari, Washington","Washington",600,2,24,25,c(9.1516, 45.4575),4.1759392924662,9.38509167382263,83.8
118651467,"1","Centralizzato","Bicocca, Niguarda","Niguarda",650,5,26,25,c(9.19509, 45.5189),14.4484034321537,3.75034359356789,60.1
112653409,"1","Autonomo","Affori, Bovisa","Bovisa",690,4,57.5,12,c(9.15345, 45.5026),31.3782161212439,6.76686396539188,3.7
117673471,"1","Centralizzato","Bicocca, Niguarda","Niguarda",700,3,10.7692307692308,17.3333333333333,c(9.19347, 45.5177),15.373535560027,2.68224779869675,57.4
126255419,"1","Centralizzato","Bicocca, Niguarda","Bignami - Ponale",650,3,10,17.3333333333333,c(9.20737, 45.5257),6.15665840279433,4.78685625149351,82
122543610,"1","Centralizzato","Città Studi, Susa","Città Studi",550,3,6.875,21.3333333333333,c(9.23117, 45.4828),6.11649077000346,5.61414737766121,9.2
123484285,"2","Assente","Bicocca, Niguarda","Bignami - Ponale",600,2,6,20,c(9.20693, 45.523),3.5480877140954,3.25898909397432,76.9
123629221,"2","Autonomo","Famagosta, Barona","Cantalupa - San Paolo",650,4,43.3333333333333,15,c(9.16972, 45.4315),5.43432384840087,10.0616354142081,110.7
127137123,"1","Autonomo","Maggiolina, Istria","Maggiolina",650,3,36.1111111111111,18,c(9.1968, 45.4976),3.10807262088335,2.45982624854361,47.2
126550671,"1","Centralizzato","Forlanini","Quartiere Forlanini",600,3,9.23076923076923,17.3333333333333,c(9.2448, 45.4605),5.97968083960714,6.20280701725376,42.9
121837240,"2","Autonomo","Famagosta, Barona","Cantalupa - San Paolo",650,2,54.1666666666667,12,c(9.1574, 45.4242),13.6600542611583,23.896897988252,129.4
119605331,"2","Centralizzato","Città Studi, Susa","Casoretto",400,3,26.6666666666667,15,c(9.23329, 45.4878),6.45916428654837,6.46105295761691,18.6
117154543,"2","Centralizzato","Bicocca, Niguarda","Niguarda",650,4,36.1111111111111,18,c(9.19513, 45.5219),17.4725697411758,3.54700841704138,64.4
127134517,"1","Centralizzato","Navigli","Navigli - Darsena",700,5,58.3333333333333,12,c(9.16031, 45.4484),12.1116886881481,0.456862407333647,93
124484383,"1","Centralizzato","Abbiategrasso, Chiesa Rossa","Chiesa Rossa",650,2,40.625,16,c(9.17364, 45.427),6.89069620783345,4.43692694854978,114.6
126374163,"1","Centralizzato","Uptown, Cascina Merlata, Viale Certosa","Ghisolfa - Mac Mahon",650,3,9.28571428571429,18.6666666666667,c(9.15777, 45.4941),19.9102714433622,0.369211701456355,21.7
114474883,"2","Centralizzato","Abbiategrasso, Chiesa Rossa","Chiesa Rossa",600,4,5.45454545454545,22,c(9.17152, 45.4267),9.11759229159338,6.98265892037481,115.2
126969477,"1","Centralizzato","Bisceglie, Baggio, Olmi","Bisceglie",630,3,26.25,24,c(9.10434, 45.4577),11.2062858326365,31.5189343537616,109.8
120457966,"1","Centralizzato","San Siro, Trenno","San Siro",600,3,8,20,c(9.134, 45.4735),6.7581434025461,4.83318121401024,62.2
126194087,"1","Centralizzato","Solari, Washington","Solari",650,5,9.28571428571429,11.2,c(9.1706, 45.4563),4.09796974062207,2.3457149533988,77.4
125816789,"2","Centralizzato","Bicocca, Niguarda","Bignami - Ponale",590,4,39.3333333333333,15,c(9.2108, 45.5265),1.75480144550994,1.55869679732994,85
126559501,"1","Autonomo","Affori, Bovisa","Affori",700,3,12.0689655172414,15.4666666666667,c(9.179, 45.5104),8.19957105771837,13.225655814845,33.9
125580891,"1","Centralizzato","Abbiategrasso, Chiesa Rossa","Cermenate - Abbiategrasso",650,3,10,17.3333333333333,c(9.18347, 45.4363),13.2277078925646,2.3132545966015,94.6
120644634,"2","Centralizzato","Città Studi, Susa","Casoretto",700,5,5.83333333333333,19.2,c(9.21838, 45.4863),3.72704593695969,7.66449449519514,17.7
95589058,"1","Centralizzato","Solari, Washington","Washington",695,3,43.4375,16,c(9.15474, 45.4629),8.68004736964247,6.9596909532692,76.2
123624463,"1","Centralizzato","Garibaldi, Moscova, Porta Nuova","Garibaldi - Corso Como",610,4,7.92207792207792,15.4,c(9.18357, 45.485),3.7626330299752,1.43597711038522,48.9
122579856,"2","Centralizzato","Famagosta, Barona","Tre Castelli - Faenza",650,5,5.90909090909091,17.6,c(9.13885, 45.4403),11.1349973534499,6.53496330978011,121
115052767,"1","Centralizzato","Famagosta, Barona","Tre Castelli - Faenza",600,2,20,20,c(9.12914, 45.4408),2.01934789199501,6.88938459681062,117.2
121242812,"1","Centralizzato","Centrale, Repubblica","Buenos Aires",700,3,63.6363636363636,11,c(9.20967, 45.4849),0.767772385176379,0.435273177331454,23.4
125282851,"1","Assente","Cimiano, Crescenzago, Adriano","Cimiano",600,3,30,20,c(9.2379, 45.5022),5.78544271723051,22.3332771603982,41.6
127341499,"2","Assente","Navigli","Bocconi",650,3,7.64705882352941,22.6666666666667,c(9.197, 45.4501),7.96848741068579,1.18540654918868,64.2
126823337,"2","Assente","Porta Romana, Cadore, Montenero","Cadore",650,4,5.90909090909091,22,c(9.2129, 45.4585),16.8997446496797,5.4233260749266,39.5
127019585,NA,"Assente","Famagosta, Barona","Tre Castelli - Faenza",700,5,5.98290598290598,18.72,c(9.1391, 45.4404),11.3934560364859,6.3161079785949,120.7
124736491,"1","Autonomo","Udine, Lambrate","Lambrate",650,4,6.5,20,c(9.2414, 45.4829),7.55631645697703,0.405548619620342,17.4
124736487,"1","Autonomo","Udine, Lambrate","Lambrate",650,4,6.5,20,c(9.2414, 45.4829),7.55631645697703,0.405548619620342,17.4
115232003,"1","Assente","Navigli","Bocconi",700,1,50,14,c(9.1898, 45.4478),14.9782170045152,5.393204186686,72.5
125033853,"2","Assente","Città Studi, Susa","Città Studi",700,4,5.03597122302158,20,c(9.2178, 45.4766),10.5819743704939,4.71701283749523,13.3
115378535,"1","Assente","Bicocca, Niguarda","Bignami - Ponale",650,4,59.0909090909091,11,c(9.2049, 45.5265),8.88590957665697,7.92671743991656,79.2
127061347,"3+","Assente","Centrale, Repubblica","Repubblica",620,5,34.4444444444444,18,c(9.20081, 45.4799),3.58874952399699,3.1723695448391,33.6
126787111,"3+","Assente","Centrale, Repubblica","Repubblica",600,5,33.3333333333333,18,c(9.20081, 45.4799),3.58874952399699,3.1723695448391,33.6
122040750,"1","Assente","Famagosta, Barona","Famagosta",680,2,11.7241379310345,23.2,c(9.171, 45.4409),6.3509176151794,9.386922333669,97.4
126449925,"2","Centralizzato","Famagosta, Barona","Famagosta",650,4,40.625,16,c(9.1611, 45.4373),8.61123075426281,19.0676825314418,111.3
126449923,"2","Centralizzato","Famagosta, Barona","Famagosta",590,4,42.1428571428572,14,c(9.1611, 45.4373),8.61123075426281,19.0676825314418,111.3
126717421,"1","Assente","Bicocca, Niguarda","Bruzzano",600,1,15,20,c(9.1719, 45.531),11.1513183518831,27.0201525989656,56.9
121792160,"2","Assente","Maggiolina, Istria","Maggiolina",600,5,40,15,c(9.2025, 45.4949),9.0157085608886,4.34057893089764,41.7
125867487,"1","Assente","Bicocca, Niguarda","Prato Centenaro",650,2,59.0909090909091,11,c(9.1944, 45.5107),10.1463519586127,4.41179742298818,54.3
87582048,"1","Centralizzato","Ripamonti, Vigentino","Vigentino - Fatima",500,4,5.55555555555556,18,c(9.19856, 45.4334),26.5725479009283,3.18617106023858,88.3
127030421,"1","Centralizzato","Affori, Bovisa","Dergano",700,2,10,20,c(9.18078, 45.5015),7.16259370504743,8.21678817092464,32.3
125986765,"1","Centralizzato","Corvetto, Rogoredo","Corvetto",650,3,40.625,16,c(9.21865, 45.4375),7.68092120662906,22.1326214263611,69.5
127364641,"1","Assente","Città Studi, Susa","Città Studi",690,1,38.3333333333333,18,c(9.21803, 45.4829),3.46872783837594,10.7957662318409,12.7
109752933,"2","Assente","Città Studi, Susa","Argonne - Corsica",670,3,6.7,20,c(9.2311, 45.4625),7.24628760279597,0.43876844223597,28.2
127525100,"1","Assente","Famagosta, Barona","Barona",600,2,17.1428571428571,20,c(9.1565, 45.4453),13.9323844189835,4.11296027592533,101.3
120438084,"1","Autonomo","San Siro, Trenno","Trenno",650,3,34.2105263157895,19,c(9.10001, 45.4941),12.3406854769132,29.8437146086956,77
115080249,"1","Centralizzato","Napoli, Soderini","Tripoli - Soderini",600,2,8.57142857142857,20,c(9.14878, 45.4541),1.12762271858675,5.37064173582445,90.4
125406279,"1","Centralizzato","Affori, Bovisa","Bovisa",470,5,23.5,20,c(9.16536, 45.5026),18.0512869282986,0.195872093764117,11.6
126291095,"1","Centralizzato","Fiera, Sempione, City Life, Portello","Monte Rosa - Lotto",700,2,35,20,c(9.14391, 45.4847),8.68124995299589,12.9391875316915,40
113934667,"2","Autonomo","Cimiano, Crescenzago, Adriano","Ponte Nuovo",600,3,60,10,c(9.23627, 45.5061),12.6216349679568,15.6643178189355,50.5
121489284,"1","Centralizzato","Ripamonti, Vigentino","Vigentino - Fatima",650,3,7.22222222222222,24,c(9.20054, 45.4293),28.3606588186305,2.40771255763581,93.6
121370004,"1","Autonomo","Uptown, Cascina Merlata, Viale Certosa","Certosa",650,2,21.6666666666667,20,c(9.13554, 45.5012),22.5390350795123,4.40154724474499,26.1
119846100,"1","Centralizzato","Bicocca, Niguarda","Bignami - Ponale",650,3,7.22222222222222,24,c(9.20789, 45.5231),2.71075513085915,2.42920616512656,78
119892766,"1","Centralizzato","Bicocca, Niguarda","Bignami - Ponale",600,4,6.66666666666667,18,c(9.20756, 45.5235),3.49061303766593,3.21356578473614,78
103375150,"1","Centralizzato","Centro","Duomo",650,3,7.64705882352941,22.6666666666667,c(9.18813, 45.4637),0.919790396665789,0.416026084754276,53.4
121449896,"2","Assente","Bande Nere, Inganni","Lorenteggio",650,5,7.06521739130435,14.72,c(9.13771, 45.4522),4.77842210179643,8.15222017546512,95.9
113005375,"1","Centralizzato","Città Studi, Susa","Città Studi",670,3,6.7,20,c(9.21723, 45.4846),1.77030185860136,8.26603233800223,15.1
121611266,"1","Autonomo","Città Studi, Susa","Città Studi",650,3,8.125,21.3333333333333,c(9.23333, 45.4858),3.63172515764363,3.86533141948326,15.3
110925423,"1","Centralizzato","Porta Vittoria, Lodi","Lodi - Brenta",600,3,8.57142857142857,18.6666666666667,c(9.21389, 45.4413),6.19574826207414,17.2711432465888,67.4
108917595,"1","Centralizzato","Udine, Lambrate","Lambrate",700,3,53.8461538461538,13,c(9.24905, 45.4729),21.2880192494774,13.951626991209,34.7
116447779,"1","Centralizzato","Bande Nere, Inganni","Inganni",650,2,26,25,c(9.11996, 45.4573),2.80373422480372,25.1408983646047,96.3
123129443,"2","Centralizzato","Bande Nere, Inganni","Gambara",650,3,8.22784810126582,21.0666666666667,c(9.14325, 45.4615),5.92384287244371,12.4540049156785,79
102970372,"2","Centralizzato","Bisceglie, Baggio, Olmi","Quarto Cagnino",600,5,30,20,c(9.11188, 45.472),10.7762873228851,15.2409070487524,87.6
127006727,"1","Centralizzato","Precotto, Turro","Gorla",610,3,38.125,16,c(9.22498, 45.508),4.26326075748666,9.65915166719526,47.3
124191013,"2","Autonomo","Famagosta, Barona","Famagosta",600,3,37.5,16,c(9.16621, 45.4396),5.25226778113641,15.0187967771927,104
122231822,"1","Centralizzato","Ripamonti, Vigentino","Ripamonti - Fondazione Prada",700,5,35,20,c(9.19979, 45.4396),18.2805362224242,0.306464116875088,77.4
127299733,"2","Centralizzato","San Siro, Trenno","Gallaratese",600,1,12,20,c(9.10827, 45.4938),6.04236048127068,22.3426240060415,66.5
124549571,"2","Centralizzato","Abbiategrasso, Chiesa Rossa","Gratosoglio",600,5,40,15,c(9.17391, 45.4151),22.464516809536,1.47600982847278,132.7
121371200,"1","Autonomo","San Siro, Trenno","San Siro",590,2,73.75,8,c(9.12062, 45.472),7.83890110886087,7.71591693815809,80.6
124872679,"2","Centralizzato","Navigli","Navigli - Darsena",700,3,50,14,c(9.17593, 45.4444),10.1055923986821,3.92573383563122,87.6
110695973,"1","Centralizzato","Cenisio, Sarpi, Isola","Cenisio",680,5,34,20,c(9.16782, 45.4893),6.28997268644404,3.04259905062172,36.7
123074223,"1","Centralizzato","Famagosta, Barona","Barona",700,3,41.1764705882353,17,c(9.15435, 45.4422),16.5048176739207,8.77675151010577,104.6
121879834,"1","Autonomo","Pasteur, Rovereto","Pasteur",600,3,33.3333333333333,18,c(9.21877, 45.4909),1.47779591605565,3.56839533709745,24.5
126723485,"1","Autonomo","Abbiategrasso, Chiesa Rossa","Gratosoglio",600,2,5.45454545454545,20,c(9.17391, 45.4173),22.3990362285799,2.42294106560525,131.7
117346253,"1","Centralizzato","Città Studi, Susa","Plebisciti - Susa",650,2,8.125,20,c(9.22335, 45.4675),2.09155147362052,6.03910329247274,19.8
105468977,"1","Centralizzato","San Siro, Trenno","San Siro",690,2,23,20,c(9.14305, 45.474),7.34515578126576,2.47627971577052,57.2
117616871,"1","Centralizzato","Famagosta, Barona","Famagosta",624,3,10.4,16,c(9.17233, 45.4418),6.56781867682521,7.87159221241586,94.6
110589117,"1","Centralizzato","Affori, Bovisa","Vialba",600,2,40,15,c(9.14482, 45.5157),30.3793209260321,16.411940030055,30.2
105932573,"1","Centralizzato","Affori, Bovisa","Quarto Oggiaro",650,5,40.625,16,c(9.14236, 45.5127),35.1711480554504,10.4431718293766,30.1
118070285,"1","Assente","Famagosta, Barona","Famagosta",700,2,46.6666666666667,15,c(9.16609, 45.4374),2.64572031091181,14.8643578903357,106.4
111047043,"2","Centralizzato","Udine, Lambrate","Parco Lambro",633,4,79.125,8,c(9.24432, 45.4921),9.14161454621692,15.8131720580687,35.2
119355293,"1","Centralizzato","Uptown, Cascina Merlata, Viale Certosa","Certosa",630,4,48.4615384615385,13,c(9.15137, 45.4931),20.4447923679231,0.267234259724398,24
123682543,"1","Autonomo","Famagosta, Barona","Tre Castelli - Faenza",600,4,8,15,c(9.14226, 45.4439),12.7867998975875,1.55786779948169,111.3
120746852,"1","Centralizzato","Uptown, Cascina Merlata, Viale Certosa","Certosa",700,2,43.75,16,c(9.14592, 45.4957),19.9893777157575,2.98881973077851,19.9
114725021,"1","Centralizzato","Fiera, Sempione, City Life, Portello","Sempione",600,2,42.8571428571428,14,c(9.15466, 45.4832),5.92521917573169,6.62834493407054,42.3
125372391,"1","Centralizzato","Forlanini","Quartiere Forlanini",600,3,5.21739130434783,20,c(9.24199, 45.4584),6.54835342143013,1.2794860912809,42.7
110227025,"1","Centralizzato","Cimiano, Crescenzago, Adriano","Cimiano",700,3,8.75,21.3333333333333,c(9.23648, 45.4995),5.22882923140654,25.482501841854,37.5
126384705,NA,"Centralizzato","Uptown, Cascina Merlata, Viale Certosa","Certosa",650,NA,32.5,20,c(9.14524, 45.5009),27.6819132327863,0.836045718926585,14
123224761,"2","Centralizzato","Bicocca, Niguarda","Prato Centenaro",650,5,5.65217391304348,18.4,c(9.19707, 45.5083),5.26305302119961,2.2400249441499,55.5
119745596,"1","Centralizzato","Porta Vittoria, Lodi","Bologna - Sulmona",590,3,7.375,21.3333333333333,c(9.22518, 45.4436),5.97593574685899,13.1084742032493,57.5
122300768,"1","Autonomo","Navigli","Ascanio Sforza",700,3,7,20,c(9.17736, 45.4458),12.3158211046409,2.39718901104017,84.6
126477313,"1","Centralizzato","Cimiano, Crescenzago, Adriano","Cimiano",650,4,43.3333333333333,15,c(9.24008, 45.4992),1.02750654523609,25.3318435764987,39.5
120878016,"1","Centralizzato","Famagosta, Barona","Tre Castelli - Faenza",600,2,30,20,c(9.12969, 45.441),1.43848202442841,6.44516461720185,116.6
114452857,"1","Centralizzato","Famagosta, Barona","Tre Castelli - Faenza",650,5,5.41666666666667,19.2,c(9.13718, 45.4402),9.21737171003431,7.32608198673738,122.3
126207469,"1","Autonomo","Abbiategrasso, Chiesa Rossa","Pezzotti - Meda",600,1,10,20,c(9.17863, 45.4392),13.4197385375381,1.47871055511611,93.1
96229014,"1","Autonomo","Abbiategrasso, Chiesa Rossa","Pezzotti - Meda",600,3,10,16,c(9.18149, 45.4417),17.1889165086827,2.15933478532579,87.4
114961007,"1","Autonomo","Cenisio, Sarpi, Isola","Farini",700,2,10.7692307692308,26,c(9.18448, 45.4933),7.63760205574222,1.87059764854713,38
123093123,"1","Centralizzato","Cenisio, Sarpi, Isola","Farini",600,NA,30,20,c(9.17347, 45.4965),14.2360588571963,2.59516381992399,23.9
123748617,"1","Centralizzato","Pasteur, Rovereto","Parco Trotter",670,3,33.5,20,c(9.2271, 45.4918),11.3155669572302,13.5437111967942,21
119118401,"1","Centralizzato","San Siro, Trenno","Gallaratese",630,3,7,24,c(9.10499, 45.5009),4.21751036588394,19.652964740824,72.1
110214115,"1","Centralizzato","Bande Nere, Inganni","Piazzale Siena",650,3,46.4285714285714,14,c(9.13237, 45.4674),11.3431771419913,14.9917951562777,72.9
120467896,"1","Centralizzato","Uptown, Cascina Merlata, Viale Certosa","Certosa",650,5,5.90909090909091,17.6,c(9.15299, 45.4962),25.9597584364313,2.15929179280269,17.6
117268441,"1","Centralizzato","San Siro, Trenno","Monte Stella",700,2,38.8888888888889,18,c(9.14385, 45.4855),8.36021929479943,11.7066819989698,38.7
127241045,"1","Centralizzato","Affori, Bovisa","Bovisa",635,3,25.4,25,c(9.16839, 45.499),17.7260488067401,1.00061815650183,17.9
118152583,"1","Autonomo","San Siro, Trenno","San Carlo",700,2,11.6666666666667,24,c(9.10908, 45.4609),10.6270470768386,31.3503120980954,101.4
112467449,"1","Centralizzato","Centrale, Repubblica","Buenos Aires",700,5,8.75,12.8,c(9.20961, 45.4849),0.74104471467404,0.403703122354201,23.4
127573102,"1","Centralizzato","Cimiano, Crescenzago, Adriano","Ponte Nuovo",650,3,43.3333333333333,15,c(9.24493, 45.5109),11.022702233879,5.28694218676186,61
126379047,"1","Centralizzato","Centrale, Repubblica","Morgagni",700,2,7.60869565217391,20,c(9.217, 45.4763),10.1832650182154,4.48074071667102,14
124352885,"1","Centralizzato","Napoli, Soderini","Piazza Napoli",700,4,35,20,c(9.15216, 45.4538),2.92212996836731,3.13562541050896,90.2
122798510,"2","Centralizzato","Genova, Ticinese","Ticinese",700,4,35,20,c(9.18618, 45.4529),6.64323832696398,1.67638017471534,67.9
126742239,"1","Autonomo","Città Studi, Susa","Città Studi",700,2,15.5555555555556,20,c(9.22908, 45.4684),3.49581282441478,4.47015084266024,18.3
122047226,"2","Centralizzato","Affori, Bovisa","Roserio",650,1,32.5,20,c(9.13218, 45.5182),42.0901738068161,10.9970185633212,46.2
125815569,"1","Centralizzato","Precotto, Turro","Turro",650,2,32.5,20,c(9.22125, 45.5011),1.17362373045125,12.4256330259659,37
114211411,"1","Centralizzato","Precotto, Turro","Turro",680,4,34,20,c(9.22084, 45.4994),1.826346335791,9.69185387637349,34.3
115269371,"1","Autonomo","Affori, Bovisa","Quarto Oggiaro",600,2,8.69565217391304,20,c(9.13432, 45.5083),30.3054371769441,0.533425285083669,31.3
99655086,"2","Autonomo","Porta Vittoria, Lodi","Martini - Insubria",700,3,50,14,c(9.21882, 45.451),12.2555251223434,1.66802505154393,48.5
125416819,"1","Centralizzato","Ripamonti, Vigentino","Ripamonti - Fondazione Prada",600,3,30,20,c(9.19548, 45.4396),22.410784292948,5.37786636905246,82.1
101487681,"1","Centralizzato","Famagosta, Barona","Famagosta",700,5,7.77777777777778,14.4,c(9.16207, 45.437),7.40063827753085,19.6726541219489,110.2
122815196,"1","Centralizzato","San Siro, Trenno","Gallaratese",620,3,5.63636363636364,20,c(9.10447, 45.5001),3.99178538933759,20.5946005600842,68.7
114489909,"1","Autonomo","Maggiolina, Istria","Maggiolina",700,4,5.83333333333333,24,c(9.19835, 45.5013),0.733047429967671,0.638172768902755,51.3
123983041,NA,"Centralizzato","Cenisio, Sarpi, Isola","Zara",620,NA,31,20,c(9.19417, 45.4933),1.90571606282258,2.82205536448153,44.3
127252333,"1","Autonomo","Uptown, Cascina Merlata, Viale Certosa","Certosa",600,3,6,20,c(9.1516, 45.4954),24.0911743944823,2.62361039208393,19.4
116287491,"1","Centralizzato","Abbiategrasso, Chiesa Rossa","Pezzotti - Meda",400,2,6.15384615384615,26,c(9.18519, 45.4383),17.2745461534353,2.36322673347709,90.8
126258741,"1","Centralizzato","Ripamonti, Vigentino","Vigentino - Fatima",595,2,42.5,14,c(9.20276, 45.4289),30.7827566320276,0.396520477193956,93.9
123115881,"2","Assente","Bande Nere, Inganni","Primaticcio",650,5,5.90909090909091,17.6,c(9.12962, 45.458),2.51863908241582,21.5165581005672,89.1
119332581,"1","Autonomo","Famagosta, Barona","Tre Castelli - Faenza",700,3,14,20,c(9.14487, 45.4408),18.2534141959064,7.47815688973881,115.1
118325819,"1","Centralizzato","Corvetto, Rogoredo","Corvetto",650,4,32.5,20,c(9.22711, 45.4387),4.8191808428037,21.8074532061788,65.7
114654019,"2","Centralizzato","Bicocca, Niguarda","Niguarda",610,5,24.4,25,c(9.18351, 45.5148),11.8328099245153,9.53187980300988,44.1
122176332,"1","Centralizzato","Pasteur, Rovereto","Pasteur",700,3,25,20,c(9.21068, 45.4892),6.92547381584883,3.04748917183645,26
123523223,"1","Centralizzato","Cimiano, Crescenzago, Adriano","Crescenzago",690,2,34.5,20,c(9.24087, 45.5045),8.42363715239536,17.2821043857156,46.2
125098113,"1","Autonomo","Centro","Brera",600,3,30,20,c(9.18506, 45.4698),4.38207487602691,0.600246563099984,54.7
120958270,"2","Centralizzato","Navigli","Navigli - Darsena",700,3,43.75,16,c(9.17593, 45.4444),10.1055923986821,3.92573383563122,87.6
122678866,NA,"Centralizzato","Affori, Bovisa","Bovisa",600,NA,30,20,c(9.17047, 45.4982),16.8803054665151,2.05191469491646,20.8
125779909,"2","Autonomo","Cenisio, Sarpi, Isola","Farini",650,5,21.6666666666667,20,c(9.18568, 45.4974),0.941977452118795,0.166145928575028,36.9
120745886,"1","Centralizzato","Ripamonti, Vigentino","Ripamonti - Fondazione Prada",600,2,10.5263157894737,22.8,c(9.21477, 45.444),5.048021058143,12.8111051528959,64.5
110134027,"1","Centralizzato","Città Studi, Susa","Argonne - Corsica",680,5,42.5,16,c(9.23277, 45.4657),4.28713691523593,6.05576785768897,25.2
126801707,"1","Autonomo","San Siro, Trenno","San Siro",650,4,32.5,20,c(9.13565, 45.4685),10.9224338259308,10.9052800945011,68.8
121805560,NA,"Centralizzato","Cimiano, Crescenzago, Adriano","Cimiano",650,NA,43.3333333333333,15,c(9.23867, 45.4958),6.97064220192225,19.2448857524527,35.2
125101361,"1","Assente","Cenisio, Sarpi, Isola","Paolo Sarpi",700,2,28,25,c(9.17035, 45.4815),6.82829058578299,2.89317069007593,47.5
118792123,"3","Centralizzato","Maggiolina, Istria","Cascina dei Pomi",620,5,38.75,16,c(9.2086, 45.4985),14.057674820727,11.0229753719593,42
122498006,"1","Centralizzato","Abbiategrasso, Chiesa Rossa","Pezzotti - Meda",600,1,13.3333333333333,20,c(9.17606, 45.4427),10.3547211453823,3.66839556547978,89.4
119057253,"1","Centralizzato","Affori, Bovisa","Comasina",650,5,32.5,20,c(9.16543, 45.5267),3.2445277076443,32.8131407513282,49.4
124173747,"1","Centralizzato","Maggiolina, Istria","Maggiolina",610,3,30.5,20,c(9.19881, 45.5007),1.90265541496597,1.80661741345389,49.7
125988715,"2","Centralizzato","Bicocca, Niguarda","Niguarda",650,5,32.5,20,c(9.18996, 45.5163),18.9606684954251,3.63468834987625,53.9
118189265,"1","Centralizzato","Città Studi, Susa","Città Studi",600,1,8.82352941176471,20,c(9.23131, 45.4696),2.7036042246304,2.49748846270819,18.4
122628826,"2","Centralizzato","Bande Nere, Inganni","Piazzale Siena",650,4,54.1666666666667,12,c(9.12885, 45.4652),10.0120840137767,18.8418757036624,77.3
123860527,"2","Centralizzato","Famagosta, Barona","Giambellino",600,4,37.5,16,c(9.14744, 45.4528),1.71999948052867,4.05079686517036,93.6
125723827,NA,"Centralizzato","Cenisio, Sarpi, Isola","Cenisio",650,NA,34.2105263157895,19,c(9.1657, 45.4923),11.599242146967,5.27432296383909,33.2
127125729,"1","Centralizzato","Affori, Bovisa","Bovisa",700,3,28,25,c(9.16693, 45.4995),18.6266719147332,2.87915145396187,16
127135235,"3","Centralizzato","San Siro, Trenno","Gallaratese",590,5,49.1666666666667,12,c(9.1074, 45.4974),3.38763865939503,19.1738958544146,65.3
122163520,"1","Autonomo","Affori, Bovisa","Bovisasca",600,4,8,15,c(9.15421, 45.5165),19.3111543480721,25.5670901523095,33.2
114593661,"2","Centralizzato","Abbiategrasso, Chiesa Rossa","Chiesa Rossa",690,5,13.8,20,c(9.17472, 45.4284),4.23206067464189,3.69889870998889,113.2
126965497,"1","Centralizzato","Famagosta, Barona","Tre Castelli - Faenza",660,3,33,20,c(9.14852, 45.4369),23.6507606481316,15.3406725492394,116.8
119427595,NA,"Centralizzato","Ripamonti, Vigentino","Ripamonti - Fondazione Prada",600,NA,24,25,c(9.19591, 45.439),22.5842256588647,5.02363763508347,82.8
120031624,"1","Autonomo","Abbiategrasso, Chiesa Rossa","Pezzotti - Meda",600,5,10,9.6,c(9.18145, 45.4411),17.3849715284937,2.11766875938954,88.3
120832222,"1","Autonomo","Bande Nere, Inganni","Piazzale Siena",650,4,16.25,20,c(9.12859, 45.4631),6.41172134029726,22.4892483938503,80.7
108718781,"2","Autonomo","Cenisio, Sarpi, Isola","Farini",600,2,24,25,c(9.17022, 45.4962),15.3619721729974,1.40102539848019,21.6
126547415,"1","Centralizzato","San Siro, Trenno","Gallaratese",600,5,5.45454545454545,17.6,c(9.11154, 45.4935),6.35796302389437,20.2700998599521,63.6
103821869,"1","Autonomo","Abbiategrasso, Chiesa Rossa","Pezzotti - Meda",700,2,35,20,c(9.18103, 45.4435),16.2669429719685,2.48955761519299,84.7
114738383,"2","Centralizzato","Famagosta, Barona","Cantalupa - San Paolo",650,5,32.5,20,c(9.17135, 45.435),5.11120911569461,8.07901317712115,103.9
123973955,"1","Centralizzato","Città Studi, Susa","Città Studi",700,2,41.1764705882353,17,c(9.23526, 45.4815),5.12717223907742,1.35658983251136,11.1
122437158,"1","Assente","Uptown, Cascina Merlata, Viale Certosa","Ghisolfa - Mac Mahon",680,2,9.71428571428571,20,c(9.15484, 45.4924),19.8921116230366,2.73721800444985,25.4
113034265,"1","Centralizzato","Famagosta, Barona","Barona",650,3,54.1666666666667,12,c(9.15483, 45.4422),15.9271219799821,8.86751658311007,104.3
125510571,"1","Centralizzato","Abbiategrasso, Chiesa Rossa","Pezzotti - Meda",700,1,77.7777777777778,9,c(9.18328, 45.4405),19.512540962974,0.283679875692721,88.2
122666554,"2","Centralizzato","Affori, Bovisa","Dergano",700,4,70,10,c(9.17358, 45.4978),13.9529531780489,3.76905326395267,27.1
127291097,"1","Centralizzato","Cimiano, Crescenzago, Adriano","Crescenzago",600,2,9.23076923076923,26,c(9.25282, 45.5108),9.53829945670011,10.400598748474,62.5
114058705,NA,"Centralizzato","Ripamonti, Vigentino","Vigentino - Fatima",650,NA,22.4137931034483,20,c(9.20052, 45.4358),22.7827291595818,1.21957700224766,83.1
122951460,"1","Autonomo","Cimiano, Crescenzago, Adriano","Quartiere Adriano",650,3,5.90909090909091,20,c(9.23666, 45.5136),14.4965951899658,3.72002738656917,67.5
125662661,"1","Centralizzato","Corvetto, Rogoredo","Corvetto",450,4,5.29411764705882,17,c(9.22253, 45.4338),11.1880609396565,25.7168072163083,73.5
123093989,"2","Centralizzato","Bicocca, Niguarda","Ca' Granda",680,5,56.6666666666667,12,c(9.19956, 45.5069),1.98897109829597,0.642781271885888,57.3
112990193,NA,"Autonomo","Abbiategrasso, Chiesa Rossa","Pezzotti - Meda",625,NA,31.25,20,c(9.17593, 45.4381),9.74244890413025,2.95612697042094,97.3
74625460,"1","Autonomo","Abbiategrasso, Chiesa Rossa","Pezzotti - Meda",650,2,43.3333333333333,15,c(9.18103, 45.4435),16.2669429719685,2.48955761519299,84.7
118013885,"1","Centralizzato","Cimiano, Crescenzago, Adriano","Cimiano",680,2,34,20,c(9.24187, 45.501),2.86238819090661,22.8328479531108,43
112427977,NA,"Centralizzato","Maggiolina, Istria","Maggiolina",600,NA,24,25,c(9.20109, 45.4964),7.46152533583261,5.2188255396114,42.8
125733623,"1","Assente","Cimiano, Crescenzago, Adriano","Cimiano",600,2,10,24,c(9.24471, 45.5074),5.76359529434017,11.3478582465243,52.1
124272943,"2","Centralizzato","Cimiano, Crescenzago, Adriano","Crescenzago",590,5,10.7272727272727,8.8,c(9.25154, 45.5097),9.56833746848621,10.3607363391861,61.1
116193241,"2","Centralizzato","Bicocca, Niguarda","Ca' Granda",600,5,40,15,c(9.19956, 45.5069),1.98897109829597,0.642781271885888,57.3
110474025,NA,"Centralizzato","Fiera, Sempione, City Life, Portello","Sempione",700,NA,14,20,c(9.15907, 45.4868),9.98490945141332,1.3171205279877,36.8
114071975,"1","Centralizzato","Affori, Bovisa","Dergano",600,2,10,24,c(9.17503, 45.5024),7.76331121391678,9.01551260679153,24.5
119018715,NA,"Autonomo","Pasteur, Rovereto","Pasteur",650,NA,9.28571428571429,NA,c(9.21371, 45.4893),5.4198408826809,1.07449977731153,25.2
126267623,"1","Centralizzato","Cimiano, Crescenzago, Adriano","Cimiano",600,2,40,15,c(9.24008, 45.4992),1.02750654523609,25.3318435764987,39.5
123010485,"1","Centralizzato","Cimiano, Crescenzago, Adriano","Crescenzago",440,2,8,22,c(9.24633, 45.502),5.25584947827872,20.6899513683952,47.1
124684247,"2","Centralizzato","Bicocca, Niguarda","Niguarda",700,2,46.6666666666667,15,c(9.20168, 45.5164),5.33439322519896,5.00968330832439,65.8
118685451,"2","Centralizzato","Bicocca, Niguarda","Bicocca",670,4,6.7,20,c(9.20501, 45.5134),2.3497887489013,2.54492222048943,67.4
127252603,NA,"Centralizzato","Famagosta, Barona","Barona",600,NA,30,20,c(9.15466, 45.4407),16.7578083719693,11.2435689755316,106.7
121762306,NA,"Centralizzato","Napoli, Soderini","Piazza Napoli",680,NA,45.3333333333333,15,c(9.15073, 45.4521),4.26628036630909,1.18732942717121,93.8
122084980,"1","Centralizzato","Solari, Washington","Washington",700,3,46.6666666666667,15,c(9.15323, 45.4628),7.74927685489109,7.33427385995114,77
114260519,"1","Centralizzato","Cimiano, Crescenzago, Adriano","Crescenzago",600,2,10.9090909090909,22,c(9.24039, 45.5042),8.08818481997771,17.9687991700157,45.5
127105389,"1","Centralizzato","Ripamonti, Vigentino","Ripamonti - Fondazione Prada",650,2,32.5,20,c(9.19283, 45.4462),15.6744089348626,6.3160373895734,72.7
124048519,"1","Centralizzato","San Siro, Trenno","Gallaratese",700,2,38.8888888888889,18,c(9.10347, 45.4974),6.88959372589312,23.3818710054181,68.9
120179006,"1","Autonomo","Abbiategrasso, Chiesa Rossa","Pezzotti - Meda",670,5,22.3333333333333,20,c(9.18221, 45.4394),17.3263753346976,2.46149914558082,90.9
108991059,"1","Centralizzato","Maggiolina, Istria","Cascina dei Pomi",400,3,25,16,c(9.20956, 45.4954),12.102845859935,7.98669244583426,36.6
124974917,"1","Centralizzato","Forlanini","Quartiere Forlanini",700,5,10,11.2,c(9.24403, 45.4561),11.1585020266193,0.410025391367717,46.2
122558604,"1","Centralizzato","Precotto, Turro","Gorla",600,3,37.5,16,c(9.22494, 45.5051),3.32189584283409,14.6792121809443,43.2
118598113,"2","Autonomo","Affori, Bovisa","Affori",350,1,13.4615384615385,26,c(9.1689, 45.5097),9.07712110248288,13.2347721920914,24.6
125275777,"1","Centralizzato","Precotto, Turro","Turro",600,NA,30,20,c(9.2454, 45.5067),4.29649590941258,12.5202267134896,53.3
126632873,NA,"Centralizzato","Bicocca, Niguarda","Bignami - Ponale",680,NA,34,20,c(9.20657, 45.5249),6.14537332890237,5.87972169730037,80.3
126646059,"1","Centralizzato","Bicocca, Niguarda","Bicocca",600,2,60,10,c(9.21399, 45.5085),11.3259475635836,8.52924401095327,58.1
90942158,"2","Centralizzato","Navigli","Corso San Gottardo",650,5,46.4285714285714,14,c(9.18616, 45.4478),15.1422928256887,1.70769448015231,75.4
125228053,NA,"Centralizzato","Affori, Bovisa","Dergano",700,NA,35,20,c(9.18753, 45.5036),10.272258952701,2.09434474788814,40.2
121845372,"1","Centralizzato","Abbiategrasso, Chiesa Rossa","Cermenate - Abbiategrasso",650,2,32.5,20,c(9.17906, 45.4362),10.9290563677128,1.98064117284433,98.5
120548886,"1","Centralizzato","Ripamonti, Vigentino","Ripamonti - Fondazione Prada",650,4,43.3333333333333,15,c(9.19574, 45.4383),23.4923430110477,5.65493360634517,83.9
119111899,NA,"Assente","San Siro, Trenno","San Siro",350,NA,7,NA,c(9.1415, 45.4699),8.83701370251314,4.38797275426788,64.3
93956400,NA,"Centralizzato","Città Studi, Susa","Città Studi",650,NA,43.3333333333333,15,c(9.22474, 45.4693),2.16801951339468,2.85009882970691,15.7
121038370,"1","Autonomo","Abbiategrasso, Chiesa Rossa","Cermenate - Abbiategrasso",600,4,60,10,c(9.17265, 45.4313),6.12188199747314,6.76787428036661,107.2
127021551,"1","Centralizzato","Precotto, Turro","Turro",667,3,7.41111111111111,24,c(9.22125, 45.5011),1.17362373045125,12.4256330259659,37
108968973,"1","Centralizzato","Solari, Washington","Solari",700,3,70,10,c(9.16513, 45.4558),5.81745335897645,1.28478123359939,82.4
118836965,"1","Centralizzato","Abbiategrasso, Chiesa Rossa","Chiesa Rossa",650,5,36.1111111111111,18,c(9.17734, 45.4292),1.41096296964994,0.215271881002338,108.3
127070817,"1","Centralizzato","Affori, Bovisa","Affori",700,4,58.3333333333333,12,c(9.17738, 45.5152),5.05840618219797,17.0329822917854,41.7
117294665,"1","Centralizzato","Precotto, Turro","Turro",650,3,6.84210526315789,25.3333333333333,c(9.22141, 45.5024),3.42113710601363,14.4989008704892,39.1
111801097,"1","Centralizzato","Navigli","Ascanio Sforza",650,4,32.5,20,c(9.1767, 45.4453),11.3091982357964,3.31970579036202,85.7
99815550,NA,"Centralizzato","Ripamonti, Vigentino","Vigentino - Fatima",600,NA,30,20,c(9.20618, 45.4279),29.8466226814834,4.91545759074926,93.8
122528728,"1","Centralizzato","Porta Vittoria, Lodi","Martini - Insubria",700,4,6.36363636363636,22,c(9.21991, 45.4558),19.1933883344881,3.35586932956523,40.6
122005106,"1","Centralizzato","Cenisio, Sarpi, Isola","Cenisio",600,4,30,20,c(9.16901, 45.4886),4.43443591657269,1.77321166828093,38.9
125585077,"1","Centralizzato","Affori, Bovisa","Dergano",650,3,8.125,21.3333333333333,c(9.18753, 45.5036),10.272258952701,2.09434474788814,40.2
122763906,"1","Centralizzato","Uptown, Cascina Merlata, Viale Certosa","Certosa",700,4,6.36363636363636,22,c(9.14327, 45.4959),18.7553836127295,0.619005352618922,23
125878079,NA,"Centralizzato","Arco della Pace, Arena, Pagano","Arco della Pace",600,NA,33.3333333333333,18,c(9.16836, 45.476),12.2065543242394,3.38847921689637,56.9
112427975,"1","Centralizzato","Cenisio, Sarpi, Isola","Cenisio",650,2,5.90909090909091,20,c(9.15994, 45.4888),11.1169103477164,2.54093016682565,32.6
127062723,"2","Centralizzato","Città Studi, Susa","Città Studi",650,3,26,25,c(9.2349, 45.4716),7.07601578227862,1.80396097308632,18
126416911,NA,"Centralizzato","Città Studi, Susa","Città Studi",670,NA,44.6666666666667,15,c(9.23239, 45.4727),7.99507895194227,3.18055181812571,14.3
122436460,"1","Centralizzato","Città Studi, Susa","Città Studi",700,3,10,18.6666666666667,c(9.23495, 45.4856),2.15057464151801,2.15952296189909,16
126430495,"1","Centralizzato","Cenisio, Sarpi, Isola","Cenisio",600,5,37.5,16,c(9.16924, 45.4888),4.36086133226164,2.15042172566595,39.2
117116301,NA,"Centralizzato","Uptown, Cascina Merlata, Viale Certosa","Certosa",695,NA,8.6875,NA,c(9.15158, 45.4932),20.6311047560728,0.254680132533135,23.7
127226497,"1","Assente","Affori, Bovisa","Bovisa",600,4,6,20,c(9.1507, 45.5),29.4228803147386,1.44967558233976,11.4
125068387,"2","Assente","Città Studi, Susa","Argonne - Corsica",600,4,40,15,c(9.2282, 45.4642),7.81251108764518,3.3304285962389,24.2
127285851,"1","Assente","Napoli, Soderini","Piazza Napoli",670,4,7.88235294117647,17,c(9.1521, 45.4535),3.4304446438208,2.71420192066064,90.7
127065645,"1","Assente","Centrale, Repubblica","Buenos Aires",600,4,6,20,c(9.2127, 45.4837),3.9844270088188,4.6167409795828,19.6
114458497,"1","Assente","Precotto, Turro","Turro",700,3,8.75,21.3333333333333,c(9.2215, 45.5016),2.09126980988848,13.3281551140955,37.6
118041683,"1","Assente","Porta Romana, Cadore, Montenero","Porta Romana - Medaglie d'Oro",700,3,8.23529411764706,22.6666666666667,c(9.2088, 45.4486),3.90449633588673,9.16794293249414,54.9
126491775,"1","Assente","Abbiategrasso, Chiesa Rossa","Chiesa Rossa",590,3,8.42857142857143,18.6666666666667,c(9.1853, 45.4338),11.7401208418127,2.30269892763491,96.3
123046745,"1","Assente","Udine, Lambrate","Quartiere Feltre",620,3,6.88888888888889,24,c(9.2454, 45.491),10.411730511628,15.1399017723105,33.2
125603975,"1","Assente","Famagosta, Barona","Giambellino",700,2,35,20,c(9.1427, 45.4509),1.7266517012434,3.47290780920367,96.9
125717965,"1","Assente","Maggiolina, Istria","Maggiolina",600,3,7.05882352941176,22.6666666666667,c(9.2065, 45.4945),10.6311823778563,5.15955017124141,37.8
122852676,"1","Assente","Solari, Washington","Solari",600,4,7.5,16,c(9.1588, 45.4523),8.70219599631164,2.72911166536257,91.2
127598646,"1","Assente","Pasteur, Rovereto","Pasteur",650,4,7.22222222222222,18,c(9.2161, 45.4897),2.45018294230765,2.10644773100751,25.2
125265919,"1","Assente","Città Studi, Susa","Argonne - Corsica",600,4,50,12,c(9.23, 45.464),7.47847943381601,3.11010244852852,25
114857925,"2","Centralizzato","Affori, Bovisa","Bovisa",650,5,36.1111111111111,18,c(9.16158, 45.5037),22.1535748881687,4.97974890851435,7.9
101628643,"1","Assente","Città Studi, Susa","Argonne - Corsica",610,3,6.77777777777778,24,c(9.2336, 45.4671),2.68780034149018,6.58320686944259,24.1
126478863,"1","Assente","Porta Vittoria, Lodi","Lodi - Brenta",650,3,9.70149253731343,17.8666666666667,c(9.2172, 45.4432),1.77510303956556,12.871493247543,63.7
98209254,"1","Assente","Navigli","Ascanio Sforza",700,4,31.8181818181818,22,c(9.1788, 45.4467),14.4834195018302,1.39969358567583,82.5
127598570,"1","Assente","Pasteur, Rovereto","Pasteur",650,4,7.22222222222222,18,c(9.2161, 45.4897),2.45018294230765,2.10644773100751,25.2
124895987,"1","Assente","Solari, Washington","Solari",700,4,8.75,16,c(9.1581, 45.452),8.38996187693591,3.30453007965723,92
127615878,"1","Assente","Famagosta, Barona","Famagosta",650,3,8.66666666666667,20,c(9.1594, 45.437),10.6577755079254,18.9118624885863,112.2
127101837,"1","Assente","Pasteur, Rovereto","Pasteur",650,4,7.22222222222222,18,c(9.2137, 45.4893),5.43141129488871,1.08270595788127,25.2
127254203,"1","Assente","Solari, Washington","Solari",625,3,36.7647058823529,17,c(9.1552, 45.4556),2.56935725458662,5.14590365528066,89.6
126418389,"2","Assente","Uptown, Cascina Merlata, Viale Certosa","Musocco",700,2,15.5555555555556,20,c(9.1252, 45.5022),15.6278765177459,0.715424516988072,39.3
127536862,"1","Centralizzato","Città Studi, Susa","Città Studi",650,5,8.125,12.8,c(9.22749, 45.4712),6.31884964220994,0.856063601623473,12.4
127536560,"2","Centralizzato","Forlanini","Quartiere Forlanini",600,4,40,15,c(9.24722, 45.4577),11.1856995002282,5.02172581127741,47.6
127528192,"1","Autonomo","San Siro, Trenno","San Siro",700,2,5.83333333333333,20,c(9.14317, 45.4752),6.18115143927842,3.69490845207685,54.9
127508978,"1","Centralizzato","Famagosta, Barona","Cantalupa - San Paolo",600,4,40,15,c(9.17185, 45.436),4.78982860965442,7.62105082658634,102.2
127486414,NA,"Assente","Cimiano, Crescenzago, Adriano","Crescenzago",700,NA,12.7272727272727,NA,c(9.24174, 45.5036),7.13375268071059,18.4716745838525,46.3
127442464,"1","Centralizzato","Napoli, Soderini","Piazza Napoli",650,4,7.22222222222222,18,c(9.15014, 45.4531),2.73479091497305,3.06174857008746,92
127439140,"2","Centralizzato","Uptown, Cascina Merlata, Viale Certosa","Certosa",650,3,8.44155844155844,20.5333333333333,c(9.15089, 45.4941),21.9572983203554,1.56211933195667,22.6
127422649,"1","Centralizzato","Precotto, Turro","Turro",590,1,29.5,20,c(9.22142, 45.5025),3.59433866898337,14.6594394247843,39.2
127422503,"2","Autonomo","Porta Romana, Cadore, Montenero","Cadore",650,5,65,10,c(9.21379, 45.4585),17.419929121509,4.9662915197651,38.7
127413681,"1","Centralizzato","Cenisio, Sarpi, Isola","Paolo Sarpi",670,3,33.5,20,c(9.16846, 45.4813),5.90433486034199,1.17945306968692,47.5
127293753,"1","Autonomo","Affori, Bovisa","Bovisa",650,4,54.1666666666667,12,c(9.16325, 45.5026),20.5308496330932,2.49392628824307,9
120443142,"1","Centralizzato","Bicocca, Niguarda","Prato Centenaro",700,3,35,20,c(9.19924, 45.5109),6.74076198066669,4.9252956132288,60.5
127096923,"2","Centralizzato","Cimiano, Crescenzago, Adriano","Cimiano",700,5,58.3333333333333,12,c(9.23793, 45.4926),2.39376235834945,13.6285163017261,30
126991441,"1","Centralizzato","Bicocca, Niguarda","Prato Centenaro",600,3,40,15,c(9.19744, 45.5114),8.48702800666334,6.85884090495483,58.9
124772219,"2","Assente","Navigli","Navigli - Darsena",620,4,41.3333333333333,15,c(9.1605, 45.4463),9.84657551828326,4.05709254232081,96.4
127296909,"1","Assente","San Siro, Trenno","Gallaratese",700,4,50,14,c(9.1018, 45.5009),0.515321009812671,23.4716453581887,72.3
115823801,"2","Centralizzato","Porta Vittoria, Lodi","Lodi - Brenta",700,3,31.8181818181818,22,c(9.21702, 45.4433),2.04829327757936,12.7712270144039,64
127561786,"1","Assente","Navigli","Navigli - Darsena",700,3,10.4477611940298,17.8666666666667,c(9.1611, 45.4457),8.74432194189159,5.17726561951045,96.4
127662884,"1","Assente","Ripamonti, Vigentino","Vigentino - Fatima",700,4,8.23529411764706,17,c(9.2043, 45.4345),22.5036657416754,4.08425751356908,83.6
118246431,"1","Assente","Napoli, Soderini","Tripoli - Soderini",700,4,7.14285714285714,19.6,c(9.1478, 45.4572),6.09021792022453,10.717651046772,85.2
121736128,"3","Assente","San Siro, Trenno","Monte Stella",630,5,5.25,19.2,c(9.1416, 45.4873),6.00348278766242,10.5782908720674,40.4
127253857,"1","Assente","Ripamonti, Vigentino","Vigentino - Fatima",600,4,6.66666666666667,18,c(9.203, 45.4319),26.7105896497816,1.81538098121218,90
126648981,"1","Assente","Città Studi, Susa","Città Studi",600,3,7.05882352941176,22.6666666666667,c(9.2368, 45.4707),7.47092387092921,0.619354093147749,21.3
127387657,"1","Assente","Quadronno, Palestro, Guastalla","Quadronno - Crocetta",650,3,9.28571428571429,18.6666666666667,c(9.2032, 45.4556),7.04830816481873,1.44141453279562,50.7
126020421,"1","Assente","Porta Vittoria, Lodi","Martini - Insubria",625,3,41.6666666666667,15,c(9.22, 45.4506),13.0794643942752,0.253585960850936,49.1
81531001,"1","Assente","Città Studi, Susa","Argonne - Corsica",670,4,33.5,20,c(9.2336, 45.4671),2.68780034149018,6.58320686944259,24.1
112801219,"1","Assente","Famagosta, Barona","Giambellino",650,4,32.5,20,c(9.1434, 45.4497),3.95898663862857,1.27259546922243,98.9
126183971,"1","Assente","Corvetto, Rogoredo","Corvetto",650,3,10.8333333333333,16,c(9.2151, 45.437),10.8340175228497,17.7543720259825,73.4
126169971,"1","Assente","Udine, Lambrate","Lambrate",650,3,10.8333333333333,16,c(9.2457, 45.4839),12.3428401382822,5.92551520157976,24
127417595,"1","Assente","Bicocca, Niguarda","Bicocca",640,2,42.6666666666667,15,c(9.2081, 45.5166),4.64896891943545,2.23481698798376,71
127290171,"1","Assente","Porta Vittoria, Lodi","Lodi - Brenta",600,3,42.8571428571428,14,c(9.2207, 45.4484),10.1158340643429,3.36516713412262,51.8
127586152,"1","Assente","Abbiategrasso, Chiesa Rossa","Cermenate - Abbiategrasso",600,4,6.59340659340659,18.2,c(9.1762, 45.4363),9.89596378761558,2.96528525501274,99.8
127569794,"1","Autonomo","Bicocca, Niguarda","Greco - Segnano",650,2,5.90909090909091,20,c(9.2047, 45.5082),4.67049443400318,3.45499123397985,59.7
127541582,"2","Autonomo","Bande Nere, Inganni","Lorenteggio",630,5,5.94339622641509,16.96,c(9.14086, 45.4534),3.24790898284987,8.30701386487264,92.2
127355395,"1","Autonomo","Porta Romana, Cadore, Montenero","Montenero",605,5,6.95402298850575,13.92,c(9.20963, 45.4613),11.6704334258243,2.32986878530755,39
127326601,"1","Autonomo","Porta Venezia, Indipendenza","Indipendenza",645,5,5.07874015748031,20.32,c(9.21677, 45.4706),4.94645688659933,4.45407939358246,19.3
127541740,"2","Autonomo","Bande Nere, Inganni","Gambara",695,5,46.3333333333333,15,c(9.13984, 45.4666),4.85081568934331,9.4366419107481,70.5
127355911,"1","Autonomo","Affori, Bovisa","Bovisa",615,2,5.59090909090909,20,c(9.15571, 45.4969),25.3537882930239,1.54918664429423,16.7
127326365,"1","Autonomo","Quadronno, Palestro, Guastalla","Quadronno - Crocetta",660,4,7.25274725274725,18.2,c(9.1986, 45.4542),5.15051825578097,3.13605452417075,58.1
127304005,"2","Autonomo","Fiera, Sempione, City Life, Portello","Monte Rosa - Lotto",675,5,5.07518796992481,21.28,c(9.14473, 45.4852),9.49051235658004,11.765843129829,38.9
127541498,"2","Autonomo","Città Studi, Susa","Casoretto",680,5,7.47252747252747,14.56,c(9.22744, 45.4862),9.64117568807066,10.798278180353,12.1
127384617,"1","Autonomo","Maggiolina, Istria","Cascina dei Pomi",670,4,8.2716049382716,16.2,c(9.20803, 45.4926),9.98750304594331,3.52744804187125,34.4
127326299,"1","Autonomo","Solari, Washington","Washington",605,5,5.87378640776699,16.48,c(9.1534, 45.4562),1.52260165653746,6.75750818419922,87.2
127317433,"2","Autonomo","Navigli","Navigli - Darsena",590,5,6.02040816326531,15.68,c(9.17542, 45.4439),9.42174284037934,4.42180743369806,88.6
127132847,"2","Autonomo","Navigli","Bocconi",760,4,9.1566265060241,16.6,c(9.19124, 45.4508),10.2721212543707,0.698150760038441,67.4
127326189,"2","Autonomo","Navigli","Bocconi",760,4,9.1566265060241,16.6,c(9.19124, 45.4508),10.2721212543707,0.698150760038441,67.4
127356151,"1","Assente","Cimiano, Crescenzago, Adriano","Cimiano",750,3,10,20,c(9.23438, 45.4984),8.0351471123321,23.1095677078784,35.4
127326251,"1","Assente","Forlanini","Quartiere Forlanini",800,3,8.98876404494382,23.7333333333333,c(9.24783, 45.4581),11.3226333036083,6.02909224061472,48.5
127513696,"1","Assente","Città Studi, Susa","Città Studi",800,3,11.4285714285714,18.6666666666667,c(9.23407, 45.483),3.13168203403624,3.63021026016642,11.8
127570362,"2","Autonomo","Centrale, Repubblica","Centrale",785,5,6.33064516129032,19.84,c(9.21048, 45.4865),2.44563186556449,1.63504983681508,22.5
127513714,"1","Assente","Abbiategrasso, Chiesa Rossa","Cermenate - Abbiategrasso",800,3,11.4285714285714,18.6666666666667,c(9.17505, 45.436),8.57942795111415,3.87211403378449,100.1
127462808,"2","Autonomo","Corvetto, Rogoredo","Corvetto",710,5,6.12068965517241,18.56,c(9.22312, 45.4403),0.410070390144848,17.7091540039734,63.4
127355969,"1","Assente","Forlanini","Quartiere Forlanini",750,4,9.375,16,c(9.23894, 45.4616),1.90281535536622,0.995335560393249,35.7
127602598,"3+","Autonomo","Navigli","Bocconi",720,5,5.10638297872341,22.56,c(9.19124, 45.4508),10.2721212543707,0.698150760038441,67.4
127602214,"3+","Autonomo","Navigli","Bocconi",720,5,5.10638297872341,22.56,c(9.19124, 45.4508),10.2721212543707,0.698150760038441,67.4
127317381,"2","Assente","Pasteur, Rovereto","Pasteur",800,5,7.27272727272727,17.6,c(9.21074, 45.4893),7.11081021936445,3.1022456667255,26.1
121449560,"2","Assente","Ripamonti, Vigentino","Vigentino - Fatima",800,4,32,25,c(9.1962, 45.4347),24.425995674288,6.02066218626279,88.7
127490028,"2","Assente","Bicocca, Niguarda","Greco - Segnano",700,5,7.77777777777778,14.4,c(9.20937, 45.5028),12.6652235598872,12.2340951935603,47.9
127275049,"2","Autonomo","Maggiolina, Istria","Maggiolina",735,5,5.28776978417266,22.24,c(9.1986, 45.4925),5.37664376517086,4.14415793603931,40.7
127569858,"2","Autonomo","Centrale, Repubblica","Centrale",785,5,6.33064516129032,19.84,c(9.21048, 45.4865),2.44563186556449,1.63504983681508,22.5
127602538,"2","Assente","Porta Vittoria, Lodi","Martini - Insubria",770,4,8.55555555555556,18,c(9.21808, 45.453),13.9865599083759,2.81930789473475,46.6
127304003,"2","Autonomo","Corvetto, Rogoredo","Corvetto",710,5,6.12068965517241,18.56,c(9.22312, 45.4403),0.410070390144848,17.7091540039734,63.4
127602152,"1","Autonomo","Solari, Washington","Vercelli - Wagner",840,4,9.33333333333333,18,c(9.15496, 45.4686),1.42381715824207,2.9441790629882,67
123865669,"1","Autonomo","Centrale, Repubblica","Buenos Aires",740,1,41.1111111111111,18,c(9.2114, 45.4811),1.39554786725806,6.01732897839693,19.6
126042305,"1","Autonomo","Arco della Pace, Arena, Pagano","Arco della Pace",790,1,43.8888888888889,18,c(9.1685, 45.4774),10.5891567922319,1.48957989830652,54.4
126037907,"1","Centralizzato","Città Studi, Susa","Città Studi",820,1,58.5714285714286,14,c(9.2366, 45.4781),11.0691393051895,4.86681081346616,12.1
126042273,"1","Autonomo","Genova, Ticinese","San Vittore",790,1,49.375,16,c(9.1677, 45.4599),3.42250165554302,2.18653504731319,79.6
126041969,"1","Centralizzato","Centrale, Repubblica","Repubblica",700,1,46.6666666666667,15,c(9.2006, 45.48),3.38547858944102,3.48093282452545,33.8
126040427,"1","Centralizzato","Navigli","Navigli - Darsena",755,1,41.9444444444444,18,c(9.1729, 45.4445),6.48011102472095,7.58483775976299,90.3
127460372,"1","Centralizzato","Solari, Washington","Washington",750,1,75,10,c(9.1536, 45.4596),7.40078770426195,11.672498308439,82.4
124595557,"1","Centralizzato","Porta Vittoria, Lodi","Lodi - Brenta",840,1,60,14,c(9.215, 45.4429),4.30027529800971,14.3465004278863,65.7
124353967,"1","Centralizzato","Bicocca, Niguarda","Ca' Granda",790,1,65.8333333333333,12,c(9.1987, 45.5056),4.09643580456179,2.18071393867069,56.5
122565672,"1","Autonomo","Solari, Washington","Vercelli - Wagner",790,1,49.375,16,c(9.155, 45.4686),1.4011798849573,2.95078502352728,67
126042277,"1","Autonomo","Genova, Ticinese","San Vittore",790,1,43.8888888888889,18,c(9.1677, 45.4599),3.42250165554302,2.18653504731319,79.6
123112163,"1","Autonomo","Bande Nere, Inganni","Gambara",740,1,52.8571428571428,14,c(9.1396, 45.4621),3.95095987615842,14.9353432855702,78.4
123021999,"1","Centralizzato","Ripamonti, Vigentino","Ripamonti - Fondazione Prada",780,1,43.3333333333333,18,c(9.1987, 45.4392),19.7294920092145,1.74233349909212,79.3
126040403,"1","Centralizzato","Navigli","Corso San Gottardo",750,1,37.5,20,c(9.1814, 45.4491),14.2029542675975,2.07341098408571,76.9
126037401,"1","Centralizzato","Cenisio, Sarpi, Isola","Farini",750,1,75,10,c(9.1809, 45.4964),5.50401306759744,1.62831008012707,32.3
126036953,"1","Centralizzato","Maggiolina, Istria","Maggiolina",700,1,50,14,c(9.2075, 45.4958),13.1476765759286,7.65902912227173,38.5
126242215,"1","Centralizzato","Bande Nere, Inganni","Inganni",700,1,35,20,c(9.121, 45.4574),1.52502214819461,24.6877599214565,95.2
121328626,"1","Autonomo","Affori, Bovisa","Affori",780,1,52,15,c(9.1686, 45.519),4.54705805959457,28.4297136209853,36.7
126037913,"1","Centralizzato","Città Studi, Susa","Città Studi",780,1,65,12,c(9.2366, 45.4781),11.0691393051895,4.86681081346616,12.1
122458632,"1","Autonomo","Porta Romana, Cadore, Montenero","Porta Romana - Medaglie d'Oro",840,1,52.5,16,c(9.201, 45.4474),7.65278981254823,3.8311997352199,63.4
125820659,"1","Centralizzato","Navigli","Bocconi",830,1,33.2,25,c(9.1879, 45.4487),13.3417256128213,2.79196010298001,72.5
126038135,"1","Centralizzato","Centrale, Repubblica","Buenos Aires",840,1,105,8,c(9.2149, 45.4839),1.31920398797858,6.60636866059629,17.2
126038987,"1","Centralizzato","Maggiolina, Istria","Istria",790,1,65.8333333333333,12,c(9.1935, 45.4984),3.97555728997698,4.0804360236117,46.9
127381531,"1","Autonomo","Garibaldi, Moscova, Porta Nuova","Garibaldi - Corso Como",803,1,44.6111111111111,18,c(9.1833, 45.4849),3.44867244850226,1.39737136487661,48.6
127324173,"1","Centralizzato","Città Studi, Susa","Città Studi",720,1,28.8,25,c(9.2364, 45.4793),8.97513400183079,3.08079416943135,11.9
127540570,"1","Assente","Uptown, Cascina Merlata, Viale Certosa","Certosa",700,3,10.7692307692308,17.3333333333333,c(9.1518, 45.4967),25.8364842032316,2.23320422016811,16.5
127540566,"2","Assente","Uptown, Cascina Merlata, Viale Certosa","Certosa",750,4,9.375,16,c(9.1516, 45.4966),25.5423516185915,2.53122094752148,16.7
126810645,"1","Assente","Fiera, Sempione, City Life, Portello","Monte Rosa - Lotto",775,3,64.5833333333333,12,c(9.1486, 45.4741),3.00447021739522,7.58163254714953,57.6
127552640,"3","Assente","Bicocca, Niguarda","Bignami - Ponale",800,NA,6.4,NA,c(9.2094, 45.5265),3.42558595635167,2.7225381209504,82.9
123672581,"1","Assente","Precotto, Turro","Villa San Giovanni",750,3,10.7142857142857,18.6666666666667,c(9.2243, 45.519),3.45518733854542,9.32641017260522,66
126614591,"1","Assente","Bande Nere, Inganni","Inganni",760,4,47.5,16,c(9.1196, 45.4562),3.99400972929794,23.7438786207734,98.2
123705547,"2","Assente","Udine, Lambrate","Udine",700,3,5.83333333333333,20,c(9.237, 45.4908),1.10561032918179,10.4184731344315,26
123112157,"1","Centralizzato","Famagosta, Barona","Giambellino",740,1,52.8571428571428,14,c(9.1495, 45.4496),7.30424341323599,2.27249520105603,98.8
124000177,"1","Assente","Arco della Pace, Arena, Pagano","Arena",800,3,57.1428571428572,14,c(9.1807, 45.4784),5.0195824536036,0.390869595996944,57.5
126780049,"1","Assente","Pasteur, Rovereto","Pasteur",720,3,9,21.3333333333333,c(9.2178, 45.4905),0.40348346723413,2.71958269086182,24.9
127553380,"2","Assente","Bicocca, Niguarda","Bignami - Ponale",700,5,5.38461538461539,20.8,c(9.2101, 45.5252),3.73775941226407,1.67411376033708,83
127540580,"1","Assente","Uptown, Cascina Merlata, Viale Certosa","Certosa",700,3,11.6666666666667,16,c(9.1516, 45.4954),24.0911743944823,2.62361039208393,19.4
127540624,"3","Assente","Bicocca, Niguarda","Bignami - Ponale",700,NA,5.6,NA,c(9.2094, 45.5265),3.42558595635167,2.7225381209504,82.9
127649364,"3+","Assente","Bicocca, Niguarda","Bignami - Ponale",800,NA,5.71428571428571,NA,c(9.2056, 45.5233),5.22679697957577,4.93928967039622,78.6
116226137,"1","Assente","Maggiolina, Istria","Istria",700,3,8.75,21.3333333333333,c(9.1975, 45.5027),1.9560484092419,1.92180073055795,53
93631568,"1","Assente","Navigli","Navigli - Darsena",820,3,9.11111111111111,24,c(9.176, 45.4518),8.10900287232851,1.53986651244976,77.9
125718335,"1","Assente","Città Studi, Susa","Città Studi",700,2,11.6666666666667,24,c(9.219, 45.4861),4.25881388460439,8.48089471618099,16.4
127552904,"3","Assente","Bicocca, Niguarda","Bignami - Ponale",800,NA,6.4,NA,c(9.2094, 45.5265),3.42558595635167,2.7225381209504,82.9
125605243,"2","Assente","Cimiano, Crescenzago, Adriano","Cimiano",800,4,8.24742268041237,19.4,c(9.2411, 45.5004),1.54231283632438,24.0458497386185,40.3
127553498,"3+","Assente","Bicocca, Niguarda","Bignami - Ponale",800,5,6.15384615384615,20.8,c(9.2059, 45.5223),4.38115753041433,4.12108704693825,75.8
127661578,"1","Assente","Fiera, Sempione, City Life, Portello","De Angeli",790,3,9.875,21.3333333333333,c(9.1496, 45.4665),0.0920902713892294,0.983152179793427,71.3
127540574,"1","Assente","Uptown, Cascina Merlata, Viale Certosa","Certosa",700,3,11.6666666666667,16,c(9.1518, 45.4967),25.8364842032316,2.23320422016811,16.5
126917079,"1","Autonomo","Uptown, Cascina Merlata, Viale Certosa","Ghisolfa - Mac Mahon",735,5,6.07438016528926,19.36,c(9.15252, 45.4899),15.0594581466272,0.837149509046507,30.4
126916809,"1","Autonomo","Maggiolina, Istria","Cascina dei Pomi",760,5,5.98425196850394,20.32,c(9.20803, 45.4926),9.98750304594331,3.52744804187125,34.4
126917771,"2","Autonomo","Porta Venezia, Indipendenza","Porta Venezia",810,5,7.04347826086957,18.4,c(9.20508, 45.4773),3.56117387432897,2.50123922150342,28.4
126916967,"2","Autonomo","Porta Venezia, Indipendenza","Porta Venezia",785,5,6.82608695652174,18.4,c(9.20508, 45.4773),3.56117387432897,2.50123922150342,28.4
126916961,"1","Autonomo","Bicocca, Niguarda","Bicocca",765,4,9.5625,16,c(9.21617, 45.5164),12.2504121875584,3.06068471529392,70.9
126915545,"1","Autonomo","Affori, Bovisa","Affori",715,4,8.9375,16,c(9.16454, 45.5183),7.34077486093207,27.4033423536808,38.9
127012701,"1","Autonomo","Centrale, Repubblica","Buenos Aires",700,5,6.73076923076923,16.64,c(9.21128, 45.4813),1.68062798913541,5.67264865604136,19.4
126984913,"2","Autonomo","San Siro, Trenno","San Siro",780,5,6.29032258064516,19.84,c(9.12369, 45.4743),7.19021308397191,3.35549277396944,73.8
126915517,"1","Autonomo","Navigli","Ascanio Sforza",830,5,6.91666666666667,19.2,c(9.17928, 45.4469),15.0107747149736,1.54975314479883,82
126917867,"2","Autonomo","Udine, Lambrate","Udine",840,5,56,15,c(9.23447, 45.4901),3.73788698681335,9.53185929754807,22.9
126916553,"2","Autonomo","Porta Venezia, Indipendenza","Indipendenza",720,4,48,15,c(9.21641, 45.4642),7.04163746040064,3.77245755956631,29.7
126917465,"2","Autonomo","Navigli","Navigli - Darsena",840,5,56,15,c(9.16878, 45.4509),2.07332666237627,0.157043477024769,82.5
126917365,"2","Autonomo","San Siro, Trenno","San Siro",740,5,49.3333333333333,15,c(9.12737, 45.4707),9.50074760171684,9.55946470283026,72.2
126917413,"2","Autonomo","Bande Nere, Inganni","Lorenteggio",730,5,6.88679245283019,16.96,c(9.14086, 45.4534),3.24790898284987,8.30701386487264,92.2
126916671,"2","Autonomo","Corvetto, Rogoredo","Corvetto",785,4,52.3333333333333,15,c(9.21247, 45.4406),8.28317785763127,15.4276875379927,69.3
126917499,"1","Autonomo","Cenisio, Sarpi, Isola","Isola",815,5,6.41732283464567,20.32,c(9.18815, 45.4889),4.43529344253108,1.67100010572408,45.8
127478236,"1","Centralizzato","Porta Vittoria, Lodi","Lodi - Brenta",700,3,9.72222222222222,19.2,c(9.2208, 45.4485),10.3153841027212,3.21857344948933,51.7
127340907,"1","Assente","Porta Venezia, Indipendenza","Porta Venezia",775,3,43.0555555555556,18,c(9.2034, 45.4761),3.3189263236998,2.61789513227223,31.1
126638003,"1","Assente","Solari, Washington","Washington",750,3,10.7142857142857,18.6666666666667,c(9.153, 45.4573),3.39527365406979,8.7012985198463,85.6
126915461,"2","Autonomo","Città Studi, Susa","Plebisciti - Susa",840,5,6.46153846153846,20.8,c(9.2235, 45.4648),5.88148805744121,4.59057917704108,23.6
120952810,"3+","Assente","Città Studi, Susa","Plebisciti - Susa",800,5,72.7272727272727,11,c(9.219, 45.465),5.24561085787386,4.93327139697943,27.1
121414784,"2","Assente","Precotto, Turro","Turro",700,3,53.8461538461538,13,c(9.2204, 45.4992),2.27923618621038,9.09573425670423,34.2
126641755,"1","Assente","Genova, Ticinese","San Vittore",778,3,11.1142857142857,18.6666666666667,c(9.1703, 45.459),0.917982312120576,3.10120755400553,76.6
109510447,"2","Assente","Fiera, Sempione, City Life, Portello","Amendola - Buonarroti",820,5,6.30769230769231,20.8,c(9.1488, 45.4705),6.15382384823545,3.52574860363527,63.7
126917595,"2","Autonomo","Centrale, Repubblica","Buenos Aires",800,5,6.83760683760684,18.72,c(9.20602, 45.4787),5.85026872369844,3.176224379767,27.1
126915477,"1","Autonomo","Città Studi, Susa","Plebisciti - Susa",840,5,56,15,c(9.2219, 45.4683),3.65281149494655,5.15835256329281,20
126915479,"1","Autonomo","Città Studi, Susa","Plebisciti - Susa",840,5,56,15,c(9.2219, 45.4683),3.65281149494655,5.15835256329281,20
126916057,"1","Autonomo","Città Studi, Susa","Plebisciti - Susa",840,5,56,15,c(9.2219, 45.4683),3.65281149494655,5.15835256329281,20
126917749,"2","Autonomo","Navigli","Navigli - Darsena",795,5,5.76086956521739,22.08,c(9.16077, 45.4464),9.63570626245695,3.92111592433915,96
124601605,"1","Assente","Bande Nere, Inganni","Piazzale Siena",750,3,8.33333333333333,24,c(9.1306, 45.4681),13.4564402216438,13.8313830345682,71.7
126915799,"3+","Autonomo","Navigli","Bocconi",765,5,5.42553191489362,22.56,c(9.19124, 45.4508),10.2721212543707,0.698150760038441,67.4
124274097,"1","Assente","Famagosta, Barona","Barona",800,4,44.4444444444444,18,c(9.1563, 45.441),14.6953777209569,11.2279823914926,105.7
127538196,"2","Assente","Navigli","Bocconi",800,4,6.66666666666667,24,c(9.1942, 45.4492),11.707763397429,3.04757456875869,67.4
122922916,"2","Assente","Cimiano, Crescenzago, Adriano","Cimiano",700,5,5.38461538461539,20.8,c(9.239, 45.4988),2.51028505656218,24.4531181237181,36.8
119951596,"2","Assente","Maggiolina, Istria","Maggiolina",800,3,10,21.3333333333333,c(9.2009, 45.4978),7.5285334108092,5.50366839411853,50.1
124273315,"1","Assente","Famagosta, Barona","Barona",800,1,44.4444444444444,18,c(9.1563, 45.441),14.6953777209569,11.2279823914926,105.7
126916065,"1","Autonomo","Solari, Washington","Vercelli - Wagner",840,4,9.33333333333333,18,c(9.15496, 45.4686),1.42381715824207,2.9441790629882,67
126917053,"2","Autonomo","Maggiolina, Istria","Maggiolina",735,5,5.28776978417266,22.24,c(9.1986, 45.4925),5.37664376517086,4.14415793603931,40.7
110115205,"3+","Assente","Maggiolina, Istria","Maggiolina",800,4,6.89655172413793,23.2,c(9.1964, 45.4977),2.9156927803447,2.32020901379278,47.7
126917681,"2","Autonomo","Centrale, Repubblica","Buenos Aires",800,5,6.83760683760684,18.72,c(9.20602, 45.4787),5.85026872369844,3.176224379767,27.1
107609227,"2","Assente","Precotto, Turro","Villa San Giovanni",750,3,10,20,c(9.2254, 45.5175),0.866266523944814,6.72670858682035,62.5
124273725,"1","Assente","Famagosta, Barona","Barona",800,3,44.4444444444444,18,c(9.1563, 45.441),14.6953777209569,11.2279823914926,105.7
125661303,"2","Assente","Quadronno, Palestro, Guastalla","Guastalla",700,5,70,10,c(9.2003, 45.4629),6.22973661134115,0.94920006143567,45.3
127392053,"1","Assente","Bicocca, Niguarda","Bicocca",750,2,10,20,c(9.2127, 45.5141),9.01065195872109,1.80228659250958,66
112989881,"2","Assente","Quadronno, Palestro, Guastalla","Guastalla",830,5,6.38461538461539,20.8,c(9.2005, 45.4633),5.78536102091175,1.67544151104365,44
126917783,"2","Autonomo","Maggiolina, Istria","Maggiolina",755,5,5.43165467625899,22.24,c(9.1986, 45.4925),5.37664376517086,4.14415793603931,40.7
120961574,"2","Assente","Maggiolina, Istria","Maggiolina",750,3,9.375,21.3333333333333,c(9.2009, 45.4978),7.5285334108092,5.50366839411853,50.1
126917817,"1","Autonomo","Napoli, Soderini","Tripoli - Soderini",760,5,5.98425196850394,20.32,c(9.14808, 45.4546),1.57579431376572,6.52342660529342,89.6
126917839,"1","Autonomo","Città Studi, Susa","Città Studi",810,4,54,15,c(9.23509, 45.4827),3.09460079809771,3.00290528917777,12.3
122484134,"1","Assente","Abbiategrasso, Chiesa Rossa","Pezzotti - Meda",830,2,12.7692307692308,26,c(9.1785, 45.4383),12.8837257393289,0.287804059248814,94.5
93960090,"1","Assente","Solari, Washington","Dezza",750,3,8.33333333333333,24,c(9.1568, 45.4567),5.05719235978717,5.38818245972181,87
127557040,"1","Assente","Solari, Washington","Washington",720,4,6.85714285714286,21,c(9.1507, 45.46),8.59651036606265,12.2971147660514,80.6
121527382,"1","Assente","Navigli","Corso San Gottardo",725,3,29,25,c(9.1858, 45.4465),17.4377566164937,1.99141805517829,78.3
127153651,"1","Assente","Navigli","Navigli - Darsena",780,NA,65,12,c(9.1711, 45.454),4.02843055835252,1.43420106728482,77.1
124660327,"2","Centralizzato","Udine, Lambrate","Rubattino",800,4,5.33333333333333,20,c(9.24842, 45.4784),18.8140429461732,11.7508050814257,28.9
124660277,"2","Centralizzato","Udine, Lambrate","Rubattino",800,4,5.33333333333333,20,c(9.24842, 45.4784),18.8140429461732,11.7508050814257,28.9
126915499,"2","Autonomo","Città Studi, Susa","Plebisciti - Susa",790,5,6.58333333333333,19.2,c(9.22345, 45.466),3.9592483426239,6.66684127504156,21.8
126916061,"2","Autonomo","Bande Nere, Inganni","Gambara",740,4,49.3333333333333,15,c(9.14, 45.4613),4.32809481225319,15.4963126805767,81
126915639,"2","Autonomo","Centrale, Repubblica","Buenos Aires",800,5,5.36912751677852,23.84,c(9.21444, 45.4812),4.48875880373535,8.95377918121211,15.3
127069295,"1","Assente","Fiera, Sempione, City Life, Portello","De Angeli",790,3,9.875,21.3333333333333,c(9.1475, 45.4668),2.59001667057669,2.54519120984174,69.6
126915627,"1","Autonomo","Solari, Washington","Washington",835,4,7.26086956521739,23,c(9.15199, 45.4605),9.0446518660993,11.4788480407664,81.2
123146307,"2","Assente","Navigli","Navigli - Darsena",770,3,11,18.6666666666667,c(9.176, 45.4518),8.10900287232851,1.53986651244976,77.9
126915501,"2","Autonomo","Città Studi, Susa","Plebisciti - Susa",835,5,6.95833333333333,19.2,c(9.22345, 45.466),3.9592483426239,6.66684127504156,21.8
126915481,"2","Autonomo","Bande Nere, Inganni","Gambara",740,4,49.3333333333333,15,c(9.14, 45.4613),4.32809481225319,15.4963126805767,81
126915495,"1","Autonomo","Porta Romana, Cadore, Montenero","Porta Romana - Medaglie d'Oro",790,4,52.6666666666667,15,c(9.20122, 45.4475),7.39859099801751,4.13702980695269,63.3
126097291,"1","Centralizzato","Abbiategrasso, Chiesa Rossa","Cermenate - Abbiategrasso",750,2,6.25,20,c(9.1809, 45.4316),5.15920491586122,0.58289880126101,102.6
126570803,"2","Centralizzato","Famagosta, Barona","Cantalupa - San Paolo",700,3,46.6666666666667,15,c(9.17327, 45.435),7.07146365706625,5.74132067062078,102.1
107610887,"2","Assente","Precotto, Turro","Villa San Giovanni",700,3,9.33333333333333,20,c(9.2254, 45.5175),0.866266523944814,6.72670858682035,62.5
125433543,"1","Assente","Abbiategrasso, Chiesa Rossa","Pezzotti - Meda",700,4,5.55555555555556,25.2,c(9.1805, 45.4407),16.4719165456118,2.40010426227523,89.9
125433639,"1","Assente","Abbiategrasso, Chiesa Rossa","Pezzotti - Meda",700,4,5.55555555555556,25.2,c(9.1805, 45.4407),16.4719165456118,2.40010426227523,89.9
127038981,"1","Assente","Città Studi, Susa","Città Studi",700,1,8.75,20,c(9.21802, 45.483),3.34791143957288,10.7105580219754,12.8
127306593,"1","Assente","Bicocca, Niguarda","Prato Centenaro",700,3,8.75,21.3333333333333,c(9.202, 45.5096),4.22618130838534,1.75999107011544,62.9
127281641,"1","Centralizzato","Città Studi, Susa","Città Studi",750,3,30,25,c(9.22748, 45.4721),7.7007047941956,2.07822196497867,11.1
126865065,"1","Centralizzato","Pasteur, Rovereto","Pasteur",750,2,35.7142857142857,21,c(9.21567, 45.4909),2.95279483296285,0.784591386341757,27.3
125433197,"1","Assente","Abbiategrasso, Chiesa Rossa","Pezzotti - Meda",700,4,5.55555555555556,25.2,c(9.1805, 45.4407),16.4719165456118,2.40010426227523,89.9
124660113,"2","Assente","Udine, Lambrate","Rubattino",800,4,5.33333333333333,20,c(9.2484, 45.4784),18.7937988978844,11.7322828455065,28.9
125399507,"3+","Autonomo","San Siro, Trenno","San Siro",800,3,32,25,c(9.13565, 45.4685),10.9224338259308,10.9052800945011,68.8
126021577,"3","Centralizzato","Arco della Pace, Arena, Pagano","Arena",710,1,30.8695652173913,23,c(9.18053, 45.4783),5.13167313153869,0.388475138515144,58.2
126917775,"2","Autonomo","Porta Vittoria, Lodi","Bologna - Sulmona",825,5,6.65322580645161,19.84,c(9.22756, 45.4449),9.31311183992631,11.4202927685112,58.4
124375241,"2","Assente","Navigli","Bocconi",800,4,8,20,c(9.1951, 45.4508),9.50441340701074,0.863538579151426,64.8
126021613,"1","Autonomo","Ripamonti, Vigentino","Ripamonti - Fondazione Prada",700,1,31.8181818181818,22,c(9.19221, 45.4413),22.2384657382743,8.82740083284886,82.6
126476399,"1","Assente","Precotto, Turro","Turro",700,3,35,20,c(9.2212, 45.5005),0.274989139594472,11.5084637598489,36
126798357,"2","Assente","Navigli","Corso San Gottardo",804,4,6.7,24,c(9.1824, 45.445),18.066720864,1.43546504334442,82.3
127295955,"2","Centralizzato","Città Studi, Susa","Casoretto",700,3,35,20,c(9.23361, 45.4863),4.02779153254303,4.14781506924321,16.3
114265387,NA,"Assente","Precotto, Turro","Gorla",700,2,21.2121212121212,20,c(9.2219, 45.504),3.85100640374188,16.8930374992888,41.5
127227893,"1","Centralizzato","Città Studi, Susa","Città Studi",750,1,50,15,c(9.22064, 45.4826),6.39368260462564,8.71002059716689,10
127160285,"1","Centralizzato","Città Studi, Susa","Città Studi",700,4,35,20,c(9.22378, 45.4821),2.81446153404239,5.77155645984925,7.3
110970033,"1","Assente","Città Studi, Susa","Città Studi",700,3,7.77777777777778,24,c(9.229, 45.47),4.84621848692276,1.90948669721919,15.7
127514056,"2","Autonomo","Solari, Washington","Frua",815,5,5.43333333333333,24,c(9.14755, 45.4653),3.16762695972191,4.03729032075309,72.2
127414939,"3","Autonomo","Centro","Carrobbio",815,5,54.3333333333333,15,c(9.18402, 45.4576),1.89676222539211,3.79411931439888,64.9
127355705,"3","Autonomo","Bicocca, Niguarda","Ca' Granda",790,5,5.64285714285714,22.4,c(9.19938, 45.5052),4.12427415242695,2.25170566604013,56.8
127326441,"3","Autonomo","Maggiolina, Istria","Maggiolina",815,5,54.3333333333333,15,c(9.19756, 45.4915),4.94163028067195,5.64162026842396,39.3
127646750,"2","Autonomo","San Siro, Trenno","San Siro",780,5,6.29032258064516,19.84,c(9.12369, 45.4743),7.19021308397191,3.35549277396944,73.8
127646560,"1","Autonomo","Bicocca, Niguarda","Greco - Segnano",820,3,11.3888888888889,19.2,c(9.20782, 45.5096),9.13298944254042,6.10762838502815,59.7
127602480,"2","Autonomo","Maggiolina, Istria","Maggiolina",790,5,5.64285714285714,22.4,c(9.19935, 45.5017),1.7099222709365,1.3749648641211,51.8
127317621,"1","Autonomo","Bande Nere, Inganni","Lorenteggio",785,4,11.2142857142857,14,c(9.13777, 45.4542),6.94498852610211,11.4122900427561,94.9
127232223,"1","Autonomo","Uptown, Cascina Merlata, Viale Certosa","Certosa",800,5,9.87654320987654,12.96,c(9.14423, 45.4946),17.2846331327033,0.948418948993478,23.2
127326599,"2","Autonomo","Uptown, Cascina Merlata, Viale Certosa","Ghisolfa - Mac Mahon",745,5,5.86614173228346,20.32,c(9.15383, 45.4895),14.7190272542217,2.52644496090121,31
127303553,"1","Autonomo","Maggiolina, Istria","Cascina dei Pomi",770,4,7.47572815533981,20.6,c(9.20803, 45.4926),9.98750304594331,3.52744804187125,34.4
127169319,"1","Autonomo","Solari, Washington","Washington",760,5,5.98425196850394,20.32,c(9.1525, 45.4621),8.34982773369008,8.64092413529244,78.6
127647014,"3","Autonomo","Bande Nere, Inganni","Lorenteggio",720,5,5.29411764705882,21.76,c(9.13777, 45.4542),6.94498852610211,11.4122900427561,94.9
127646706,"2","Autonomo","Pasteur, Rovereto","Pasteur",765,5,5.7089552238806,21.44,c(9.21977, 45.4875),5.32411540101168,7.6513664020792,18.6
127602258,"2","Autonomo","Centrale, Repubblica","Centrale",840,5,56,15,c(9.20984, 45.4889),6.25293725282935,3.68242521365266,25.8
127541860,"2","Autonomo","Fiera, Sempione, City Life, Portello","Monte Rosa - Lotto",795,5,5.09615384615385,24.96,c(9.14928, 45.4784),5.30602621906994,12.9450388025976,51.1
127326465,"1","Autonomo","Abbiategrasso, Chiesa Rossa","Cermenate - Abbiategrasso",795,3,9.81481481481482,21.6,c(9.17883, 45.4373),12.7611791196105,0.707423134705727,96.4
127602416,"1","Autonomo","Navigli","Navigli - Darsena",765,4,9.80769230769231,15.6,c(9.17288, 45.4446),6.49405554622695,7.6374589493616,90.1
127602302,"1","Autonomo","Bande Nere, Inganni","Lorenteggio",710,5,8.76543209876543,12.96,c(9.1396, 45.4526),3.64720129981479,7.85406220826184,94.6
127303763,"1","Autonomo","Napoli, Soderini","Tripoli - Soderini",760,5,6.22950819672131,19.52,c(9.14808, 45.4546),1.57579431376572,6.52342660529342,89.6
126917059,"2","Autonomo","San Siro, Trenno","San Siro",815,4,54.3333333333333,15,c(9.13857, 45.4686),8.37836361306015,8.25425058678345,67.9
127513614,"1","Autonomo","Affori, Bovisa","Affori",715,4,8.9375,16,c(9.16454, 45.5183),7.34077486093207,27.4033423536808,38.9
127317709,"1","Autonomo","Bande Nere, Inganni","Lorenteggio",700,5,7.95454545454545,14.08,c(9.13914, 45.4523),4.05243613343563,7.80962944361716,95.2
127646902,"2","Autonomo","Maggiolina, Istria","Maggiolina",840,5,6,22.4,c(9.19935, 45.5017),1.7099222709365,1.3749648641211,51.8
127541662,"1","Autonomo","Ripamonti, Vigentino","Vigentino - Fatima",840,4,5.71428571428571,20,c(9.20273, 45.4289),30.8056381901479,0.363629443012608,93.9
127356443,"3","Autonomo","Centro","Carrobbio",820,5,54.6666666666667,15,c(9.18402, 45.4576),1.89676222539211,3.79411931439888,64.9
127414771,"1","Autonomo","Uptown, Cascina Merlata, Viale Certosa","Ghisolfa - Mac Mahon",730,5,6.03305785123967,19.36,c(9.15252, 45.4899),15.0594581466272,0.837149509046507,30.4
127414723,"1","Autonomo","Bande Nere, Inganni","Lorenteggio",705,4,10.8461538461539,13,c(9.14068, 45.4543),4.7017587621521,9.84102083894171,90.6
127275065,"1","Autonomo","Solari, Washington","Washington",760,5,5.98425196850394,20.32,c(9.1525, 45.4621),8.34982773369008,8.64092413529244,78.6
127602594,"3+","Autonomo","Navigli","Bocconi",720,5,5.10638297872341,22.56,c(9.19124, 45.4508),10.2721212543707,0.698150760038441,67.4
127602418,"1","Autonomo","Bande Nere, Inganni","Inganni",700,2,7.29166666666667,20,c(9.12519, 45.4474),7.01592191772627,7.69981815303192,109.8
127513942,"1","Autonomo","Affori, Bovisa","Bovisa",700,4,12.7272727272727,11,c(9.16316, 45.5015),21.1893126549332,3.10900054572847,9.7
127356345,"3","Autonomo","Bicocca, Niguarda","Ca' Granda",790,5,5.64285714285714,22.4,c(9.19938, 45.5052),4.12427415242695,2.25170566604013,56.8
127355673,"1","Autonomo","Corvetto, Rogoredo","Corvetto",835,5,6.05072463768116,22.08,c(9.22239, 45.4394),2.12233757600634,19.0972716333291,64.7
127355501,"2","Autonomo","Città Studi, Susa","Città Studi",755,5,50.3333333333333,15,c(9.22381, 45.4825),3.35674286107609,6.39753316207884,7.9
127326303,"2","Autonomo","Bande Nere, Inganni","Primaticcio",735,5,49,15,c(9.1275, 45.457),4.72480736000685,20.7740904432042,92
127646942,"1","Autonomo","Bande Nere, Inganni","Lorenteggio",710,4,11.09375,12.8,c(9.13914, 45.4523),4.05243613343563,7.80962944361716,95.2
127462888,"1","Autonomo","Corvetto, Rogoredo","Corvetto",805,2,53.6666666666667,15,c(9.21247, 45.4406),8.28317785763127,15.4276875379927,69.3
127326605,"2","Autonomo","Fiera, Sempione, City Life, Portello","Sempione",745,5,49.6666666666667,15,c(9.16039, 45.4855),7.34574200846815,1.91259372268117,39.3
127317611,"1","Autonomo","Bande Nere, Inganni","Lorenteggio",770,5,8.75,14.08,c(9.13914, 45.4523),4.05243613343563,7.80962944361716,95.2
127303545,"1","Autonomo","Bicocca, Niguarda","Bicocca",765,4,9.5625,16,c(9.21617, 45.5164),12.2504121875584,3.06068471529392,70.9
127570212,"1","Autonomo","Uptown, Cascina Merlata, Viale Certosa","Certosa",800,5,9.87654320987654,12.96,c(9.14423, 45.4946),17.2846331327033,0.948418948993478,23.2
127570090,"2","Autonomo","Porta Romana, Cadore, Montenero","Porta Romana - Medaglie d'Oro",760,5,6.78571428571429,17.92,c(9.20498, 45.4543),5.26055758732133,1.50831576408969,50.9
127504404,"1","Autonomo","Abbiategrasso, Chiesa Rossa","Chiesa Rossa",740,2,7.4,20,c(9.17844, 45.4271),5.23139834916662,1.43847716063612,111.9
127462546,"1","Autonomo","Maggiolina, Istria","Maggiolina",805,4,8.94444444444444,18,c(9.19704, 45.4941),4.6484141995674,1.24797570818074,42.9
127414871,"1","Autonomo","Fiera, Sempione, City Life, Portello","Monte Rosa - Lotto",800,4,8.88888888888889,18,c(9.14438, 45.4829),5.60818557070168,14.4841753889801,43.7
127356373,"2","Autonomo","Maggiolina, Istria","Istria",790,5,52.6666666666667,15,c(9.19354, 45.4984),3.95383953024172,4.03341398772375,46.9
127356267,"2","Autonomo","Corvetto, Rogoredo","Corvetto",785,4,52.3333333333333,15,c(9.21247, 45.4406),8.28317785763127,15.4276875379927,69.3
127646686,"1","Autonomo","Maggiolina, Istria","Cascina dei Pomi",770,4,7,22,c(9.20803, 45.4926),9.98750304594331,3.52744804187125,34.4
127602482,"2","Autonomo","Maggiolina, Istria","Istria",790,5,52.6666666666667,15,c(9.19354, 45.4984),3.95383953024172,4.03341398772375,46.9
127504530,"2","Autonomo","Corvetto, Rogoredo","Corvetto",785,4,52.3333333333333,15,c(9.21247, 45.4406),8.28317785763127,15.4276875379927,69.3
127355493,"1","Autonomo","Uptown, Cascina Merlata, Viale Certosa","Ghisolfa - Mac Mahon",735,5,6.07438016528926,19.36,c(9.15252, 45.4899),15.0594581466272,0.837149509046507,30.4
127541858,"1","Autonomo","Pasteur, Rovereto","Pasteur",740,5,49.3333333333333,15,c(9.21822, 45.4867),3.97082044338666,7.07190892278232,18.7
127602264,"1","Autonomo","Maggiolina, Istria","Cascina dei Pomi",760,5,5.98425196850394,20.32,c(9.20803, 45.4926),9.98750304594331,3.52744804187125,34.4
127513716,"1","Autonomo","Bicocca, Niguarda","Greco - Segnano",700,2,6.36363636363636,20,c(9.2047, 45.5082),4.67049443400318,3.45499123397985,59.7
127504578,"1","Autonomo","Bande Nere, Inganni","Lorenteggio",720,4,11.0769230769231,13,c(9.14113, 45.4525),1.89736515700364,6.74515756041733,94.7
127355471,"2","Autonomo","Centrale, Repubblica","Buenos Aires",835,5,6.90082644628099,19.36,c(9.20672, 45.4769),2.91024515129993,0.508164329535821,26.4
127602626,"3","Autonomo","Centrale, Repubblica","Centrale",830,5,7.21739130434783,18.4,c(9.20777, 45.486),2.33855151446935,2.59696878640782,25.7
127646830,"1","Autonomo","Abbiategrasso, Chiesa Rossa","Pezzotti - Meda",820,5,6.77685950413223,19.36,c(9.17862, 45.4419),13.6959141610419,1.00352456649439,89.1
127414751,"2","Autonomo","Quadronno, Palestro, Guastalla","Guastalla",815,5,5.09375,25.6,c(9.20011, 45.463),5.963491290669,1.1190706386018,45.5
127303531,"1","Autonomo","Maggiolina, Istria","Cascina dei Pomi",740,5,5.82677165354331,20.32,c(9.20803, 45.4926),9.98750304594331,3.52744804187125,34.4
127201261,"1","Autonomo","Corvetto, Rogoredo","Corvetto",835,5,6.05072463768116,22.08,c(9.22239, 45.4394),2.12233757600634,19.0972716333291,64.7
127647044,"1","Autonomo","Bande Nere, Inganni","Lorenteggio",710,4,11.09375,12.8,c(9.13914, 45.4523),4.05243613343563,7.80962944361716,95.2
127504418,"1","Autonomo","Bisceglie, Baggio, Olmi","Baggio",820,3,12.2388059701493,17.8666666666667,c(9.09394, 45.4579),23.5599850945864,39.6154971455956,118.7
127415049,"2","Autonomo","Centrale, Repubblica","Buenos Aires",790,5,52.6666666666667,15,c(9.2149, 45.4851),1.04536824541264,5.90300162049587,17.4
127570228,"2","Autonomo","Maggiolina, Istria","Maggiolina",750,5,5.35714285714286,22.4,c(9.19935, 45.5017),1.7099222709365,1.3749648641211,51.8
127541742,"2","Autonomo","Maggiolina, Istria","Istria",790,5,52.6666666666667,15,c(9.19354, 45.4984),3.95383953024172,4.03341398772375,46.9
127490524,"2","Autonomo","Maggiolina, Istria","Maggiolina",800,5,5.47945205479452,23.36,c(9.20541, 45.4963),12.5181739043477,7.0877795389296,40.6
127275085,"1","Autonomo","Bande Nere, Inganni","Lorenteggio",735,4,9.8,15,c(9.13854, 45.4541),6.09287976253834,10.7237087323351,94.8
127646690,"1","Autonomo","Maggiolina, Istria","Cascina dei Pomi",770,4,6.69565217391304,23,c(9.20803, 45.4926),9.98750304594331,3.52744804187125,34.4
127646596,"1","Autonomo","Bicocca, Niguarda","Greco - Segnano",730,2,6.63636363636364,20,c(9.2047, 45.5082),4.67049443400318,3.45499123397985,59.7
127121141,"2","Autonomo","Porta Romana, Cadore, Montenero","Cadore",750,5,7.42574257425743,16.16,c(9.21348, 45.4539),12.7459094316363,1.22225793723303,45.7
127570220,"1","Autonomo","Porta Venezia, Indipendenza","Porta Venezia",825,5,8.41836734693878,15.68,c(9.20674, 45.4765),2.28410383924222,0.306990437880826,26.3
127570210,"2","Autonomo","Porta Venezia, Indipendenza","Porta Venezia",810,5,7.04347826086957,18.4,c(9.20508, 45.4773),3.56117387432897,2.50123922150342,28.4
127541688,"1","Autonomo","Bande Nere, Inganni","Lorenteggio",780,4,10.8333333333333,14.4,c(9.1395, 45.4519),3.54593664800578,7.00271324056712,95.8
127541646,"1","Autonomo","Navigli","Navigli - Darsena",765,4,9.80769230769231,15.6,c(9.17288, 45.4446),6.49405554622695,7.6374589493616,90.1
127513816,"2","Autonomo","Bande Nere, Inganni","Lorenteggio",730,5,6.88679245283019,16.96,c(9.14086, 45.4534),3.24790898284987,8.30701386487264,92.2
127355753,"3","Autonomo","Bicocca, Niguarda","Ca' Granda",790,5,5.64285714285714,22.4,c(9.19938, 45.5052),4.12427415242695,2.25170566604013,56.8
127141347,"1","Autonomo","Bande Nere, Inganni","Lorenteggio",700,5,7.07070707070707,15.84,c(9.14075, 45.4519),2.02130997432749,6.05618836103308,95.3
127504612,"1","Autonomo","Bande Nere, Inganni","Lorenteggio",710,5,8.06818181818182,14.08,c(9.13914, 45.4523),4.05243613343563,7.80962944361716,95.2
127490430,"1","Autonomo","Affori, Bovisa","Bovisa",700,4,12.7272727272727,11,c(9.16316, 45.5015),21.1893126549332,3.10900054572847,9.7
127356405,"2","Autonomo","Maggiolina, Istria","Istria",790,5,52.6666666666667,15,c(9.19354, 45.4984),3.95383953024172,4.03341398772375,46.9
127356369,"2","Autonomo","Maggiolina, Istria","Maggiolina",840,5,6,22.4,c(9.19935, 45.5017),1.7099222709365,1.3749648641211,51.8
127317423,"2","Autonomo","Uptown, Cascina Merlata, Viale Certosa","Ghisolfa - Mac Mahon",745,5,5.86614173228346,20.32,c(9.15383, 45.4895),14.7190272542217,2.52644496090121,31
127646772,"3","Autonomo","Bande Nere, Inganni","Lorenteggio",720,5,5.29411764705882,21.76,c(9.13777, 45.4542),6.94498852610211,11.4122900427561,94.9
109523647,"2","Assente","Centrale, Repubblica","Buenos Aires",750,4,7.14285714285714,21,c(9.2132, 45.4854),3.11635772927475,3.85204944936487,19
126568395,NA,"Centralizzato","Abbiategrasso, Chiesa Rossa","Cermenate - Abbiategrasso",700,NA,10,NA,c(9.18012, 45.4362),11.2517993458539,2.84490978819411,97.8
100748733,"1","Centralizzato","Corvetto, Rogoredo","Corvetto",720,3,9.6,20,c(9.22148, 45.4434),3.77378497038432,12.0785626754914,58.6
124030043,"2","Assente","Precotto, Turro","Turro",800,4,40,20,c(9.2234, 45.5007),2.97368966210452,13.4144188152723,36.5
125673785,"1","Centralizzato","Abbiategrasso, Chiesa Rossa","Cermenate - Abbiategrasso",750,1,23.4375,20,c(9.17694, 45.4356),9.69270729190182,1.50124892489077,99.9
122991570,"3","Centralizzato","San Siro, Trenno","Gallaratese",700,3,6.48148148148148,20,c(9.09609, 45.5035),4.43130784067967,30.0845282515035,74.3
93760550,"1","Centralizzato","Pasteur, Rovereto","Pasteur",700,2,28,25,c(9.21689, 45.491),1.77138995491255,1.3278859430633,26.5
127532880,"1","Centralizzato","San Siro, Trenno","San Siro",350,2,7.95454545454545,17.6,c(9.1373, 45.475),2.29095598041782,1.44508727119017,58
127164179,NA,"Centralizzato","Affori, Bovisa","Dergano",750,NA,10,NA,c(9.18062, 45.5004),7.13487483409817,7.19851760553808,32.6
127502142,"1","Autonomo","Cimiano, Crescenzago, Adriano","Ponte Nuovo",700,2,11.6666666666667,24,c(9.23214, 45.5107),9.63453426057748,6.44274897678974,57.5
78373025,"2","Centralizzato","Affori, Bovisa","Bovisa",700,5,43.75,16,c(9.16463, 45.5004),20.2709283421072,3.69817772276816,12.3
126194547,"2","Assente","Navigli","Ascanio Sforza",830,4,25.1515151515151,20,c(9.179, 45.4442),13.8086759373701,0.64978756055873,85.9
121586222,"1","Assente","Navigli","Bocconi",740,3,14.8,20,c(9.1924, 45.4511),9.7676116397322,1.63310806382432,67.1
125357123,"2","Autonomo","Affori, Bovisa","Affori",750,3,37.5,20,c(9.1712, 45.5173),7.33779754516824,25.0225796311414,36.9
127125411,"1","Assente","Porta Romana, Cadore, Montenero","Cadore",700,4,35,20,c(9.2109, 45.4558),11.9480796937053,0.147356347778167,44.2
126976123,"1","Assente","Porta Romana, Cadore, Montenero","Porta Romana - Medaglie d'Oro",750,3,7.89473684210526,25.3333333333333,c(9.203, 45.4486),5.09016302959755,5.02859180258021,59.4
127413295,"1","Autonomo","Uptown, Cascina Merlata, Viale Certosa","Certosa",700,1,46.6666666666667,15,c(9.13526, 45.5018),22.8663615114399,4.03473234624823,26.8
114694537,"1","Assente","Corvetto, Rogoredo","Corvetto",700,3,17.5,20,c(9.2238, 45.4433),5.0842975313045,12.9115754294066,57.8
126995139,"3+","Assente","Abbiategrasso, Chiesa Rossa","Cermenate - Abbiategrasso",750,3,11.5384615384615,17.3333333333333,c(9.1782, 45.4355),9.56829049920179,0.702396764467284,98.7
127553452,"3+","Assente","Bicocca, Niguarda","Bignami - Ponale",700,NA,5.38461538461539,NA,c(9.2059, 45.5223),4.38115753041433,4.12108704693825,75.8
123777823,"1","Assente","Abbiategrasso, Chiesa Rossa","Cermenate - Abbiategrasso",750,1,9.375,20,c(9.1782, 45.4355),9.56829049920179,0.702396764467284,98.7
126990867,"2","Assente","Famagosta, Barona","Famagosta",800,4,10.126582278481,15.8,c(9.1549, 45.4381),16.282611771306,15.5179392649101,110.7
126543125,"2","Centralizzato","Genova, Ticinese","San Vittore",800,4,57.1428571428572,14,c(9.1698, 45.4611),4.29895250365407,5.42347139871001,76.7
127504422,"1","Autonomo","Città Studi, Susa","Città Studi",740,3,49.3333333333333,15,c(9.21804, 45.4766),10.8141421972194,4.48861346912934,13
127490500,"1","Autonomo","Abbiategrasso, Chiesa Rossa","Pezzotti - Meda",700,2,14.5833333333333,20,c(9.18048, 45.4408),16.3997913199761,2.30423475841516,89.7
127355667,"1","Autonomo","Bande Nere, Inganni","Lorenteggio",770,5,11.1594202898551,11.04,c(9.14007, 45.4517),2.86636327958224,6.27855247851335,96.2
127232221,"2","Autonomo","Città Studi, Susa","Plebisciti - Susa",760,5,6.33333333333333,19.2,c(9.2177, 45.4644),6.30824738203619,3.78808132704334,28.3
127232191,"1","Autonomo","Bande Nere, Inganni","Lorenteggio",710,5,8.06818181818182,14.08,c(9.13914, 45.4523),4.05243613343563,7.80962944361716,95.2
127646704,"2","Autonomo","Navigli","Navigli - Darsena",840,5,56,15,c(9.16878, 45.4509),2.07332666237627,0.157043477024769,82.5
127569780,"3+","Autonomo","Precotto, Turro","Precotto",775,5,5.53571428571429,22.4,c(9.22356, 45.5101),3.52704440973833,6.1290169087195,50.8
127355919,"2","Autonomo","San Siro, Trenno","San Siro",815,5,5.12578616352201,25.44,c(9.13115, 45.4735),5.12646751310311,4.46160643914968,66.5
127355725,"3","Autonomo","Bicocca, Niguarda","Ca' Granda",750,5,5.35714285714286,22.4,c(9.19938, 45.5052),4.12427415242695,2.25170566604013,56.8
127355509,"2","Autonomo","Porta Vittoria, Lodi","Lodi - Brenta",740,5,49.3333333333333,15,c(9.21768, 45.4435),1.62960211956068,12.2121463751196,63.2
127326269,"2","Autonomo","Navigli","Navigli - Darsena",735,5,6.68181818181818,17.6,c(9.17288, 45.4446),6.49405554622695,7.6374589493616,90.1
127201255,"2","Autonomo","Solari, Washington","Frua",815,5,5.43333333333333,24,c(9.14755, 45.4653),3.16762695972191,4.03729032075309,72.2
127504648,"1","Autonomo","Garibaldi, Moscova, Porta Nuova","Turati",720,3,11.25,17.0666666666667,c(9.1894, 45.4757),6.58850274802675,6.53299658932206,49.7
127275171,"2","Autonomo","Solari, Washington","Frua",815,5,5.43333333333333,24,c(9.14755, 45.4653),3.16762695972191,4.03729032075309,72.2
127132825,"1","Autonomo","Pasteur, Rovereto","Pasteur",840,5,56,15,c(9.21822, 45.4867),3.97082044338666,7.07190892278232,18.7
127326451,"2","Autonomo","Città Studi, Susa","Plebisciti - Susa",810,5,5.03105590062112,25.76,c(9.21965, 45.4703),4.24509266908176,3.26758715520631,17.8
127169359,"1","Autonomo","Corvetto, Rogoredo","Corvetto",805,2,53.6666666666667,15,c(9.21247, 45.4406),8.28317785763127,15.4276875379927,69.3
127356411,"3","Autonomo","Centro","Carrobbio",820,5,54.6666666666667,15,c(9.18402, 45.4576),1.89676222539211,3.79411931439888,64.9
127317605,"1","Autonomo","Napoli, Soderini","Tripoli - Soderini",760,5,8.08510638297872,15.04,c(9.14926, 45.4545),2.02604301911632,5.71499051507175,89.6
127303765,"2","Autonomo","Pasteur, Rovereto","Pasteur",745,5,5.55970149253731,21.44,c(9.21977, 45.4875),5.32411540101168,7.6513664020792,18.6
127602276,"2","Autonomo","Affori, Bovisa","Affori",750,4,50,15,c(9.17614, 45.5161),5.1683730683435,18.7244319431116,39.6
127541476,"2","Autonomo","Fiera, Sempione, City Life, Portello","Monte Rosa - Lotto",795,5,5.09615384615385,24.96,c(9.14928, 45.4784),5.30602621906994,12.9450388025976,51.1
127356381,"3","Autonomo","Centro","Carrobbio",815,5,54.3333333333333,15,c(9.18402, 45.4576),1.89676222539211,3.79411931439888,64.9
127094291,"3","Autonomo","Abbiategrasso, Chiesa Rossa","Chiesa Rossa",775,5,51.6666666666667,15,c(9.18433, 45.4326),9.65491973547738,1.58410983476799,98.4
127326353,"2","Autonomo","Fiera, Sempione, City Life, Portello","Sempione",745,5,49.6666666666667,15,c(9.16039, 45.4855),7.34574200846815,1.91259372268117,39.3
127303539,"2","Autonomo","Bisceglie, Baggio, Olmi","Quarto Cagnino",725,5,6.25,18.56,c(9.111, 45.4737),9.98361699273378,15.1167926308646,86.3
127646882,"2","Autonomo","Affori, Bovisa","Affori",750,4,50,15,c(9.17614, 45.5161),5.1683730683435,18.7244319431116,39.6
127646804,"1","Autonomo","Ripamonti, Vigentino","Ripamonti - Fondazione Prada",725,4,9.0625,16,c(9.196, 45.4377),23.9191604128379,5.93584138617528,86
127602336,"3","Autonomo","Quadronno, Palestro, Guastalla","Quadronno - Crocetta",740,4,49.3333333333333,15,c(9.19949, 45.4522),4.67869762680884,2.45432974763241,58.4
127541744,"2","Autonomo","Maggiolina, Istria","Istria",790,5,52.6666666666667,15,c(9.19354, 45.4984),3.95383953024172,4.03341398772375,46.9
127414831,"1","Autonomo","Abbiategrasso, Chiesa Rossa","Pezzotti - Meda",735,4,9.8,15,c(9.17731, 45.4434),11.7376314455623,2.10104732224802,88.5
127602452,"3","Autonomo","Centrale, Repubblica","Centrale",830,5,7.21739130434783,18.4,c(9.20777, 45.486),2.33855151446935,2.59696878640782,25.7
127504726,"1","Autonomo","Bande Nere, Inganni","Lorenteggio",780,4,12.5806451612903,12.4,c(9.13741, 45.4539),7.033678127275,11.1045414003797,95.1
127490302,"3","Autonomo","Centro","Carrobbio",820,5,54.6666666666667,15,c(9.18402, 45.4576),1.89676222539211,3.79411931439888,64.9
127490272,"1","Autonomo","Quadronno, Palestro, Guastalla","Quadronno - Crocetta",760,2,50.6666666666667,15,c(9.20027, 45.4551),6.07693413809262,2.9258766440983,55
127462844,"1","Autonomo","Navigli","Corso San Gottardo",750,3,12.7118644067797,15.7333333333333,c(9.18155, 45.4502),12.2877107989183,3.04423684574899,76.4
127355495,"2","Autonomo","Corvetto, Rogoredo","Corvetto",785,4,52.3333333333333,15,c(9.21247, 45.4406),8.28317785763127,15.4276875379927,69.3
127317565,"2","Autonomo","Navigli","Navigli - Darsena",750,5,7.6530612244898,15.68,c(9.17542, 45.4439),9.42174284037934,4.42180743369806,88.6
127570202,"1","Autonomo","Ripamonti, Vigentino","Vigentino - Fatima",760,4,5.17006802721088,20,c(9.20273, 45.4289),30.8056381901479,0.363629443012608,93.9
127504454,"2","Autonomo","Centrale, Repubblica","Buenos Aires",790,5,5.48611111111111,23.04,c(9.21494, 45.4839),1.27496593740751,6.65001695419866,17.2
127462902,"2","Autonomo","Maggiolina, Istria","Istria",750,5,50,15,c(9.19354, 45.4984),3.95383953024172,4.03341398772375,46.9
127317713,"1","Autonomo","Bande Nere, Inganni","Lorenteggio",705,4,10.8461538461539,13,c(9.14068, 45.4543),4.7017587621521,9.84102083894171,90.6
127504598,"2","Autonomo","Città Studi, Susa","Città Studi",780,5,5.53191489361702,22.56,c(9.2222, 45.4817),4.00785970264586,6.26561984763277,8
127462892,"2","Autonomo","Udine, Lambrate","Udine",840,5,56,15,c(9.23447, 45.4901),3.73788698681335,9.53185929754807,22.9
127356303,"2","Autonomo","Maggiolina, Istria","Istria",790,5,52.6666666666667,15,c(9.19354, 45.4984),3.95383953024172,4.03341398772375,46.9
127462650,"1","Autonomo","Solari, Washington","Frua",740,4,49.3333333333333,15,c(9.14734, 45.4651),3.58661147504045,4.46711953445641,71.9
127356459,"3","Autonomo","Centro","Carrobbio",720,5,48,15,c(9.18402, 45.4576),1.89676222539211,3.79411931439888,64.9
127317511,"1","Autonomo","Cenisio, Sarpi, Isola","Isola",750,5,5.90551181102362,20.32,c(9.18815, 45.4889),4.43529344253108,1.67100010572408,45.8
127303557,"1","Autonomo","Bande Nere, Inganni","Lorenteggio",735,4,9.93243243243243,14.8,c(9.14075, 45.4519),2.02130997432749,6.05618836103308,95.3
127647028,"1","Autonomo","Abbiategrasso, Chiesa Rossa","Pezzotti - Meda",820,5,6.77685950413223,19.36,c(9.17862, 45.4419),13.6959141610419,1.00352456649439,89.1
127513944,"3","Autonomo","Centro","Carrobbio",820,5,54.6666666666667,15,c(9.18402, 45.4576),1.89676222539211,3.79411931439888,64.9
127326437,"2","Autonomo","Corvetto, Rogoredo","Corvetto",710,5,6.12068965517241,18.56,c(9.22312, 45.4403),0.410070390144848,17.7091540039734,63.4
127513830,"2","Autonomo","Porta Romana, Cadore, Montenero","Cadore",750,5,7.42574257425743,16.16,c(9.21348, 45.4539),12.7459094316363,1.22225793723303,45.7
127490034,"1","Autonomo","Abbiategrasso, Chiesa Rossa","Chiesa Rossa",740,2,7.4,20,c(9.17844, 45.4271),5.23139834916662,1.43847716063612,111.9
127462680,"2","Autonomo","Maggiolina, Istria","Maggiolina",830,5,5.68493150684932,23.36,c(9.20541, 45.4963),12.5181739043477,7.0877795389296,40.6
127326351,"1","Autonomo","Bande Nere, Inganni","Lorenteggio",700,5,7.07070707070707,15.84,c(9.14075, 45.4519),2.02130997432749,6.05618836103308,95.3
127326143,"1","Autonomo","Navigli","Ascanio Sforza",795,5,6.625,19.2,c(9.17928, 45.4469),15.0107747149736,1.54975314479883,82
127541692,"1","Autonomo","Solari, Washington","Washington",770,5,6.06299212598425,20.32,c(9.1525, 45.4621),8.34982773369008,8.64092413529244,78.6
127513848,"3","Autonomo","Città Studi, Susa","Plebisciti - Susa",795,5,53,15,c(9.2235, 45.4648),5.88148805744121,4.59057917704108,23.6
127490396,"1","Autonomo","Porta Romana, Cadore, Montenero","Montenero",740,4,7.11538461538461,20.8,c(9.20811, 45.4566),10.6249710704753,0.951498145371332,46.1
127414511,"1","Autonomo","Navigli","Ascanio Sforza",830,5,6.91666666666667,19.2,c(9.17928, 45.4469),15.0107747149736,1.54975314479883,82
127303757,"1","Autonomo","Bande Nere, Inganni","Lorenteggio",775,4,11.0714285714286,14,c(9.13777, 45.4542),6.94498852610211,11.4122900427561,94.9
127303999,"1","Autonomo","Uptown, Cascina Merlata, Viale Certosa","Ghisolfa - Mac Mahon",730,5,6.03305785123967,19.36,c(9.15252, 45.4899),15.0594581466272,0.837149509046507,30.4
127541694,"1","Autonomo","Napoli, Soderini","Tripoli - Soderini",795,4,9.24418604651163,17.2,c(9.14808, 45.4546),1.57579431376572,6.52342660529342,89.6
127463044,"3","Autonomo","Quadronno, Palestro, Guastalla","Quadronno - Crocetta",740,4,49.3333333333333,15,c(9.19949, 45.4522),4.67869762680884,2.45432974763241,58.4
127355461,"2","Autonomo","Famagosta, Barona","Famagosta",735,3,49,15,c(9.17446, 45.4417),8.96855776904326,5.26977475460818,92.3
127303733,"1","Autonomo","Napoli, Soderini","Tripoli - Soderini",730,5,7.76595744680851,15.04,c(9.14926, 45.4545),2.02604301911632,5.71499051507175,89.6
127356305,"2","Autonomo","Maggiolina, Istria","Istria",750,5,50,15,c(9.19354, 45.4984),3.95383953024172,4.03341398772375,46.9
127514044,"3","Autonomo","Città Studi, Susa","Plebisciti - Susa",795,5,53,15,c(9.2235, 45.4648),5.88148805744121,4.59057917704108,23.6
127490486,"1","Autonomo","Precotto, Turro","Turro",730,4,11.2307692307692,13,c(9.22352, 45.5034),4.88864673580991,17.2683038867695,40.1
127414799,"2","Autonomo","Porta Vittoria, Lodi","Lodi - Brenta",820,5,5.85714285714286,22.4,c(9.22025, 45.4431),2.18772400227459,12.5020982601586,59.8
127356401,"2","Autonomo","Maggiolina, Istria","Maggiolina",790,5,5.64285714285714,22.4,c(9.19935, 45.5017),1.7099222709365,1.3749648641211,51.8
127356299,"3","Autonomo","Bicocca, Niguarda","Ca' Granda",790,5,5.64285714285714,22.4,c(9.19938, 45.5052),4.12427415242695,2.25170566604013,56.8
127303625,"1","Autonomo","Abbiategrasso, Chiesa Rossa","Pezzotti - Meda",825,5,6.81818181818182,19.36,c(9.17862, 45.4419),13.6959141610419,1.00352456649439,89.1
127274871,"1","Autonomo","Bicocca, Niguarda","Greco - Segnano",700,3,9.72222222222222,19.2,c(9.20782, 45.5096),9.13298944254042,6.10762838502815,59.7
127602294,"1","Autonomo","Centrale, Repubblica","Buenos Aires",700,5,6.73076923076923,16.64,c(9.21128, 45.4813),1.68062798913541,5.67264865604136,19.4
127541766,"3","Autonomo","Centro","Carrobbio",820,5,54.6666666666667,15,c(9.18402, 45.4576),1.89676222539211,3.79411931439888,64.9
127504848,"1","Autonomo","Bande Nere, Inganni","Lorenteggio",780,4,10.8333333333333,14.4,c(9.1395, 45.4519),3.54593664800578,7.00271324056712,95.8
127356349,"2","Autonomo","San Siro, Trenno","San Siro",815,5,5.12578616352201,25.44,c(9.13115, 45.4735),5.12646751310311,4.46160643914968,66.5
127326433,"2","Autonomo","Forlanini","Viale Ungheria - Mecenate",745,5,5.6015037593985,21.28,c(9.23823, 45.4561),10.5702222937899,4.70095278399866,46.5
127275187,"2","Autonomo","Maggiolina, Istria","Maggiolina",750,5,5.35714285714286,22.4,c(9.19935, 45.5017),1.7099222709365,1.3749648641211,51.8
127646594,"1","Autonomo","Maggiolina, Istria","Maggiolina",730,4,48.6666666666667,15,c(9.20745, 45.4958),13.1101609167761,7.61908400508609,38.5
127490308,"3","Autonomo","Centrale, Repubblica","Buenos Aires",820,5,5.18987341772152,25.28,c(9.21418, 45.4857),2.08338662205593,4.58344522167542,19.3
127602458,"2","Autonomo","Città Studi, Susa","Città Studi",795,5,5.33557046979866,23.84,c(9.21731, 45.4823),3.74605063209725,10.5395444032926,14.4
127570036,"2","Autonomo","Città Studi, Susa","Città Studi",800,5,5.88235294117647,21.76,c(9.22446, 45.4689),1.5531272454298,3.500680778685,16.5
127355347,"1","Autonomo","Navigli","Ascanio Sforza",835,5,6.95833333333333,19.2,c(9.17928, 45.4469),15.0107747149736,1.54975314479883,82
127303923,"2","Autonomo","Centrale, Repubblica","Buenos Aires",790,5,5.48611111111111,23.04,c(9.21494, 45.4839),1.27496593740751,6.65001695419866,17.2
127275123,"2","Autonomo","Porta Romana, Cadore, Montenero","Porta Romana - Medaglie d'Oro",710,5,47.3333333333333,15,c(9.20376, 45.4527),2.13180461010036,2.38082082176572,53.6
127569778,"1","Autonomo","Bande Nere, Inganni","Inganni",705,4,8.8125,16,c(9.11946, 45.4575),3.37457610403418,25.7477414604686,99.1
127132855,"1","Autonomo","Bande Nere, Inganni","Lorenteggio",720,4,11.0769230769231,13,c(9.14113, 45.4525),1.89736515700364,6.74515756041733,94.7
127646696,"1","Autonomo","Cenisio, Sarpi, Isola","Isola",815,5,6.41732283464567,20.32,c(9.18815, 45.4889),4.43529344253108,1.67100010572408,45.8
127384781,"2","Autonomo","Famagosta, Barona","Famagosta",745,4,6.05691056910569,24.6,c(9.17575, 45.4429),9.92601443281046,3.98546153298809,89.6
127646776,"1","Autonomo","Cenisio, Sarpi, Isola","Isola",815,5,6.41732283464567,20.32,c(9.18815, 45.4889),4.43529344253108,1.67100010572408,45.8
127570234,"2","Autonomo","Maggiolina, Istria","Istria",750,5,50,15,c(9.19354, 45.4984),3.95383953024172,4.03341398772375,46.9
127462876,"3","Autonomo","Maggiolina, Istria","Cascina dei Pomi",780,5,6.14173228346457,20.32,c(9.20803, 45.4926),9.98750304594331,3.52744804187125,34.4
127355659,"1","Autonomo","Navigli","Corso San Gottardo",750,3,11.5384615384615,17.3333333333333,c(9.18148, 45.4492),14.0211145079354,2.18900019502219,76.8
127355341,"1","Autonomo","Cenisio, Sarpi, Isola","Cenisio",705,5,7.05,16,c(9.16805, 45.4888),5.64010143111846,2.14493316169336,37.2
127303741,"3","Autonomo","Abbiategrasso, Chiesa Rossa","Chiesa Rossa",775,5,51.6666666666667,15,c(9.18433, 45.4326),9.65491973547738,1.58410983476799,98.4
127541486,"2","Autonomo","Solari, Washington","Solari",815,5,6.41732283464567,20.32,c(9.15618, 45.4518),7.18263347936572,3.03445641458637,94
127513736,"2","Autonomo","Porta Venezia, Indipendenza","Porta Venezia",785,5,6.82608695652174,18.4,c(9.20508, 45.4773),3.56117387432897,2.50123922150342,28.4
127356355,"3","Autonomo","Bicocca, Niguarda","Ca' Granda",750,5,5.35714285714286,22.4,c(9.19938, 45.5052),4.12427415242695,2.25170566604013,56.8
127490494,"1","Autonomo","Abbiategrasso, Chiesa Rossa","Pezzotti - Meda",730,4,9.73333333333333,15,c(9.17731, 45.4434),11.7376314455623,2.10104732224802,88.5
127355767,"2","Autonomo","Bande Nere, Inganni","Lorenteggio",715,5,5.5,20.8,c(9.14127, 45.453),2.39308202874502,7.47835847139147,93
127602212,"3+","Autonomo","Navigli","Bocconi",720,5,5.10638297872341,22.56,c(9.19124, 45.4508),10.2721212543707,0.698150760038441,67.4
127326439,"2","Autonomo","Solari, Washington","Frua",815,5,5.43333333333333,24,c(9.14755, 45.4653),3.16762695972191,4.03729032075309,72.2
127303993,"2","Autonomo","Bisceglie, Baggio, Olmi","Quarto Cagnino",725,5,6.25,18.56,c(9.111, 45.4737),9.98361699273378,15.1167926308646,86.3
127513950,"2","Autonomo","Solari, Washington","Frua",815,5,5.43333333333333,24,c(9.14755, 45.4653),3.16762695972191,4.03729032075309,72.2
127356393,"2","Autonomo","Maggiolina, Istria","Maggiolina",750,5,5.35714285714286,22.4,c(9.19935, 45.5017),1.7099222709365,1.3749648641211,51.8
127356357,"2","Autonomo","Maggiolina, Istria","Istria",750,5,50,15,c(9.19354, 45.4984),3.95383953024172,4.03341398772375,46.9
127326257,"2","Autonomo","Uptown, Cascina Merlata, Viale Certosa","Ghisolfa - Mac Mahon",745,5,5.86614173228346,20.32,c(9.15383, 45.4895),14.7190272542217,2.52644496090121,31
127646568,"1","Autonomo","Pasteur, Rovereto","Pasteur",840,5,56,15,c(9.21822, 45.4867),3.97082044338666,7.07190892278232,18.7
127602436,"1","Autonomo","Ripamonti, Vigentino","Vigentino - Fatima",780,4,5.30612244897959,20,c(9.20273, 45.4289),30.8056381901479,0.363629443012608,93.9
127504434,"3","Autonomo","Centro","Carrobbio",820,5,54.6666666666667,15,c(9.18402, 45.4576),1.89676222539211,3.79411931439888,64.9
127275181,"2","Autonomo","Città Studi, Susa","Plebisciti - Susa",760,5,6.33333333333333,19.2,c(9.2177, 45.4644),6.30824738203619,3.78808132704334,28.3
127462936,"3","Autonomo","Centro","Carrobbio",720,5,48,15,c(9.18402, 45.4576),1.89676222539211,3.79411931439888,64.9
127414653,"2","Autonomo","Bicocca, Niguarda","Bruzzano",825,5,5.89285714285714,22.4,c(9.17005, 45.5255),7.06712588788932,27.0420308969103,46.8
127384325,"1","Autonomo","Maggiolina, Istria","Maggiolina",775,4,8.61111111111111,18,c(9.19704, 45.4941),4.6484141995674,1.24797570818074,42.9
127504438,"1","Autonomo","Affori, Bovisa","Bovisa",700,4,12.7272727272727,11,c(9.16316, 45.5015),21.1893126549332,3.10900054572847,9.7
127462712,"1","Autonomo","Bande Nere, Inganni","Lorenteggio",700,5,7.95454545454545,14.08,c(9.13914, 45.4523),4.05243613343563,7.80962944361716,95.2
127414893,"3","Autonomo","Maggiolina, Istria","Maggiolina",710,5,47.3333333333333,15,c(9.19756, 45.4915),4.94163028067195,5.64162026842396,39.3
127303917,"1","Autonomo","Città Studi, Susa","Città Studi",740,3,49.3333333333333,15,c(9.21804, 45.4766),10.8141421972194,4.48861346912934,13
127051081,"1","Autonomo","Bande Nere, Inganni","Lorenteggio",735,4,9.93243243243243,14.8,c(9.14075, 45.4519),2.02130997432749,6.05618836103308,95.3
127570118,"2","Autonomo","Navigli","Navigli - Darsena",840,5,56,15,c(9.16878, 45.4509),2.07332666237627,0.157043477024769,82.5
127490522,"2","Autonomo","Città Studi, Susa","Città Studi",750,5,5.31914893617021,22.56,c(9.2222, 45.4817),4.00785970264586,6.26561984763277,8
127414741,"2","Autonomo","Centrale, Repubblica","Buenos Aires",790,5,52.6666666666667,15,c(9.2149, 45.4851),1.04536824541264,5.90300162049587,17.4
127356321,"2","Autonomo","Bande Nere, Inganni","Lorenteggio",715,5,5.5,20.8,c(9.14127, 45.453),2.39308202874502,7.47835847139147,93
126704843,"1","Assente","Cenisio, Sarpi, Isola","Zara",700,1,46.6666666666667,15,c(9.1896, 45.4905),5.35708139296664,2.11561503630963,45.3
127570214,"2","Autonomo","Famagosta, Barona","Giambellino",730,5,6.1864406779661,18.88,c(9.14046, 45.4501),3.88570612373661,4.14016453425667,99.4
127490534,"1","Autonomo","Bande Nere, Inganni","Lorenteggio",730,5,10.4285714285714,11.2,c(9.1396, 45.4521),3.44588651382254,7.17794153491936,95.5
127141331,"2","Autonomo","Porta Vittoria, Lodi","Lodi - Brenta",740,5,49.3333333333333,15,c(9.21768, 45.4435),1.62960211956068,12.2121463751196,63.2
127541534,"2","Autonomo","Porta Venezia, Indipendenza","Indipendenza",720,4,48,15,c(9.21641, 45.4642),7.04163746040064,3.77245755956631,29.7
127326463,"2","Autonomo","Navigli","Navigli - Darsena",755,5,6.86363636363636,17.6,c(9.17288, 45.4446),6.49405554622695,7.6374589493616,90.1
127317507,"2","Autonomo","Bisceglie, Baggio, Olmi","Quarto Cagnino",725,5,6.25,18.56,c(9.111, 45.4737),9.98361699273378,15.1167926308646,86.3
127490482,"1","Autonomo","Navigli","Corso San Gottardo",750,3,12.7118644067797,15.7333333333333,c(9.18155, 45.4502),12.2877107989183,3.04423684574899,76.4
127303921,"1","Autonomo","Porta Vittoria, Lodi","Lodi - Brenta",840,2,56,15,c(9.21502, 45.4428),4.27020389782848,14.491209047705,65.8
127541470,"1","Autonomo","Pasteur, Rovereto","Pasteur",740,5,49.3333333333333,15,c(9.21822, 45.4867),3.97082044338666,7.07190892278232,18.7
127541370,"1","Autonomo","Porta Vittoria, Lodi","Lodi - Brenta",840,2,56,15,c(9.21502, 45.4428),4.27020389782848,14.491209047705,65.8
127602144,"1","Autonomo","Centrale, Repubblica","Buenos Aires",790,4,52.6666666666667,15,c(9.21128, 45.4813),1.68062798913541,5.67264865604136,19.4
127132823,"1","Autonomo","Centrale, Repubblica","Buenos Aires",790,4,52.6666666666667,15,c(9.21128, 45.4813),1.68062798913541,5.67264865604136,19.4
127317229,"1","Autonomo","Città Studi, Susa","Plebisciti - Susa",840,5,56,15,c(9.2219, 45.4683),3.65281149494655,5.15835256329281,20
127541790,"1","Autonomo","Napoli, Soderini","Tripoli - Soderini",760,5,6.60869565217391,18.4,c(9.14808, 45.4546),1.57579431376572,6.52342660529342,89.6
127490526,"2","Autonomo","Navigli","Navigli - Darsena",795,5,5.76086956521739,22.08,c(9.16077, 45.4464),9.63570626245695,3.92111592433915,96
127303345,"1","Autonomo","Città Studi, Susa","Plebisciti - Susa",840,5,56,15,c(9.2219, 45.4683),3.65281149494655,5.15835256329281,20
127326129,"1","Autonomo","Città Studi, Susa","Plebisciti - Susa",840,5,56,15,c(9.2219, 45.4683),3.65281149494655,5.15835256329281,20
127275177,"1","Autonomo","Famagosta, Barona","Famagosta",750,3,9.61538461538462,20.8,c(9.17355, 45.4399),8.42153515257274,6.16585972318295,95.7
127132829,"1","Autonomo","Centrale, Repubblica","Buenos Aires",790,4,52.6666666666667,15,c(9.21128, 45.4813),1.68062798913541,5.67264865604136,19.4
127504712,"1","Autonomo","Famagosta, Barona","Famagosta",795,3,11.865671641791,17.8666666666667,c(9.17508, 45.4405),10.5366028008484,4.3627197425366,93.2
127317241,"1","Autonomo","Famagosta, Barona","Giambellino",815,3,10.3164556962025,21.0666666666667,c(9.12707, 45.4468),4.68368388418437,5.27203370848003,108.4
127415079,"1","Autonomo","Napoli, Soderini","Tripoli - Soderini",760,5,6.60869565217391,18.4,c(9.14808, 45.4546),1.57579431376572,6.52342660529342,89.6
127326191,"3+","Autonomo","Navigli","Bocconi",765,5,5.42553191489362,22.56,c(9.19124, 45.4508),10.2721212543707,0.698150760038441,67.4
127541344,"1","Autonomo","Centrale, Repubblica","Buenos Aires",790,4,52.6666666666667,15,c(9.21128, 45.4813),1.68062798913541,5.67264865604136,19.4
121398048,"1","Assente","Famagosta, Barona","Cantalupa - San Paolo",700,3,35,20,c(9.1727, 45.4354),6.14097669603151,6.44979269502732,102.3
127414503,"2","Autonomo","Napoli, Soderini","Tripoli - Soderini",785,4,7.13636363636364,22,c(9.15182, 45.4552),1.61161211936223,5.54395589804522,87.5
127504660,"2","Autonomo","Centrale, Repubblica","Buenos Aires",800,5,6.83760683760684,18.72,c(9.20602, 45.4787),5.85026872369844,3.176224379767,27.1
118949255,"1","Centralizzato","Centrale, Repubblica","Buenos Aires",700,2,35,20,c(9.21456, 45.485),1.48788524968244,5.59294246476262,17.6
126490695,"1","Centralizzato","Affori, Bovisa","Bovisa",700,3,35,20,c(9.16653, 45.5014),17.4371764008635,2.40468386519286,14.3
127067215,"1","Assente","Napoli, Soderini","Piazza Napoli",750,3,37.5,20,c(9.1529, 45.4542),2.00002240537028,3.45298795659947,88.9
117479023,"1","Assente","San Siro, Trenno","Monte Stella",720,4,5.76,25,c(9.1388, 45.4879),3.92441189159,11.4599948251349,43.8
127388245,"2","Assente","Città Studi, Susa","Plebisciti - Susa",750,4,37.5,20,c(9.2175, 45.4686),1.55270256021163,7.15845954001116,21.9
126662749,"1","Assente","Affori, Bovisa","Bovisa",800,3,9.52380952380952,22.4,c(9.1687, 45.4996),16.7795342026099,1.00834878926999,17.5
126734429,"1","Assente","Cimiano, Crescenzago, Adriano","Cimiano",810,3,8.52631578947368,25.3333333333333,c(9.2293, 45.4986),10.6273719493077,17.3322339273455,33
122360824,"1","Assente","Solari, Washington","Solari",750,2,83.3333333333333,9,c(9.1585, 45.4543),6.5446016984512,0.76156990969793,90
121765970,"1","Assente","Navigli","Corso San Gottardo",800,3,8.88888888888889,24,c(9.1859, 45.4518),8.53339125925299,0.926776106589242,69.5
122120396,"1","Assente","Solari, Washington","Solari",800,3,11.4285714285714,18.6666666666667,c(9.1591, 45.451),10.4772220884394,4.38470517752951,91.9
121899538,NA,"Centralizzato","Bisceglie, Baggio, Olmi","Bisceglie",770,5,38.5,20,c(9.11375, 45.456),1.44954256000559,24.7855251223206,102.7
125826955,"1","Assente","Centrale, Repubblica","Centrale",720,1,60,12,c(9.2088, 45.4851),0.828267931713822,0.84358911056919,24.2
116288007,"2","Assente","Porta Venezia, Indipendenza","Porta Venezia",700,4,6.36363636363636,22,c(9.2091, 45.4755),3.92638431839072,2.19575403136954,23.8
126032523,"1","Assente","Città Studi, Susa","Argonne - Corsica",700,3,7.77777777777778,24,c(9.2324, 45.4664),3.00394993902663,7.24292627019833,23.8
125826697,"1","Assente","Centrale, Repubblica","Centrale",820,1,51.25,16,c(9.2088, 45.4851),0.828267931713822,0.84358911056919,24.2
127096915,"3","Assente","Affori, Bovisa","Affori",775,4,7.52427184466019,20.6,c(9.1716, 45.5143),3.17035495178208,21.8524384398236,34.9
127627114,"2","Assente","Città Studi, Susa","Argonne - Corsica",750,3,10.7142857142857,18.6666666666667,c(9.23, 45.464),7.47847943381601,3.11010244852852,25
123014815,"3+","Assente","Navigli","Corso San Gottardo",700,5,7.77777777777778,14.4,c(9.1863, 45.4461),18.0213352997633,2.13929620866014,77.9
87371962,"1","Assente","San Siro, Trenno","Gallaratese",720,4,51.4285714285714,14,c(9.1018, 45.5009),0.515321009812671,23.4716453581887,72.3
114259183,"2","Assente","Città Studi, Susa","Plebisciti - Susa",700,4,5.38461538461539,26,c(9.2183, 45.4661),3.30054089496768,6.74217732732574,25.7
125844915,"1","Centralizzato","Pasteur, Rovereto","Pasteur",700,3,33.3333333333333,21,c(9.21366, 45.4897),5.30255301212985,0.787864444795713,25.4
126534643,"2","Assente","Navigli","Bocconi",750,4,6.25,24,c(9.1874, 45.4489),13.0404525937209,2.18214988347657,72.5
118616035,"1","Assente","Città Studi, Susa","Casoretto",700,3,7,20,c(9.2278, 45.487),10.4942252924886,10.829027020016,13.5
127541446,"1","Assente","Maggiolina, Istria","Cascina dei Pomi",700,3,8.75,21.3333333333333,c(9.20657, 45.4931),8.98971989793937,3.2471786029671,34.5
127384587,"1","Assente","Navigli","Corso San Gottardo",700,4,46.6666666666667,15,c(9.18069, 45.4463),16.4586595049267,1.65817544937583,82.3
127513600,"1","Autonomo","Solari, Washington","Vercelli - Wagner",840,4,9.33333333333333,18,c(9.15496, 45.4686),1.42381715824207,2.9441790629882,67
127326231,"2","Assente","Ripamonti, Vigentino","Ripamonti - Fondazione Prada",750,4,7.5,20,c(9.20023, 45.4371),21.1452585224727,1.11344358881691,81.3
127141321,"1","Autonomo","Solari, Washington","Vercelli - Wagner",840,4,9.33333333333333,18,c(9.15496, 45.4686),1.42381715824207,2.9441790629882,67
127646856,"2","Assente","Uptown, Cascina Merlata, Viale Certosa","Ghisolfa - Mac Mahon",750,3,8.24175824175824,24.2666666666667,c(9.16147, 45.4936),16.9279308612777,4.32981884782323,27.2
125872789,"2","Centralizzato","Città Studi, Susa","Città Studi",800,4,5.33333333333333,20,c(9.23239, 45.4727),7.99507895194227,3.18055181812571,14.3
126149401,NA,"Assente","Affori, Bovisa","Bovisa",790,3,43.8888888888889,18,c(9.1613, 45.5044),22.1171867585284,5.87608636581226,9
127602496,"1","Assente","Uptown, Cascina Merlata, Viale Certosa","Certosa",760,3,12.6666666666667,16,c(9.14982, 45.499),27.3871714340306,0.277957945264871,13.8
127326121,"2","Autonomo","Città Studi, Susa","Plebisciti - Susa",840,5,6.46153846153846,20.8,c(9.2235, 45.4648),5.88148805744121,4.59057917704108,23.6
127134717,"1","Centralizzato","Fiera, Sempione, City Life, Portello","Sempione",700,3,46.6666666666667,15,c(9.16357, 45.4859),4.51381696316081,3.52376563683999,38.4
127570052,"2","Autonomo","Maggiolina, Istria","Maggiolina",760,5,50.6666666666667,15,c(9.20583, 45.4962),12.6018623303229,7.12582851502001,40.1
127569820,"1","Autonomo","Napoli, Soderini","Tripoli - Soderini",720,4,5.66929133858268,25.4,c(9.14808, 45.4546),1.57579431376572,6.52342660529342,89.6
127094271,"2","Autonomo","Maggiolina, Istria","Maggiolina",760,5,50.6666666666667,15,c(9.20583, 45.4962),12.6018623303229,7.12582851502001,40.1
127303929,"1","Autonomo","Napoli, Soderini","Tripoli - Soderini",720,4,5.66929133858268,25.4,c(9.14808, 45.4546),1.57579431376572,6.52342660529342,89.6
123704477,"2","Assente","Città Studi, Susa","Città Studi",700,4,5.83333333333333,24,c(9.2244, 45.4803),1.41963483757129,2.67843386395501,4.3
127569832,"1","Autonomo","Napoli, Soderini","Tripoli - Soderini",720,4,5.66929133858268,25.4,c(9.14808, 45.4546),1.57579431376572,6.52342660529342,89.6
127541438,"2","Assente","Porta Vittoria, Lodi","Porta Vittoria",800,4,6.66666666666667,24,c(9.22876, 45.4606),11.4287253958981,2.97157962793774,30.8
127303927,"1","Autonomo","Napoli, Soderini","Tripoli - Soderini",720,4,5.66929133858268,25.4,c(9.14808, 45.4546),1.57579431376572,6.52342660529342,89.6
127646934,"1","Assente","Famagosta, Barona","Cantalupa - San Paolo",700,3,9.33333333333333,20,c(9.17322, 45.4339),8.084681744238,5.62639220647019,103.2
127602450,"1","Autonomo","Napoli, Soderini","Tripoli - Soderini",760,5,5.98425196850394,20.32,c(9.14808, 45.4546),1.57579431376572,6.52342660529342,89.6
127646630,"1","Autonomo","Napoli, Soderini","Tripoli - Soderini",720,4,5.66929133858268,25.4,c(9.14808, 45.4546),1.57579431376572,6.52342660529342,89.6
127490366,"2","Autonomo","San Siro, Trenno","San Siro",740,5,49.3333333333333,15,c(9.12737, 45.4707),9.50074760171684,9.55946470283026,72.2
127303745,"2","Autonomo","Maggiolina, Istria","Maggiolina",755,5,5.43165467625899,22.24,c(9.1986, 45.4925),5.37664376517086,4.14415793603931,40.7
127274907,"3+","Autonomo","Udine, Lambrate","Ortica",805,5,53.6666666666667,15,c(9.2482, 45.4691),15.5529500517421,13.3956606106002,37
127303941,"1","Autonomo","Napoli, Soderini","Tripoli - Soderini",720,4,5.66929133858268,25.4,c(9.14808, 45.4546),1.57579431376572,6.52342660529342,89.6
127462884,"1","Autonomo","Città Studi, Susa","Città Studi",810,4,54,15,c(9.23509, 45.4827),3.09460079809771,3.00290528917777,12.3
123084505,"1","Autonomo","Affori, Bovisa","Bovisa",750,4,10.7142857142857,14,c(9.15345, 45.5026),31.3782161212439,6.76686396539188,3.7
127513702,"3+","Assente","Città Studi, Susa","Città Studi",780,5,6.5,19.2,c(9.22738, 45.483),4.53146234382204,6.42923194239182,7.2
127317463,"1","Assente","Affori, Bovisa","Affori",700,4,7.95454545454545,17.6,c(9.15435, 45.52),17.2142712668307,29.6309979076222,33.3
127303585,"1","Assente","Navigli","Navigli - Darsena",800,3,9.41176470588235,22.6666666666667,c(9.1775, 45.4509),10.1189773949264,3.04105841738255,77.8
125778443,"1","Centralizzato","Abbiategrasso, Chiesa Rossa","Pezzotti - Meda",800,3,9.87654320987654,21.6,c(9.184, 45.438),16.0615465561105,0.849219572402345,92.3
123523611,"1","Centralizzato","Fiera, Sempione, City Life, Portello","Sempione",800,4,7.84313725490196,20.4,c(9.16051, 45.4735),8.28673225844522,4.86860223699892,59.8
127317373,"2","Assente","Bicocca, Niguarda","Ca' Granda",770,5,51.3333333333333,15,c(9.19233, 45.5079),10.7702324427599,0.966741876094477,49.1
127384281,"2","Autonomo","Città Studi, Susa","Città Studi",740,5,12.3333333333333,9.6,c(9.22005, 45.4802),6.45092437837314,7.17795916496852,8.9
126915563,"2","Autonomo","Porta Romana, Cadore, Montenero","Cadore",795,5,5.3,24,c(9.21409, 45.4621),11.5265016998364,0.30531254069782,33.8
127462530,"2","Autonomo","Città Studi, Susa","Città Studi",740,5,12.3333333333333,9.6,c(9.22005, 45.4802),6.45092437837314,7.17795916496852,8.9
126915567,"2","Autonomo","Porta Romana, Cadore, Montenero","Cadore",775,5,5.16666666666667,24,c(9.21409, 45.4621),11.5265016998364,0.30531254069782,33.8
127602312,"2","Autonomo","San Siro, Trenno","San Siro",715,5,47.6666666666667,15,c(9.12737, 45.4707),9.50074760171684,9.55946470283026,72.2
127570490,"1","Autonomo","Uptown, Cascina Merlata, Viale Certosa","Certosa",840,3,14,20,c(9.14415, 45.4947),17.3852782785992,1.14376714875053,23.1
126915569,"2","Autonomo","Porta Romana, Cadore, Montenero","Cadore",775,5,5.16666666666667,24,c(9.21409, 45.4621),11.5265016998364,0.30531254069782,33.8
127602138,"2","Autonomo","Bande Nere, Inganni","Gambara",740,4,49.3333333333333,15,c(9.14, 45.4613),4.32809481225319,15.4963126805767,81
127414491,"2","Autonomo","Città Studi, Susa","Plebisciti - Susa",835,5,6.95833333333333,19.2,c(9.22345, 45.466),3.9592483426239,6.66684127504156,21.8
127303915,"2","Autonomo","Città Studi, Susa","Città Studi",740,5,12.3333333333333,9.6,c(9.22005, 45.4802),6.45092437837314,7.17795916496852,8.9
127602196,"1","Autonomo","Solari, Washington","Washington",835,4,7.26086956521739,23,c(9.15199, 45.4605),9.0446518660993,11.4788480407664,81.2
127132833,"2","Autonomo","Città Studi, Susa","Città Studi",740,5,12.3333333333333,9.6,c(9.22005, 45.4802),6.45092437837314,7.17795916496852,8.9
127326243,"1","Assente","Pasteur, Rovereto","Parco Trotter",700,2,15.5555555555556,20,c(9.22427, 45.4917),8.10884761896537,10.2139276445882,20.9
127303343,"1","Autonomo","Porta Romana, Cadore, Montenero","Porta Romana - Medaglie d'Oro",790,4,52.6666666666667,15,c(9.20122, 45.4475),7.39859099801751,4.13702980695269,63.3
127326127,"2","Autonomo","Città Studi, Susa","Plebisciti - Susa",790,5,6.58333333333333,19.2,c(9.22345, 45.466),3.9592483426239,6.66684127504156,21.8
127275281,"2","Autonomo","Città Studi, Susa","Città Studi",740,5,12.3333333333333,9.6,c(9.22005, 45.4802),6.45092437837314,7.17795916496852,8.9
127132831,"2","Autonomo","Città Studi, Susa","Città Studi",740,5,12.3333333333333,9.6,c(9.22005, 45.4802),6.45092437837314,7.17795916496852,8.9
127132863,"2","Autonomo","San Siro, Trenno","San Siro",715,5,47.6666666666667,15,c(9.12737, 45.4707),9.50074760171684,9.55946470283026,72.2
127570094,"1","Autonomo","Uptown, Cascina Merlata, Viale Certosa","Certosa",840,3,14,20,c(9.14415, 45.4947),17.3852782785992,1.14376714875053,23.1
127355325,"2","Autonomo","Bande Nere, Inganni","Gambara",740,4,49.3333333333333,15,c(9.14, 45.4613),4.32809481225319,15.4963126805767,81
127384285,"2","Autonomo","Città Studi, Susa","Città Studi",740,5,12.3333333333333,9.6,c(9.22005, 45.4802),6.45092437837314,7.17795916496852,8.9
127513606,"2","Autonomo","Città Studi, Susa","Città Studi",740,5,12.3333333333333,9.6,c(9.22005, 45.4802),6.45092437837314,7.17795916496852,8.9
127355379,"2","Autonomo","Centrale, Repubblica","Buenos Aires",800,5,5.36912751677852,23.84,c(9.21444, 45.4812),4.48875880373535,8.95377918121211,15.3
125029219,"3","Autonomo","Centrale, Repubblica","Centrale",700,3,7,20,c(9.19901, 45.4826),5.63450239696216,1.08009805330535,35.9
126915565,"2","Autonomo","Porta Romana, Cadore, Montenero","Cadore",775,5,5.16666666666667,24,c(9.21409, 45.4621),11.5265016998364,0.30531254069782,33.8
127303355,"1","Assente","Bande Nere, Inganni","Primaticcio",750,3,10.7142857142857,18.6666666666667,c(9.13194, 45.454),8.78925839932828,14.0963524279408,94.8
127275007,"1","Assente","Affori, Bovisa","Bovisa",750,4,10.7142857142857,14,c(9.15346, 45.5026),31.3685067409698,6.77267691304512,3.7
126038065,"1","Centralizzato","Porta Vittoria, Lodi","Lodi - Brenta",790,1,49.375,16,c(9.2204, 45.4487),10.5326434855033,2.80385839598745,51.7
126038989,"1","Centralizzato","Maggiolina, Istria","Istria",790,1,65.8333333333333,12,c(9.1935, 45.4984),3.97555728997698,4.0804360236117,46.9
126038993,"1","Centralizzato","Maggiolina, Istria","Istria",790,1,65.8333333333333,12,c(9.1935, 45.4984),3.97555728997698,4.0804360236117,46.9
118262031,"1","Centralizzato","Abbiategrasso, Chiesa Rossa","Gratosoglio",700,1,50,14,c(9.174, 45.4165),22.4575785913972,3.42828827170705,128.8
126042141,"1","Centralizzato","Quadronno, Palestro, Guastalla","Quadronno - Crocetta",800,1,44.4444444444444,18,c(9.1935, 45.4528),6.53097783456482,3.25997152910722,64.2
126042259,"1","Autonomo","Arco della Pace, Arena, Pagano","Arco della Pace",790,1,43.8888888888889,18,c(9.1685, 45.4774),10.5891567922319,1.48957989830652,54.4
126042303,"1","Autonomo","Arco della Pace, Arena, Pagano","Vincenzo Monti",790,1,87.7777777777778,9,c(9.1674, 45.4676),0.978422224432388,2.53633592304967,71.9
126038981,"1","Centralizzato","Maggiolina, Istria","Maggiolina",750,1,62.5,12,c(9.1991, 45.5016),1.39949136784393,1.07288040312619,51.5
126038079,"1","Centralizzato","Città Studi, Susa","Città Studi",840,1,70,12,c(9.222, 45.4746),11.5432200851139,1.28095099681341,10.2
123022153,"1","Centralizzato","Navigli","Bocconi",800,1,66.6666666666667,12,c(9.1881, 45.4486),13.5052282949094,3.05081749596471,72.5
126037931,"1","Autonomo","Arco della Pace, Arena, Pagano","Arena",780,1,55.7142857142857,14,c(9.1743, 45.4781),12.4018577925214,4.54769004773858,54.1
127570492,"2","Autonomo","Bande Nere, Inganni","Gambara",770,5,51.3333333333333,15,c(9.13984, 45.4666),4.85081568934331,9.4366419107481,70.5
123802095,"1","Centralizzato","Bicocca, Niguarda","Greco - Segnano",730,1,73,10,c(9.2047, 45.5082),4.67049443400318,3.45499123397985,59.7
126038649,"1","Centralizzato","Pasteur, Rovereto","Pasteur",790,1,49.375,16,c(9.2191, 45.49),1.51059862888167,4.52399357017333,24.4
127381533,"1","Autonomo","Garibaldi, Moscova, Porta Nuova","Garibaldi - Corso Como",803,1,36.5,22,c(9.1833, 45.4849),3.44867244850226,1.39737136487661,48.6
126949573,"1","Autonomo","Affori, Bovisa","Affori",771,1,77.1,10,c(9.1645, 45.5183),7.37121470334744,27.4050137377427,38.9
126039097,"1","Autonomo","Ripamonti, Vigentino","Vigentino - Fatima",840,1,33.6,25,c(9.2027, 45.4289),30.8285462323124,0.331519181779929,93.9
127229191,"1","Centralizzato","Città Studi, Susa","Plebisciti - Susa",760,1,54.2857142857143,14,c(9.2177, 45.4644),6.30824738203619,3.78808132704334,28.3
126037925,"1","Autonomo","Arco della Pace, Arena, Pagano","Arena",790,1,56.4285714285714,14,c(9.1743, 45.4781),12.4018577925214,4.54769004773858,54.1
126038047,"1","Centralizzato","Città Studi, Susa","Plebisciti - Susa",740,1,74,10,c(9.2235, 45.466),3.9328726333576,6.66864042051319,21.8
122230986,"1","Centralizzato","Città Studi, Susa","Plebisciti - Susa",740,1,61.6666666666667,12,c(9.2235, 45.466),3.9328726333576,6.66864042051319,21.8
124685653,"1","Centralizzato","Maggiolina, Istria","Maggiolina",710,1,47.3333333333333,15,c(9.2075, 45.4958),13.1476765759286,7.65902912227173,38.5
125277677,"1","Autonomo","Forlanini","Quartiere Forlanini",720,1,80,9,c(9.2436, 45.4618),3.93224839690997,6.66425714076599,40.5
125178727,"1","Autonomo","Porta Romana, Cadore, Montenero","Porta Romana - Medaglie d'Oro",790,1,49.375,16,c(9.201, 45.4474),7.65278981254823,3.8311997352199,63.4
126038991,"1","Centralizzato","Maggiolina, Istria","Istria",750,1,57.6923076923077,13,c(9.1935, 45.4984),3.97555728997698,4.0804360236117,46.9
125320273,"1","Centralizzato","Quadronno, Palestro, Guastalla","Guastalla",793,1,79.3,10,c(9.2, 45.463),5.89836977784176,1.13957241919813,45.4
126040443,"1","Centralizzato","Navigli","Navigli - Darsena",765,1,95.625,8,c(9.1729, 45.4445),6.48011102472095,7.58483775976299,90.3
126041941,"1","Autonomo","Città Studi, Susa","Città Studi",700,1,77.7777777777778,9,c(9.2182, 45.483),3.5212317737852,10.9099418756858,12.7
122230992,"1","Centralizzato","Città Studi, Susa","Plebisciti - Susa",790,1,79,10,c(9.2235, 45.466),3.9328726333576,6.66864042051319,21.8
126037911,"1","Centralizzato","Città Studi, Susa","Città Studi",800,1,66.6666666666667,12,c(9.2366, 45.4781),11.0691393051895,4.86681081346616,12.1
127381527,"1","Autonomo","Garibaldi, Moscova, Porta Nuova","Garibaldi - Corso Como",803,1,44.6111111111111,18,c(9.1833, 45.4849),3.44867244850226,1.39737136487661,48.6
126035983,"1","Centralizzato","Corvetto, Rogoredo","Corvetto",840,1,52.5,16,c(9.2235, 45.4406),0.392928317246566,17.3008510567455,62.6
126040455,"1","Centralizzato","Navigli","Navigli - Darsena",765,1,95.625,8,c(9.1729, 45.4445),6.48011102472095,7.58483775976299,90.3
126035639,"1","Centralizzato","Uptown, Cascina Merlata, Viale Certosa","Certosa",750,1,46.875,16,c(9.1497, 45.499),27.3041676322671,0.412350604968882,13.9
126037903,"1","Centralizzato","Genova, Ticinese","Corso Genova",840,1,70,12,c(9.1706, 45.4579),1.54689974462007,2.08656172041361,75.8
127570110,"2","Autonomo","Bande Nere, Inganni","Gambara",770,5,51.3333333333333,15,c(9.13984, 45.4666),4.85081568934331,9.4366419107481,70.5
126041917,"1","Autonomo","Centrale, Repubblica","Buenos Aires",700,1,77.7777777777778,9,c(9.2053, 45.478),4.69028226544021,2.75731950262922,28.3
125513977,"1","Centralizzato","Cenisio, Sarpi, Isola","Farini",800,1,53.3333333333333,15,c(9.1815, 45.497),4.46138507235885,2.45208693174882,32.4
123802305,"1","Centralizzato","Bicocca, Niguarda","Ca' Granda",720,1,72,10,c(9.1987, 45.5056),4.09643580456179,2.18071393867069,56.5
126242341,"1","Centralizzato","Porta Vittoria, Lodi","Bologna - Sulmona",700,1,50,14,c(9.2268, 45.4453),9.46649488862992,10.5280073459464,58.9
126038977,"1","Centralizzato","Maggiolina, Istria","Maggiolina",790,1,79,10,c(9.1991, 45.5016),1.39949136784393,1.07288040312619,51.5
125820607,"1","Centralizzato","Bande Nere, Inganni","Gambara",835,1,46.3888888888889,18,c(9.1425, 45.4629),3.54643980076847,11.3787804633672,76.9
126038049,"1","Centralizzato","Città Studi, Susa","Plebisciti - Susa",770,1,64.1666666666667,12,c(9.2235, 45.466),3.9328726333576,6.66864042051319,21.8
126042281,"1","Autonomo","Arco della Pace, Arena, Pagano","Arco della Pace",750,1,83.3333333333333,9,c(9.1685, 45.4774),10.5891567922319,1.48957989830652,54.4
123468199,"1","Centralizzato","Affori, Bovisa","Dergano",700,1,53.8461538461538,13,c(9.187, 45.5012),6.54201946698181,1.46149318872211,40.6
126042293,"1","Autonomo","Solari, Washington","Vercelli - Wagner",790,1,43.8888888888889,18,c(9.1556, 45.4689),1.77381630596316,3.62897670852341,66.8
126037315,"1","Centralizzato","Affori, Bovisa","Bovisa",700,1,70,10,c(9.1628, 45.5014),21.6607204484044,3.57233420678068,9.2
122574486,"1","Centralizzato","Affori, Bovisa","Bovisa",700,1,70,10,c(9.1628, 45.5014),21.6607204484044,3.57233420678068,9.2
126041895,"1","Centralizzato","Città Studi, Susa","Città Studi",730,1,48.6666666666667,15,c(9.217, 45.4763),10.1832650182154,4.48074071667102,14
124565663,"1","Centralizzato","Navigli","Navigli - Darsena",735,1,40.8333333333333,18,c(9.1729, 45.4445),6.48011102472095,7.58483775976299,90.3
127460006,"1","Centralizzato","Precotto, Turro","Precotto",750,1,50,15,c(9.2242, 45.5106),2.5046500200612,5.15838911227757,51.4
126037317,"1","Centralizzato","Affori, Bovisa","Bovisa",700,1,70,10,c(9.1628, 45.5014),21.6607204484044,3.57233420678068,9.2
127460014,"1","Centralizzato","Pasteur, Rovereto","Pasteur",780,1,55.7142857142857,14,c(9.2175, 45.4893),1.78676310276238,3.89157653479457,23.1
126042307,"1","Autonomo","Arco della Pace, Arena, Pagano","Arco della Pace",790,1,31.6,25,c(9.1685, 45.4774),10.5891567922319,1.48957989830652,54.4
127460002,"1","Centralizzato","Pasteur, Rovereto","Pasteur",820,1,51.25,16,c(9.2191, 45.49),1.51059862888167,4.52399357017333,24.4
122146134,"1","Centralizzato","Affori, Bovisa","Affori",770,1,64.1666666666667,12,c(9.1788, 45.5114),6.96021353099033,13.9928282469311,34.3
125438293,"1","Centralizzato","Maggiolina, Istria","Maggiolina",720,1,45,16,c(9.2072, 45.4969),13.9246702611746,8.98578847840625,43
126036945,"1","Centralizzato","Affori, Bovisa","Dergano",700,1,53.8461538461538,13,c(9.187, 45.5012),6.54201946698181,1.46149318872211,40.6
127412013,"1","Centralizzato","Città Studi, Susa","Città Studi",710,1,54.6153846153846,13,c(9.2265, 45.4693),2.93298996054846,2.69840024140001,14.8
126037927,"1","Autonomo","Arco della Pace, Arena, Pagano","Arena",780,1,60,13,c(9.1743, 45.4781),12.4018577925214,4.54769004773858,54.1
126038061,"1","Centralizzato","Porta Vittoria, Lodi","Lodi - Brenta",740,1,74,10,c(9.2204, 45.4487),10.5326434855033,2.80385839598745,51.7
123022155,"1","Centralizzato","Navigli","Bocconi",830,1,69.1666666666667,12,c(9.1881, 45.4486),13.5052282949094,3.05081749596471,72.5
126041887,"1","Assente","Maggiolina, Istria","Maggiolina",700,1,35,20,c(9.2051, 45.4961),12.0411172097056,6.6345649882924,40.4
125812317,"1","Centralizzato","Porta Vittoria, Lodi","Martini - Insubria",840,1,52.5,16,c(9.2187, 45.4546),16.6431284810604,4.49740200657468,43.3
126038979,"1","Centralizzato","Maggiolina, Istria","Maggiolina",840,1,60,14,c(9.1991, 45.5016),1.39949136784393,1.07288040312619,51.5
123802201,"1","Centralizzato","Genova, Ticinese","Ticinese",790,1,52.6666666666667,15,c(9.184, 45.4558),3.08438660472558,4.11702417710398,66.5
126042299,"1","Autonomo","Genova, Ticinese","San Vittore",790,1,39.5,20,c(9.1677, 45.4599),3.42250165554302,2.18653504731319,79.6
119178465,"1","Autonomo","Centrale, Repubblica","Morgagni",800,1,36.3636363636364,22,c(9.2149, 45.4737),10.7823661579266,1.09259868444951,17.6
126042265,"1","Autonomo","Genova, Ticinese","San Vittore",790,1,49.375,16,c(9.1677, 45.4599),3.42250165554302,2.18653504731319,79.6
127504762,"1","Assente","Città Studi, Susa","Città Studi",700,3,10,18.6666666666667,c(9.22335, 45.4694),2.98489603193047,2.88214880346407,17
125953309,"1","Autonomo","Cenisio, Sarpi, Isola","Isola",728,1,52,14,c(9.1937, 45.4868),3.25354230543932,5.71434804916147,43.3
126042315,"1","Autonomo","Arco della Pace, Arena, Pagano","Arco della Pace",790,1,34.3478260869565,23,c(9.1685, 45.4774),10.5891567922319,1.48957989830652,54.4
111721533,"1","Autonomo","Centrale, Repubblica","Morgagni",800,1,36.3636363636364,22,c(9.2149, 45.4737),10.7823661579266,1.09259868444951,17.6
126042295,"1","Autonomo","Arco della Pace, Arena, Pagano","Vincenzo Monti",825,1,103.125,8,c(9.1674, 45.4676),0.978422224432388,2.53633592304967,71.9
122152406,"1","Autonomo","Pasteur, Rovereto","Pasteur",790,1,49.375,16,c(9.2183, 45.4865),3.83398896778439,7.39773135373384,18.3
124685659,"1","Centralizzato","Maggiolina, Istria","Maggiolina",730,1,45.625,16,c(9.2075, 45.4958),13.1476765759286,7.65902912227173,38.5
126035971,"1","Centralizzato","Corvetto, Rogoredo","Corvetto",790,1,60.7692307692308,13,c(9.2235, 45.4406),0.392928317246566,17.3008510567455,62.6
126038975,"1","Centralizzato","Bicocca, Niguarda","Ca' Granda",790,1,65.8333333333333,12,c(9.1987, 45.5056),4.09643580456179,2.18071393867069,56.5
126039061,"1","Autonomo","Ripamonti, Vigentino","Vigentino - Fatima",760,1,44.7058823529412,17,c(9.2027, 45.4289),30.8285462323124,0.331519181779929,93.9
127412017,"1","Centralizzato","Famagosta, Barona","Giambellino",710,1,71,10,c(9.1434, 45.4503),2.98601130645938,2.31190716525395,97.8
125178729,"1","Autonomo","Porta Romana, Cadore, Montenero","Porta Romana - Medaglie d'Oro",740,1,46.25,16,c(9.201, 45.4474),7.65278981254823,3.8311997352199,63.4
125812291,"1","Centralizzato","Città Studi, Susa","Plebisciti - Susa",840,1,64.6153846153846,13,c(9.2235, 45.4649),5.71557261581916,4.76369243552654,23.4
125990339,"2","Centralizzato","Maggiolina, Istria","Cascina dei Pomi",700,5,5.38461538461539,20.8,c(9.20843, 45.4919),9.91728666833223,3.31482846803244,32.2
126750475,"1","Assente","Famagosta, Barona","Famagosta",700,1,35,20,c(9.15768, 45.4362),12.8105938285942,19.7116918096172,113.7
124338859,"1","Assente","Navigli","Ascanio Sforza",720,4,9,16,c(9.18, 45.4521),9.45832663081125,0.535838431218257,74
126982283,"1","Centralizzato","Cenisio, Sarpi, Isola","Isola",800,1,88.8888888888889,9,c(9.1847, 45.4904),9.37888180525122,1.42556210334271,41
126038515,"1","Centralizzato","Cenisio, Sarpi, Isola","Isola",700,1,46.6666666666667,15,c(9.191, 45.4881),0.918505968248896,2.68964256727653,46.4
126040397,"1","Centralizzato","Famagosta, Barona","Famagosta",750,1,39.4736842105263,19,c(9.175, 45.4404),10.3554524855245,4.43198148530575,93.4
125007257,"1","Centralizzato","San Siro, Trenno","San Siro",740,1,41.1111111111111,18,c(9.1449, 45.4695),7.76325109137453,1.48544528819086,64.3
127326403,"2","Autonomo","Centrale, Repubblica","Buenos Aires",800,5,6.83760683760684,18.72,c(9.20602, 45.4787),5.85026872369844,3.176224379767,27.1
126982279,"1","Centralizzato","Cenisio, Sarpi, Isola","Isola",800,1,61.5384615384615,13,c(9.1847, 45.4904),9.37888180525122,1.42556210334271,41
126037929,"1","Centralizzato","Arco della Pace, Arena, Pagano","Arena",710,1,71,10,c(9.1743, 45.4781),12.4018577925214,4.54769004773858,54.1
124839227,"1","Centralizzato","Corvetto, Rogoredo","Corvetto",840,1,56,15,c(9.2099, 45.4384),12.9591943760289,11.853452470762,74.8
125993225,"1","Autonomo","Centrale, Repubblica","Centrale",800,1,32,25,c(9.2032, 45.4888),3.38004098289497,0.851976785456196,31.9
125351543,"1","Autonomo","Fiera, Sempione, City Life, Portello","Amendola - Buonarroti",790,1,56.4285714285714,14,c(9.1495, 45.4731),2.0973033717452,6.92934233668396,58.9
126035973,"1","Centralizzato","Corvetto, Rogoredo","Corvetto",790,1,52.6666666666667,15,c(9.2235, 45.4406),0.392928317246566,17.3008510567455,62.6
126037993,"1","Autonomo","Pasteur, Rovereto","Pasteur",840,1,70,12,c(9.2183, 45.4865),3.83398896778439,7.39773135373384,18.3
125622261,"1","Centralizzato","Porta Venezia, Indipendenza","Porta Venezia",790,1,49.375,16,c(9.2139, 45.4733),10.3797507587417,0.48559402592742,18.5
127303461,"2","Assente","Bicocca, Niguarda","Bignami - Ponale",700,5,5.83333333333333,19.2,c(9.20583, 45.522),4.4353035879267,4.19267933881653,75.8
124710849,"1","Centralizzato","Abbiategrasso, Chiesa Rossa","Pezzotti - Meda",800,1,40,20,c(9.183, 45.4417),18.9957940029913,0.730396745159534,86.4
126042255,"1","Autonomo","Fiera, Sempione, City Life, Portello","Amendola - Buonarroti",840,1,36.5217391304348,23,c(9.1495, 45.4731),2.0973033717452,6.92934233668396,58.9
123790979,"1","Autonomo","Bande Nere, Inganni","Gambara",740,1,74,10,c(9.1396, 45.4621),3.95095987615842,14.9353432855702,78.4
125993233,"1","Autonomo","Centrale, Repubblica","Centrale",750,1,37.5,20,c(9.2032, 45.4888),3.38004098289497,0.851976785456196,31.9
122478172,"1","Centralizzato","Bande Nere, Inganni","Gambara",740,1,52.8571428571428,14,c(9.1396, 45.4621),3.95095987615842,14.9353432855702,78.4
127303995,"1","Autonomo","Città Studi, Susa","Città Studi",830,4,7.54545454545455,22,c(9.2326, 45.4844),3.66589253453062,4.15733238829753,12.9
127387721,"3","Assente","Affori, Bovisa","Affori",775,4,7.52427184466019,20.6,c(9.1716, 45.5143),3.17035495178208,21.8524384398236,34.9
110725413,"2","Assente","Centrale, Repubblica","Buenos Aires",750,4,7.14285714285714,21,c(9.2132, 45.4854),3.11635772927475,3.85204944936487,19
127406191,"1","Assente","Solari, Washington","Dezza",800,5,8,16,c(9.1617, 45.4611),5.31834229452954,1.89608961731551,81.9
119053255,"2","Assente","Centrale, Repubblica","Buenos Aires",750,4,7.14285714285714,21,c(9.2132, 45.4854),3.11635772927475,3.85204944936487,19
120004912,"3","Assente","Città Studi, Susa","Argonne - Corsica",800,5,50,16,c(9.2311, 45.4671),1.99643994295898,6.70839466376342,21.6
125999593,"2","Assente","Porta Romana, Cadore, Montenero","Porta Romana - Medaglie d'Oro",750,4,6,25,c(9.21, 45.4477),1.79121160611956,10.4924657255764,56.5
127403549,"2","Assente","Navigli","Navigli - Darsena",750,2,10.7142857142857,20,c(9.1705, 45.4531),2.32560200444305,0.284906979030049,78.9
124543571,"1","Assente","Navigli","Navigli - Darsena",800,3,12.3076923076923,17.3333333333333,c(9.1651, 45.4465),5.74838823347374,5.21306225902144,91.2
127362241,"1","Assente","Genova, Ticinese","Ticinese",800,3,88.8888888888889,9,c(9.1782, 45.4533),8.6642419777115,2.12901262371373,74.4
126535985,"2","Assente","Precotto, Turro","Villa San Giovanni",700,4,5.10948905109489,20,c(9.2233, 45.5185),3.86451270963958,8.20347941594103,65.8
127284427,"1","Assente","Città Studi, Susa","Città Studi",800,3,6.66666666666667,20,c(9.2214, 45.4825),5.50292543642168,7.94804572490662,9.7
125674219,"1","Assente","San Siro, Trenno","QT8",700,4,9.33333333333333,15,c(9.1369, 45.4832),4.87007502395963,13.088259750451,50.3
125745409,"1","Centralizzato","Navigli","Bocconi",735,3,49,15,c(9.1871, 45.4489),13.0809964599007,1.81740988553988,72.8
127018611,"1","Assente","Navigli","Navigli - Darsena",800,3,10,21.3333333333333,c(9.1727, 45.4442),6.15197929434865,7.76550839638234,90.7
126612029,"1","Assente","Porta Vittoria, Lodi","Martini - Insubria",700,3,10,18.6666666666667,c(9.2166, 45.4551),16.0601823284728,2.98053290028533,43.4
127340927,"2","Assente","Navigli","Bocconi",700,4,8.23529411764706,17,c(9.197, 45.4501),7.96848741068579,1.18540654918868,64.2
124549525,"2","Assente","Porta Vittoria, Lodi","Lodi - Brenta",700,4,5.88235294117647,23.8,c(9.2183, 45.4429),0.351506763725314,13.0629792121879,62.2
127063483,"1","Assente","Precotto, Turro","Turro",750,1,41.6666666666667,18,c(9.2218, 45.5),1.26011618858403,11.2298560365472,36.1
127420153,"2","Assente","Cenisio, Sarpi, Isola","Farini",835,4,6.37404580152672,26.2,c(9.1855, 45.4967),1.81023297750834,1.35791944095264,37.2
127473690,"1","Centralizzato","Udine, Lambrate","Quartiere Feltre",800,3,7.61904761904762,20,c(9.2479, 45.4876),14.9852169749297,11.7411308647948,29.7
127020437,NA,"Assente","Famagosta, Barona","Tre Castelli - Faenza",720,5,6.15384615384615,18.72,c(9.1391, 45.4404),11.3934560364859,6.3161079785949,120.7
127019585,NA,"Assente","Famagosta, Barona","Tre Castelli - Faenza",700,5,5.98290598290598,18.72,c(9.1391, 45.4404),11.3934560364859,6.3161079785949,120.7
115232003,"1","Assente","Navigli","Bocconi",700,1,50,14,c(9.1898, 45.4478),14.9782170045152,5.393204186686,72.5
118507823,"1","Assente","Famagosta, Barona","Cantalupa - San Paolo",700,3,35,20,c(9.1699, 45.4319),5.91260088137021,9.70626614647001,110.2
127282013,"3","Centralizzato","Genova, Ticinese","Corso Genova",800,4,40,20,c(9.17717, 45.4588),0.625783033188581,0.612783118609447,68
127384823,"2","Autonomo","Porta Vittoria, Lodi","Bologna - Sulmona",795,5,6.68067226890756,19.04,c(9.22756, 45.4449),9.31311183992631,11.4202927685112,58.4
127490388,"1","Autonomo","Città Studi, Susa","Città Studi",830,4,7.54545454545455,22,c(9.2326, 45.4844),3.66589253453062,4.15733238829753,12.9
127355931,"3","Autonomo","Corvetto, Rogoredo","Corvetto",840,4,56,15,c(9.22354, 45.4406),0.405238140903932,17.3121642999386,62.6
127385153,"2","Autonomo","Porta Vittoria, Lodi","Bologna - Sulmona",795,5,6.68067226890756,19.04,c(9.22756, 45.4449),9.31311183992631,11.4202927685112,58.4
126040505,"1","Centralizzato","Uptown, Cascina Merlata, Viale Certosa","Certosa",800,1,80,10,c(9.1516, 45.4963),25.1712912368252,2.89310385754781,17
127132861,"3","Autonomo","Centrale, Repubblica","Repubblica",835,5,55.6666666666667,15,c(9.20037, 45.4771),5.01794250478059,0.539882457190594,34.6
125085161,"1","Centralizzato","Bicocca, Niguarda","Bignami - Ponale",750,1,50,15,c(9.2141, 45.5202),6.44510707134604,6.14371012579111,75.7
127356281,"2","Autonomo","San Siro, Trenno","San Siro",715,4,47.6666666666667,15,c(9.13857, 45.4686),8.37836361306015,8.25425058678345,67.9
127326445,"2","Autonomo","Porta Vittoria, Lodi","Bologna - Sulmona",825,5,6.65322580645161,19.84,c(9.22756, 45.4449),9.31311183992631,11.4202927685112,58.4
127646648,"1","Assente","Famagosta, Barona","Cantalupa - San Paolo",700,4,6.54205607476636,21.4,c(9.16089, 45.4308),5.73644201894832,20.4612451431737,119.7
123276951,"1","Autonomo","Ripamonti, Vigentino","Vigentino - Fatima",720,1,80,9,c(9.2062, 45.4277),30.1342514748683,4.84918122532391,94.1
127646716,"3","Autonomo","Centrale, Repubblica","Repubblica",835,5,55.6666666666667,15,c(9.20037, 45.4771),5.01794250478059,0.539882457190594,34.6
127317457,"1","Autonomo","Famagosta, Barona","Famagosta",790,3,13.6206896551724,20,c(9.16054, 45.437),9.26702174336672,19.3192332943914,111.8
126242225,"1","Autonomo","Centrale, Repubblica","Buenos Aires",840,1,60,14,c(9.2114, 45.4811),1.39554786725806,6.01732897839693,19.6
123276949,"1","Autonomo","Ripamonti, Vigentino","Vigentino - Fatima",730,1,81.1111111111111,9,c(9.2062, 45.4277),30.1342514748683,4.84918122532391,94.1
127317465,"1","Assente","Navigli","Ascanio Sforza",700,3,10.2941176470588,18.1333333333333,c(9.17952, 45.4483),13.9741999341565,0.597088116725871,79.7
127504640,"2","Autonomo","San Siro, Trenno","San Siro",715,4,47.6666666666667,15,c(9.13857, 45.4686),8.37836361306015,8.25425058678345,67.9
127412023,"1","Centralizzato","Maggiolina, Istria","Istria",710,1,35.5,20,c(9.1961, 45.4995),4.30803930965932,0.47170985737843,50.5
126042479,"1","Centralizzato","Quadronno, Palestro, Guastalla","Quadronno - Crocetta",700,1,38.8888888888889,18,c(9.1949, 45.4564),0.852464471623238,1.01803761842571,58
126038057,"1","Centralizzato","Città Studi, Susa","Casoretto",790,1,87.7777777777778,9,c(9.2297, 45.4874),8.83280837251411,9.0876893706628,15.2
125084839,"1","Autonomo","Porta Vittoria, Lodi","Lodi - Brenta",740,1,92.5,8,c(9.2142, 45.4451),5.15914931613004,11.6379259282982,61.6
127646570,"2","Autonomo","Affori, Bovisa","Dergano",720,3,48,15,c(9.17857, 45.5079),4.26100292792791,13.3576958239157,29.9
127384817,"2","Autonomo","Famagosta, Barona","Barona",790,4,52.6666666666667,15,c(9.15465, 45.4409),16.6639040857376,10.9274532652701,106.3
127355655,"1","Autonomo","Uptown, Cascina Merlata, Viale Certosa","Certosa",840,2,56,15,c(9.14104, 45.4989),22.8717835550798,1.60990419248115,19.7
127356327,"2","Autonomo","Fiera, Sempione, City Life, Portello","Sempione",800,3,53.3333333333333,15,c(9.16708, 45.4815),5.1588965467385,0.865420804006866,47.2
127275205,"1","Autonomo","Abbiategrasso, Chiesa Rossa","Pezzotti - Meda",840,2,56,15,c(9.18311, 45.4405),19.3161899161472,0.266760454514046,88.2
127602148,"2","Autonomo","Udine, Lambrate","Lambrate",720,3,48,15,c(9.24842, 45.4736),21.6041607840162,13.4656013665769,33.6
127355649,"2","Autonomo","Famagosta, Barona","Barona",840,4,56,15,c(9.15465, 45.4409),16.6639040857376,10.9274532652701,106.3
127303675,"1","Autonomo","Abbiategrasso, Chiesa Rossa","Pezzotti - Meda",840,2,56,15,c(9.18299, 45.4397),18.1562412298245,1.6563410709062,89.4
127414809,"2","Autonomo","Famagosta, Barona","Barona",785,4,52.3333333333333,15,c(9.15465, 45.4409),16.6639040857376,10.9274532652701,106.3
127275203,"1","Autonomo","Udine, Lambrate","Quartiere Feltre",760,3,50.6666666666667,15,c(9.23998, 45.489),5.66074151531374,8.40248768674126,25.8
127570232,"2","Autonomo","Fiera, Sempione, City Life, Portello","Sempione",800,3,53.3333333333333,15,c(9.16708, 45.4815),5.1588965467385,0.865420804006866,47.2
127490516,"1","Autonomo","Uptown, Cascina Merlata, Viale Certosa","Certosa",820,3,54.6666666666667,15,c(9.1478, 45.4936),18.5869755451713,3.14810913932684,24
127646836,"1","Autonomo","Maggiolina, Istria","Cascina dei Pomi",840,2,56,15,c(9.20834, 45.4953),13.1658584646338,7.58338959540425,37.1
127541676,"2","Autonomo","Quadronno, Palestro, Guastalla","Guastalla",790,4,52.6666666666667,15,c(9.20626, 45.4603),13.3107657182951,1.4205097039825,42.9
127355321,"1","Autonomo","Udine, Lambrate","Quartiere Feltre",810,2,54,15,c(9.24053, 45.4864),6.89050360017806,5.59730834557507,21.8
127303725,"1","Autonomo","Abbiategrasso, Chiesa Rossa","Pezzotti - Meda",840,2,56,15,c(9.18187, 45.4398),17.504173531624,2.16667299736279,90.2
127462644,"1","Autonomo","Uptown, Cascina Merlata, Viale Certosa","Certosa",710,3,47.3333333333333,15,c(9.1478, 45.4936),18.5869755451713,3.14810913932684,24
127326273,"1","Autonomo","Fiera, Sempione, City Life, Portello","Portello - Parco Vittoria",790,2,52.6666666666667,15,c(9.15235, 45.4854),7.39096822247233,6.3113923946039,38
127541674,"2","Autonomo","Udine, Lambrate","Lambrate",740,3,49.3333333333333,15,c(9.24842, 45.4736),21.6041607840162,13.4656013665769,33.6
127570276,"2","Autonomo","Udine, Lambrate","Lambrate",790,3,52.6666666666667,15,c(9.24842, 45.4736),21.6041607840162,13.4656013665769,33.6
127303731,"1","Autonomo","Udine, Lambrate","Quartiere Feltre",820,3,54.6666666666667,15,c(9.23998, 45.489),5.66074151531374,8.40248768674126,25.8
127303727,"1","Autonomo","Maggiolina, Istria","Cascina dei Pomi",840,2,56,15,c(9.20834, 45.4953),13.1658584646338,7.58338959540425,37.1
127570204,"1","Autonomo","Maggiolina, Istria","Cascina dei Pomi",790,2,52.6666666666667,15,c(9.20834, 45.4953),13.1658584646338,7.58338959540425,37.1
127646866,"2","Autonomo","Udine, Lambrate","Udine",820,3,54.6666666666667,15,c(9.23712, 45.4887),4.74470985282801,6.80028956382906,22.9
127570200,"1","Autonomo","Abbiategrasso, Chiesa Rossa","Pezzotti - Meda",840,2,56,15,c(9.18306, 45.4397),18.1889488137262,1.64677555532794,89.4
127541680,"1","Autonomo","Udine, Lambrate","Quartiere Feltre",830,2,55.3333333333333,15,c(9.23946, 45.4895),4.59353457030306,8.89201417100131,26.5
127504708,"1","Autonomo","Maggiolina, Istria","Cascina dei Pomi",840,2,56,15,c(9.20834, 45.4953),13.1658584646338,7.58338959540425,37.1
127326431,"1","Autonomo","Bande Nere, Inganni","Primaticcio",770,2,51.3333333333333,15,c(9.12658, 45.4533),9.12165612313647,15.5182828286484,99.8
127301283,"1","Centralizzato","Forlanini","Quartiere Forlanini",760,1,84.4444444444444,9,c(9.2444, 45.4585),7.80143592432742,3.9841917362555,44.4
125820583,"1","Centralizzato","Bande Nere, Inganni","Lorenteggio",735,1,43.2352941176471,17,c(9.1379, 45.4535),6.17714623169588,10.3091927491775,94.3
126628891,"1","Autonomo","Centrale, Repubblica","Repubblica",830,1,83,10,c(9.1944, 45.4794),4.3180537504607,0.477510090377365,41.9
126041321,"1","Autonomo","Città Studi, Susa","Città Studi",750,1,83.3333333333333,9,c(9.222, 45.4833),5.81134342654011,8.63015254401688,10.5
127091457,"1","Assente","Abbiategrasso, Chiesa Rossa","Pezzotti - Meda",815,1,47.9411764705882,17,c(9.1819, 45.4386),15.8948463312896,2.45684119170477,92.1
127381549,"1","Centralizzato","Maggiolina, Istria","Cascina dei Pomi",715,1,32.5,22,c(9.2078, 45.4924),9.57652723518805,3.09204781708393,33
125391551,"1","Centralizzato","Bande Nere, Inganni","Gambara",760,1,58.4615384615385,13,c(9.1447, 45.462),5.45254846477641,10.6949151213948,77.8
126379167,"1","Centralizzato","Cimiano, Crescenzago, Adriano","Quartiere Adriano",700,1,63.6363636363636,11,c(9.2389, 45.5133),17.1761038658893,5.3760592755119,69.6
126655925,"1","Centralizzato","Maggiolina, Istria","Maggiolina",785,1,49.0625,16,c(9.2028, 45.4981),8.48963673343112,7.56754554131124,47.5
125694459,"1","Centralizzato","Porta Venezia, Indipendenza","Piave - Tricolore",785,1,30.1923076923077,26,c(9.2086, 45.4707),4.94662118915186,2.85705081305086,26.6
127118719,"1","Centralizzato","Cenisio, Sarpi, Isola","Isola",775,1,43.0555555555556,18,c(9.1957, 45.4917),3.80183162516857,4.14847734436118,41
126379165,"1","Centralizzato","Bande Nere, Inganni","Bande Nere",705,1,64.0909090909091,11,c(9.1319, 45.4592),3.25084165249197,21.9992308363591,86.3
126791913,"1","Centralizzato","Bande Nere, Inganni","Gambara",825,1,75,11,c(9.1447, 45.462),5.45254846477641,10.6949151213948,77.8
126041375,"1","Autonomo","Cenisio, Sarpi, Isola","Isola",750,1,68.1818181818182,11,c(9.186, 45.4892),7.0159581723565,0.491039347334971,43.5
125599023,"1","Centralizzato","Centrale, Repubblica","Morgagni",840,1,56,15,c(9.2111, 45.4782),3.74243314184157,5.42826645049952,20.5
126511793,"1","Centralizzato","Solari, Washington","Frua",815,1,54.3333333333333,15,c(9.1498, 45.4649),2.70624379649801,3.74729833662051,74.6
126387255,"1","Autonomo","Ripamonti, Vigentino","Ripamonti - Fondazione Prada",805,1,47.3529411764706,17,c(9.193, 45.4402),23.2569001820127,8.30451461666761,84
126387253,"1","Centralizzato","Corvetto, Rogoredo","Corvetto",775,1,77.5,10,c(9.2156, 45.4373),10.1257183320279,18.3954538275367,73.2
125612395,"1","Centralizzato","Precotto, Turro","Villa San Giovanni",800,1,33.3333333333333,24,c(9.2245, 45.5208),6.10385895511596,12.1561327650332,69
126037941,"1","Centralizzato","Cenisio, Sarpi, Isola","Isola",720,1,60,12,c(9.196, 45.4893),5.97805247480895,5.57605155147922,41
127460280,"1","Centralizzato","Uptown, Cascina Merlata, Viale Certosa","Certosa",770,1,48.125,16,c(9.1411, 45.4988),22.7183566884548,1.42213571599759,19.5
127130819,"1","Centralizzato","Città Studi, Susa","Casoretto",805,1,36.5909090909091,22,c(9.2201, 45.4871),6.12279532802321,8.36044403776311,17.8
125390971,"1","Centralizzato","Porta Venezia, Indipendenza","Porta Venezia",820,1,51.25,16,c(9.2032, 45.4783),6.10955668079515,0.209185189204575,30.9
127460294,"1","Autonomo","Famagosta, Barona","Tre Castelli - Faenza",775,1,45.5882352941176,17,c(9.1405, 45.4416),12.8431404284304,4.26517682789827,117.7
127324197,"1","Centralizzato","Fiera, Sempione, City Life, Portello","Sempione",745,1,53.2142857142857,14,c(9.1647, 45.4821),3.5735263052722,1.39591268608605,45
127460186,"1","Centralizzato","Bande Nere, Inganni","Lorenteggio",775,1,77.5,10,c(9.1379, 45.4535),6.17714623169588,10.3091927491775,94.3
126982239,"1","Centralizzato","Bande Nere, Inganni","Gambara",835,1,49.1176470588235,17,c(9.1425, 45.4629),3.54643980076847,11.3787804633672,76.9
125392069,"1","Autonomo","Affori, Bovisa","Affori",790,1,41.578947368421,19,c(9.1733, 45.518),7.77357946845828,22.7594478216327,39.5
127229161,"1","Centralizzato","Bande Nere, Inganni","Lorenteggio",745,1,67.7272727272727,11,c(9.1394, 45.4528),4.00298204157656,8.27779613873216,94.5
127460082,"1","Centralizzato","Pasteur, Rovereto","Pasteur",735,1,52.5,14,c(9.2147, 45.4891),4.44080082034137,1.20205161605224,23.9
127460060,"1","Centralizzato","Cenisio, Sarpi, Isola","Cenisio",760,1,50.6666666666667,15,c(9.167, 45.4898),7.59514911339187,3.38464088700128,35.7
127460310,"1","Centralizzato","Napoli, Soderini","Piazza Napoli",760,1,47.5,16,c(9.1494, 45.4539),1.6728302975911,4.70365941963651,90.6
116984725,"1","Centralizzato","Maggiolina, Istria","Cascina dei Pomi",820,1,41,20,c(9.2061, 45.4927),8.10986348680595,2.44183578116477,34.1
126037867,"1","Centralizzato","Genova, Ticinese","Ticinese",750,1,62.5,12,c(9.1845, 45.4561),3.11434187917389,3.54688187403252,65.8
125669705,"1","Centralizzato","Bicocca, Niguarda","Bruzzano",830,1,41.5,20,c(9.1699, 45.5255),7.01386855232542,27.2245658225699,46.7
127460142,"1","Centralizzato","Cenisio, Sarpi, Isola","Isola",730,1,81.1111111111111,9,c(9.1957, 45.4917),3.80183162516857,4.14847734436118,41
127412037,"1","Centralizzato","Cenisio, Sarpi, Isola","Cenisio",760,1,54.2857142857143,14,c(9.167, 45.4898),7.59514911339187,3.38464088700128,35.7
127460124,"1","Centralizzato","Abbiategrasso, Chiesa Rossa","Cermenate - Abbiategrasso",795,1,36.1363636363636,22,c(9.1797, 45.4362),11.1070363219396,2.45780615445235,98.2
127130843,"1","Centralizzato","Porta Vittoria, Lodi","Lodi - Brenta",740,1,67.2727272727273,11,c(9.218, 45.4429),0.673608584502064,13.1339310554417,62.7
127460334,"1","Centralizzato","Pasteur, Rovereto","Pasteur",780,1,41.0526315789474,19,c(9.2147, 45.4891),4.44080082034137,1.20205161605224,23.9
126116265,"1","Autonomo","Famagosta, Barona","Tre Castelli - Faenza",720,1,45,16,c(9.1405, 45.4416),12.8431404284304,4.26517682789827,117.7
127460046,"1","Centralizzato","Uptown, Cascina Merlata, Viale Certosa","Certosa",800,1,44.4444444444444,18,c(9.1411, 45.4988),22.7183566884548,1.42213571599759,19.5
125475373,"1","Centralizzato","Maggiolina, Istria","Cascina dei Pomi",735,1,31.9565217391304,23,c(9.2078, 45.4924),9.57652723518805,3.09204781708393,33
121328602,"1","Autonomo","Bicocca, Niguarda","Bruzzano",750,1,75,10,c(9.1715, 45.5253),7.48922554668367,25.2623439397671,51.9
125391633,"1","Centralizzato","Cenisio, Sarpi, Isola","Zara",760,1,69.0909090909091,11,c(9.1899, 45.4915),4.0524324759907,3.05995834317362,45.7
127352389,"1","Centralizzato","Corvetto, Rogoredo","Corvetto",785,1,60.3846153846154,13,c(9.2071, 45.4399),12.7614485705558,8.81073799618591,74.2
127460048,"1","Autonomo","Abbiategrasso, Chiesa Rossa","Pezzotti - Meda",825,1,75,11,c(9.1819, 45.4386),15.8948463312896,2.45684119170477,92.1
127460336,"1","Centralizzato","Solari, Washington","Frua",830,1,55.3333333333333,15,c(9.1498, 45.4649),2.70624379649801,3.74729833662051,74.6
126511801,"1","Centralizzato","Cenisio, Sarpi, Isola","Isola",830,1,59.2857142857143,14,c(9.1995, 45.4904),1.91486577239711,5.92574480860232,36.7
127460190,"1","Assente","Bande Nere, Inganni","Lorenteggio",730,1,66.3636363636364,11,c(9.1394, 45.4528),4.00298204157656,8.27779613873216,94.5
127010003,"1","Centralizzato","Centrale, Repubblica","Buenos Aires",800,1,47.0588235294118,17,c(9.2165, 45.483),2.23512022810214,9.06392391958345,16
127460164,"1","Centralizzato","Cenisio, Sarpi, Isola","Cenisio",735,1,66.8181818181818,11,c(9.167, 45.4898),7.59514911339187,3.38464088700128,35.7
127460156,"1","Centralizzato","Napoli, Soderini","Tripoli - Soderini",760,1,42.2222222222222,18,c(9.1478, 45.4547),1.77772998694573,6.83935683194658,89.8
125391523,"1","Centralizzato","Corvetto, Rogoredo","Corvetto",760,1,84.4444444444444,9,c(9.2156, 45.4373),10.1257183320279,18.3954538275367,73.2
125391149,"1","Centralizzato","San Siro, Trenno","Gallaratese",765,1,76.5,10,c(9.1264, 45.4944),7.54377188498933,10.2364734875404,44
125532077,"1","Centralizzato","Pasteur, Rovereto","Pasteur",840,1,46.6666666666667,18,c(9.2137, 45.4874),4.53522280836982,1.78404363321079,21.5
126041357,"1","Centralizzato","Città Studi, Susa","Città Studi",795,1,56.7857142857143,14,c(9.2169, 45.4827),2.90255584781764,9.74804392350058,15.8
127197713,"1","Centralizzato","Solari, Washington","Frua",815,1,45.2777777777778,18,c(9.1498, 45.4649),2.70624379649801,3.74729833662051,74.6
127460302,"1","Centralizzato","Bande Nere, Inganni","Bande Nere",790,1,49.375,16,c(9.1321, 45.4601),3.65913020857303,23.3352004974124,84.5
125812377,"1","Centralizzato","Centrale, Repubblica","Centrale",780,1,43.3333333333333,18,c(9.2012, 45.487),4.17652609486815,0.968395503626657,33.7
127460286,"1","Centralizzato","Bande Nere, Inganni","Gambara",815,1,81.5,10,c(9.1447, 45.462),5.45254846477641,10.6949151213948,77.8
127460182,"1","Autonomo","Famagosta, Barona","Tre Castelli - Faenza",760,1,42.2222222222222,18,c(9.1405, 45.4416),12.8431404284304,4.26517682789827,117.7
125392187,"1","Centralizzato","Centrale, Repubblica","Centrale",795,1,39.75,20,c(9.2012, 45.487),4.17652609486815,0.968395503626657,33.7
127460264,"1","Centralizzato","Uptown, Cascina Merlata, Viale Certosa","Certosa",800,1,42.1052631578947,19,c(9.1411, 45.4988),22.7183566884548,1.42213571599759,19.5
125909485,"1","Centralizzato","Solari, Washington","Solari",835,1,69.5833333333333,12,c(9.16, 45.4575),0.924304191350399,5.1911554677298,86.5
127460100,"1","Centralizzato","Bande Nere, Inganni","Lorenteggio",780,1,78,10,c(9.1379, 45.4535),6.17714623169588,10.3091927491775,94.3
125820579,"1","Centralizzato","Porta Venezia, Indipendenza","Indipendenza",835,1,36.304347826087,23,c(9.2147, 45.4708),6.66405665334233,3.55323628101678,20.3
127324201,"1","Centralizzato","Solari, Washington","Frua",815,1,38.8095238095238,21,c(9.1498, 45.4649),2.70624379649801,3.74729833662051,74.6
126041435,"1","Centralizzato","Solari, Washington","Washington",770,1,42.7777777777778,18,c(9.1533, 45.4623),8.5173435046093,8.16713908853988,77.9
127460216,"1","Centralizzato","Genova, Ticinese","San Vittore",830,1,59.2857142857143,14,c(9.1708, 45.4604),3.3484091143804,5.54364205201561,75.2
127460096,"1","Centralizzato","Corvetto, Rogoredo","Corvetto",810,1,57.8571428571428,14,c(9.2156, 45.4373),10.1257183320279,18.3954538275367,73.2
127460284,"1","Centralizzato","Napoli, Soderini","Piazza Napoli",730,1,66.3636363636364,11,c(9.1494, 45.4539),1.6728302975911,4.70365941963651,90.6
127042581,"1","Centralizzato","Cenisio, Sarpi, Isola","Farini",795,1,56.7857142857143,14,c(9.1844, 45.4925),9.02740466638685,1.46110312280111,39
127324195,"1","Centralizzato","Maggiolina, Istria","Cascina dei Pomi",715,1,42.0588235294118,17,c(9.2078, 45.4924),9.57652723518805,3.09204781708393,33
126982237,"1","Centralizzato","San Siro, Trenno","San Siro",780,1,41.0526315789474,19,c(9.1255, 45.4719),8.39208898408249,7.4148453637048,74.9
125391963,"1","Centralizzato","Corvetto, Rogoredo","Corvetto",760,1,76,10,c(9.2156, 45.4373),10.1257183320279,18.3954538275367,73.2
126038021,"1","Autonomo","Centrale, Repubblica","Buenos Aires",840,1,84,10,c(9.2114, 45.4811),1.39554786725806,6.01732897839693,19.6
126037953,"1","Centralizzato","Cenisio, Sarpi, Isola","Isola",750,1,62.5,12,c(9.196, 45.4893),5.97805247480895,5.57605155147922,41
126511799,"1","Centralizzato","Uptown, Cascina Merlata, Viale Certosa","Certosa",755,1,41.9444444444444,18,c(9.1411, 45.4988),22.7183566884548,1.42213571599759,19.5
127460194,"1","Centralizzato","San Siro, Trenno","Gallaratese",765,1,85,9,c(9.1264, 45.4944),7.54377188498933,10.2364734875404,44
127460184,"1","Centralizzato","San Siro, Trenno","San Siro",815,1,38.8095238095238,21,c(9.1326, 45.4723),7.82846580831566,6.51531539023029,64.6
127460146,"1","Centralizzato","Bicocca, Niguarda","Ca' Granda",795,1,49.6875,16,c(9.2014, 45.5052),3.55547830373835,2.67655092967459,57.5
125993203,"1","Centralizzato","Bande Nere, Inganni","Lorenteggio",770,1,45.2941176470588,17,c(9.1394, 45.4528),4.00298204157656,8.27779613873216,94.5
125391145,"1","Centralizzato","Udine, Lambrate","Udine",810,1,36.8181818181818,22,c(9.2347, 45.4902),3.41053876385968,9.62978850576339,23.4
127460218,"1","Centralizzato","Forlanini","Viale Ungheria - Mecenate",745,1,74.5,10,c(9.238, 45.4564),10.1445029915452,4.68024106940408,46
126738971,"1","Centralizzato","Affori, Bovisa","Dergano",760,1,54.2857142857143,14,c(9.1801, 45.5027),4.97121413942285,10.2497061483,30.3
125953383,"1","Autonomo","Affori, Bovisa","Affori",750,1,27.7777777777778,20,c(9.1771, 45.5158),5.4710766082754,17.4896189161508,40.7
127130821,"1","Centralizzato","Bande Nere, Inganni","Lorenteggio",700,1,63.6363636363636,11,c(9.1394, 45.4528),4.00298204157656,8.27779613873216,94.5
126041269,"1","Centralizzato","Porta Venezia, Indipendenza","Piave - Tricolore",785,1,46.1764705882353,17,c(9.2086, 45.4707),4.94662118915186,2.85705081305086,26.6
126269421,"1","Centralizzato","Napoli, Soderini","Tripoli - Soderini",725,1,51.7857142857143,14,c(9.1478, 45.4547),1.77772998694573,6.83935683194658,89.8
125392023,"1","Centralizzato","Cenisio, Sarpi, Isola","Isola",770,1,55,14,c(9.1995, 45.4904),1.91486577239711,5.92574480860232,36.7
125586455,"1","Centralizzato","Cenisio, Sarpi, Isola","Zara",770,1,59.2307692307692,13,c(9.1889, 45.4954),6.1681239892639,4.27321422749553,42.2
127460044,"1","Centralizzato","Uptown, Cascina Merlata, Viale Certosa","Certosa",805,1,40.25,20,c(9.1411, 45.4988),22.7183566884548,1.42213571599759,19.5
125392575,"1","Autonomo","Abbiategrasso, Chiesa Rossa","Chiesa Rossa",765,1,47.8125,16,c(9.1781, 45.4273),4.79860545379506,1.03825124834116,110.8
125874439,"1","Centralizzato","Navigli","Navigli - Darsena",840,1,52.5,16,c(9.1691, 45.4513),1.29501202621167,0.754532448040947,81.8
125391911,"1","Centralizzato","Bande Nere, Inganni","Lorenteggio",700,1,63.6363636363636,11,c(9.1394, 45.4528),4.00298204157656,8.27779613873216,94.5
126041299,"1","Centralizzato","Famagosta, Barona","Giambellino",790,1,52.6666666666667,15,c(9.1408, 45.4501),3.64704412979619,3.78018859266181,99.5
127460086,"1","Centralizzato","Cenisio, Sarpi, Isola","Isola",715,1,51.0714285714286,14,c(9.1957, 45.4917),3.80183162516857,4.14847734436118,41
127460246,"1","Centralizzato","Porta Vittoria, Lodi","Bologna - Sulmona",825,1,45.8333333333333,18,c(9.2279, 45.4447),9.26095972153026,11.8692560834364,58.8
127460176,"1","Centralizzato","Maggiolina, Istria","Maggiolina",800,1,66.6666666666667,12,c(9.2057, 45.4965),12.9553101368675,7.53939355778469,40.9
126552355,"1","Centralizzato","Bande Nere, Inganni","Bande Nere",730,1,73,10,c(9.1396, 45.4566),8.87668886867372,14.0379446587678,87.1
127460132,"1","Centralizzato","Napoli, Soderini","Tripoli - Soderini",760,1,44.7058823529412,17,c(9.1478, 45.4547),1.77772998694573,6.83935683194658,89.8
127460080,"1","Centralizzato","Città Studi, Susa","Plebisciti - Susa",810,1,73.6363636363636,11,c(9.2196, 45.4693),2.65341883892373,4.88882046159043,19.4
125622433,"1","Centralizzato","Bande Nere, Inganni","Lorenteggio",745,1,67.7272727272727,11,c(9.1394, 45.4528),4.00298204157656,8.27779613873216,94.5
126041331,"1","Autonomo","Cenisio, Sarpi, Isola","Isola",795,1,49.6875,16,c(9.186, 45.4892),7.0159581723565,0.491039347334971,43.5
126242209,"1","Centralizzato","Corvetto, Rogoredo","Corvetto",700,1,46.6666666666667,15,c(9.2264, 45.4391),4.23895460062487,20.841029228298,64.6
127460084,"1","Centralizzato","Cenisio, Sarpi, Isola","Isola",750,1,75,10,c(9.1957, 45.4917),3.80183162516857,4.14847734436118,41
127460262,"1","Centralizzato","Uptown, Cascina Merlata, Viale Certosa","Certosa",725,1,48.3333333333333,15,c(9.1411, 45.4988),22.7183566884548,1.42213571599759,19.5
126037889,"1","Centralizzato","Genova, Ticinese","Ticinese",750,1,62.5,12,c(9.1845, 45.4561),3.11434187917389,3.54688187403252,65.8
123755129,"1","Centralizzato","Udine, Lambrate","Ortica",803,1,73,11,c(9.2482, 45.4691),15.5529500517421,13.3956606106002,37
125727151,"1","Centralizzato","Solari, Washington","Washington",795,1,56.7857142857143,14,c(9.153, 45.4564),1.83834927015477,7.15345000180298,86.7
126242259,"1","Centralizzato","Corvetto, Rogoredo","Corvetto",825,1,45.8333333333333,18,c(9.2152, 45.439),7.68585542710973,18.3721921548511,69.5
125820621,"1","Centralizzato","Maggiolina, Istria","Cascina dei Pomi",715,1,47.6666666666667,15,c(9.2078, 45.4924),9.57652723518805,3.09204781708393,33
126041303,"1","Centralizzato","San Siro, Trenno","Gallaratese",740,1,35.2380952380952,21,c(9.1224, 45.5008),12.2741576875181,3.47051106414633,43.7
127460078,"1","Centralizzato","Porta Venezia, Indipendenza","Piave - Tricolore",840,1,76.3636363636364,11,c(9.2086, 45.4707),4.94662118915186,2.85705081305086,26.6
125694453,"1","Centralizzato","Forlanini","Viale Ungheria - Mecenate",770,1,48.125,16,c(9.2508, 45.451),22.9161955350164,0.488049250570415,56.7
127460062,"1","Centralizzato","Bande Nere, Inganni","Lorenteggio",715,1,65,11,c(9.1394, 45.4528),4.00298204157656,8.27779613873216,94.5
126726139,"1","Centralizzato","Porta Venezia, Indipendenza","Porta Venezia",800,1,47.0588235294118,17,c(9.2032, 45.4783),6.10955668079515,0.209185189204575,30.9
125727181,"1","Assente","Affori, Bovisa","Dergano",770,1,48.125,16,c(9.1732, 45.502),9.89679041073955,6.89083901148445,22.1
126387263,"1","Autonomo","Abbiategrasso, Chiesa Rossa","Chiesa Rossa",760,1,50.6666666666667,15,c(9.1781, 45.4273),4.79860545379506,1.03825124834116,110.8
126628893,"1","Centralizzato","Uptown, Cascina Merlata, Viale Certosa","Musocco",760,1,63.3333333333333,12,c(9.1287, 45.5025),18.1415120504213,3.20900217662787,37.7
125846797,"1","Centralizzato","Corvetto, Rogoredo","Corvetto",760,1,84.4444444444444,9,c(9.2156, 45.4373),10.1257183320279,18.3954538275367,73.2
127042555,"1","Centralizzato","Bande Nere, Inganni","Lorenteggio",735,1,43.2352941176471,17,c(9.1394, 45.4528),4.00298204157656,8.27779613873216,94.5
126791899,"1","Autonomo","Abbiategrasso, Chiesa Rossa","Chiesa Rossa",760,1,54.2857142857143,14,c(9.1841, 45.4314),8.61276333097319,2.73723220493059,100.7
125391027,"1","Centralizzato","Bande Nere, Inganni","Bande Nere",755,1,35.9523809523809,21,c(9.1319, 45.4592),3.25084165249197,21.9992308363591,86.3
127460338,"1","Autonomo","Ripamonti, Vigentino","Ripamonti - Fondazione Prada",835,1,49.1176470588235,17,c(9.2106, 45.4439),5.03679676107658,14.2787723314661,64.3
121328604,"1","Autonomo","Bicocca, Niguarda","Bruzzano",750,1,75,10,c(9.1715, 45.5253),7.48922554668367,25.2623439397671,51.9
125982021,"1","Centralizzato","Bande Nere, Inganni","Bande Nere",790,1,23.9393939393939,20,c(9.1317, 45.4564),6.03973879414182,17.8198846857968,91.5
127460172,"1","Centralizzato","San Siro, Trenno","Gallaratese",770,1,48.125,16,c(9.1194, 45.4851),12.1755956609971,16.0807528946597,59.7
126600573,"1","Centralizzato","Affori, Bovisa","Dergano",740,1,52.8571428571428,14,c(9.1801, 45.5027),4.97121413942285,10.2497061483,30.3
126511791,"1","Autonomo","Cenisio, Sarpi, Isola","Isola",815,1,50.9375,16,c(9.186, 45.4892),7.0159581723565,0.491039347334971,43.5
121328600,"1","Centralizzato","Corvetto, Rogoredo","Corvetto",800,1,53.3333333333333,15,c(9.2128, 45.4383),10.425455250487,15.2483330593881,72.7
125598911,"1","Centralizzato","Cenisio, Sarpi, Isola","Cenisio",760,1,50.6666666666667,15,c(9.167, 45.4898),7.59514911339187,3.38464088700128,35.7
127166615,"1","Centralizzato","Arco della Pace, Arena, Pagano","Arco della Pace",765,1,63.75,12,c(9.1684, 45.476),12.2378839400136,3.34629069921352,56.9
127412035,"1","Centralizzato","Cenisio, Sarpi, Isola","Isola",775,1,51.6666666666667,15,c(9.1957, 45.4917),3.80183162516857,4.14847734436118,41
125694455,"1","Centralizzato","Forlanini","Quartiere Forlanini",770,1,64.1666666666667,12,c(9.2509, 45.4587),14.0422966008454,9.48721128079643,50.8
125390989,"1","Centralizzato","Porta Vittoria, Lodi","Lodi - Brenta",835,1,92.7777777777778,9,c(9.222, 45.4451),5.86123169755542,9.28976667130797,57.4
126818887,"1","Centralizzato","Bisceglie, Baggio, Olmi","Bisceglie",770,1,29.6153846153846,26,c(9.1122, 45.4557),1.02793291552836,24.6646031160762,104.5
127381529,"1","Autonomo","Garibaldi, Moscova, Porta Nuova","Garibaldi - Corso Como",782,1,65.1666666666667,12,c(9.1833, 45.4849),3.44867244850226,1.39737136487661,48.6
126296437,"1","Centralizzato","Porta Venezia, Indipendenza","Porta Venezia",830,1,75.4545454545455,11,c(9.2032, 45.4783),6.10955668079515,0.209185189204575,30.9
126628887,"1","Centralizzato","Uptown, Cascina Merlata, Viale Certosa","Musocco",765,1,45,17,c(9.1287, 45.5025),18.1415120504213,3.20900217662787,37.7
127197729,"1","Centralizzato","Precotto, Turro","Precotto",785,1,49.0625,16,c(9.2268, 45.5122),2.86075479738762,3.17869717453045,54.8
125392423,"1","Centralizzato","Bande Nere, Inganni","Bande Nere",790,1,52.6666666666667,15,c(9.1321, 45.4601),3.65913020857303,23.3352004974124,84.5
125438349,"1","Centralizzato","Maggiolina, Istria","Maggiolina",790,1,56.4285714285714,14,c(9.2037, 45.4955),10.4249736194417,5.26525563296369,41.5
127460150,"1","Centralizzato","Bande Nere, Inganni","Lorenteggio",770,1,45.2941176470588,17,c(9.1379, 45.4535),6.17714623169588,10.3091927491775,94.3
127315703,"1","Centralizzato","Corvetto, Rogoredo","Corvetto",805,1,47.3529411764706,17,c(9.2156, 45.4373),10.1257183320279,18.3954538275367,73.2
125655833,"1","Centralizzato","Cenisio, Sarpi, Isola","Isola",760,1,44.7058823529412,17,c(9.1957, 45.4917),3.80183162516857,4.14847734436118,41
127138797,"1","Centralizzato","Bande Nere, Inganni","Lorenteggio",770,1,45.2941176470588,17,c(9.1379, 45.4535),6.17714623169588,10.3091927491775,94.3
125557273,"1","Centralizzato","Solari, Washington","Solari",815,1,54.3333333333333,15,c(9.1565, 45.4518),7.39266042408711,3.40970211862704,93.7
126041419,"1","Centralizzato","Centrale, Repubblica","Centrale",795,1,37.8571428571428,21,c(9.2012, 45.487),4.17652609486815,0.968395503626657,33.7
127460058,"1","Centralizzato","Corvetto, Rogoredo","Corvetto",720,1,72,10,c(9.2156, 45.4373),10.1257183320279,18.3954538275367,73.2
125391047,"1","Centralizzato","Bande Nere, Inganni","Bande Nere",725,1,51.7857142857143,14,c(9.1321, 45.4601),3.65913020857303,23.3352004974124,84.5
126116277,"1","Centralizzato","Porta Vittoria, Lodi","Lodi - Brenta",770,1,48.125,16,c(9.218, 45.4429),0.673608584502064,13.1339310554417,62.7
125392471,"1","Centralizzato","Maggiolina, Istria","Cascina dei Pomi",735,1,31.9565217391304,23,c(9.2078, 45.4924),9.57652723518805,3.09204781708393,33
126367615,"1","Centralizzato","Famagosta, Barona","Giambellino",750,1,50,15,c(9.1432, 45.452),0.99194403533309,5.26623101152076,95
125532063,"1","Centralizzato","Solari, Washington","Frua",750,1,83.3333333333333,9,c(9.1498, 45.4649),2.70624379649801,3.74729833662051,74.6
126041237,"1","Centralizzato","Centrale, Repubblica","Centrale",735,1,43.2352941176471,17,c(9.2077, 45.4848),2.26521659010899,1.86030486551296,25.5
123755161,"1","Centralizzato","Udine, Lambrate","Lambrate",803,1,66.9166666666667,12,c(9.2455, 45.4719),17.0303161413721,9.44189569024073,31
125392569,"1","Autonomo","Affori, Bovisa","Affori",830,1,59.2857142857143,14,c(9.1747, 45.5138),1.00176297892249,20.1279638895987,36
125820597,"1","Centralizzato","Cenisio, Sarpi, Isola","Isola",835,1,69.5833333333333,12,c(9.1995, 45.4904),1.91486577239711,5.92574480860232,36.7
127460114,"1","Centralizzato","Napoli, Soderini","Tripoli - Soderini",795,1,39.75,20,c(9.1478, 45.4547),1.77772998694573,6.83935683194658,89.8
124710885,"1","Autonomo","Affori, Bovisa","Dergano",770,1,77,10,c(9.174, 45.4991),13.0679492767662,5.79974692322781,28
127460316,"1","Centralizzato","Bicocca, Niguarda","Prato Centenaro",785,1,46.1764705882353,17,c(9.1953, 45.5078),7.15591292899337,0.243962620455401,52.6
126041309,"1","Autonomo","Cenisio, Sarpi, Isola","Isola",815,1,40.75,20,c(9.186, 45.4892),7.0159581723565,0.491039347334971,43.5
127460128,"1","Centralizzato","Corvetto, Rogoredo","Corvetto",750,1,50,15,c(9.2156, 45.4373),10.1257183320279,18.3954538275367,73.2
127460072,"1","Centralizzato","Corvetto, Rogoredo","Corvetto",760,1,76,10,c(9.2156, 45.4373),10.1257183320279,18.3954538275367,73.2
125669947,"1","Centralizzato","Cimiano, Crescenzago, Adriano","Quartiere Adriano",810,1,45,18,c(9.2389, 45.5133),17.1761038658893,5.3760592755119,69.6
126936505,"1","Centralizzato","Abbiategrasso, Chiesa Rossa","Pezzotti - Meda",825,1,75,11,c(9.1786, 45.4406),14.2995027480505,0.948218403491241,91.1
126982221,"1","Centralizzato","Centrale, Repubblica","Centrale",835,1,69.5833333333333,12,c(9.2038, 45.4903),3.69252015228375,1.43044702782796,34.3
126167021,"1","Centralizzato","Centrale, Repubblica","Centrale",805,1,40.25,20,c(9.2077, 45.4848),2.26521659010899,1.86030486551296,25.5
125033853,"2","Assente","Città Studi, Susa","Città Studi",700,4,5.03597122302158,20,c(9.2178, 45.4766),10.5819743704939,4.71701283749523,13.3
126138863,"1","Centralizzato","Navigli","Bocconi",750,1,41.6666666666667,18,c(9.1871, 45.4489),13.0809964599007,1.81740988553988,72.8
119533255,"1","Assente","Centrale, Repubblica","Buenos Aires",780,5,6.5,19.2,c(9.2078, 45.4793),4.26503079614034,4.62801750230108,24.4
127021339,"2","Assente","Udine, Lambrate","Ortica",750,3,53.5714285714286,14,c(9.2435, 45.471),14.2748880323995,7.0431546254189,28
127617994,"2","Assente","Navigli","Corso San Gottardo",750,4,7.8125,19.2,c(9.1868, 45.4457),18.632416616644,2.62543424311525,77.9
117955815,"1","Centralizzato","Centrale, Repubblica","Centrale",750,3,62.5,12,c(9.2057, 45.4893),5.98865386221536,1.46386337039014,32
123663787,"1","Assente","Genova, Ticinese","Corso Genova",740,2,11.7460317460318,25.2,c(9.1748, 45.4586),3.29714248296568,2.46122032786908,70.6
120099410,"1","Assente","Porta Romana, Cadore, Montenero","Montenero",750,3,8.33333333333333,24,c(9.2091, 45.4597),14.3135684649503,2.22602400068568,41.3
87582048,"1","Centralizzato","Ripamonti, Vigentino","Vigentino - Fatima",500,4,5.55555555555556,18,c(9.19856, 45.4334),26.5725479009283,3.18617106023858,88.3
127030421,"1","Centralizzato","Affori, Bovisa","Dergano",700,2,10,20,c(9.18078, 45.5015),7.16259370504743,8.21678817092464,32.3
127366491,"2","Assente","Porta Venezia, Indipendenza","Indipendenza",750,4,37.5,20,c(9.2163, 45.4686),2.81674471272511,7.7316034569727,23
126609515,"1","Assente","Navigli","Navigli - Darsena",800,3,12.3076923076923,17.3333333333333,c(9.1664, 45.447),5.87805644609655,5.4610932945747,90
126068595,"1","Autonomo","Solari, Washington","Solari",750,3,37.5,20,c(9.15451, 45.4551),1.74052919893366,4.91008890141197,87.9
114458497,"1","Assente","Precotto, Turro","Turro",700,3,8.75,21.3333333333333,c(9.2215, 45.5016),2.09126980988848,13.3281551140955,37.6
127440318,"1","Assente","Cenisio, Sarpi, Isola","Isola",800,3,10.6666666666667,20,c(9.1967, 45.4914),5.12703764842004,5.45963627313303,39.9
118041683,"1","Assente","Porta Romana, Cadore, Montenero","Porta Romana - Medaglie d'Oro",700,3,8.23529411764706,22.6666666666667,c(9.2088, 45.4486),3.90449633588673,9.16794293249414,54.9
127337279,"2","Assente","Porta Romana, Cadore, Montenero","Porta Romana - Medaglie d'Oro",765,4,76.5,10,c(9.2015, 45.4496),3.94483251071699,2.65739430474801,59.4
124116303,"1","Assente","Navigli","Ascanio Sforza",785,3,19.625,20,c(9.1779, 45.4505),10.747348805547,3.18166013899802,77.9
125603975,"1","Assente","Famagosta, Barona","Giambellino",700,2,35,20,c(9.1427, 45.4509),1.7266517012434,3.47290780920367,96.9
126597103,"2","Assente","Genova, Ticinese","Ticinese",800,4,7.27272727272727,22,c(9.1806, 45.4545),5.33153833333198,1.66856388310851,71
123434683,"1","Assente","Famagosta, Barona","Barona",750,1,41.6666666666667,18,c(9.1548, 45.4445),15.7956032076701,4.91118930415737,103.1
98209254,"1","Assente","Navigli","Ascanio Sforza",700,4,31.8181818181818,22,c(9.1788, 45.4467),14.4834195018302,1.39969358567583,82.5
124895987,"1","Assente","Solari, Washington","Solari",700,4,8.75,16,c(9.1581, 45.452),8.38996187693591,3.30453007965723,92
126189147,"1","Autonomo","Bicocca, Niguarda","Niguarda",750,3,9.375,21.3333333333333,c(9.1903, 45.5239),23.5872024884167,2.76852501876275,63.5
127301319,"1","Centralizzato","Centrale, Repubblica","Buenos Aires",800,1,53.3333333333333,15,c(9.2165, 45.483),2.23512022810214,9.06392391958345,16
125392549,"1","Assente","Uptown, Cascina Merlata, Viale Certosa","Ghisolfa - Mac Mahon",770,1,38.5,20,c(9.1514, 45.49),15.0818249238856,0.554229657533256,30
126041431,"1","Centralizzato","Centrale, Repubblica","Centrale",715,1,34.0476190476191,21,c(9.205, 45.4913),5.66911813991909,0.900967109577208,32.4
127460170,"1","Centralizzato","Famagosta, Barona","Giambellino",730,1,38.421052631579,19,c(9.1408, 45.4501),3.64704412979619,3.78018859266181,99.5
126726073,"1","Centralizzato","Corvetto, Rogoredo","Corvetto",760,1,76,10,c(9.2156, 45.4373),10.1257183320279,18.3954538275367,73.2
126037891,"1","Centralizzato","Genova, Ticinese","Ticinese",820,1,68.3333333333333,12,c(9.1845, 45.4561),3.11434187917389,3.54688187403252,65.8
125612361,"1","Centralizzato","Famagosta, Barona","Famagosta",735,1,43.2352941176471,17,c(9.1725, 45.4419),6.66256455438131,7.68575695824607,94.4
127460318,"1","Centralizzato","Bande Nere, Inganni","Gambara",805,1,80.5,10,c(9.1447, 45.462),5.45254846477641,10.6949151213948,77.8
127118737,"1","Assente","Bande Nere, Inganni","Lorenteggio",795,1,46.7647058823529,17,c(9.1379, 45.4535),6.17714623169588,10.3091927491775,94.3
127229169,"1","Assente","Uptown, Cascina Merlata, Viale Certosa","Certosa",790,1,49.375,16,c(9.1411, 45.4988),22.7183566884548,1.42213571599759,19.5
127301309,"1","Centralizzato","Bande Nere, Inganni","Bande Nere",715,1,47.6666666666667,15,c(9.1396, 45.4566),8.87668886867372,14.0379446587678,87.1
127315707,"1","Centralizzato","Bande Nere, Inganni","Bande Nere",710,1,64.5454545454545,11,c(9.1396, 45.4566),8.87668886867372,14.0379446587678,87.1
125392357,"1","Centralizzato","Città Studi, Susa","Casoretto",765,1,45,17,c(9.2201, 45.4871),6.12279532802321,8.36044403776311,17.8
125475371,"1","Centralizzato","Città Studi, Susa","Città Studi",830,1,69.1666666666667,12,c(9.2351, 45.4718),7.49879838558303,1.95991612597891,17.8
124710847,"1","Autonomo","Bicocca, Niguarda","Bignami - Ponale",720,1,48,15,c(9.206, 45.5258),7.7227515240848,6.45945825042541,81.6
127460320,"1","Centralizzato","Abbiategrasso, Chiesa Rossa","Cermenate - Abbiategrasso",795,1,39.75,20,c(9.1807, 45.4374),13.4483579012702,2.98725557350349,95.3
127130835,"1","Centralizzato","Bande Nere, Inganni","Lorenteggio",720,1,42.3529411764706,17,c(9.1394, 45.4528),4.00298204157656,8.27779613873216,94.5
126041347,"1","Autonomo","Affori, Bovisa","Affori",750,1,46.875,16,c(9.1771, 45.5158),5.4710766082754,17.4896189161508,40.7
125438321,"1","Centralizzato","Maggiolina, Istria","Maggiolina",790,1,41.578947368421,19,c(9.2037, 45.4955),10.4249736194417,5.26525563296369,41.5
127229179,"1","Centralizzato","Bande Nere, Inganni","Bande Nere",715,1,42.0588235294118,17,c(9.1396, 45.4566),8.87668886867372,14.0379446587678,87.1
127460322,"1","Centralizzato","Corvetto, Rogoredo","Corvetto",835,1,55.6666666666667,15,c(9.2221, 45.439),2.89204132116178,19.7401670836354,65.3
125392123,"1","Centralizzato","Corvetto, Rogoredo","Corvetto",810,1,50.625,16,c(9.2156, 45.4373),10.1257183320279,18.3954538275367,73.2
126269397,"1","Centralizzato","Napoli, Soderini","Piazza Napoli",715,1,55,13,c(9.1494, 45.4539),1.6728302975911,4.70365941963651,90.6
126746321,"1","Centralizzato","Affori, Bovisa","Bovisasca",760,1,63.3333333333333,12,c(9.1539, 45.517),19.2719526758107,25.7803887284753,33
125391063,"1","Centralizzato","San Siro, Trenno","San Siro",740,1,43.5294117647059,17,c(9.1252, 45.4748),5.15522835964957,2.38942066495277,70.9
125438337,"1","Centralizzato","Corvetto, Rogoredo","Corvetto",830,1,51.875,16,c(9.2156, 45.4373),10.1257183320279,18.3954538275367,73.2
126041363,"1","Centralizzato","Centrale, Repubblica","Buenos Aires",825,1,37.5,22,c(9.2107, 45.4801),0.545940620138006,6.31181905850421,19.8
127197709,"1","Centralizzato","Napoli, Soderini","Tripoli - Soderini",755,1,37.75,20,c(9.1478, 45.4547),1.77772998694573,6.83935683194658,89.8
126696017,"1","Centralizzato","Bande Nere, Inganni","Bande Nere",770,1,55,14,c(9.1349, 45.4622),2.24038155274587,18.9845399813864,79.7
127412039,"1","Centralizzato","Affori, Bovisa","Dergano",710,1,64.5454545454545,11,c(9.1801, 45.5027),4.97121413942285,10.2497061483,30.3
126041249,"1","Centralizzato","Corvetto, Rogoredo","Corvetto",825,1,45.8333333333333,18,c(9.2214, 45.4433),3.63273780639799,12.2387633288298,58.8
126037939,"1","Centralizzato","Porta Vittoria, Lodi","Martini - Insubria",700,1,58.3333333333333,12,c(9.2226, 45.4518),16.4251055126587,2.88928625250698,46.5
126335215,"1","Autonomo","Affori, Bovisa","Affori",840,1,84,10,c(9.1733, 45.518),7.77357946845828,22.7594478216327,39.5
125392413,"1","Centralizzato","Uptown, Cascina Merlata, Viale Certosa","Certosa",735,1,52.5,14,c(9.1383, 45.4961),17.5589043496378,0.317117286369284,27.6
126655931,"1","Centralizzato","Navigli","Navigli - Darsena",840,1,49.4117647058824,17,c(9.1691, 45.4513),1.29501202621167,0.754532448040947,81.8
127460038,"1","Centralizzato","San Siro, Trenno","Gallaratese",770,1,51.3333333333333,15,c(9.1194, 45.4851),12.1755956609971,16.0807528946597,59.7
127460016,"1","Centralizzato","Ripamonti, Vigentino","Ripamonti - Fondazione Prada",805,1,50.3125,16,c(9.2106, 45.4439),5.03679676107658,14.2787723314661,64.3
126037955,"1","Centralizzato","Cenisio, Sarpi, Isola","Isola",720,1,60,12,c(9.196, 45.4893),5.97805247480895,5.57605155147922,41
126367643,"1","Centralizzato","Centrale, Repubblica","Centrale",820,1,82,10,c(9.2117, 45.4856),2.83369049302739,2.00685146962347,20.8
125655835,"1","Centralizzato","Cenisio, Sarpi, Isola","Isola",760,1,50.6666666666667,15,c(9.1957, 45.4917),3.80183162516857,4.14847734436118,41
125390941,"1","Centralizzato","Bande Nere, Inganni","Gambara",825,1,82.5,10,c(9.1447, 45.462),5.45254846477641,10.6949151213948,77.8
125669949,"1","Centralizzato","Cimiano, Crescenzago, Adriano","Quartiere Adriano",820,1,63.0769230769231,13,c(9.2389, 45.5133),17.1761038658893,5.3760592755119,69.6
125390979,"1","Centralizzato","Affori, Bovisa","Bovisasca",790,1,46.4705882352941,17,c(9.1539, 45.517),19.2719526758107,25.7803887284753,33
127460034,"1","Centralizzato","Bande Nere, Inganni","Bande Nere",715,1,42.0588235294118,17,c(9.1319, 45.4592),3.25084165249197,21.9992308363591,86.3
126655945,"1","Autonomo","Abbiategrasso, Chiesa Rossa","Gratosoglio",785,1,46.1764705882353,17,c(9.1813, 45.4154),25.7895335640201,8.00760224087357,130.9
125392721,"1","Centralizzato","Bande Nere, Inganni","Gambara",770,1,85.5555555555556,9,c(9.1396, 45.4656),4.33093965922034,10.7696613135631,72.1
123276943,"1","Autonomo","Ripamonti, Vigentino","Vigentino - Fatima",760,1,84.4444444444444,9,c(9.2062, 45.4277),30.1342514748683,4.84918122532391,94.1
127301315,"1","Centralizzato","Uptown, Cascina Merlata, Viale Certosa","Certosa",735,1,49,15,c(9.1383, 45.4961),17.5589043496378,0.317117286369284,27.6
127010007,"1","Centralizzato","Bande Nere, Inganni","Gambara",730,1,73,10,c(9.1447, 45.462),5.45254846477641,10.6949151213948,77.8
125391637,"1","Centralizzato","Solari, Washington","Frua",740,1,82.2222222222222,9,c(9.1498, 45.4649),2.70624379649801,3.74729833662051,74.6
127460088,"1","Centralizzato","Cenisio, Sarpi, Isola","Isola",815,1,45.2777777777778,18,c(9.1957, 45.4917),3.80183162516857,4.14847734436118,41
126600557,"1","Centralizzato","Solari, Washington","Frua",800,1,80,10,c(9.1498, 45.4649),2.70624379649801,3.74729833662051,74.6
125846657,"1","Centralizzato","Uptown, Cascina Merlata, Viale Certosa","Ghisolfa - Mac Mahon",790,1,71.8181818181818,11,c(9.1554, 45.4926),19.6791441088785,3.49212321378718,25.1
126891287,"1","Centralizzato","Bande Nere, Inganni","Lorenteggio",700,1,41.1764705882353,17,c(9.1394, 45.4528),4.00298204157656,8.27779613873216,94.5
125550421,"1","Centralizzato","Porta Vittoria, Lodi","Molise - Cuoco",765,1,54.6428571428572,14,c(9.224, 45.4562),20.5705266696245,1.8340148400107,37.3
125392335,"1","Autonomo","Affori, Bovisa","Affori",790,1,46.4705882352941,17,c(9.1703, 45.519),5.15033722421514,26.3584231446686,39
127460192,"1","Centralizzato","Bande Nere, Inganni","Lorenteggio",770,1,64.1666666666667,12,c(9.1394, 45.4528),4.00298204157656,8.27779613873216,94.5
127301313,"1","Centralizzato","Città Studi, Susa","Città Studi",825,1,51.5625,16,c(9.2265, 45.4844),6.33095330920463,8.8284196273208,8.7
126167033,"1","Centralizzato","Solari, Washington","Frua",800,1,80,10,c(9.1498, 45.4649),2.70624379649801,3.74729833662051,74.6
126041305,"1","Centralizzato","Fiera, Sempione, City Life, Portello","Monte Rosa - Lotto",805,1,50.3125,16,c(9.1434, 45.4831),5.924690103838,14.2232462117708,42.5
126891289,"1","Centralizzato","Porta Venezia, Indipendenza","Porta Venezia",770,1,70,11,c(9.2032, 45.4783),6.10955668079515,0.209185189204575,30.9
125993205,"1","Centralizzato","Affori, Bovisa","Dergano",760,1,54.2857142857143,14,c(9.1801, 45.5027),4.97121413942285,10.2497061483,30.3
126379177,"1","Autonomo","Città Studi, Susa","Città Studi",780,1,60,13,c(9.222, 45.4833),5.81134342654011,8.63015254401688,10.5
125532087,"1","Centralizzato","Bande Nere, Inganni","Bande Nere",725,1,65.9090909090909,11,c(9.1319, 45.4592),3.25084165249197,21.9992308363591,86.3
127460278,"1","Centralizzato","Uptown, Cascina Merlata, Viale Certosa","Certosa",755,1,39.7368421052632,19,c(9.1411, 45.4988),22.7183566884548,1.42213571599759,19.5
126568813,"2","Autonomo","Ripamonti, Vigentino","Ripamonti - Fondazione Prada",700,5,31.8181818181818,22,c(9.19221, 45.4413),22.2384657382743,8.82740083284886,82.6
127483486,"1","Centralizzato","Porta Venezia, Indipendenza","Indipendenza",700,2,46.6666666666667,15,c(9.21672, 45.4628),9.25801334928098,1.76860154090561,31.3
127142801,"2","Centralizzato","San Siro, Trenno","Gallaratese",700,2,7.77777777777778,20,c(9.12188, 45.4923),3.38023703611518,16.2259166754366,49.6
127352397,"1","Centralizzato","Bande Nere, Inganni","Gambara",825,1,75,11,c(9.1425, 45.4629),3.54643980076847,11.3787804633672,76.9
126041253,"1","Centralizzato","Navigli","Navigli - Darsena",795,1,56.7857142857143,14,c(9.1612, 45.4468),9.54649275736396,3.34063848218255,95.2
127513750,"2","Autonomo","San Siro, Trenno","San Siro",815,4,54.3333333333333,15,c(9.13857, 45.4686),8.37836361306015,8.25425058678345,67.9
121328598,"1","Centralizzato","Corvetto, Rogoredo","Corvetto",800,1,53.3333333333333,15,c(9.2128, 45.4383),10.425455250487,15.2483330593881,72.7
126042269,"1","Autonomo","Solari, Washington","Vercelli - Wagner",790,1,65.8333333333333,12,c(9.1556, 45.4689),1.77381630596316,3.62897670852341,66.8
125662971,"1","Centralizzato","Pasteur, Rovereto","Pasteur",815,1,54.3333333333333,15,c(9.2137, 45.4874),4.53522280836982,1.78404363321079,21.5
126335227,"1","Centralizzato","San Siro, Trenno","Gallaratese",770,1,36.6666666666667,21,c(9.1194, 45.4851),12.1755956609971,16.0807528946597,59.7
126041687,"1","Centralizzato","Navigli","Bocconi",800,1,66.6666666666667,12,c(9.1881, 45.4486),13.5052282949094,3.05081749596471,72.5
125820685,"1","Autonomo","Città Studi, Susa","Città Studi",750,1,37.5,20,c(9.2349, 45.4858),2.49606372709499,2.47989607992816,16.3
126035563,"1","Centralizzato","Città Studi, Susa","Città Studi",800,1,40,20,c(9.236, 45.4842),0.644727891191972,0.685997324461626,15.2
126038045,"1","Centralizzato","Porta Vittoria, Lodi","Lodi - Brenta",840,1,46.6666666666667,18,c(9.215, 45.4429),4.30027529800971,14.3465004278863,65.7
121328610,"1","Autonomo","Porta Vittoria, Lodi","Martini - Insubria",800,1,61.5384615384615,13,c(9.2166, 45.4551),16.0601823284728,2.98053290028533,43.4
126600563,"1","Centralizzato","Bande Nere, Inganni","Bande Nere",755,1,53.9285714285714,14,c(9.1349, 45.4622),2.24038155274587,18.9845399813864,79.7
125993215,"1","Centralizzato","Corvetto, Rogoredo","Corvetto",810,1,62.3076923076923,13,c(9.2156, 45.4373),10.1257183320279,18.3954538275367,73.2
127460270,"1","Centralizzato","Cenisio, Sarpi, Isola","Zara",735,1,66.8181818181818,11,c(9.1889, 45.4954),6.1681239892639,4.27321422749553,42.2
121328618,"1","Centralizzato","Corvetto, Rogoredo","Corvetto",800,1,50,16,c(9.2128, 45.4383),10.425455250487,15.2483330593881,72.7
121994296,"1","Centralizzato","Porta Vittoria, Lodi","Lodi - Brenta",740,1,41.1111111111111,18,c(9.215, 45.4429),4.30027529800971,14.3465004278863,65.7
127197723,"1","Centralizzato","Bande Nere, Inganni","Gambara",805,1,80.5,10,c(9.1447, 45.462),5.45254846477641,10.6949151213948,77.8
117753583,"1","Centralizzato","Garibaldi, Moscova, Porta Nuova","Turati",800,NA,26.6666666666667,20,c(9.18687, 45.4738),6.46031111753444,6.54200286319187,51
121328646,"1","Centralizzato","Affori, Bovisa","Comasina",700,1,35,20,c(9.166, 45.5269),3.51080987847167,32.160692270136,51.8
126552373,"1","Centralizzato","Bande Nere, Inganni","Primaticcio",735,1,45.9375,16,c(9.1279, 45.4558),6.50535742909495,18.6812603859487,94
126367629,"1","Centralizzato","Cenisio, Sarpi, Isola","Isola",735,1,56.5384615384615,13,c(9.197, 45.4892),4.81348579976698,6.80721602821197,40.9
126042101,"1","Autonomo","Città Studi, Susa","Città Studi",700,1,46.6666666666667,15,c(9.2349, 45.4858),2.49606372709499,2.47989607992816,16.3
127460160,"1","Centralizzato","Bande Nere, Inganni","Lorenteggio",745,1,67.7272727272727,11,c(9.1394, 45.4528),4.00298204157656,8.27779613873216,94.5
126041445,"1","Centralizzato","Porta Venezia, Indipendenza","Porta Venezia",800,1,53.3333333333333,15,c(9.2044, 45.4771),3.57131994200739,2.75151515907923,29.5
125392743,"1","Centralizzato","Maggiolina, Istria","Maggiolina",740,1,28.4615384615385,26,c(9.2054, 45.496),12.0490001818806,6.59889318348842,40.3
125391229,"1","Centralizzato","San Siro, Trenno","San Siro",835,1,39.7619047619048,21,c(9.1412, 45.4773),4.37785160684034,4.40611266835317,52.6
121328606,"1","Centralizzato","Affori, Bovisa","Affori",750,1,41.6666666666667,18,c(9.1711, 45.5228),3.99187743726357,25.7498823759495,45.3
125820585,"1","Centralizzato","Maggiolina, Istria","Cascina dei Pomi",805,1,57.5,14,c(9.2078, 45.4924),9.57652723518805,3.09204781708393,33
126891291,"1","Centralizzato","San Siro, Trenno","San Siro",710,1,78.8888888888889,9,c(9.1412, 45.4773),4.37785160684034,4.40611266835317,52.6
113334265,"1","Assente","Navigli","Corso San Gottardo",750,3,10.7142857142857,18.6666666666667,c(9.1798, 45.4492),13.6438482541462,0.336631809909057,78.5
127460240,"1","Centralizzato","Cenisio, Sarpi, Isola","Zara",835,1,41.75,20,c(9.1903, 45.495),5.13725641233054,5.2417231424781,43.8
126041325,"1","Centralizzato","Maggiolina, Istria","Cascina dei Pomi",715,1,32.5,22,c(9.2078, 45.4924),9.57652723518805,3.09204781708393,33
126565099,"1","Centralizzato","Maggiolina, Istria","Cascina dei Pomi",715,1,55,13,c(9.2078, 45.4924),9.57652723518805,3.09204781708393,33
123276955,"1","Autonomo","Pasteur, Rovereto","Pasteur",790,1,87.7777777777778,9,c(9.2115, 45.4887),6.41071998240658,1.72731261892816,24.7
126936513,"1","Autonomo","Città Studi, Susa","Città Studi",790,1,65.8333333333333,12,c(9.2186, 45.4816),5.61214003597953,9.7226049919928,11.7
122519254,"1","Centralizzato","Bande Nere, Inganni","Lorenteggio",700,1,70,10,c(9.1401, 45.4539),4.4988387024635,9.47560422538872,91.9
124197933,"1","Centralizzato","Bande Nere, Inganni","Lorenteggio",730,1,73,10,c(9.1401, 45.4539),4.4988387024635,9.47560422538872,91.9
127138795,"1","Centralizzato","Bande Nere, Inganni","Lorenteggio",725,1,65.9090909090909,11,c(9.1379, 45.4535),6.17714623169588,10.3091927491775,94.3
127010045,"1","Centralizzato","Precotto, Turro","Turro",800,1,40,20,c(9.2208, 45.4994),1.83175558127398,9.66272663352186,34.7
121328658,"1","Autonomo","Affori, Bovisa","Affori",800,1,80,10,c(9.1686, 45.519),4.54705805959457,28.4297136209853,36.7
125390963,"1","Centralizzato","Maggiolina, Istria","Cascina dei Pomi",720,1,51.4285714285714,14,c(9.2078, 45.4924),9.57652723518805,3.09204781708393,33
126036857,"1","Centralizzato","Bande Nere, Inganni","Lorenteggio",730,1,73,10,c(9.1401, 45.4539),4.4988387024635,9.47560422538872,91.9
124710879,"1","Autonomo","Bicocca, Niguarda","Bruzzano",750,1,75,10,c(9.1715, 45.5253),7.48922554668367,25.2623439397671,51.9
121328634,"1","Autonomo","Corvetto, Rogoredo","Corvetto",790,1,79,10,c(9.2141, 45.4368),11.666118080703,16.5213160317582,74.6
127138793,"1","Centralizzato","Ripamonti, Vigentino","Ripamonti - Fondazione Prada",785,1,43.6111111111111,18,c(9.2106, 45.4439),5.03679676107658,14.2787723314661,64.3
125799413,"1","Centralizzato","Maggiolina, Istria","Cascina dei Pomi",740,1,33.6363636363636,22,c(9.2078, 45.4924),9.57652723518805,3.09204781708393,33
127301281,"1","Centralizzato","Porta Vittoria, Lodi","Lodi - Brenta",770,1,42.7777777777778,18,c(9.218, 45.4429),0.673608584502064,13.1339310554417,62.7
126296425,"1","Centralizzato","Maggiolina, Istria","Cascina dei Pomi",770,1,36.6666666666667,21,c(9.2078, 45.4924),9.57652723518805,3.09204781708393,33
125812375,"1","Autonomo","Bande Nere, Inganni","Gambara",735,1,38.6842105263158,19,c(9.1419, 45.4619),5.39763302654976,13.0728078903702,79.1
121328656,"1","Autonomo","Arco della Pace, Arena, Pagano","Vincenzo Monti",800,1,80,10,c(9.1681, 45.4719),7.80368857657737,0.357317963424623,64.4
127130839,"1","Centralizzato","San Siro, Trenno","San Siro",715,1,71.5,10,c(9.1255, 45.4719),8.39208898408249,7.4148453637048,74.9
122048436,"1","Centralizzato","Bande Nere, Inganni","Lorenteggio",730,1,60.8333333333333,12,c(9.1401, 45.4539),4.4988387024635,9.47560422538872,91.9
126041313,"1","Centralizzato","Porta Venezia, Indipendenza","Porta Venezia",800,1,61.5384615384615,13,c(9.2044, 45.4771),3.57131994200739,2.75151515907923,29.5
127516170,"2","Autonomo","Porta Venezia, Indipendenza","Porta Venezia",700,1,38.8888888888889,18,c(9.20297, 45.4759),3.69640128521931,2.22233193075127,31.3
125391775,"1","Centralizzato","Centrale, Repubblica","Buenos Aires",835,1,69.5833333333333,12,c(9.2032, 45.4789),6.47931621710577,0.417103358851848,31
127384345,"2","Autonomo","Porta Romana, Cadore, Montenero","Cadore",775,5,5.16666666666667,24,c(9.21409, 45.4621),11.5265016998364,0.30531254069782,33.8
127317271,"2","Autonomo","Porta Romana, Cadore, Montenero","Cadore",775,5,5.16666666666667,24,c(9.21409, 45.4621),11.5265016998364,0.30531254069782,33.8
127301277,"1","Centralizzato","Bisceglie, Baggio, Olmi","Quarto Cagnino",725,1,51.7857142857143,14,c(9.1114, 45.4723),10.8790340599831,15.5285491689693,88.3
125799399,"1","Centralizzato","Maggiolina, Istria","Cascina dei Pomi",735,1,52.5,14,c(9.2093, 45.5006),13.942906291122,12.8477183606611,45.3
127355361,"2","Autonomo","Porta Romana, Cadore, Montenero","Cadore",775,5,5.16666666666667,24,c(9.21409, 45.4621),11.5265016998364,0.30531254069782,33.8
127274903,"2","Autonomo","Porta Romana, Cadore, Montenero","Cadore",795,5,5.3,24,c(9.21409, 45.4621),11.5265016998364,0.30531254069782,33.8
126041229,"1","Centralizzato","Bande Nere, Inganni","Bande Nere",700,1,43.75,16,c(9.1321, 45.4601),3.65913020857303,23.3352004974124,84.5
111880341,NA,"Centralizzato","Bande Nere, Inganni","Lorenteggio",750,1,75,10,c(9.1401, 45.4518),2.81671514309067,6.3868793293485,96
126818905,"1","Centralizzato","Centrale, Repubblica","Centrale",805,1,57.5,14,c(9.2111, 45.4866),3.04391512013489,2.14416718669993,22.1
127130827,"1","Centralizzato","Maggiolina, Istria","Cascina dei Pomi",715,1,47.6666666666667,15,c(9.2078, 45.4924),9.57652723518805,3.09204781708393,33
127459974,"1","Centralizzato","Bande Nere, Inganni","Lorenteggio",790,1,79,10,c(9.1401, 45.4539),4.4988387024635,9.47560422538872,91.9
122048446,"1","Centralizzato","Bande Nere, Inganni","Lorenteggio",740,1,74,10,c(9.1401, 45.4539),4.4988387024635,9.47560422538872,91.9
122626708,"1","Centralizzato","Bande Nere, Inganni","Lorenteggio",700,1,70,10,c(9.1401, 45.4539),4.4988387024635,9.47560422538872,91.9
123276953,"1","Autonomo","Pasteur, Rovereto","Pasteur",780,1,86.6666666666667,9,c(9.2115, 45.4887),6.41071998240658,1.72731261892816,24.7
123468331,"1","Centralizzato","Cimiano, Crescenzago, Adriano","Crescenzago",750,1,30,25,c(9.2468, 45.5019),5.26307437206674,20.8984691207538,47
121328632,"1","Autonomo","Città Studi, Susa","Città Studi",800,1,80,10,c(9.2184, 45.4752),12.4764410919549,2.45908701698366,13.3
127460298,"1","Centralizzato","Napoli, Soderini","Tripoli - Soderini",760,1,42.2222222222222,18,c(9.1478, 45.4547),1.77772998694573,6.83935683194658,89.8
127130833,"1","Centralizzato","Centrale, Repubblica","Repubblica",835,1,28.7931034482759,20,c(9.2008, 45.4767),5.8870570398194,0.526229586743153,34
126039027,"1","Centralizzato","Fiera, Sempione, City Life, Portello","Sempione",800,1,22.8571428571429,20,c(9.167, 45.4814),5.32281196462121,1.03754122773378,47.3
125874445,"1","Centralizzato","Pasteur, Rovereto","Rovereto",740,1,56.9230769230769,13,c(9.2151, 45.4947),5.54053546279539,1.24612659791857,33.1
127352393,"1","Centralizzato","San Siro, Trenno","San Siro",715,1,42.0588235294118,17,c(9.1393, 45.4686),7.83186632046617,7.70132050443226,67.3
125391103,"1","Centralizzato","San Siro, Trenno","San Siro",815,1,58.2142857142857,14,c(9.1393, 45.4686),7.83186632046617,7.70132050443226,67.3
126956707,"1","Centralizzato","Bande Nere, Inganni","Bande Nere",700,1,38.8888888888889,18,c(9.1321, 45.4601),3.65913020857303,23.3352004974124,84.5
125391953,"1","Centralizzato","San Siro, Trenno","San Siro",735,1,52.5,14,c(9.1393, 45.4686),7.83186632046617,7.70132050443226,67.3
127128675,NA,"Assente","Centro","Duomo",700,NA,70,10,c(9.18817, 45.4637),0.893221682379392,0.452576921774995,53.4
127128673,NA,"Assente","Centro","Duomo",700,NA,29.1666666666667,24,c(9.18817, 45.4637),0.893221682379392,0.452576921774995,53.4
127128677,NA,"Assente","Centro","Duomo",700,NA,53.8461538461538,13,c(9.18817, 45.4637),0.893221682379392,0.452576921774995,53.4
127660590,"1","Centralizzato","Abbiategrasso, Chiesa Rossa","Pezzotti - Meda",750,4,6.25,24,c(9.18458, 45.4382),16.7249443275109,1.628226891835,91.6
127507192,"2","Centralizzato","Fiera, Sempione, City Life, Portello","Monte Rosa - Lotto",780,4,32.5,24,c(9.15018, 45.4753),2.95170171362897,10.2724255905917,55.5
95916706,"2","Centralizzato","Fiera, Sempione, City Life, Portello","Sempione",740,3,52.8571428571428,14,c(9.15359, 45.4859),8.73868852698473,4.62909189350135,38.3
112211377,"1","Autonomo","Uptown, Cascina Merlata, Viale Certosa","Musocco",800,1,8.42105263157895,20,c(9.12358, 45.5042),18.3387028025269,2.25642771246493,43.2
121525592,"1","Centralizzato","Affori, Bovisa","Affori",705,2,70.5,10,c(9.1788, 45.5114),6.96021353099033,13.9928282469311,34.3
102848226,"2","Autonomo","Famagosta, Barona","Giambellino",750,4,25,20,c(9.15137, 45.45),7.56391839555864,2.40608136988117,96.9
110008693,"1","Autonomo","Porta Venezia, Indipendenza","Porta Venezia",700,2,28,25,c(9.20591, 45.4764),1.86195204140557,1.27606124259486,27.6
122686974,"2","Autonomo","Cimiano, Crescenzago, Adriano","Cimiano",700,5,35,20,c(9.23456, 45.4954),7.43592145588631,18.5347779535742,30.9
121364466,"1","Centralizzato","Udine, Lambrate","Lambrate",730,3,52.1428571428572,14,c(9.24569, 45.486),12.5845598094755,7.87527056812231,25.3
111140021,"1","Centralizzato","Cimiano, Crescenzago, Adriano","Crescenzago",750,5,6.81818181818182,17.6,c(9.24094, 45.5032),6.34514904802425,19.4008116052437,45.2
125588451,"2","Centralizzato","Porta Romana, Cadore, Montenero","Cadore",780,4,70.9090909090909,11,c(9.212, 45.4553),12.5569582971109,0.7210747606506,44.6
69080640,"1","Centralizzato","Abbiategrasso, Chiesa Rossa","Chiesa Rossa",750,3,6.81818181818182,20,c(9.17914, 45.4306),2.43965577556424,2.07202550939775,104.8
122978296,"2","Centralizzato","Affori, Bovisa","Bovisa",750,5,6.25,19.2,c(9.16956, 45.4997),15.8538580423841,1.0116959631838,18.9
123154073,"1","Centralizzato","Navigli","Ascanio Sforza",600,2,10.7142857142857,22.4,c(9.17749, 45.4486),11.5578106270189,2.68719395152789,80.8
114410507,"2","Centralizzato","Udine, Lambrate","Parco Lambro",750,5,5.35714285714286,22.4,c(9.24483, 45.4999),4.98793197102237,24.3192290850601,43.4
127195593,"1","Centralizzato","Abbiategrasso, Chiesa Rossa","Chiesa Rossa",800,1,53.3333333333333,15,c(9.17899, 45.4305),2.20257539137862,2.32399905917855,105
125998681,"1","Centralizzato","Abbiategrasso, Chiesa Rossa","Pezzotti - Meda",550,3,42.3076923076923,13,c(9.18168, 45.4404),17.6139344774421,1.87537218952446,89.4
87283946,"2","Autonomo","Pasteur, Rovereto","Pasteur",700,4,35,20,c(9.222, 45.4901),4.97278427262524,7.72721301724157,20.9
117816527,"1","Centralizzato","Bisceglie, Baggio, Olmi","Bisceglie",700,2,43.75,16,c(9.11054, 45.4598),8.16547529472159,32.0506711829241,100.6
122755592,"1","Centralizzato","Cimiano, Crescenzago, Adriano","Crescenzago",710,4,47.3333333333333,15,c(9.25012, 45.5103),9.85614675622111,8.41787727881321,59.5
123422271,"1","Centralizzato","Ripamonti, Vigentino","Ripamonti - Fondazione Prada",750,2,46.875,16,c(9.19852, 45.4391),20.0087103233357,2.02149101412442,79.5
122687126,"1","Centralizzato","Forlanini","Viale Ungheria - Mecenate",800,2,36.3636363636364,22,c(9.24228, 45.4569),9.14581955946191,0.65832892187931,44.5
127142841,"1","Autonomo","Navigli","Navigli - Darsena",750,5,22.0588235294118,20,c(9.17108, 45.4541),4.16439939449398,1.58936739377681,77
113515469,"2","Centralizzato","Cimiano, Crescenzago, Adriano","Ponte Nuovo",750,3,10,20,c(9.23924, 45.5079),11.6465051239565,12.9341492809853,53.7
122307686,"1","Centralizzato","San Siro, Trenno","Gallaratese",720,2,12,24,c(9.10423, 45.4982),6.05194927741312,21.9638142360704,68.7
110756851,"2","Centralizzato","Città Studi, Susa","Città Studi",800,3,53.3333333333333,15,c(9.21761, 45.4815),5.15399056671167,10.7431605563788,12.8
121993204,"1","Centralizzato","San Siro, Trenno","Gallaratese",700,5,70,10,c(9.10214, 45.5022),1.97813363101806,22.7774031823939,68.4
123460357,"3","Assente","Navigli","Navigli - Darsena",800,5,5.33333333333333,24,c(9.17715, 45.4521),9.50339565055258,1.43016226870347,76.6
116578137,"1","Centralizzato","San Siro, Trenno","Gallaratese",750,3,25,20,c(9.12255, 45.4923),3.91504653600417,15.7463901434389,50.8
105403815,"1","Autonomo","Uptown, Cascina Merlata, Viale Certosa","Certosa",780,3,52,15,c(9.14446, 45.4966),20.4696239041821,2.149347004137,24.8
126428023,"1","Autonomo","Centrale, Repubblica","Repubblica",442,NA,22.1,20,c(9.20274, 45.4786),6.02845007873717,0.338454268646642,31.5
110163251,"1","Centralizzato","Bande Nere, Inganni","Gambara",716,4,7.95555555555556,18,c(9.14361, 45.4632),3.05792897661285,10.0125114857391,75.9
121198396,"1","Centralizzato","Porta Vittoria, Lodi","Porta Vittoria",700,2,35,20,c(9.23301, 45.4623),5.54785414784895,0.875339776824381,30.3
125774505,"1","Autonomo","Affori, Bovisa","Bovisa",790,3,43.8888888888889,18,c(9.16125, 45.5043),22.2839853686111,5.83200224606306,8.8
124508263,"1","Centralizzato","Maggiolina, Istria","Maggiolina",750,3,7.5,20,c(9.20463, 45.4929),7.04229010736935,1.58143132660046,35.3
115267915,"1","Centralizzato","Cimiano, Crescenzago, Adriano","Crescenzago",750,3,7.5,20,c(9.2407, 45.5033),6.51562071906205,19.3214736538046,45.5
127074691,"2","Centralizzato","Città Studi, Susa","Città Studi",790,4,26.3333333333333,20,c(9.22195, 45.4852),7.56815275260247,11.5882592227766,13.3
126842319,"1","Centralizzato","Udine, Lambrate","Quartiere Feltre",810,2,13.5,20,c(9.2404, 45.4868),7.12546206004866,5.84349125661756,22.4
97071206,"2","Autonomo","San Siro, Trenno","San Carlo",750,3,75,10,c(9.11007, 45.4689),16.234082287889,20.0672864754655,91.7
125045229,"1","Centralizzato","Abbiategrasso, Chiesa Rossa","Chiesa Rossa",700,3,58.3333333333333,12,c(9.17472, 45.4287),3.90790079359452,3.52790592839021,112.8
113424655,"1","Centralizzato","Corvetto, Rogoredo","Corvetto",700,3,6.36363636363636,20,c(9.21652, 45.4387),7.4620777235733,19.8348029185141,69.1
127130155,"3","Centralizzato","Precotto, Turro","Gorla",840,5,42,20,c(9.22599, 45.5065),4.09571815610223,12.3684756527362,46
125688741,"1","Centralizzato","Navigli","Navigli - Darsena",750,3,7.89473684210526,25.3333333333333,c(9.17632, 45.4455),10.9514312536143,3.70382513879558,86.2
102753956,"2","Assente","Navigli","Navigli - Darsena",820,4,43.1578947368421,19,c(9.1638, 45.4462),6.3962174927291,5.23005210099341,92.8
126926903,"1","Assente","Città Studi, Susa","Città Studi",750,3,9.61538461538462,20.8,c(9.2367, 45.484),1.54339539977167,1.3407352032735,15.3
122320344,"1","Assente","Affori, Bovisa","Bovisa",740,1,28.4615384615385,26,c(9.1635, 45.5054),19.0180232829415,5.48313614633199,12.1
126418389,"2","Assente","Uptown, Cascina Merlata, Viale Certosa","Musocco",700,2,15.5555555555556,20,c(9.1252, 45.5022),15.6278765177459,0.715424516988072,39.3
124850071,"1","Assente","Centrale, Repubblica","Morgagni",800,3,32,25,c(9.2094, 45.4765),4.73968093098579,2.4029422896932,23.2
120443142,"1","Centralizzato","Bicocca, Niguarda","Prato Centenaro",700,3,35,20,c(9.19924, 45.5109),6.74076198066669,4.9252956132288,60.5
127096923,"2","Centralizzato","Cimiano, Crescenzago, Adriano","Cimiano",700,5,58.3333333333333,12,c(9.23793, 45.4926),2.39376235834945,13.6285163017261,30
124715109,"2","Assente","Quadronno, Palestro, Guastalla","Guastalla",799,5,31.96,25,c(9.2001, 45.463),5.95747573303794,1.12028623057897,45.5
127296909,"1","Assente","San Siro, Trenno","Gallaratese",700,4,50,14,c(9.1018, 45.5009),0.515321009812671,23.4716453581887,72.3
127561786,"1","Assente","Navigli","Navigli - Darsena",700,3,10.4477611940298,17.8666666666667,c(9.1611, 45.4457),8.74432194189159,5.17726561951045,96.4
115823801,"2","Centralizzato","Porta Vittoria, Lodi","Lodi - Brenta",700,3,31.8181818181818,22,c(9.21702, 45.4433),2.04829327757936,12.7712270144039,64
127662884,"1","Assente","Ripamonti, Vigentino","Vigentino - Fatima",700,4,8.23529411764706,17,c(9.2043, 45.4345),22.5036657416754,4.08425751356908,83.6
118246431,"1","Assente","Napoli, Soderini","Tripoli - Soderini",700,4,7.14285714285714,19.6,c(9.1478, 45.4572),6.09021792022453,10.717651046772,85.2
127595022,"3","Assente","Centro","Carrobbio",799,5,26.6333333333333,20,c(9.1839, 45.4575),1.70733837571817,3.61946665597017,63.7
126780033,"2","Assente","Città Studi, Susa","Città Studi",730,4,6.63636363636364,22,c(9.2321, 45.4733),9.01677118912928,4.27878861732173,13
124449757,"1","Assente","Udine, Lambrate","Udine",790,2,49.375,16,c(9.2385, 45.4954),7.1541561283982,18.5303561321807,34.5
127554996,"1","Assente","San Siro, Trenno","San Siro",700,3,7.77777777777778,24,c(9.1438, 45.4736),8.4886744962626,2.43993267684762,57.4
126915519,"1","Autonomo","Cenisio, Sarpi, Isola","Cenisio",705,5,7.05,16,c(9.16805, 45.4888),5.64010143111846,2.14493316169336,37.2
126917587,"1","Autonomo","Ripamonti, Vigentino","Ripamonti - Fondazione Prada",725,4,9.0625,16,c(9.196, 45.4377),23.9191604128379,5.93584138617528,86
126916745,"2","Autonomo","Centrale, Repubblica","Centrale",840,5,56,15,c(9.20984, 45.4889),6.25293725282935,3.68242521365266,25.8
126917897,"1","Autonomo","Bande Nere, Inganni","Lorenteggio",730,5,10.4285714285714,11.2,c(9.1396, 45.4521),3.44588651382254,7.17794153491936,95.5
126917129,"2","Autonomo","Bande Nere, Inganni","Primaticcio",735,5,49,15,c(9.1275, 45.457),4.72480736000685,20.7740904432042,92
116497013,"1","Centralizzato","Maggiolina, Istria","Maggiolina",700,5,46.6666666666667,15,c(9.20463, 45.4929),7.04229010736935,1.58143132660046,35.3
102654998,"1","Centralizzato","Pasteur, Rovereto","Rovereto",750,3,53.5714285714286,14,c(9.21711, 45.4954),2.90720944136711,1.50698258763962,32
113086375,"1","Centralizzato","San Siro, Trenno","Gallaratese",700,3,7.77777777777778,24,c(9.10362, 45.5021),3.02812636206455,20.9950714742246,72
116963803,"1","Autonomo","Maggiolina, Istria","Cascina dei Pomi",750,3,12.5,16,c(9.20609, 45.4927),8.10023905805965,2.44000702444945,34.1
123140413,"1","Centralizzato","Bicocca, Niguarda","Niguarda",750,5,6.81818181818182,17.6,c(9.18761, 45.5158),17.0805977645339,5.13202917585865,52.4
118636495,"2","Centralizzato","Famagosta, Barona","Tre Castelli - Faenza",700,4,5.69105691056911,24.6,c(9.13932, 45.4409),11.5059880236988,5.42326913277564,120
121115066,"2","Centralizzato","San Siro, Trenno","Gallaratese",750,4,62.5,12,c(9.12057, 45.4888),8.16461676716341,22.1009240811184,55.1
113981943,"2","Centralizzato","Bande Nere, Inganni","Primaticcio",700,5,6.36363636363636,17.6,c(9.1291, 45.4579),2.65899632607963,21.5344646910966,89.7
115652515,"1","Centralizzato","Centrale, Repubblica","Centrale",820,5,9.11111111111111,14.4,c(9.21108, 45.4881),5.25333172116104,1.91011203258354,24.3
124633205,"1","Centralizzato","Corvetto, Rogoredo","Corvetto",700,4,7,20,c(9.21405, 45.4368),11.6944431508748,16.4603359272872,74.7
116401923,"3","Centralizzato","Affori, Bovisa","Roserio",700,5,20,20,c(9.13251, 45.5186),41.4423512054868,11.7645226786056,46.5
97981916,"1","Centralizzato","Affori, Bovisa","Dergano",750,1,5.35714285714286,20,c(9.18429, 45.498),1.04608654815914,1.69589327692477,35.6
121619902,"2","Centralizzato","Città Studi, Susa","Città Studi",800,5,5.92592592592593,21.6,c(9.22342, 45.4811),2.28241576073503,4.50591650495152,6.1
118858807,"1","Centralizzato","Bicocca, Niguarda","Niguarda",710,1,39.4444444444444,18,c(9.19639, 45.5181),12.3902371531729,5.49384749300667,60.7
113932545,"1","Centralizzato","Cenisio, Sarpi, Isola","Isola",800,1,50,16,c(9.19103, 45.4881),0.904871427107185,2.69129801799959,46.4
127174395,"2","Centralizzato","Bicocca, Niguarda","Bruzzano",800,3,8,20,c(9.17107, 45.5256),7.69281945011251,25.8101264665163,48.5
115950053,"1","Centralizzato","Cimiano, Crescenzago, Adriano","Cimiano",750,5,37.5,20,c(9.23889, 45.5005),2.8303664467197,24.6228520804979,40.3
86219882,"1","Centralizzato","Forlanini","Quartiere Forlanini",700,2,23.3333333333333,20,c(9.23903, 45.4598),4.16800815305933,3.01268282558689,38.6
120773558,"1","Autonomo","Solari, Washington","Solari",710,2,35.5,20,c(9.16223, 45.4557),4.04027143512587,1.05220231833642,85.5
125143239,"1","Centralizzato","Bisceglie, Baggio, Olmi","Bisceglie",700,2,35,20,c(9.10434, 45.4577),11.2062858326365,31.5189343537616,109.8
120056738,"1","Centralizzato","Navigli","Ascanio Sforza",750,2,32.6086956521739,23,c(9.17929, 45.4475),14.4300681883826,2.00632787145254,81.1
122554560,"1","Centralizzato","Famagosta, Barona","Giambellino",750,3,10.7142857142857,18.6666666666667,c(9.1323, 45.4466),1.80311949320575,2.80781949068927,107.3
120635504,"1","Autonomo","Bicocca, Niguarda","Niguarda",750,4,9.375,16,c(9.19143, 45.5173),17.547175812154,2.795049393013,54.9
121140870,NA,"Centralizzato","Affori, Bovisa","Bovisa",780,NA,65,12,c(9.16158, 45.5037),22.1535748881687,4.97974890851435,7.9
127314469,"2","Centralizzato","Udine, Lambrate","Rubattino",720,3,7.42268041237113,25.8666666666667,c(9.24824, 45.4775),19.5524692184488,12.6676436552426,29
123078957,"1","Centralizzato","Abbiategrasso, Chiesa Rossa","Cermenate - Abbiategrasso",720,5,9,12.8,c(9.18305, 45.4362),12.7983969818057,2.52600806401108,95.3
113107285,"1","Centralizzato","Porta Romana, Cadore, Montenero","Cadore",750,3,62.5,12,c(9.21221, 45.4616),12.1945729844684,1.32778263261353,36.5
122671102,"2","Autonomo","Ponte Lambro, Santa Giulia","Santa Giulia",700,3,63.6363636363636,11,c(9.24573, 45.4309),10.4494999199906,24.9388099919767,89.3
126210959,"1","Autonomo","Abbiategrasso, Chiesa Rossa","Pezzotti - Meda",700,5,7.77777777777778,14.4,c(9.18168, 45.4404),17.6139344774421,1.87537218952446,89.4
118733011,"2","Centralizzato","Bande Nere, Inganni","Lorenteggio",700,5,7.77777777777778,14.4,c(9.13722, 45.4527),5.34980755315198,9.14621461617131,92.8
119226899,"2","Centralizzato","Bande Nere, Inganni","Bande Nere",710,3,33.8111338635173,20.999,c(9.12845, 45.4629),6.09319914099172,22.8420526434461,81.1
114642843,"1","Centralizzato","Corvetto, Rogoredo","Corvetto",750,1,13.6363636363636,20,c(9.21402, 45.436),12.9526373377171,16.2264452071696,74.9
123167635,"1","Centralizzato","Precotto, Turro","Precotto",770,4,5.92307692307692,26,c(9.22946, 45.5109),6.39649956515435,5.65714736250253,56.1
114931593,"1","Centralizzato","Città Studi, Susa","Città Studi",750,3,10,20,c(9.21994, 45.4816),6.61281833282087,8.29907112660306,10.2
127380593,"2","Centralizzato","Città Studi, Susa","Città Studi",415,3,5.1875,21.3333333333333,c(9.23518, 45.4735),10.172404413652,3.87453211764699,15.6
126148419,"1","Autonomo","Cenisio, Sarpi, Isola","Paolo Sarpi",750,2,44.1176470588235,17,c(9.17667, 45.4801),9.86481056651039,3.83670496438364,53
122198108,"1","Centralizzato","Uptown, Cascina Merlata, Viale Certosa","Ghisolfa - Mac Mahon",750,2,15,20,c(9.15306, 45.4905),16.1962612582262,1.13657824603604,28.8
113799893,"2","Centralizzato","Porta Vittoria, Lodi","Porta Vittoria",800,4,50,16,c(9.22892, 45.4606),11.2718337262292,2.92879969263418,31
119253685,"2","Centralizzato","Porta Vittoria, Lodi","Lodi - Brenta",750,5,41.6666666666667,18,c(9.21447, 45.4496),6.65244033029533,4.577744636901,52.3
123294021,"1","Assente","Bicocca, Niguarda","Bicocca",700,3,10,18.6666666666667,c(9.21612, 45.5164),12.3106434703043,3.00162308839829,70.9
125336461,"1","Centralizzato","Precotto, Turro","Precotto",750,3,6.81818181818182,20,c(9.22941, 45.5116),6.07316102792537,4.52696528608848,56.5
117502283,"2","Centralizzato","Centrale, Repubblica","Morgagni",700,5,6.36363636363636,17.6,c(9.2076, 45.4767),3.16588133657727,0.518844732150765,25.6
104428073,"1","Centralizzato","Ripamonti, Vigentino","Vigentino - Fatima",700,3,8.23529411764706,22.6666666666667,c(9.20429, 45.4345),22.5130744145576,4.07234049403042,83.6
114145803,"1","Centralizzato","Corvetto, Rogoredo","Corvetto",750,5,8.33333333333333,14.4,c(9.226, 45.4373),5.34896168856265,23.6270414360907,68.3
112935881,"1","Autonomo","Città Studi, Susa","Città Studi",700,3,9.85915492957746,18.9333333333333,c(9.23102, 45.4742),10.6299127604252,5.54096856926791,10.7
118611691,"1","Centralizzato","Porta Venezia, Indipendenza","Indipendenza",700,4,25,20,c(9.21617, 45.4651),5.74482793601546,5.13871438621027,28.4
119372575,"2","Autonomo","Famagosta, Barona","Giambellino",700,5,35,20,c(9.11894, 45.4409),13.5579147047269,0.478883312341897,122.5
124490693,"1","Centralizzato","Città Studi, Susa","Città Studi",400,5,6.15384615384615,10.4,c(9.23553, 45.4795),8.5766513398113,2.11891039505743,11.5
120999804,"1","Autonomo","Affori, Bovisa","Affori",750,3,8.33333333333333,24,c(9.17353, 45.5175),6.88502888171785,22.3316023852896,39
117538533,"1","Centralizzato","Forlanini","Quartiere Forlanini",700,3,10,18.6666666666667,c(9.24403, 45.4561),11.1585020266193,0.410025391367717,46.2
114941073,"1","Centralizzato","Famagosta, Barona","Giambellino",790,3,39.5,20,c(9.13957, 45.4492),4.59278152318479,2.71789134915515,100.9
125136909,"3+","Autonomo","Uptown, Cascina Merlata, Viale Certosa","Certosa",700,5,11.6666666666667,9.6,c(9.14914, 45.4901),15.3282664928448,2.88157847871722,30
105240711,"1","Centralizzato","Maggiolina, Istria","Cascina dei Pomi",700,2,12.7272727272727,22,c(9.21201, 45.4995),11.0637102717055,9.35515062822597,41.1
119024793,"1","Centralizzato","Solari, Washington","Solari",750,3,46.875,16,c(9.1562, 45.4545),4.02483583901025,3.15715371974278,90.8
127149873,"2","Centralizzato","Fiera, Sempione, City Life, Portello","Monte Rosa - Lotto",700,5,35,20,c(9.14604, 45.4828),6.05134961529249,14.1286287415639,44
121370204,"1","Assente","Cenisio, Sarpi, Isola","Paolo Sarpi",833,5,8.33,16,c(9.18048, 45.4817),5.92420196475915,1.1470512607181,53.2
113529861,"1","Autonomo","Cenisio, Sarpi, Isola","Farini",700,4,10,14,c(9.18448, 45.4933),7.63760205574222,1.87059764854713,38
116829261,NA,"Centralizzato","Bisceglie, Baggio, Olmi","Quarto Cagnino",790,NA,49.375,16,c(9.11128, 45.4706),13.0270297070906,17.1262098854326,89.4
123851563,"1","Centralizzato","Porta Vittoria, Lodi","Martini - Insubria",800,2,18.1818181818182,20,c(9.22361, 45.4523),17.6479124142331,2.38351788157295,43.5
85157665,"1","Centralizzato","Navigli","Bocconi",700,3,35,20,c(9.19588, 45.4472),11.6743865598139,2.55125428462877,68
121038548,"1","Centralizzato","Cimiano, Crescenzago, Adriano","Crescenzago",750,3,44.1176470588235,17,c(9.24571, 45.5079),5.83236124968827,10.4426869529441,53.5
122437166,"3+","Autonomo","Ripamonti, Vigentino","Ripamonti - Fondazione Prada",749,5,74.9,10,c(9.18875, 45.4428),23.2413063530364,6.9764782108506,80.9
34703893,"1","Centralizzato","Navigli","Corso San Gottardo",800,1,8.88888888888889,20,c(9.18368, 45.4478),15.9762766006463,2.73584066993849,77.6
110933251,"1","Autonomo","Uptown, Cascina Merlata, Viale Certosa","Certosa",750,4,41.6666666666667,18,c(9.13812, 45.4944),14.6046757598228,2.97381031821101,29.2
82947955,"2","Assente","Cenisio, Sarpi, Isola","Farini",830,4,37.7272727272727,22,c(9.17271, 45.4964),15.177812019118,1.65391244578508,23.1
127106067,"1","Centralizzato","Navigli","Bocconi",715,5,39.7222222222222,18,c(9.19182, 45.4509),10.3696227895367,1.35636000902444,67.8
119058533,"2","Centralizzato","Abbiategrasso, Chiesa Rossa","Cermenate - Abbiategrasso",750,3,53.5714285714286,14,c(9.18089, 45.4352),9.98707832557981,3.5497708677774,98.8
115285685,"1","Centralizzato","Abbiategrasso, Chiesa Rossa","Chiesa Rossa",700,4,7.77777777777778,18,c(9.17152, 45.4267),9.11759229159338,6.98265892037481,115.2
120158480,"1","Centralizzato","Città Studi, Susa","Città Studi",500,2,8.33333333333333,24,c(9.23406, 45.4804),7.26508993071938,0.193758747269542,8.8
127108215,"1","Autonomo","Navigli","Corso San Gottardo",600,2,33.3333333333333,18,c(9.18118, 45.449),14.4039755551333,1.80039231976144,77.3
121588226,"1","Centralizzato","Forlanini","Quartiere Forlanini",700,5,53.8461538461538,13,c(9.24056, 45.4615),0.90203742822421,2.92783097604579,37.5
122039300,"1","Centralizzato","Abbiategrasso, Chiesa Rossa","Gratosoglio",700,4,7,20,c(9.17343, 45.4183),20.8506488921642,2.43689475754233,128.7
126755091,"2","Centralizzato","Famagosta, Barona","Famagosta",700,4,50,14,c(9.16305, 45.4377),6.35965952670758,18.5899160566134,108.6
113723391,"1","Autonomo","Uptown, Cascina Merlata, Viale Certosa","Ghisolfa - Mac Mahon",700,3,9.33333333333333,20,c(9.15478, 45.4941),22.1060743900522,1.86260321883735,21.9
126615133,"1","Centralizzato","Ripamonti, Vigentino","Ripamonti - Fondazione Prada",750,2,46.875,16,c(9.192, 45.4427),20.5256195012296,8.50939175883799,78.1
94313170,"1","Centralizzato","Cenisio, Sarpi, Isola","Cenisio",700,4,35,20,c(9.16636, 45.488),6.14333966733365,0.789997733572434,34.8
120089850,"1","Autonomo","Ripamonti, Vigentino","Ripamonti - Fondazione Prada",700,3,35,20,c(9.18898, 45.4421),23.8441320212722,7.23262004600577,83.3
122743248,"1","Autonomo","Pasteur, Rovereto","Pasteur",800,4,6.95652173913043,23,c(9.21288, 45.4898),6.21262511715566,1.73315784468548,26.2
127105309,"1","Centralizzato","Affori, Bovisa","Dergano",700,3,10.6060606060606,17.6,c(9.17318, 45.5037),8.41496785943881,9.21567723117652,20.8
127410415,"2","Centralizzato","Città Studi, Susa","Casoretto",700,5,43.75,16,c(9.21838, 45.4863),3.72704593695969,7.66449449519514,17.7
124478183,"1","Centralizzato","Città Studi, Susa","Città Studi",400,3,5.71428571428571,18.6666666666667,c(9.23557, 45.4797),8.22963017041163,1.87576989312779,11.4
120533914,"2","Autonomo","Famagosta, Barona","Barona",700,4,46.6666666666667,15,c(9.15332, 45.4441),17.5569296168517,5.34577266862431,104.8
120423592,"1","Centralizzato","Pasteur, Rovereto","Pasteur",700,2,35,20,c(9.21856, 45.4901),0.833498660144202,3.8738432433339,24.8
121914964,"1","Centralizzato","Bicocca, Niguarda","Prato Centenaro",700,3,7.77777777777778,24,c(9.19909, 45.511),6.96676520332137,5.17353696555093,60.3
119118533,"2","Centralizzato","Abbiategrasso, Chiesa Rossa","Pezzotti - Meda",800,3,44.4444444444444,18,c(9.18464, 45.4427),20.7440071431139,3.02957616817549,84
104603031,"1","Centralizzato","Uptown, Cascina Merlata, Viale Certosa","Ghisolfa - Mac Mahon",750,1,30,25,c(9.16628, 45.4979),19.5186482454624,4.03744094270956,17.1
122844372,"1","Centralizzato","Ripamonti, Vigentino","Vigentino - Fatima",700,3,25,20,c(9.20052, 45.4358),22.7827291595818,1.21957700224766,83.1
91997598,"2","Autonomo","Famagosta, Barona","Tre Castelli - Faenza",550,4,6.875,16,c(9.15204, 45.4376),19.6751676347557,15.3744533545143,113.9
127227343,"1","Centralizzato","Famagosta, Barona","Giambellino",700,2,43.75,16,c(9.14817, 45.4514),3.97274211243359,1.52433031215892,95.9
109526387,"1","Centralizzato","San Siro, Trenno","San Siro",750,3,7.5,20,c(9.14226, 45.4709),10.415713359738,2.42929088661946,62.4
117244969,"2","Autonomo","Famagosta, Barona","Barona",800,4,22.8571428571429,20,c(9.1537, 45.4471),13.3343930899289,0.589390557797456,100.1
121906610,"3","Centralizzato","Genova, Ticinese","San Vittore",790,5,39.5,20,c(9.16766, 45.4599),3.40724485986859,2.14118440999649,79.6
127518972,"1","Centralizzato","San Siro, Trenno","San Siro",700,2,46.6666666666667,15,c(9.1316, 45.4731),6.00304932484981,5.09724032379661,65.8
123991039,"1","Centralizzato","Bande Nere, Inganni","Lorenteggio",750,3,30,25,c(9.13636, 45.4534),6.33700974160467,10.6278536439434,91.8
124966267,"1","Centralizzato","Pasteur, Rovereto","Pasteur",750,5,50,15,c(9.21616, 45.49),2.21296519616945,2.21864979420665,25.6
125207553,"1","Centralizzato","Uptown, Cascina Merlata, Viale Certosa","Ghisolfa - Mac Mahon",750,2,12.5,24,c(9.15777, 45.4941),19.9102714433622,0.369211701456355,21.7
112739665,"1","Centralizzato","Città Studi, Susa","Città Studi",550,3,6.875,21.3333333333333,c(9.23117, 45.4828),6.11649077000346,5.61414737766121,9.2
116573279,"1","Autonomo","Città Studi, Susa","Città Studi",700,3,38.8888888888889,18,c(9.2249, 45.4841),5.64445617309451,8.6243394971349,9.4
127137775,"2","Autonomo","San Siro, Trenno","Gallaratese",700,3,35,20,c(9.11686, 45.492),5.2683556513524,19.9508869973885,54.3
126492875,"2","Autonomo","Famagosta, Barona","Tre Castelli - Faenza",750,4,41.6666666666667,18,c(9.14626, 45.44),20.1109849966752,9.37298866150266,114
125301121,"2","Centralizzato","Porta Vittoria, Lodi","Bologna - Sulmona",750,3,30,25,c(9.22652, 45.4417),4.40430456847256,16.630721464158,60.8
124801071,"1","Centralizzato","Forlanini","Quartiere Forlanini",750,3,41.6666666666667,18,c(9.24275, 45.4595),5.21162524896737,3.2114002155947,41.7
127144479,"1","Autonomo","Abbiategrasso, Chiesa Rossa","Pezzotti - Meda",750,3,46.875,16,c(9.17603, 45.438),9.82620983857479,2.847073119142,97.3
122671216,"1","Autonomo","Ponte Lambro, Santa Giulia","Santa Giulia",750,3,50,15,c(9.24573, 45.4309),10.4494999199906,24.9388099919767,89.3
124056853,"2","Centralizzato","Centrale, Repubblica","Centrale",730,3,7.3,20,c(9.20444, 45.4912),4.98371174490891,1.58246809483438,33.3
125364605,"1","Centralizzato","Città Studi, Susa","Città Studi",700,3,46.6666666666667,15,c(9.23658, 45.4841),1.33191922542402,1.1139360268554,15.3
124965059,"1","Centralizzato","Abbiategrasso, Chiesa Rossa","Pezzotti - Meda",700,4,28,25,c(9.18017, 45.439),15.1359784727842,2.64387377979231,93.2
119133069,"1","Centralizzato","Abbiategrasso, Chiesa Rossa","Pezzotti - Meda",800,3,72.7272727272727,11,c(9.18708, 45.4454),19.1168740818674,3.00802259289884,78.2
115120565,"2","Assente","Genova, Ticinese","Corso Genova",760,2,5.06666666666667,20,c(9.17064, 45.4579),1.57776051950577,2.12939986443561,75.8
124685007,"1","Centralizzato","Navigli","Navigli - Darsena",750,5,10.2739726027397,11.68,c(9.17441, 45.4541),7.13345508553926,2.15520727977318,77
124809971,"1","Centralizzato","Forlanini","Quartiere Forlanini",700,3,50,14,c(9.24286, 45.4594),5.43023875734161,3.17450370187136,41.9
124395893,"1","Centralizzato","Affori, Bovisa","Affori",700,5,7.29166666666667,15.36,c(9.16513, 45.5221),3.94196510148491,32.9605608881856,41.6
98333754,"1","Centralizzato","Porta Vittoria, Lodi","Martini - Insubria",800,3,50,16,c(9.21769, 45.458),17.35898434316,0.251356754048948,38.1
127058309,"1","Centralizzato","Pasteur, Rovereto","Pasteur",750,3,37.5,20,c(9.21567, 45.4909),2.95279483296285,0.784591386341757,27.3
111016159,"1","Centralizzato","Centrale, Repubblica","Melchiorre Gioia",840,5,33.6,25,c(9.19605, 45.4831),3.38410375655591,3.85414664376055,38.8
117673471,"1","Centralizzato","Bicocca, Niguarda","Niguarda",700,3,10.7692307692308,17.3333333333333,c(9.19347, 45.5177),15.373535560027,2.68224779869675,57.4
111620953,"2","Autonomo","Solari, Washington","Dezza",800,3,9.41176470588235,22.6666666666667,c(9.15781, 45.457),3.72079526774515,5.31102606060913,87.2
117453011,"1","Autonomo","Centrale, Repubblica","Buenos Aires",740,2,18.5,20,c(9.20918, 45.4788),3.46217532258619,4.63541644150848,22.4
117122763,"1","Centralizzato","Bande Nere, Inganni","Bande Nere",780,2,45.8823529411765,17,c(9.13158, 45.4596),2.85113920925515,22.7919126327049,85.7
122543610,"1","Centralizzato","Città Studi, Susa","Città Studi",550,3,6.875,21.3333333333333,c(9.23117, 45.4828),6.11649077000346,5.61414737766121,9.2
125692263,"2","Autonomo","Bicocca, Niguarda","Niguarda",800,3,10.6666666666667,20,c(9.20196, 45.5139),4.38778727297244,4.1275456112204,66
119605331,"2","Centralizzato","Città Studi, Susa","Casoretto",400,3,26.6666666666667,15,c(9.23329, 45.4878),6.45916428654837,6.46105295761691,18.6
127134517,"1","Centralizzato","Navigli","Navigli - Darsena",700,5,58.3333333333333,12,c(9.16031, 45.4484),12.1116886881481,0.456862407333647,93
124706511,"1","Autonomo","Udine, Lambrate","Lambrate",800,2,66.6666666666667,12,c(9.23919, 45.4821),5.97126871014599,2.57677246045186,14.6
121119182,"1","Centralizzato","Genova, Ticinese","Corso Genova",825,2,9.70588235294118,20,c(9.17361, 45.4575),5.01074509655949,2.28484307143445,72.7
126559501,"1","Autonomo","Affori, Bovisa","Affori",700,3,12.0689655172414,15.4666666666667,c(9.179, 45.5104),8.19957105771837,13.225655814845,33.9
120644634,"2","Centralizzato","Città Studi, Susa","Casoretto",700,5,5.83333333333333,19.2,c(9.21838, 45.4863),3.72704593695969,7.66449449519514,17.7
118635535,"1","Centralizzato","Fiera, Sempione, City Life, Portello","Sempione",800,4,53.3333333333333,15,c(9.15692, 45.4839),7.49521319608385,3.82691519900721,41
121242812,"1","Centralizzato","Centrale, Repubblica","Buenos Aires",700,3,63.6363636363636,11,c(9.20967, 45.4849),0.767772385176379,0.435273177331454,23.4
125844949,"1","Centralizzato","Fiera, Sempione, City Life, Portello","Sempione",790,4,39.5,20,c(9.16309, 45.4856),4.77482756097977,3.77752162657848,39.1
125406279,"1","Centralizzato","Affori, Bovisa","Bovisa",470,5,23.5,20,c(9.16536, 45.5026),18.0512869282986,0.195872093764117,11.6
126291095,"1","Centralizzato","Fiera, Sempione, City Life, Portello","Monte Rosa - Lotto",700,2,35,20,c(9.14391, 45.4847),8.68124995299589,12.9391875316915,40
126980347,"2","Centralizzato","Fiera, Sempione, City Life, Portello","Monte Rosa - Lotto",750,4,8.33333333333333,18,c(9.14576, 45.4817),4.23652334523387,13.7851747110268,45.9
108299921,"1","Centralizzato","Corvetto, Rogoredo","Corvetto",750,3,7.5,20,c(9.21573, 45.4381),8.77857190992768,18.7079136217558,70.5
108917595,"1","Centralizzato","Udine, Lambrate","Lambrate",700,3,53.8461538461538,13,c(9.24905, 45.4729),21.2880192494774,13.951626991209,34.7
119025909,"1","Centralizzato","Genova, Ticinese","Ticinese",780,3,26,20,c(9.18545, 45.4526),7.50898860749852,2.17226733749305,69
120320986,"1","Centralizzato","Bicocca, Niguarda","Bignami - Ponale",770,2,55,14,c(9.20756, 45.5235),3.49061303766593,3.21356578473614,78
122231822,"1","Centralizzato","Ripamonti, Vigentino","Ripamonti - Fondazione Prada",700,5,35,20,c(9.19979, 45.4396),18.2805362224242,0.306464116875088,77.4
114220601,"2","Centralizzato","Città Studi, Susa","Casoretto",790,2,41.578947368421,19,c(9.22968, 45.4874),8.85269595093636,9.10830136452829,15.2
110945029,NA,"Autonomo","Città Studi, Susa","Città Studi",750,NA,10.7142857142857,NA,c(9.23031, 45.4706),4.75553253448474,0.719766064644796,15.9
116869429,"1","Autonomo","Città Studi, Susa","Città Studi",725,3,12.0833333333333,16,c(9.2273, 45.4856),8.5954055704796,10.7467987672251,11.7
126995647,"1","Centralizzato","Abbiategrasso, Chiesa Rossa","Cermenate - Abbiategrasso",750,1,37.5,20,c(9.18515, 45.4339),11.6877887865386,2.05933936845257,96.3
123556529,"1","Centralizzato","Centrale, Repubblica","Buenos Aires",750,4,9.375,16,c(9.21127, 45.4835),3.86061230800698,3.54410701234066,21
124872679,"2","Centralizzato","Navigli","Navigli - Darsena",700,3,50,14,c(9.17593, 45.4444),10.1055923986821,3.92573383563122,87.6
123074223,"1","Centralizzato","Famagosta, Barona","Barona",700,3,41.1764705882353,17,c(9.15435, 45.4422),16.5048176739207,8.77675151010577,104.6
121879834,"1","Autonomo","Pasteur, Rovereto","Pasteur",600,3,33.3333333333333,18,c(9.21877, 45.4909),1.47779591605565,3.56839533709745,24.5
123002786,"1","Centralizzato","Cenisio, Sarpi, Isola","Isola",750,3,10.7142857142857,18.6666666666667,c(9.19868, 45.4878),4.39870689770113,4.33422062167448,37.9
119570505,"2","Centralizzato","Corvetto, Rogoredo","Corvetto",750,4,25,20,c(9.22336, 45.4402),0.322008234358998,17.9390498142251,63.1
118070285,"1","Assente","Famagosta, Barona","Famagosta",700,2,46.6666666666667,15,c(9.16609, 45.4374),2.64572031091181,14.8643578903357,106.4
121919916,"3","Centralizzato","Genova, Ticinese","San Vittore",790,5,39.5,20,c(9.16766, 45.4599),3.40724485986859,2.14118440999649,79.6
122539536,"1","Centralizzato","Città Studi, Susa","Città Studi",750,3,37.5,20,c(9.23389, 45.4728),8.49604376412942,3.07427531263589,15.8
117537329,"2","Centralizzato","Abbiategrasso, Chiesa Rossa","Chiesa Rossa",750,5,50,15,c(9.17729, 45.4296),0.718612863064715,0.527767571471734,107.7
123722361,"1","Centralizzato","Abbiategrasso, Chiesa Rossa","Pezzotti - Meda",800,2,12.3076923076923,26,c(9.18634, 45.4452),19.5596597854042,2.22931433642648,79
120746852,"1","Centralizzato","Uptown, Cascina Merlata, Viale Certosa","Certosa",700,2,43.75,16,c(9.14592, 45.4957),19.9893777157575,2.98881973077851,19.9
93845422,NA,"Autonomo","Centrale, Repubblica","Buenos Aires",750,NA,30,25,c(9.21237, 45.4816),2.75703387611657,6.42561069247292,18.5
122988888,"1","Centralizzato","Porta Romana, Cadore, Montenero","Porta Romana - Medaglie d'Oro",800,5,32,25,c(9.208, 45.4546),7.90191616083435,3.46577004377678,48.3
110227025,"1","Centralizzato","Cimiano, Crescenzago, Adriano","Cimiano",700,3,8.75,21.3333333333333,c(9.23648, 45.4995),5.22882923140654,25.482501841854,37.5
117778593,"1","Autonomo","Affori, Bovisa","Bovisa",750,4,62.5,12,c(9.15345, 45.5026),31.3782161212439,6.76686396539188,3.7
111807879,NA,"Autonomo","Bisceglie, Baggio, Olmi","Baggio",800,1,16,20,c(9.09321, 45.4624),26.9357154600521,43.3457380705664,119.9
126670515,"1","Centralizzato","Fiera, Sempione, City Life, Portello","Monte Rosa - Lotto",775,3,51.6666666666667,15,c(9.14825, 45.4737),3.34883277253327,6.91028743916603,58.3
122300768,"1","Autonomo","Navigli","Ascanio Sforza",700,3,7,20,c(9.17736, 45.4458),12.3158211046409,2.39718901104017,84.6
119285093,"1","Autonomo","Città Studi, Susa","Città Studi",800,3,40,20,c(9.2273, 45.4856),8.5954055704796,10.7467987672251,11.7
127171661,"1","Autonomo","Garibaldi, Moscova, Porta Nuova","Porta Nuova",800,3,12.3076923076923,17.3333333333333,c(9.19416, 45.4805),4.96453184723138,1.45810269315873,42.2
114961007,"1","Autonomo","Cenisio, Sarpi, Isola","Farini",700,2,10.7692307692308,26,c(9.18448, 45.4933),7.63760205574222,1.87059764854713,38
122745762,"1","Centralizzato","Ripamonti, Vigentino","Ripamonti - Fondazione Prada",750,5,6.81818181818182,17.6,c(9.19982, 45.4362),22.6958488328844,1.05154687975571,83.2
119758166,"1","Centralizzato","Centrale, Repubblica","Buenos Aires",750,4,37.5,20,c(9.21055, 45.4835),3.42083576607423,3.07000638488684,21
112101237,"2","Centralizzato","Maggiolina, Istria","Maggiolina",800,5,40,20,c(9.20384, 45.4931),6.74128159784112,1.23270633039155,35.8
121214308,"1","Centralizzato","Genova, Ticinese","Ticinese",750,3,34.0909090909091,22,c(9.18352, 45.4526),8.15542934209344,0.881701453969615,71.5
117268441,"1","Centralizzato","San Siro, Trenno","Monte Stella",700,2,38.8888888888889,18,c(9.14385, 45.4855),8.36021929479943,11.7066819989698,38.7
119775380,NA,"Centralizzato","Affori, Bovisa","Dergano",800,NA,50,16,c(9.17434, 45.5038),7.05137580777519,10.1614370879839,22.3
118152583,"1","Autonomo","San Siro, Trenno","San Carlo",700,2,11.6666666666667,24,c(9.10908, 45.4609),10.6270470768386,31.3503120980954,101.4
121349462,"2","Centralizzato","Affori, Bovisa","Affori",750,5,22.7272727272727,20,c(9.17214, 45.521),4.80904627233881,24.3827179273037,42.7
120776626,"1","Centralizzato","San Siro, Trenno","San Siro",750,3,41.6666666666667,18,c(9.14385, 45.4672),4.09107449205285,5.30003572139745,68.5
112467449,"1","Centralizzato","Centrale, Repubblica","Buenos Aires",700,5,8.75,12.8,c(9.20961, 45.4849),0.74104471467404,0.403703122354201,23.4
125197813,"1","Centralizzato","Abbiategrasso, Chiesa Rossa","Pezzotti - Meda",800,3,26.6666666666667,20,c(9.18518, 45.4403),20.2422448317782,2.51710803910367,87.6
114181309,"1","Autonomo","Porta Venezia, Indipendenza","Indipendenza",710,3,9.86111111111111,19.2,c(9.21604, 45.4697),4.15753637961313,5.79917656016599,21.6
125248051,"1","Autonomo","Navigli","Corso San Gottardo",800,4,44.4444444444444,18,c(9.18202, 45.4492),13.9755264090981,2.84245934425822,76.3
126379047,"1","Centralizzato","Centrale, Repubblica","Morgagni",700,2,7.60869565217391,20,c(9.217, 45.4763),10.1832650182154,4.48074071667102,14
107356199,"1","Centralizzato","Città Studi, Susa","Città Studi",750,3,10,20,c(9.21994, 45.4816),6.61281833282087,8.29907112660306,10.2
124352885,"1","Centralizzato","Napoli, Soderini","Piazza Napoli",700,4,35,20,c(9.15216, 45.4538),2.92212996836731,3.13562541050896,90.2
122798510,"2","Centralizzato","Genova, Ticinese","Ticinese",700,4,35,20,c(9.18618, 45.4529),6.64323832696398,1.67638017471534,67.9
126742239,"1","Autonomo","Città Studi, Susa","Città Studi",700,2,15.5555555555556,20,c(9.22908, 45.4684),3.49581282441478,4.47015084266024,18.3
122545728,"1","Autonomo","Città Studi, Susa","Città Studi",720,2,9.86301369863014,20,c(9.23467, 45.4829),2.91594171443276,3.35593482650412,12.1
127149287,"1","Autonomo","Udine, Lambrate","Udine",720,3,28.8,25,c(9.23658, 45.4936),3.77474738769454,15.2566234299686,29.8
117340065,NA,"Centralizzato","Navigli","Bocconi",800,NA,8,NA,c(9.1866, 45.4487),13.5126214274639,1.21390061063228,73.6
99655086,"2","Autonomo","Porta Vittoria, Lodi","Martini - Insubria",700,3,50,14,c(9.21882, 45.451),12.2555251223434,1.66802505154393,48.5
125542057,"1","Autonomo","Garibaldi, Moscova, Porta Nuova","Moscova",800,4,8.88888888888889,18,c(9.1902, 45.4789),7.77459380440579,3.15942218738827,47.1
101487681,"1","Centralizzato","Famagosta, Barona","Famagosta",700,5,7.77777777777778,14.4,c(9.16207, 45.437),7.40063827753085,19.6726541219489,110.2
114489909,"1","Autonomo","Maggiolina, Istria","Maggiolina",700,4,5.83333333333333,24,c(9.19835, 45.5013),0.733047429967671,0.638172768902755,51.3
110272473,"2","Centralizzato","Città Studi, Susa","Città Studi",800,5,6.66666666666667,19.2,c(9.21836, 45.4752),12.4767624107265,2.44967028417664,13.3
127280245,"1","Autonomo","Abbiategrasso, Chiesa Rossa","Pezzotti - Meda",709,5,47.2666666666667,15,c(9.18305, 45.4397),18.1842553388493,1.64787445823551,89.4
112831443,"1","Centralizzato","Abbiategrasso, Chiesa Rossa","Pezzotti - Meda",750,3,12.5,16,c(9.18311, 45.4406),19.3730266542406,0.114569566389518,88.1
117230975,"2","Centralizzato","Porta Venezia, Indipendenza","Piave - Tricolore",750,4,37.5,20,c(9.20873, 45.4631),8.41031147273594,1.54696736645359,36.7
116287491,"1","Centralizzato","Abbiategrasso, Chiesa Rossa","Pezzotti - Meda",400,2,6.15384615384615,26,c(9.18519, 45.4383),17.2745461534353,2.36322673347709,90.8
125980075,"2","Centralizzato","Udine, Lambrate","Quartiere Feltre",760,5,50.6666666666667,15,c(9.2452, 45.488),11.7573064638795,10.2991918891533,28.2
119332581,"1","Autonomo","Famagosta, Barona","Tre Castelli - Faenza",700,3,14,20,c(9.14487, 45.4408),18.2534141959064,7.47815688973881,115.1
122176332,"1","Centralizzato","Pasteur, Rovereto","Pasteur",700,3,25,20,c(9.21068, 45.4892),6.92547381584883,3.04748917183645,26
125374329,"1","Autonomo","Maggiolina, Istria","Istria",800,2,12.1212121212121,20,c(9.1924, 45.4993),5.99254641070627,4.99374876221884,45.7
127162129,"1","Centralizzato","Famagosta, Barona","Famagosta",810,2,14.7272727272727,20,c(9.17277, 45.4435),6.19762888737273,7.62017610696457,92
121296138,NA,"Centralizzato","Centrale, Repubblica","Morgagni",750,NA,6.81818181818182,NA,c(9.21537, 45.4731),9.60048560907994,0.15751095969189,16.3
120958270,"2","Centralizzato","Navigli","Navigli - Darsena",700,3,43.75,16,c(9.17593, 45.4444),10.1055923986821,3.92573383563122,87.6
125657783,"1","Autonomo","Città Studi, Susa","Città Studi",750,5,9.375,12.8,c(9.22891, 45.4834),6.269161889105,7.1707275775832,8.7
110565109,"2","Centralizzato","Cimiano, Crescenzago, Adriano","Cimiano",800,5,40,20,c(9.23687, 45.4957),7.39657105837209,18.9004370878596,32.3
126703467,"2","Centralizzato","Porta Venezia, Indipendenza","Porta Venezia",820,3,41,20,c(9.20352, 45.4782),5.75873126471227,0.609524800394784,30.5
120007850,"1","Autonomo","Maggiolina, Istria","Cascina dei Pomi",750,4,53.5714285714286,14,c(9.20567, 45.4915),6.55476848111348,0.366427893351377,32.1
114293391,"2","Centralizzato","Navigli","Bocconi",720,3,27.6923076923077,26,c(9.19066, 45.4505),10.5603224541663,0.787905543264199,67.2
113300913,"1","Centralizzato","Città Studi, Susa","Città Studi",720,3,14.4,20,c(9.23256, 45.4736),9.56632878940759,4.64530639201094,13.2
125101361,"1","Assente","Cenisio, Sarpi, Isola","Paolo Sarpi",700,2,28,25,c(9.17035, 45.4815),6.82829058578299,2.89317069007593,47.5
120053872,"1","Autonomo","Maggiolina, Istria","Cascina dei Pomi",750,4,50,15,c(9.20489, 45.4919),6.09744096660991,1.50671234396217,33.1
126916609,"1","Autonomo","Solari, Washington","Frua",740,4,49.3333333333333,15,c(9.14734, 45.4651),3.58661147504045,4.46711953445641,71.9
126916977,"2","Autonomo","Maggiolina, Istria","Maggiolina",830,5,5.68493150684932,23.36,c(9.20541, 45.4963),12.5181739043477,7.0877795389296,40.6
126916913,"2","Autonomo","Bisceglie, Baggio, Olmi","Quarto Cagnino",725,5,6.25,18.56,c(9.111, 45.4737),9.98361699273378,15.1167926308646,86.3
126917735,"3","Autonomo","Maggiolina, Istria","Cascina dei Pomi",780,5,6.14173228346457,20.32,c(9.20803, 45.4926),9.98750304594331,3.52744804187125,34.4
126917719,"1","Autonomo","Ripamonti, Vigentino","Vigentino - Fatima",760,4,5.17006802721088,20,c(9.20273, 45.4289),30.8056381901479,0.363629443012608,93.9
126917835,"1","Autonomo","Napoli, Soderini","Tripoli - Soderini",760,5,8.08510638297872,15.04,c(9.14926, 45.4545),2.02604301911632,5.71499051507175,89.6
126917759,"2","Autonomo","Città Studi, Susa","Città Studi",750,5,5.31914893617021,22.56,c(9.2222, 45.4817),4.00785970264586,6.26561984763277,8
126915557,"3","Autonomo","Centro","Carrobbio",820,5,54.6666666666667,15,c(9.18402, 45.4576),1.89676222539211,3.79411931439888,64.9
126915513,"1","Autonomo","Navigli","Ascanio Sforza",795,5,6.625,19.2,c(9.17928, 45.4469),15.0107747149736,1.54975314479883,82
126917385,"2","Autonomo","Porta Romana, Cadore, Montenero","Porta Romana - Medaglie d'Oro",760,5,6.78571428571429,17.92,c(9.20498, 45.4543),5.26055758732133,1.50831576408969,50.9
126917569,"2","Autonomo","Porta Vittoria, Lodi","Lodi - Brenta",820,5,5.85714285714286,22.4,c(9.22025, 45.4431),2.18772400227459,12.5020982601586,59.8
125281817,"1","Assente","Genova, Ticinese","Corso Genova",740,2,11.7460317460318,25.2,c(9.1748, 45.4586),3.29714248296568,2.46122032786908,70.6
126917405,"2","Autonomo","Quadronno, Palestro, Guastalla","Guastalla",815,5,5.09375,25.6,c(9.20011, 45.463),5.963491290669,1.1190706386018,45.5
127012729,"2","Autonomo","Pasteur, Rovereto","Pasteur",745,5,5.55970149253731,21.44,c(9.21977, 45.4875),5.32411540101168,7.6513664020792,18.6
126917813,"2","Autonomo","Città Studi, Susa","Città Studi",795,5,5.33557046979866,23.84,c(9.21731, 45.4823),3.74605063209725,10.5395444032926,14.4
126917919,"1","Autonomo","Bande Nere, Inganni","Lorenteggio",770,5,8.75,14.08,c(9.13914, 45.4523),4.05243613343563,7.80962944361716,95.2
126917717,"1","Autonomo","Ripamonti, Vigentino","Vigentino - Fatima",840,4,5.71428571428571,20,c(9.20273, 45.4289),30.8056381901479,0.363629443012608,93.9
126917551,"1","Autonomo","Garibaldi, Moscova, Porta Nuova","Turati",720,3,11.25,17.0666666666667,c(9.1894, 45.4757),6.58850274802675,6.53299658932206,49.7
126917865,"2","Autonomo","Città Studi, Susa","Plebisciti - Susa",810,5,5.03105590062112,25.76,c(9.21965, 45.4703),4.24509266908176,3.26758715520631,17.8
122498006,"1","Centralizzato","Abbiategrasso, Chiesa Rossa","Pezzotti - Meda",600,1,13.3333333333333,20,c(9.17606, 45.4427),10.3547211453823,3.66839556547978,89.4
123633667,NA,"Centralizzato","Udine, Lambrate","Parco Lambro",750,NA,5.35714285714286,NA,c(9.24483, 45.4999),4.98793197102237,24.3192290850601,43.4
123573369,"1","Centralizzato","Centrale, Repubblica","Centrale",750,3,25,20,c(9.21205, 45.4874),4.84935160052662,1.43635953129242,23.2
127125729,"1","Centralizzato","Affori, Bovisa","Bovisa",700,3,28,25,c(9.16693, 45.4995),18.6266719147332,2.87915145396187,16
116036663,NA,"Assente","Porta Vittoria, Lodi","Martini - Insubria",780,NA,14.1818181818182,20,c(9.21659, 45.4551),16.0547498916428,2.97387682440614,43.4
122779942,"1","Centralizzato","Navigli","Corso San Gottardo",750,3,10.2739726027397,19.4666666666667,c(9.18614, 45.4481),14.6361161710569,1.24849054350489,74.9
124875429,"2","Autonomo","Bisceglie, Baggio, Olmi","Baggio",750,3,8.33333333333333,24,c(9.09364, 45.4652),29.0154219774105,40.4139064950803,115.4
103821869,"1","Autonomo","Abbiategrasso, Chiesa Rossa","Pezzotti - Meda",700,2,35,20,c(9.18103, 45.4435),16.2669429719685,2.48955761519299,84.7
123973955,"1","Centralizzato","Città Studi, Susa","Città Studi",700,2,41.1764705882353,17,c(9.23526, 45.4815),5.12717223907742,1.35658983251136,11.1
125510571,"1","Centralizzato","Abbiategrasso, Chiesa Rossa","Pezzotti - Meda",700,1,77.7777777777778,9,c(9.18328, 45.4405),19.512540962974,0.283679875692721,88.2
122666554,"2","Centralizzato","Affori, Bovisa","Dergano",700,4,70,10,c(9.17358, 45.4978),13.9529531780489,3.76905326395267,27.1
126266763,"3","Autonomo","Navigli","Navigli - Darsena",750,5,37.5,20,c(9.17376, 45.4511),5.60122583584345,3.37789751340056,80.7
124022995,"1","Centralizzato","Precotto, Turro","Turro",720,4,51.4285714285714,14,c(9.22933, 45.4958),11.9175070436242,16.2259596784222,28.4
119197121,"1","Autonomo","Pasteur, Rovereto","Rovereto",760,3,12.6666666666667,16,c(9.21988, 45.4973),3.09460817785699,6.20246296698284,31.9
125662661,"1","Centralizzato","Corvetto, Rogoredo","Corvetto",450,4,5.29411764705882,17,c(9.22253, 45.4338),11.1880609396565,25.7168072163083,73.5
125045367,"1","Centralizzato","Abbiategrasso, Chiesa Rossa","Pezzotti - Meda",800,4,9.41176470588235,17,c(9.18518, 45.4403),20.2422448317782,2.51710803910367,87.6
122711696,"1","Centralizzato","Fiera, Sempione, City Life, Portello","City Life",750,3,53.5714285714286,14,c(9.15844, 45.4746),6.31008296027015,5.01530540880219,58.6
103659956,"2","Centralizzato","Cenisio, Sarpi, Isola","Isola",750,3,7.89473684210526,25.3333333333333,c(9.18865, 45.4902),5.52332652669338,2.88899688114303,44.5
127027911,NA,"Centralizzato","Città Studi, Susa","Città Studi",750,NA,25,20,c(9.21949, 45.4728),8.41329337212459,1.72474148751167,14
124129993,NA,"Autonomo","Affori, Bovisa","Dergano",810,NA,54,15,c(9.18803, 45.5012),7.10029254130425,0.289052306718329,41.2
120265726,"1","Centralizzato","Città Studi, Susa","Città Studi",750,2,11.71875,25.6,c(9.23033, 45.4703),4.27589647667685,1.18810733688395,16.3
110474025,NA,"Centralizzato","Fiera, Sempione, City Life, Portello","Sempione",700,NA,14,20,c(9.15907, 45.4868),9.98490945141332,1.3171205279877,36.8
119689224,"1","Autonomo","Abbiategrasso, Chiesa Rossa","Pezzotti - Meda",740,2,27.4074074074074,20,c(9.17956, 45.4433),14.4880079478729,0.732111917905809,86.3
123417387,NA,"Centralizzato","Porta Vittoria, Lodi","Martini - Insubria",780,NA,45.8823529411765,17,c(9.22271, 45.4581),17.4506642277831,1.15513278233397,34.7
123010485,"1","Centralizzato","Cimiano, Crescenzago, Adriano","Crescenzago",440,2,8,22,c(9.24633, 45.502),5.25584947827872,20.6899513683952,47.1
120046892,"1","Centralizzato","Solari, Washington","Solari",800,5,20,20,c(9.15648, 45.4534),5.29941256716481,2.74447921434964,92.3
124684247,"2","Centralizzato","Bicocca, Niguarda","Niguarda",700,2,46.6666666666667,15,c(9.20168, 45.5164),5.33439322519896,5.00968330832439,65.8
120230216,"1","Centralizzato","Pasteur, Rovereto","Pasteur",730,4,8.11111111111111,18,c(9.21648, 45.4879),4.49651592477162,4.11383838202105,21.5
116484493,"2","Autonomo","San Siro, Trenno","San Siro",750,4,7.5,20,c(9.12601, 45.4737),5.50012324279021,4.49435250873108,71.4
112375969,"1","Centralizzato","San Siro, Trenno","Gallaratese",750,3,50,15,c(9.12654, 45.496),8.4955945558708,7.71249373088247,41.3
114736929,"1","Autonomo","Udine, Lambrate","Ortica",800,3,11.4285714285714,18.6666666666667,c(9.24354, 45.471),14.3048534998584,7.09151104343586,28
119665862,"1","Autonomo","Città Studi, Susa","Città Studi",800,4,7.27272727272727,22,c(9.22852, 45.4846),7.61459771415715,9.11764314532657,10.3
119267041,NA,"Centralizzato","San Siro, Trenno","San Siro",750,NA,44.1176470588235,17,c(9.1273, 45.4732),5.38110353480058,5.42308377620981,71.3
123239299,NA,"Centralizzato","Abbiategrasso, Chiesa Rossa","Cermenate - Abbiategrasso",780,NA,39,20,c(9.17684, 45.4355),9.52635473657402,1.52391388039133,100.1
122084980,"1","Centralizzato","Solari, Washington","Washington",700,3,46.6666666666667,15,c(9.15323, 45.4628),7.74927685489109,7.33427385995114,77
108321569,"1","Autonomo","Cenisio, Sarpi, Isola","Isola",800,3,53.3333333333333,15,c(9.18178, 45.4898),8.26597772589036,1.89109865450747,40.2
124048519,"1","Centralizzato","San Siro, Trenno","Gallaratese",700,2,38.8888888888889,18,c(9.10347, 45.4974),6.88959372589312,23.3818710054181,68.9
108991059,"1","Centralizzato","Maggiolina, Istria","Cascina dei Pomi",400,3,25,16,c(9.20956, 45.4954),12.102845859935,7.98669244583426,36.6
124974917,"1","Centralizzato","Forlanini","Quartiere Forlanini",700,5,10,11.2,c(9.24403, 45.4561),11.1585020266193,0.410025391367717,46.2
118598113,"2","Autonomo","Affori, Bovisa","Affori",350,1,13.4615384615385,26,c(9.1689, 45.5097),9.07712110248288,13.2347721920914,24.6
124061061,"1","Centralizzato","Solari, Washington","Solari",750,4,9.375,16,c(9.16853, 45.4579),1.97501460166569,0.942640137353718,78.7
126935749,"2","Centralizzato","Porta Vittoria, Lodi","Lodi - Brenta",800,2,11.4285714285714,20,c(9.21833, 45.4429),0.324460411202373,13.0564271043724,62.2
126536091,NA,"Centralizzato","Navigli","Bocconi",816,NA,40.8,20,c(9.19269, 45.4516),8.83180792886661,1.71254465541235,65.9
113079759,"1","Centralizzato","Affori, Bovisa","Comasina",750,1,30,25,c(9.16105, 45.5253),5.87521266019035,37.9875031851039,48.9
125228053,NA,"Centralizzato","Affori, Bovisa","Dergano",700,NA,35,20,c(9.18753, 45.5036),10.272258952701,2.09434474788814,40.2
119111899,NA,"Assente","San Siro, Trenno","San Siro",350,NA,7,NA,c(9.1415, 45.4699),8.83701370251314,4.38797275426788,64.3
108968973,"1","Centralizzato","Solari, Washington","Solari",700,3,70,10,c(9.16513, 45.4558),5.81745335897645,1.28478123359939,82.4
127070817,"1","Centralizzato","Affori, Bovisa","Affori",700,4,58.3333333333333,12,c(9.17738, 45.5152),5.05840618219797,17.0329822917854,41.7
122528728,"1","Centralizzato","Porta Vittoria, Lodi","Martini - Insubria",700,4,6.36363636363636,22,c(9.21991, 45.4558),19.1933883344881,3.35586932956523,40.6
121122422,"3","Centralizzato","Centro","Carrobbio",790,5,39.5,20,c(9.18683, 45.4569),2.15035388403405,0.841138725093851,61.6
122763906,"1","Centralizzato","Uptown, Cascina Merlata, Viale Certosa","Certosa",700,4,6.36363636363636,22,c(9.14327, 45.4959),18.7553836127295,0.619005352618922,23
123517167,"2","Centralizzato","Città Studi, Susa","Casoretto",750,2,46.875,16,c(9.22968, 45.4874),8.85269595093636,9.10830136452829,15.2
94899590,NA,"Autonomo","Garibaldi, Moscova, Porta Nuova","Lanza",800,NA,32,25,c(9.18691, 45.4738),6.48348245691547,6.58608692518164,51
122436460,"1","Centralizzato","Città Studi, Susa","Città Studi",700,3,10,18.6666666666667,c(9.23495, 45.4856),2.15057464151801,2.15952296189909,16
122162632,"1","Centralizzato","Porta Venezia, Indipendenza","Porta Venezia",800,3,7.27272727272727,20,c(9.20439, 45.4769),3.28437400813331,3.03637909540154,29.5
115530045,"1","Centralizzato","Centro","Duomo",700,4,7,20,c(9.18813, 45.4637),0.919790396665789,0.416026084754276,53.4
121622444,NA,"Centralizzato","Famagosta, Barona","Giambellino",700,NA,58.3333333333333,12,c(9.15038, 45.4521),3.9501352864385,1.43289279226938,93.6
117216595,NA,"Centralizzato","Solari, Washington","Solari",700,NA,35,20,c(9.16019, 45.4576),0.639257968257699,5.17683296298523,86.2
127670890,"2","Autonomo","Porta Venezia, Indipendenza","Porta Venezia",750,3,53.5714285714286,14,c(9.20591, 45.4764),1.86195204140557,1.27606124259486,27.6
127670716,"2","Autonomo","Porta Venezia, Indipendenza","Porta Venezia",750,3,50,15,c(9.20591, 45.4764),1.86195204140557,1.27606124259486,27.6
127661188,NA,"Centralizzato","Città Studi, Susa","Città Studi",700,NA,46.6666666666667,15,c(9.23042, 45.4725),7.84210053749935,2.57984481760944,12.8
127612280,"2","Centralizzato","Città Studi, Susa","Casoretto",730,4,36.5,20,c(9.22478, 45.4884),8.96815801099012,11.9494675020382,16.3
127573232,"3","Centralizzato","Pasteur, Rovereto","Pasteur",820,5,6.21212121212121,21.12,c(9.21504, 45.4868),2.88090940060633,3.70191177786991,20
127528192,"1","Autonomo","San Siro, Trenno","San Siro",700,2,5.83333333333333,20,c(9.14317, 45.4752),6.18115143927842,3.69490845207685,54.9
127486414,NA,"Assente","Cimiano, Crescenzago, Adriano","Crescenzago",700,NA,12.7272727272727,NA,c(9.24174, 45.5036),7.13375268071059,18.4716745838525,46.3
127426604,"1","Centralizzato","Bande Nere, Inganni","Inganni",750,2,75,10,c(9.12395, 45.4538),6.87808326592624,17.4976513165655,99.9
127415125,"2","Assente","Uptown, Cascina Merlata, Viale Certosa","Ghisolfa - Mac Mahon",800,3,10,21.3333333333333,c(9.15316, 45.4901),15.5394465923065,1.64507159818639,29.5
127670890,"2","Autonomo","Porta Venezia, Indipendenza","Porta Venezia",750,3,53.5714285714286,14,c(9.20591, 45.4764),1.86195204140557,1.27606124259486,27.6
127670716,"2","Autonomo","Porta Venezia, Indipendenza","Porta Venezia",750,3,50,15,c(9.20591, 45.4764),1.86195204140557,1.27606124259486,27.6
127661188,NA,"Centralizzato","Città Studi, Susa","Città Studi",700,NA,46.6666666666667,15,c(9.23042, 45.4725),7.84210053749935,2.57984481760944,12.8
127612280,"2","Centralizzato","Città Studi, Susa","Casoretto",730,4,36.5,20,c(9.22478, 45.4884),8.96815801099012,11.9494675020382,16.3
127573232,"3","Centralizzato","Pasteur, Rovereto","Pasteur",820,5,6.21212121212121,21.12,c(9.21504, 45.4868),2.88090940060633,3.70191177786991,20
127528192,"1","Autonomo","San Siro, Trenno","San Siro",700,2,5.83333333333333,20,c(9.14317, 45.4752),6.18115143927842,3.69490845207685,54.9
127486414,NA,"Assente","Cimiano, Crescenzago, Adriano","Crescenzago",700,NA,12.7272727272727,NA,c(9.24174, 45.5036),7.13375268071059,18.4716745838525,46.3
127426604,"1","Centralizzato","Bande Nere, Inganni","Inganni",750,2,75,10,c(9.12395, 45.4538),6.87808326592624,17.4976513165655,99.9
127415125,"2","Assente","Uptown, Cascina Merlata, Viale Certosa","Ghisolfa - Mac Mahon",800,3,10,21.3333333333333,c(9.15316, 45.4901),15.5394465923065,1.64507159818639,29.5
127670890,"2","Autonomo","Porta Venezia, Indipendenza","Porta Venezia",750,3,53.5714285714286,14,c(9.20591, 45.4764),1.86195204140557,1.27606124259486,27.6
127670716,"2","Autonomo","Porta Venezia, Indipendenza","Porta Venezia",750,3,50,15,c(9.20591, 45.4764),1.86195204140557,1.27606124259486,27.6
127661188,NA,"Centralizzato","Città Studi, Susa","Città Studi",700,NA,46.6666666666667,15,c(9.23042, 45.4725),7.84210053749935,2.57984481760944,12.8
127612280,"2","Centralizzato","Città Studi, Susa","Casoretto",730,4,36.5,20,c(9.22478, 45.4884),8.96815801099012,11.9494675020382,16.3
127573232,"3","Centralizzato","Pasteur, Rovereto","Pasteur",820,5,6.21212121212121,21.12,c(9.21504, 45.4868),2.88090940060633,3.70191177786991,20
127528192,"1","Autonomo","San Siro, Trenno","San Siro",700,2,5.83333333333333,20,c(9.14317, 45.4752),6.18115143927842,3.69490845207685,54.9
127486414,NA,"Assente","Cimiano, Crescenzago, Adriano","Crescenzago",700,NA,12.7272727272727,NA,c(9.24174, 45.5036),7.13375268071059,18.4716745838525,46.3
127426604,"1","Centralizzato","Bande Nere, Inganni","Inganni",750,2,75,10,c(9.12395, 45.4538),6.87808326592624,17.4976513165655,99.9
127415125,"2","Assente","Uptown, Cascina Merlata, Viale Certosa","Ghisolfa - Mac Mahon",800,3,10,21.3333333333333,c(9.15316, 45.4901),15.5394465923065,1.64507159818639,29.5
127670890,"2","Autonomo","Porta Venezia, Indipendenza","Porta Venezia",750,3,53.5714285714286,14,c(9.20591, 45.4764),1.86195204140557,1.27606124259486,27.6
127670716,"2","Autonomo","Porta Venezia, Indipendenza","Porta Venezia",750,3,50,15,c(9.20591, 45.4764),1.86195204140557,1.27606124259486,27.6
127661188,NA,"Centralizzato","Città Studi, Susa","Città Studi",700,NA,46.6666666666667,15,c(9.23042, 45.4725),7.84210053749935,2.57984481760944,12.8
127612280,"2","Centralizzato","Città Studi, Susa","Casoretto",730,4,36.5,20,c(9.22478, 45.4884),8.96815801099012,11.9494675020382,16.3
127573232,"3","Centralizzato","Pasteur, Rovereto","Pasteur",820,5,6.21212121212121,21.12,c(9.21504, 45.4868),2.88090940060633,3.70191177786991,20
127528192,"1","Autonomo","San Siro, Trenno","San Siro",700,2,5.83333333333333,20,c(9.14317, 45.4752),6.18115143927842,3.69490845207685,54.9
127486414,NA,"Assente","Cimiano, Crescenzago, Adriano","Crescenzago",700,NA,12.7272727272727,NA,c(9.24174, 45.5036),7.13375268071059,18.4716745838525,46.3
127426604,"1","Centralizzato","Bande Nere, Inganni","Inganni",750,2,75,10,c(9.12395, 45.4538),6.87808326592624,17.4976513165655,99.9
127415125,"2","Assente","Uptown, Cascina Merlata, Viale Certosa","Ghisolfa - Mac Mahon",800,3,10,21.3333333333333,c(9.15316, 45.4901),15.5394465923065,1.64507159818639,29.5
127670890,"2","Autonomo","Porta Venezia, Indipendenza","Porta Venezia",750,3,53.5714285714286,14,c(9.20591, 45.4764),1.86195204140557,1.27606124259486,27.6
127670716,"2","Autonomo","Porta Venezia, Indipendenza","Porta Venezia",750,3,50,15,c(9.20591, 45.4764),1.86195204140557,1.27606124259486,27.6
127661188,NA,"Centralizzato","Città Studi, Susa","Città Studi",700,NA,46.6666666666667,15,c(9.23042, 45.4725),7.84210053749935,2.57984481760944,12.8
127612280,"2","Centralizzato","Città Studi, Susa","Casoretto",730,4,36.5,20,c(9.22478, 45.4884),8.96815801099012,11.9494675020382,16.3
127573232,"3","Centralizzato","Pasteur, Rovereto","Pasteur",820,5,6.21212121212121,21.12,c(9.21504, 45.4868),2.88090940060633,3.70191177786991,20
127528192,"1","Autonomo","San Siro, Trenno","San Siro",700,2,5.83333333333333,20,c(9.14317, 45.4752),6.18115143927842,3.69490845207685,54.9
127486414,NA,"Assente","Cimiano, Crescenzago, Adriano","Crescenzago",700,NA,12.7272727272727,NA,c(9.24174, 45.5036),7.13375268071059,18.4716745838525,46.3
127426604,"1","Centralizzato","Bande Nere, Inganni","Inganni",750,2,75,10,c(9.12395, 45.4538),6.87808326592624,17.4976513165655,99.9
127415125,"2","Assente","Uptown, Cascina Merlata, Viale Certosa","Ghisolfa - Mac Mahon",800,3,10,21.3333333333333,c(9.15316, 45.4901),15.5394465923065,1.64507159818639,29.5
127670890,"2","Autonomo","Porta Venezia, Indipendenza","Porta Venezia",750,3,53.5714285714286,14,c(9.20591, 45.4764),1.86195204140557,1.27606124259486,27.6
127670716,"2","Autonomo","Porta Venezia, Indipendenza","Porta Venezia",750,3,50,15,c(9.20591, 45.4764),1.86195204140557,1.27606124259486,27.6
127661188,NA,"Centralizzato","Città Studi, Susa","Città Studi",700,NA,46.6666666666667,15,c(9.23042, 45.4725),7.84210053749935,2.57984481760944,12.8
127612280,"2","Centralizzato","Città Studi, Susa","Casoretto",730,4,36.5,20,c(9.22478, 45.4884),8.96815801099012,11.9494675020382,16.3
127573232,"3","Centralizzato","Pasteur, Rovereto","Pasteur",820,5,6.21212121212121,21.12,c(9.21504, 45.4868),2.88090940060633,3.70191177786991,20
127528192,"1","Autonomo","San Siro, Trenno","San Siro",700,2,5.83333333333333,20,c(9.14317, 45.4752),6.18115143927842,3.69490845207685,54.9
127486414,NA,"Assente","Cimiano, Crescenzago, Adriano","Crescenzago",700,NA,12.7272727272727,NA,c(9.24174, 45.5036),7.13375268071059,18.4716745838525,46.3
127426604,"1","Centralizzato","Bande Nere, Inganni","Inganni",750,2,75,10,c(9.12395, 45.4538),6.87808326592624,17.4976513165655,99.9
127415125,"2","Assente","Uptown, Cascina Merlata, Viale Certosa","Ghisolfa - Mac Mahon",800,3,10,21.3333333333333,c(9.15316, 45.4901),15.5394465923065,1.64507159818639,29.5
126916679,"2","Autonomo","Solari, Washington","Solari",815,5,6.41732283464567,20.32,c(9.15618, 45.4518),7.18263347936572,3.03445641458637,94
126917781,"2","Autonomo","Affori, Bovisa","Affori",750,4,50,15,c(9.17614, 45.5161),5.1683730683435,18.7244319431116,39.6
126917745,"1","Autonomo","Solari, Washington","Washington",770,5,6.06299212598425,20.32,c(9.1525, 45.4621),8.34982773369008,8.64092413529244,78.6
126917427,"1","Autonomo","Cenisio, Sarpi, Isola","Isola",750,5,5.90551181102362,20.32,c(9.18815, 45.4889),4.43529344253108,1.67100010572408,45.8
126915551,"1","Autonomo","Maggiolina, Istria","Maggiolina",775,4,8.61111111111111,18,c(9.19704, 45.4941),4.6484141995674,1.24797570818074,42.9
126917705,"2","Autonomo","Maggiolina, Istria","Maggiolina",750,5,5.35714285714286,22.4,c(9.19935, 45.5017),1.7099222709365,1.3749648641211,51.8
126917923,"1","Autonomo","Porta Venezia, Indipendenza","Porta Venezia",825,5,8.41836734693878,15.68,c(9.20674, 45.4765),2.28410383924222,0.306990437880826,26.3
126917019,"3","Autonomo","Centro","Carrobbio",820,5,54.6666666666667,15,c(9.18402, 45.4576),1.89676222539211,3.79411931439888,64.9
126916945,"2","Autonomo","Affori, Bovisa","Affori",750,4,50,15,c(9.17614, 45.5161),5.1683730683435,18.7244319431116,39.6
126917887,"3","Autonomo","Maggiolina, Istria","Maggiolina",710,5,47.3333333333333,15,c(9.19756, 45.4915),4.94163028067195,5.64162026842396,39.3
126915515,"1","Autonomo","Navigli","Ascanio Sforza",835,5,6.95833333333333,19.2,c(9.17928, 45.4469),15.0107747149736,1.54975314479883,82
126958601,"1","Autonomo","Napoli, Soderini","Tripoli - Soderini",760,5,6.22950819672131,19.52,c(9.14808, 45.4546),1.57579431376572,6.52342660529342,89.6
126917753,"1","Autonomo","Fiera, Sempione, City Life, Portello","Monte Rosa - Lotto",800,4,8.88888888888889,18,c(9.14438, 45.4829),5.60818557070168,14.4841753889801,43.7
126917033,"2","Autonomo","Città Studi, Susa","Città Studi",780,5,5.53191489361702,22.56,c(9.2222, 45.4817),4.00785970264586,6.26561984763277,8
126915539,"3+","Autonomo","Precotto, Turro","Precotto",775,5,5.53571428571429,22.4,c(9.22356, 45.5101),3.52704440973833,6.1290169087195,50.8
126917751,"1","Autonomo","Napoli, Soderini","Tripoli - Soderini",795,4,9.24418604651163,17.2,c(9.14808, 45.4546),1.57579431376572,6.52342660529342,89.6
126917025,"1","Autonomo","Maggiolina, Istria","Cascina dei Pomi",770,4,7,22,c(9.20803, 45.4926),9.98750304594331,3.52744804187125,34.4
126917903,"1","Autonomo","Bande Nere, Inganni","Lorenteggio",785,4,11.2142857142857,14,c(9.13777, 45.4542),6.94498852610211,11.4122900427561,94.9
126917677,"2","Autonomo","Solari, Washington","Frua",815,5,5.43333333333333,24,c(9.14755, 45.4653),3.16762695972191,4.03729032075309,72.2
108677095,"1","Assente","Porta Venezia, Indipendenza","Indipendenza",830,3,9.76470588235294,22.6666666666667,c(9.216, 45.4699),4.44239733068157,5.4491320797881,21.3
127670890,"2","Autonomo","Porta Venezia, Indipendenza","Porta Venezia",750,3,53.5714285714286,14,c(9.20591, 45.4764),1.86195204140557,1.27606124259486,27.6
127670716,"2","Autonomo","Porta Venezia, Indipendenza","Porta Venezia",750,3,50,15,c(9.20591, 45.4764),1.86195204140557,1.27606124259486,27.6
127661188,NA,"Centralizzato","Città Studi, Susa","Città Studi",700,NA,46.6666666666667,15,c(9.23042, 45.4725),7.84210053749935,2.57984481760944,12.8
127612280,"2","Centralizzato","Città Studi, Susa","Casoretto",730,4,36.5,20,c(9.22478, 45.4884),8.96815801099012,11.9494675020382,16.3
127573232,"3","Centralizzato","Pasteur, Rovereto","Pasteur",820,5,6.21212121212121,21.12,c(9.21504, 45.4868),2.88090940060633,3.70191177786991,20
127528192,"1","Autonomo","San Siro, Trenno","San Siro",700,2,5.83333333333333,20,c(9.14317, 45.4752),6.18115143927842,3.69490845207685,54.9
127486414,NA,"Assente","Cimiano, Crescenzago, Adriano","Crescenzago",700,NA,12.7272727272727,NA,c(9.24174, 45.5036),7.13375268071059,18.4716745838525,46.3
127426604,"1","Centralizzato","Bande Nere, Inganni","Inganni",750,2,75,10,c(9.12395, 45.4538),6.87808326592624,17.4976513165655,99.9
127415125,"2","Assente","Uptown, Cascina Merlata, Viale Certosa","Ghisolfa - Mac Mahon",800,3,10,21.3333333333333,c(9.15316, 45.4901),15.5394465923065,1.64507159818639,29.5
126917763,"1","Autonomo","Napoli, Soderini","Tripoli - Soderini",730,5,7.76595744680851,15.04,c(9.14926, 45.4545),2.02604301911632,5.71499051507175,89.6
126917727,"2","Autonomo","Forlanini","Viale Ungheria - Mecenate",745,5,5.6015037593985,21.28,c(9.23823, 45.4561),10.5702222937899,4.70095278399866,46.5
126917065,"2","Autonomo","Città Studi, Susa","Città Studi",800,5,5.88235294117647,21.76,c(9.22446, 45.4689),1.5531272454298,3.500680778685,16.5
126917761,"2","Autonomo","Maggiolina, Istria","Maggiolina",800,5,5.47945205479452,23.36,c(9.20541, 45.4963),12.5181739043477,7.0877795389296,40.6
126917899,"1","Autonomo","Bande Nere, Inganni","Lorenteggio",775,4,11.0714285714286,14,c(9.13777, 45.4542),6.94498852610211,11.4122900427561,94.9
126917203,"1","Autonomo","Maggiolina, Istria","Cascina dei Pomi",770,4,7.47572815533981,20.6,c(9.20803, 45.4926),9.98750304594331,3.52744804187125,34.4
126917509,"2","Autonomo","Porta Romana, Cadore, Montenero","Porta Romana - Medaglie d'Oro",710,5,47.3333333333333,15,c(9.20376, 45.4527),2.13180461010036,2.38082082176572,53.6
126917021,"1","Autonomo","Maggiolina, Istria","Cascina dei Pomi",770,4,6.69565217391304,23,c(9.20803, 45.4926),9.98750304594331,3.52744804187125,34.4
126915469,"1","Autonomo","Abbiategrasso, Chiesa Rossa","Chiesa Rossa",740,2,7.4,20,c(9.17844, 45.4271),5.23139834916662,1.43847716063612,111.9
126917765,"1","Autonomo","Bande Nere, Inganni","Lorenteggio",780,4,12.5806451612903,12.4,c(9.13741, 45.4539),7.033678127275,11.1045414003797,95.1
126917241,"2","Autonomo","Navigli","Navigli - Darsena",840,5,56,15,c(9.16878, 45.4509),2.07332666237627,0.157043477024769,82.5
126916603,"1","Autonomo","Quadronno, Palestro, Guastalla","Quadronno - Crocetta",760,2,50.6666666666667,15,c(9.20027, 45.4551),6.07693413809262,2.9258766440983,55
127012719,"2","Autonomo","Corvetto, Rogoredo","Corvetto",710,5,6.12068965517241,18.56,c(9.22312, 45.4403),0.410070390144848,17.7091540039734,63.4
126917511,"1","Autonomo","Porta Romana, Cadore, Montenero","Montenero",740,4,7.11538461538461,20.8,c(9.20811, 45.4566),10.6249710704753,0.951498145371332,46.1
126915537,"1","Autonomo","Bande Nere, Inganni","Inganni",705,4,8.8125,16,c(9.11946, 45.4575),3.37457610403418,25.7477414604686,99.1
126917147,"2","Autonomo","Città Studi, Susa","Città Studi",755,5,50.3333333333333,15,c(9.22381, 45.4825),3.35674286107609,6.39753316207884,7.9
127012725,"1","Autonomo","Abbiategrasso, Chiesa Rossa","Cermenate - Abbiategrasso",795,3,9.81481481481482,21.6,c(9.17883, 45.4373),12.7611791196105,0.707423134705727,96.4
126917081,"3","Autonomo","Centrale, Repubblica","Buenos Aires",820,5,5.18987341772152,25.28,c(9.21418, 45.4857),2.08338662205593,4.58344522167542,19.3
126916775,"2","Autonomo","Famagosta, Barona","Famagosta",735,3,49,15,c(9.17446, 45.4417),8.96855776904326,5.26977475460818,92.3
126917773,"3","Autonomo","Maggiolina, Istria","Maggiolina",815,5,54.3333333333333,15,c(9.19756, 45.4915),4.94163028067195,5.64162026842396,39.3
126917235,"1","Autonomo","Bande Nere, Inganni","Lorenteggio",710,5,8.76543209876543,12.96,c(9.1396, 45.4526),3.64720129981479,7.85406220826184,94.6
126916861,"1","Autonomo","Maggiolina, Istria","Cascina dei Pomi",740,5,5.82677165354331,20.32,c(9.20803, 45.4926),9.98750304594331,3.52744804187125,34.4
126916847,"2","Autonomo","Uptown, Cascina Merlata, Viale Certosa","Ghisolfa - Mac Mahon",745,5,5.86614173228346,20.32,c(9.15383, 45.4895),14.7190272542217,2.52644496090121,31
126917841,"1","Autonomo","Bande Nere, Inganni","Lorenteggio",770,5,11.1594202898551,11.04,c(9.14007, 45.4517),2.86636327958224,6.27855247851335,96.2
126307921,"1","Assente","Famagosta, Barona","Giambellino",750,3,10.7142857142857,18.6666666666667,c(9.1323, 45.4466),1.80311949320575,2.80781949068927,107.3
126916853,"2","Autonomo","Bicocca, Niguarda","Bruzzano",825,5,5.89285714285714,22.4,c(9.17005, 45.5255),7.06712588788932,27.0420308969103,46.8
126915467,"1","Autonomo","Abbiategrasso, Chiesa Rossa","Chiesa Rossa",740,2,7.4,20,c(9.17844, 45.4271),5.23139834916662,1.43847716063612,111.9
126916849,"2","Autonomo","Centrale, Repubblica","Buenos Aires",835,5,6.90082644628099,19.36,c(9.20672, 45.4769),2.91024515129993,0.508164329535821,26.4
126915553,"1","Autonomo","Maggiolina, Istria","Maggiolina",805,4,8.94444444444444,18,c(9.19704, 45.4941),4.6484141995674,1.24797570818074,42.9
126938231,"1","Autonomo","Abbiategrasso, Chiesa Rossa","Pezzotti - Meda",825,5,6.81818181818182,19.36,c(9.17862, 45.4419),13.6959141610419,1.00352456649439,89.1
126917127,"1","Autonomo","Cenisio, Sarpi, Isola","Isola",815,5,6.41732283464567,20.32,c(9.18815, 45.4889),4.43529344253108,1.67100010572408,45.8
126917869,"2","Autonomo","Famagosta, Barona","Giambellino",730,5,6.1864406779661,18.88,c(9.14046, 45.4501),3.88570612373661,4.14016453425667,99.4
126917721,"1","Autonomo","Ripamonti, Vigentino","Vigentino - Fatima",780,4,5.30612244897959,20,c(9.20273, 45.4289),30.8056381901479,0.363629443012608,93.9
126917295,"1","Autonomo","Bande Nere, Inganni","Lorenteggio",735,4,9.8,15,c(9.13854, 45.4541),6.09287976253834,10.7237087323351,94.8
126916295,"2","Autonomo","Pasteur, Rovereto","Pasteur",765,5,5.7089552238806,21.44,c(9.21977, 45.4875),5.32411540101168,7.6513664020792,18.6
127166621,"1","Centralizzato","Solari, Washington","Washington",760,1,69.0909090909091,11,c(9.1533, 45.4623),8.5173435046093,8.16713908853988,77.9
126600587,"1","Centralizzato","Cenisio, Sarpi, Isola","Isola",755,1,39.7368421052632,19,c(9.197, 45.4892),4.81348579976698,6.80721602821197,40.9
125392219,"1","Centralizzato","Maggiolina, Istria","Maggiolina",830,1,63.8461538461538,13,c(9.2057, 45.4965),12.9553101368675,7.53939355778469,40.9
125532065,"1","Centralizzato","Uptown, Cascina Merlata, Viale Certosa","Musocco",760,1,38,20,c(9.1287, 45.5025),18.1415120504213,3.20900217662787,37.7
125513961,"1","Centralizzato","Bicocca, Niguarda","Ca' Granda",760,1,58.4615384615385,13,c(9.2009, 45.5035),4.85378386516771,1.89396209867898,54.4
125418729,"1","Autonomo","Affori, Bovisa","Affori",840,1,76.3636363636364,11,c(9.1733, 45.518),7.77357946845828,22.7594478216327,39.5
127166607,"1","Centralizzato","Corvetto, Rogoredo","Corvetto",805,1,57.5,14,c(9.2071, 45.4399),12.7614485705558,8.81073799618591,74.2
127166623,"1","Centralizzato","Corvetto, Rogoredo","Corvetto",785,1,43.6111111111111,18,c(9.2071, 45.4399),12.7614485705558,8.81073799618591,74.2
126037897,"1","Centralizzato","Genova, Ticinese","Ticinese",770,1,64.1666666666667,12,c(9.1845, 45.4561),3.11434187917389,3.54688187403252,65.8
126116271,"1","Centralizzato","Uptown, Cascina Merlata, Viale Certosa","Certosa",770,1,40.5263157894737,19,c(9.1411, 45.4988),22.7183566884548,1.42213571599759,19.5
125391949,"1","Centralizzato","Centrale, Repubblica","Centrale",705,1,58.75,12,c(9.2077, 45.4848),2.26521659010899,1.86030486551296,25.5
126041367,"1","Centralizzato","Bande Nere, Inganni","Bande Nere",770,1,55,14,c(9.1362, 45.4575),6.98181770586176,17.2308420801075,85.8
127460180,"1","Centralizzato","Bande Nere, Inganni","Lorenteggio",770,1,64.1666666666667,12,c(9.1394, 45.4528),4.00298204157656,8.27779613873216,94.5
127130817,"1","Centralizzato","Fiera, Sempione, City Life, Portello","De Angeli",815,1,58.2142857142857,14,c(9.1499, 45.4694),5.12444551345777,2.88792167869266,65.9
127460300,"1","Centralizzato","Uptown, Cascina Merlata, Viale Certosa","Certosa",705,1,58.75,12,c(9.1411, 45.4988),22.7183566884548,1.42213571599759,19.5
125846815,"1","Centralizzato","Corvetto, Rogoredo","Corvetto",730,1,56.1538461538462,13,c(9.2268, 45.4364),4.54911592170396,25.4111363528183,70.2
127229173,"1","Centralizzato","Abbiategrasso, Chiesa Rossa","Pezzotti - Meda",815,1,40.75,20,c(9.1831, 45.441),19.3763245466702,0.516436604401744,87.5
125495437,"1","Centralizzato","Bande Nere, Inganni","Bande Nere",715,1,47.6666666666667,15,c(9.1319, 45.4592),3.25084165249197,21.9992308363591,86.3
127166631,"1","Centralizzato","Bande Nere, Inganni","Lorenteggio",790,1,43.8888888888889,18,c(9.1394, 45.4528),4.00298204157656,8.27779613873216,94.5
126041275,"1","Centralizzato","Maggiolina, Istria","Cascina dei Pomi",760,1,36.1904761904762,21,c(9.2078, 45.4924),9.57652723518805,3.09204781708393,33
125598983,"1","Centralizzato","Bande Nere, Inganni","Lorenteggio",700,1,50,14,c(9.1379, 45.4535),6.17714623169588,10.3091927491775,94.3
126167019,"1","Centralizzato","Bicocca, Niguarda","Bruzzano",760,1,76,10,c(9.175, 45.5231),8.56990982296241,21.0675447926665,47.4
126041429,"1","Centralizzato","Centrale, Repubblica","Centrale",715,1,32.5,22,c(9.205, 45.4913),5.66911813991909,0.900967109577208,32.4
127460296,"1","Centralizzato","Bande Nere, Inganni","Lorenteggio",770,1,45.2941176470588,17,c(9.1377, 45.452),4.46834565769899,7.81973765687479,96
126041335,"1","Centralizzato","Città Studi, Susa","Casoretto",745,1,43.8235294117647,17,c(9.2201, 45.4871),6.12279532802321,8.36044403776311,17.8
126037921,"1","Autonomo","Pasteur, Rovereto","Rovereto",850,1,42.5,20,c(9.2169, 45.4946),3.54642896810287,1.13314296505425,32
126037969,"1","Centralizzato","Famagosta, Barona","Giambellino",890,1,38.695652173913,23,c(9.1495, 45.4496),7.30424341323599,2.27249520105603,98.8
126042489,"1","Centralizzato","Quadronno, Palestro, Guastalla","Guastalla",844,1,56.2666666666667,15,c(9.2, 45.463),5.89836977784176,1.13957241919813,45.4
125812317,"1","Centralizzato","Porta Vittoria, Lodi","Martini - Insubria",840,1,52.5,16,c(9.2187, 45.4546),16.6431284810604,4.49740200657468,43.3
126037977,"1","Centralizzato","Porta Venezia, Indipendenza","Porta Venezia",890,1,55.625,16,c(9.2139, 45.4733),10.3797507587417,0.48559402592742,18.5
126042279,"1","Autonomo","Solari, Washington","Solari",940,1,104.444444444444,9,c(9.1693, 45.4573),2.33418436699925,0.242769142122955,77.4
125418735,"1","Centralizzato","Cenisio, Sarpi, Isola","Farini",850,1,47.2222222222222,18,c(9.1815, 45.497),4.46138507235885,2.45208693174882,32.4
118261989,"1","Centralizzato","Ripamonti, Vigentino","Ripamonti - Fondazione Prada",950,1,95,10,c(9.2004, 45.4363),22.1453411627399,0.406250593598433,82.3
104457409,"1","Centralizzato","Solari, Washington","Washington",1000,1,66.6666666666667,15,c(9.1549, 45.4569),3.45936449940444,6.94713250928426,85.3
126039055,"1","Autonomo","Centrale, Repubblica","Repubblica",1060,1,70.6666666666667,15,c(9.2003, 45.4779),3.9205429946644,1.92292761595305,34.9
126038093,"1","Centralizzato","Porta Vittoria, Lodi","Martini - Insubria",890,1,74.1666666666667,12,c(9.2208, 45.4509),14.1845364768749,1.23075847461547,48.4
123802209,"1","Autonomo","Arco della Pace, Arena, Pagano","Arena",850,1,42.5,20,c(9.1743, 45.4781),12.4018577925214,4.54769004773858,54.1
126038025,"1","Autonomo","Centro","Borgogna - Largo Augusto",1240,1,62,20,c(9.1984, 45.4639),3.72585493311889,2.24815885255724,45.3
126042491,"1","Centralizzato","Quadronno, Palestro, Guastalla","Guastalla",844,1,56.2666666666667,15,c(9.2, 45.463),5.89836977784176,1.13957241919813,45.4
126039049,"1","Autonomo","Centrale, Repubblica","Repubblica",1000,1,100,10,c(9.2003, 45.4779),3.9205429946644,1.92292761595305,34.9
126042087,"1","Centralizzato","Ripamonti, Vigentino","Ripamonti - Fondazione Prada",850,1,42.5,20,c(9.1924, 45.4384),23.4468279219766,9.42983905911049,87.4
127118755,"1","Centralizzato","Navigli","Bocconi",1310,1,109.166666666667,12,c(9.1927, 45.4509),9.9519730557734,1.23956688352423,67.1
126036181,"1","Autonomo","San Siro, Trenno","QT8",860,1,61.4285714285714,14,c(9.1376, 45.4842),3.21021362960628,14.7330556080768,47.8
126037983,"1","Centralizzato","Napoli, Soderini","Piazza Napoli",890,1,59.3333333333333,15,c(9.1541, 45.4522),5.57555517102491,0.412715215125828,92.3
127646872,"2","Autonomo","Centrale, Repubblica","Repubblica",875,4,58.3333333333333,15,c(9.20206, 45.4793),5.02770063921006,1.33603009989529,32.3
126035975,"1","Centralizzato","Corvetto, Rogoredo","Corvetto",840,1,52.5,16,c(9.2235, 45.4406),0.392928317246566,17.3008510567455,62.6
126038035,"1","Autonomo","Città Studi, Susa","Città Studi",890,1,55.625,16,c(9.2182, 45.483),3.5212317737852,10.9099418756858,12.7
126038015,"1","Centralizzato","Napoli, Soderini","Piazza Napoli",940,1,62.6666666666667,15,c(9.1541, 45.4522),5.57555517102491,0.412715215125828,92.3
125820487,"1","Centralizzato","Cenisio, Sarpi, Isola","Cenisio",1090,1,77.8571428571429,14,c(9.1615, 45.4882),9.02777651579432,0.735000782430513,34.3
126041989,"1","Centralizzato","Garibaldi, Moscova, Porta Nuova","Moscova",950,1,63.3333333333333,15,c(9.1834, 45.4781),2.11763350789134,3.26337337814798,55.2
125045821,"3","Centralizzato","Navigli","Navigli - Darsena",975,4,65,15,c(9.16907, 45.4503),3.00957643560832,1.24620745658754,85.2
90083695,"3+","Centralizzato","Navigli","Bocconi",950,5,47.5,20,c(9.19196, 45.4517),9.07107055034855,1.99946616652471,66
112886255,"2","Autonomo","Centrale, Repubblica","Repubblica",850,5,53.125,16,c(9.19554, 45.48),3.08580992709301,0.892645186029742,40.5
122448864,"1","Centralizzato","Centrale, Repubblica","Buenos Aires",950,3,27.1428571428571,20,c(9.21588, 45.4806),6.01482491688303,10.9941112973705,13.6
122727602,"3","Centralizzato","Città Studi, Susa","Città Studi",900,5,18,20,c(9.22546, 45.4775),5.81671550431199,0.647729645398953,4.4
103641386,"2","Centralizzato","Cenisio, Sarpi, Isola","Paolo Sarpi",1090,4,54.5,20,c(9.17536, 45.4826),7.62487684457145,2.42136062423168,49.5
83947178,"1","Assente","Affori, Bovisa","Affori",1200,1,15,20,c(9.16916, 45.52),2.99189140251148,27.8094490044911,40.1
115134525,NA,"Autonomo","Garibaldi, Moscova, Porta Nuova","Moscova",1040,NA,57.7777777777778,18,c(9.18216, 45.4796),5.12246465310574,1.39357854269502,56.3
124137855,"2","Centralizzato","Maggiolina, Istria","Istria",900,3,9,20,c(9.19344, 45.5015),5.50295471787059,5.07728707490026,47.7
123526755,"2","Centralizzato","Bicocca, Niguarda","Bignami - Ponale",900,4,9.47368421052632,19,c(9.20792, 45.5208),2.8084508971116,2.77172245528221,76.5
126956103,"2","Centralizzato","Città Studi, Susa","Città Studi",850,4,8.5,20,c(9.232, 45.486),5.15382144938967,5.44863643309855,15.3
114585103,"1","Centralizzato","Napoli, Soderini","Tripoli - Soderini",850,3,53.125,16,c(9.15205, 45.4557),1.45047505931354,6.24948740084282,86.4
118851611,"3+","Centralizzato","Porta Vittoria, Lodi","Porta Vittoria",900,5,25.7142857142857,20,c(9.23008, 45.4618),8.93091114692035,1.06130395891901,28.6
118186853,"2","Centralizzato","Città Studi, Susa","Città Studi",850,2,56.6666666666667,15,c(9.21888, 45.4815),5.95597383147385,9.33974412977682,11.4
123920733,"1","Centralizzato","Maggiolina, Istria","Cascina dei Pomi",1000,2,33.3333333333333,20,c(9.21282, 45.4977),8.95042133356926,6.23982995168564,38.2
127154003,"1","Centralizzato","San Siro, Trenno","San Siro",950,2,55.8823529411765,17,c(9.11693, 45.4762),1.73701148872169,7.27564498506445,75.5
114828001,"1","Autonomo","Bicocca, Niguarda","Bruzzano",1000,3,38.4615384615385,26,c(9.17378, 45.5247),8.56281396940275,22.4671552707471,51.2
122289056,"1","Autonomo","Città Studi, Susa","Plebisciti - Susa",850,1,47.2222222222222,18,c(9.21973, 45.4627),9.32064748767716,1.21576640734749,29.4
105398595,"2","Centralizzato","Città Studi, Susa","Città Studi",900,4,64.2857142857143,14,c(9.22786, 45.4822),3.93798364825909,5.16398098519086,6.2
117252209,"2","Autonomo","Abbiategrasso, Chiesa Rossa","Gratosoglio",850,5,6.53846153846154,20.8,c(9.18017, 45.4166),23.5070275581216,6.42907941927484,128.7
126815441,"1","Centralizzato","Cenisio, Sarpi, Isola","Farini",900,2,11.25,20,c(9.18397, 45.4934),7.54585809048727,2.10522957557662,37.4
126070163,"1","Centralizzato","Centrale, Repubblica","Buenos Aires",900,4,10.2272727272727,17.6,c(9.20536, 45.4797),6.92084320187058,1.57478742977535,27.8
127165205,"1","Centralizzato","Maggiolina, Istria","Cascina dei Pomi",1100,3,91.6666666666667,12,c(9.20631, 45.4912),7.07184236909355,0.461566104050852,31.3
127553244,"3","Assente","Bicocca, Niguarda","Bignami - Ponale",900,5,6.92307692307692,20.8,c(9.211, 45.5269),1.45502647793286,2.10537536840898,85
127540596,"3","Assente","Bicocca, Niguarda","Bignami - Ponale",900,5,6.92307692307692,20.8,c(9.2094, 45.5265),3.42558595635167,2.7225381209504,82.9
126042495,"1","Centralizzato","Quadronno, Palestro, Guastalla","Guastalla",1003,1,66.8666666666667,15,c(9.2, 45.463),5.89836977784176,1.13957241919813,45.4
125812309,"1","Centralizzato","Genova, Ticinese","Ticinese",990,1,82.5,12,c(9.1838, 45.4534),6.8549056128818,2.30938398005978,69.7
125812277,"1","Centralizzato","Solari, Washington","Solari",1140,1,71.25,16,c(9.1662, 45.455),6.43874108030474,2.21600442733662,82.5
126726171,"1","Autonomo","Uptown, Cascina Merlata, Viale Certosa","Ghisolfa - Mac Mahon",900,1,60,15,c(9.1535, 45.4895),14.6166862369497,2.14160222204702,31.5
126956721,"1","Centralizzato","Cenisio, Sarpi, Isola","Isola",850,1,56.6666666666667,15,c(9.1847, 45.4904),9.37888180525122,1.42556210334271,41
126726175,"1","Autonomo","Solari, Washington","Vercelli - Wagner",1025,1,68.3333333333333,15,c(9.155, 45.4686),1.4011798849573,2.95078502352728,67
127482980,NA,"Assente","Centro","Missori",1000,NA,71.4285714285714,14,c(9.1937, 45.4581),1.14937617732711,0.953761712896454,54.8
127183525,"1","Centralizzato","Navigli","Navigli - Darsena",975,1,65,15,c(9.16909, 45.4503),3.00680420813872,1.25531173201552,85.2
122319170,"1","Assente","Affori, Bovisa","Bovisa",1300,1,65,20,c(9.1635, 45.5054),19.0180232829415,5.48313614633199,12.1
127317725,"1","Autonomo","Solari, Washington","Solari",895,4,9.72826086956522,18.4,c(9.16692, 45.455),5.95461018528281,2.44435553133269,81.8
127275323,"2","Autonomo","Famagosta, Barona","Tre Castelli - Faenza",860,4,9.55555555555556,18,c(9.13738, 45.442),9.03785792968902,4.5459624929115,121.5
121589280,"1","Centralizzato","Cenisio, Sarpi, Isola","Cenisio",3000,1,30,20,c(9.1629, 45.4886),8.50994912859223,1.861428644196,33.1
123610037,"1","Assente","Pasteur, Rovereto","Pasteur",1000,3,8.69565217391304,20,c(9.2148, 45.4891),4.33310118796211,1.24769493399446,23.9
104457407,"1","Centralizzato","Solari, Washington","Washington",1000,1,76.9230769230769,13,c(9.1549, 45.4569),3.45936449940444,6.94713250928426,85.3
118700543,"1","Centralizzato","Quadronno, Palestro, Guastalla","Quadronno - Crocetta",1000,1,40,25,c(9.1976, 45.455),3.31229880805558,2.43594733298583,58.1
127553304,"3+","Assente","Bicocca, Niguarda","Bignami - Ponale",850,5,6.53846153846154,20.8,c(9.2059, 45.5223),4.38115753041433,4.12108704693825,75.8
122635012,"3","Assente","Arco della Pace, Arena, Pagano","Arena",1500,5,37.5,20,c(9.1807, 45.4784),5.0195824536036,0.390869595996944,57.5
88039617,"1","Centralizzato","Città Studi, Susa","Città Studi",850,3,42.5,20,c(9.22334, 45.477),7.07608729268218,1.57431069474325,7.4
118206853,"2","Centralizzato","Città Studi, Susa","Città Studi",850,5,42.5,20,c(9.22549, 45.4786),3.91519919790119,0.839430490462881,3
117371725,"2","Centralizzato","Città Studi, Susa","Città Studi",850,5,44.7368421052632,19,c(9.22549, 45.4786),3.91519919790119,0.839430490462881,3
125790719,"2","Centralizzato","Fiera, Sempione, City Life, Portello","Amendola - Buonarroti",1100,2,55,20,c(9.15073, 45.4691),4.80295558187979,3.34700682755509,66.6
127596570,"1","Assente","San Siro, Trenno","San Carlo",890,5,29.6666666666667,20,c(9.1085, 45.4618),12.3390895692448,30.448787065304,103
126990615,"2","Assente","Famagosta, Barona","Famagosta",870,4,11.0126582278481,15.8,c(9.1549, 45.4381),16.282611771306,15.5179392649101,110.7
127303517,"3+","Autonomo","Navigli","Bocconi",1245,5,6.62234042553191,20,c(9.19124, 45.4508),10.2721212543707,0.698150760038441,67.4
127275229,"1","Autonomo","Pasteur, Rovereto","Pasteur",860,4,8.3495145631068,20.6,c(9.22156, 45.4885),5.40079360129784,8.45901523064437,19
127504724,"3","Autonomo","Fiera, Sempione, City Life, Portello","Amendola - Buonarroti",955,5,5.75301204819277,20,c(9.14972, 45.4702),6.25705790996539,3.78699813921063,64.5
127463062,"2","Autonomo","Porta Vittoria, Lodi","Lodi - Brenta",960,5,10.6666666666667,14.4,c(9.21396, 45.4485),4.9123198670162,6.57230383237243,54
127355477,"1","Autonomo","Cenisio, Sarpi, Isola","Farini",1205,1,80.3333333333333,15,c(9.17548, 45.4953),12.351304069178,0.285679128536007,27
127326367,"3","Autonomo","Porta Romana, Cadore, Montenero","Montenero",1035,5,5.175,20,c(9.20484, 45.4572),10.0214496236576,1.03650164677929,47.8
127326313,"3","Autonomo","Genova, Ticinese","Ticinese",945,5,6.84782608695652,22.08,c(9.17809, 45.4555),6.22669486089283,4.09403465297629,72.3
127646902,"2","Autonomo","Maggiolina, Istria","Maggiolina",840,5,6,22.4,c(9.19935, 45.5017),1.7099222709365,1.3749648641211,51.8
127602508,"2","Autonomo","Centrale, Repubblica","Repubblica",1000,5,7.04225352112676,22.72,c(9.20009, 45.4778),3.86223980603109,1.77155919725895,35
127541662,"1","Autonomo","Ripamonti, Vigentino","Vigentino - Fatima",840,4,5.71428571428571,20,c(9.20273, 45.4289),30.8056381901479,0.363629443012608,93.9
127513788,"1","Autonomo","Abbiategrasso, Chiesa Rossa","Pezzotti - Meda",975,5,10.3723404255319,15.04,c(9.17651, 45.4433),10.7736287115959,3.04408451189785,88.5
127415041,"2","Autonomo","Centrale, Repubblica","Buenos Aires",945,5,5.25,20,c(9.21101, 45.481),1.1161774377304,5.7879554153277,19.9
127414765,"3+","Autonomo","Navigli","Bocconi",990,5,66,15,c(9.18768, 45.452),7.66193856982506,0.794813148439568,68.1
127317439,"3","Autonomo","Porta Romana, Cadore, Montenero","Montenero",1035,5,5.175,20,c(9.20484, 45.4572),10.0214496236576,1.03650164677929,47.8
127303701,"2","Autonomo","Navigli","Navigli - Darsena",950,5,9.69387755102041,15.68,c(9.17542, 45.4439),9.42174284037934,4.42180743369806,88.6
127108693,"3+","Autonomo","Navigli","Bocconi",1245,5,6.62234042553191,20,c(9.19124, 45.4508),10.2721212543707,0.698150760038441,67.4
127462806,"2","Autonomo","Porta Vittoria, Lodi","Lodi - Brenta",960,5,10.6666666666667,14.4,c(9.21396, 45.4485),4.9123198670162,6.57230383237243,54
127414697,"3+","Autonomo","Navigli","Bocconi",990,5,66,15,c(9.18768, 45.452),7.66193856982506,0.794813148439568,68.1
127303527,"1","Autonomo","Affori, Bovisa","Bovisa",1200,4,21.8181818181818,20,c(9.16316, 45.5015),21.1893126549332,3.10900054572847,9.7
127570258,"2","Autonomo","Centrale, Repubblica","Repubblica",970,5,6.83098591549296,22.72,c(9.20009, 45.4778),3.86223980603109,1.77155919725895,35
127414681,"1","Autonomo","Corvetto, Rogoredo","Corvetto",850,2,56.6666666666667,15,c(9.21399, 45.4397),7.67029220947412,17.2146970837983,69.4
127356343,"2","Autonomo","Solari, Washington","Dezza",865,5,6.86507936507936,20.16,c(9.16101, 45.461),5.64015483304096,2.75336444999674,81.8
127646760,"3+","Autonomo","Navigli","Bocconi",1245,5,9.88095238095238,20.16,c(9.19124, 45.4508),10.2721212543707,0.698150760038441,67.4
127541448,"2","Autonomo","Fiera, Sempione, City Life, Portello","De Angeli",1050,5,8.203125,20.48,c(9.15052, 45.4667),1.24034792794395,1.15048482827482,70.7
127513908,"2","Autonomo","Centrale, Repubblica","Buenos Aires",865,5,8.65,16,c(9.21472, 45.4789),5.23511453759026,8.48807009746317,16
127463066,"1","Autonomo","Garibaldi, Moscova, Porta Nuova","Turati",995,3,16.5833333333333,20,c(9.18958, 45.4767),6.38961386211181,6.40551130258444,48.4
127602318,"3+","Autonomo","Navigli","Bocconi",1345,5,10.6746031746032,20.16,c(9.19124, 45.4508),10.2721212543707,0.698150760038441,67.4
127513916,"2","Autonomo","Città Studi, Susa","Plebisciti - Susa",870,5,58,15,c(9.22012, 45.4704),4.63048867208771,2.87972781237844,17.6
127490466,"2","Autonomo","Quadronno, Palestro, Guastalla","Quadronno - Crocetta",990,5,5.92814371257485,20,c(9.20199, 45.4535),3.71769706839019,3.34248871295878,54.1
127385155,"2","Autonomo","Pasteur, Rovereto","Pasteur",845,5,6.03571428571429,22.4,c(9.21173, 45.4916),7.89296387760098,4.47075417006999,29.5
127384711,"3","Autonomo","Bicocca, Niguarda","Ca' Granda",850,5,6.07142857142857,22.4,c(9.19938, 45.5052),4.12427415242695,2.25170566604013,56.8
127504538,"1","Autonomo","Centrale, Repubblica","Melchiorre Gioia",945,4,7.875,24,c(9.19755, 45.4862),4.1073074316216,4.46044513121722,37.8
127355979,"2","Autonomo","Centrale, Repubblica","Repubblica",1060,5,7.46478873239437,22.72,c(9.20009, 45.4778),3.86223980603109,1.77155919725895,35
127414677,"2","Autonomo","Centrale, Repubblica","Buenos Aires",945,5,5.25,20,c(9.21101, 45.481),1.1161774377304,5.7879554153277,19.9
127646734,"2","Autonomo","Quadronno, Palestro, Guastalla","Quadronno - Crocetta",1010,5,6.04790419161677,20,c(9.20199, 45.4535),3.71769706839019,3.34248871295878,54.1
127490544,"1","Autonomo","Cenisio, Sarpi, Isola","Zara",850,3,16.3461538461539,20,c(9.18968, 45.4956),6.42215376088594,5.27616997439537,43.8
127356323,"1","Autonomo","Cenisio, Sarpi, Isola","Zara",850,3,16.3461538461539,20,c(9.18968, 45.4956),6.42215376088594,5.27616997439537,43.8
127356257,"2","Autonomo","Genova, Ticinese","Corso Genova",875,5,5.57324840764331,25.12,c(9.17012, 45.4582),0.786907842593028,1.87363955822676,76.7
127201237,"3","Autonomo","Porta Romana, Cadore, Montenero","Montenero",1035,5,5.175,20,c(9.20484, 45.4572),10.0214496236576,1.03650164677929,47.8
127356463,"1","Autonomo","Affori, Bovisa","Affori",880,3,14.6666666666667,20,c(9.17132, 45.5174),7.42753750116656,24.9153411402274,37.1
127356351,"3","Autonomo","Solari, Washington","Frua",870,5,5.87837837837838,23.68,c(9.14874, 45.4651),2.55153394405427,3.60185276656845,73.4
127355977,"2","Autonomo","Centrale, Repubblica","Repubblica",980,5,6.90140845070423,22.72,c(9.20009, 45.4778),3.86223980603109,1.77155919725895,35
127303997,"2","Autonomo","Cenisio, Sarpi, Isola","Isola",935,5,62.3333333333333,15,c(9.19293, 45.4885),2.51941389094573,2.7401330098552,44.1
127570074,"3+","Autonomo","Precotto, Turro","Gorla",860,5,57.3333333333333,15,c(9.22306, 45.5065),0.766487609807639,12.3816601686021,45.2
127356435,"2","Autonomo","Centrale, Repubblica","Repubblica",1000,5,7.04225352112676,22.72,c(9.20009, 45.4778),3.86223980603109,1.77155919725895,35
127169293,"1","Autonomo","Cenisio, Sarpi, Isola","Zara",1045,1,43.5416666666667,24,c(9.18968, 45.4956),6.42215376088594,5.27616997439537,43.8
127384743,"2","Autonomo","Pasteur, Rovereto","Pasteur",875,5,58.3333333333333,15,c(9.21404, 45.4874),4.32157164493509,2.10216373883025,21.4
127326385,"1","Autonomo","Porta Romana, Cadore, Montenero","Montenero",1045,5,13.0625,12.8,c(9.20744, 45.4613),11.4561120843889,0.765238557760132,40.7
127169361,"2","Autonomo","Centrale, Repubblica","Buenos Aires",865,5,8.65,16,c(9.21472, 45.4789),5.23511453759026,8.48807009746317,16
127326609,"1","Autonomo","Porta Romana, Cadore, Montenero","Montenero",1045,5,13.0625,12.8,c(9.20744, 45.4613),11.4561120843889,0.765238557760132,40.7
127356369,"2","Autonomo","Maggiolina, Istria","Maggiolina",840,5,6,22.4,c(9.19935, 45.5017),1.7099222709365,1.3749648641211,51.8
127303739,"2","Autonomo","Cenisio, Sarpi, Isola","Isola",935,5,62.3333333333333,15,c(9.19293, 45.4885),2.51941389094573,2.7401330098552,44.1
127384651,"2","Autonomo","Cenisio, Sarpi, Isola","Zara",900,5,9.57446808510638,15.04,c(9.18968, 45.4956),6.42215376088594,5.27616997439537,43.8
127275127,"2","Autonomo","Genova, Ticinese","Ticinese",850,5,5.94405594405594,22.88,c(9.18524, 45.4555),4.1918334483366,2.65399910178436,65.6
127602600,"1","Autonomo","Porta Romana, Cadore, Montenero","Montenero",1075,4,14.3333333333333,20,c(9.20963, 45.4613),11.6704334258243,2.32986878530755,39
127646746,"3","Autonomo","Porta Romana, Cadore, Montenero","Montenero",1035,5,5.175,20,c(9.20484, 45.4572),10.0214496236576,1.03650164677929,47.8
127463036,"3+","Autonomo","Navigli","Bocconi",1345,5,6.5609756097561,20,c(9.19124, 45.4508),10.2721212543707,0.698150760038441,67.4
127414881,"2","Autonomo","Solari, Washington","Solari",880,5,6.3768115942029,22.08,c(9.15615, 45.4529),5.61597675034784,3.04178254259324,92.6
127356325,"2","Autonomo","Città Studi, Susa","Plebisciti - Susa",870,5,58,15,c(9.22012, 45.4704),4.63048867208771,2.87972781237844,17.6
127303989,"3","Autonomo","Abbiategrasso, Chiesa Rossa","Pezzotti - Meda",975,5,5.41666666666667,20,c(9.1836, 45.4441),19.4076209467479,0.716581664600145,82.2
127646704,"2","Autonomo","Navigli","Navigli - Darsena",840,5,56,15,c(9.16878, 45.4509),2.07332666237627,0.157043477024769,82.5
127541526,"2","Autonomo","Centrale, Repubblica","Morgagni",845,5,6.1231884057971,22.08,c(9.21682, 45.4753),11.3089551442317,2.95023894380848,15.5
127490276,"3","Autonomo","Maggiolina, Istria","Cascina dei Pomi",870,5,6.8503937007874,20.32,c(9.20803, 45.4926),9.98750304594331,3.52744804187125,34.4
127384521,"2","Autonomo","Navigli","Bocconi",1245,4,13.8333333333333,20,c(9.19128, 45.4509),10.1254690998657,0.700576712550855,67.4
127326281,"2","Autonomo","Cenisio, Sarpi, Isola","Isola",895,5,59.6666666666667,15,c(9.19293, 45.4885),2.51941389094573,2.7401330098552,44.1
127541714,"2","Autonomo","Centro","Brera",945,5,6.84782608695652,22.08,c(9.18437, 45.472),2.54133375644518,2.74207248899046,52.8
127132825,"1","Autonomo","Pasteur, Rovereto","Pasteur",840,5,56,15,c(9.21822, 45.4867),3.97082044338666,7.07190892278232,18.7
127541876,"3+","Autonomo","Navigli","Bocconi",1245,5,9.88095238095238,20.16,c(9.19124, 45.4508),10.2721212543707,0.698150760038441,67.4
127462752,"2","Autonomo","Solari, Washington","Solari",995,5,7.31617647058824,21.76,c(9.1671, 45.459),2.48581914767055,1.48154780800188,80.9
127356423,"2","Autonomo","Quadronno, Palestro, Guastalla","Guastalla",975,5,6.09375,25.6,c(9.20011, 45.463),5.963491290669,1.1190706386018,45.5
127326447,"1","Autonomo","Porta Vittoria, Lodi","Lodi - Brenta",905,3,13.1159420289855,18.4,c(9.21598, 45.4444),4.19450019010156,11.4865781073675,64.2
127570514,"2","Autonomo","Porta Venezia, Indipendenza","Indipendenza",885,5,7.19512195121951,19.68,c(9.2113, 45.4719),8.14939765937101,0.983751713224593,22.3
127384669,"1","Autonomo","Porta Romana, Cadore, Montenero","Montenero",1035,5,12.9375,12.8,c(9.20744, 45.4613),11.4561120843889,0.765238557760132,40.7
127317455,"2","Autonomo","Quadronno, Palestro, Guastalla","Quadronno - Crocetta",1045,5,7.79850746268657,21.44,c(9.1986, 45.4542),5.15051825578097,3.13605452417075,58.1
127303751,"1","Autonomo","Città Studi, Susa","Città Studi",920,4,11.219512195122,16.4,c(9.22494, 45.4831),3.91364280735605,6.9560878413112,7.9
127275165,"2","Autonomo","Cenisio, Sarpi, Isola","Isola",925,5,9.15841584158416,16.16,c(9.18681, 45.4872),5.5126523901396,3.36085121485977,47.8
127169351,"2","Autonomo","Pasteur, Rovereto","Pasteur",875,5,58.3333333333333,15,c(9.21404, 45.4874),4.32157164493509,2.10216373883025,21.4
127602304,"3","Autonomo","Genova, Ticinese","Ticinese",1035,5,7.5,22.08,c(9.17809, 45.4555),6.22669486089283,4.09403465297629,72.3
127384551,"3","Autonomo","Genova, Ticinese","Ticinese",945,5,6.84782608695652,22.08,c(9.17809, 45.4555),6.22669486089283,4.09403465297629,72.3
127317449,"2","Autonomo","Porta Vittoria, Lodi","Lodi - Brenta",960,5,10.6666666666667,14.4,c(9.21396, 45.4485),4.9123198670162,6.57230383237243,54
127513598,"1","Autonomo","Centro","Missori",900,4,60,15,c(9.18969, 45.4584),2.72422398178252,2.96570546754967,59.9
127646764,"2","Autonomo","Centrale, Repubblica","Morgagni",930,5,6.59574468085106,22.56,c(9.21442, 45.4734),10.5672177174255,0.321562578231493,17.5
127414873,"1","Autonomo","Arco della Pace, Arena, Pagano","Vincenzo Monti",990,4,66,15,c(9.17372, 45.4658),5.38201740330906,0.983423146710236,67.5
127356455,"2","Autonomo","Centrale, Repubblica","Repubblica",980,5,6.90140845070423,22.72,c(9.20009, 45.4778),3.86223980603109,1.77155919725895,35
127602298,"2","Autonomo","Solari, Washington","Solari",995,5,7.31617647058824,21.76,c(9.1671, 45.459),2.48581914767055,1.48154780800188,80.9
127504604,"2","Autonomo","Quadronno, Palestro, Guastalla","Quadronno - Crocetta",990,5,5.92814371257485,20,c(9.20199, 45.4535),3.71769706839019,3.34248871295878,54.1
127355675,"1","Autonomo","Corvetto, Rogoredo","Corvetto",850,4,12.1428571428571,14,c(9.21977, 45.4413),2.96775297526474,15.6319268441753,64.1
127232193,"2","Autonomo","Porta Vittoria, Lodi","Lodi - Brenta",930,5,10.3333333333333,14.4,c(9.21396, 45.4485),4.9123198670162,6.57230383237243,54
127504722,"2","Autonomo","Porta Romana, Cadore, Montenero","Porta Romana - Medaglie d'Oro",1045,5,11.6111111111111,14.4,c(9.20709, 45.4491),5.96497845812075,6.95832816810857,55.7
127463050,"1","Autonomo","Città Studi, Susa","Città Studi",890,5,8.09090909090909,17.6,c(9.23671, 45.482),4.4515155157691,0.95291185133822,12.7
127384667,"2","Autonomo","Ripamonti, Vigentino","Ripamonti - Fondazione Prada",885,4,10.1724137931035,17.4,c(9.19239, 45.4429),19.9505283277211,7.98377931804321,77.3
127303639,"2","Autonomo","Cenisio, Sarpi, Isola","Isola",935,5,62.3333333333333,15,c(9.19293, 45.4885),2.51941389094573,2.7401330098552,44.1
127303621,"2","Autonomo","Porta Romana, Cadore, Montenero","Porta Romana - Medaglie d'Oro",995,5,9.04545454545454,17.6,c(9.1979, 45.451),6.53907824298527,0.940751804184616,61.7
127541530,"1","Autonomo","Garibaldi, Moscova, Porta Nuova","Turati",975,5,7.44274809160305,20.96,c(9.18877, 45.4754),6.11072005777783,7.35509863273723,49.8
127462892,"2","Autonomo","Udine, Lambrate","Udine",840,5,56,15,c(9.23447, 45.4901),3.73788698681335,9.53185929754807,22.9
127462882,"1","Autonomo","Garibaldi, Moscova, Porta Nuova","Turati",995,3,16.5833333333333,20,c(9.18958, 45.4767),6.38961386211181,6.40551130258444,48.4
127355669,"2","Autonomo","Fiera, Sempione, City Life, Portello","Monte Rosa - Lotto",855,5,57,15,c(9.15044, 45.4766),5.07745521869443,11.8510857158179,53.4
127274869,"1","Autonomo","Porta Vittoria, Lodi","Martini - Insubria",900,1,60,15,c(9.22187, 45.455),19.6551740063514,3.2164302002734,41.3
127232215,"2","Autonomo","Cenisio, Sarpi, Isola","Isola",925,5,9.15841584158416,16.16,c(9.18681, 45.4872),5.5126523901396,3.36085121485977,47.8
127463042,"2","Autonomo","Solari, Washington","Solari",995,5,7.31617647058824,21.76,c(9.1671, 45.459),2.48581914767055,1.48154780800188,80.9
127317627,"2","Autonomo","Città Studi, Susa","Argonne - Corsica",890,4,59.3333333333333,15,c(9.22762, 45.4676),3.43879189639283,5.80597253433425,18.3
127275107,"2","Autonomo","Porta Romana, Cadore, Montenero","Porta Romana - Medaglie d'Oro",1045,5,9.5,17.6,c(9.1979, 45.451),6.53907824298527,0.940751804184616,61.7
127646714,"1","Autonomo","Città Studi, Susa","Città Studi",870,5,7.90909090909091,17.6,c(9.23671, 45.482),4.4515155157691,0.95291185133822,12.7
127462646,"3+","Autonomo","Navigli","Bocconi",1345,5,6.5609756097561,20,c(9.19124, 45.4508),10.2721212543707,0.698150760038441,67.4
127414695,"3+","Autonomo","Navigli","Bocconi",960,5,64,15,c(9.18768, 45.452),7.66193856982506,0.794813148439568,68.1
127414689,"1","Autonomo","Porta Romana, Cadore, Montenero","Montenero",1030,5,11.8390804597701,13.92,c(9.20963, 45.4613),11.6704334258243,2.32986878530755,39
127356407,"1","Autonomo","Affori, Bovisa","Affori",890,3,14.8333333333333,20,c(9.17132, 45.5174),7.42753750116656,24.9153411402274,37.1
127303569,"3","Autonomo","Centro","Missori",935,5,5.08152173913043,20,c(9.19115, 45.4577),4.0153797190989,1.78824528486369,57.6
127201245,"2","Autonomo","Porta Romana, Cadore, Montenero","Porta Romana - Medaglie d'Oro",995,5,9.04545454545454,17.6,c(9.1979, 45.451),6.53907824298527,0.940751804184616,61.7
127513678,"2","Autonomo","Navigli","Bocconi",1245,4,13.8333333333333,20,c(9.19128, 45.4509),10.1254690998657,0.700576712550855,67.4
127462770,"3","Autonomo","Quadronno, Palestro, Guastalla","Guastalla",970,5,64.6666666666667,15,c(9.19848, 45.4613),6.90870739297352,2.30743577544328,48.8
127570170,"2","Autonomo","Porta Venezia, Indipendenza","Indipendenza",885,5,7.19512195121951,19.68,c(9.2113, 45.4719),8.14939765937101,0.983751713224593,22.3
127490378,"3","Autonomo","Quadronno, Palestro, Guastalla","Guastalla",950,5,63.3333333333333,15,c(9.19848, 45.4613),6.90870739297352,2.30743577544328,48.8
127132875,"3","Autonomo","Quadronno, Palestro, Guastalla","Guastalla",970,5,64.6666666666667,15,c(9.19848, 45.4613),6.90870739297352,2.30743577544328,48.8
127541864,"2","Autonomo","Centrale, Repubblica","Morgagni",845,5,6.1231884057971,22.08,c(9.21682, 45.4753),11.3089551442317,2.95023894380848,15.5
127384629,"2","Autonomo","Porta Romana, Cadore, Montenero","Porta Romana - Medaglie d'Oro",1055,5,7.64492753623188,22.08,c(9.19951, 45.4512),4.54625602825532,1.13807260509181,60.4
127317601,"2","Autonomo","Porta Venezia, Indipendenza","Indipendenza",920,5,6.96969696969697,21.12,c(9.21677, 45.4706),4.94645688659933,4.45407939358246,19.3
127275157,"2","Autonomo","Genova, Ticinese","Ticinese",1080,5,7.71428571428571,22.4,c(9.17971, 45.4533),7.67731662020399,0.736799654651226,72.8
127602404,"1","Autonomo","Abbiategrasso, Chiesa Rossa","Pezzotti - Meda",875,5,9.72222222222222,14.4,c(9.17651, 45.4433),10.7736287115959,3.04408451189785,88.5
127504676,"3","Autonomo","Centro","Missori",935,5,5.08152173913043,20,c(9.19115, 45.4577),4.0153797190989,1.78824528486369,57.6
127326357,"1","Autonomo","Porta Romana, Cadore, Montenero","Porta Romana - Medaglie d'Oro",1065,3,16.3846153846154,20,c(9.20338, 45.4498),3.01154910028345,3.10440549652631,58.7
127317711,"2","Autonomo","Porta Romana, Cadore, Montenero","Montenero",1100,5,9.16666666666667,19.2,c(9.20531, 45.4567),9.31512599109073,1.41228378972935,47.9
127275207,"2","Autonomo","Navigli","Navigli - Darsena",880,4,9.56521739130435,18.4,c(9.17664, 45.4468),12.1309231579898,3.62957627202705,83.9
127355553,"3","Autonomo","Quadronno, Palestro, Guastalla","Guastalla",950,5,63.3333333333333,15,c(9.19848, 45.4613),6.90870739297352,2.30743577544328,48.8
127326443,"1","Autonomo","Cenisio, Sarpi, Isola","Isola",875,4,9.21052631578947,19,c(9.20056, 45.4895),0.66958566042821,4.16244485783313,35
127303617,"3","Autonomo","Porta Romana, Cadore, Montenero","Montenero",1035,5,5.175,20,c(9.20484, 45.4572),10.0214496236576,1.03650164677929,47.8
127303623,"3","Autonomo","Abbiategrasso, Chiesa Rossa","Pezzotti - Meda",975,5,5.41666666666667,20,c(9.1836, 45.4441),19.4076209467479,0.716581664600145,82.2
127646874,"3+","Autonomo","Affori, Bovisa","Dergano",945,5,63,15,c(9.1821, 45.5012),7.05211269181468,6.73621399608233,33.9
127462880,"2","Autonomo","Navigli","Ascanio Sforza",955,4,8.30434782608696,23,c(9.17953, 45.4482),14.065868199827,0.758457716081964,79.9
127541550,"2","Autonomo","Famagosta, Barona","Giambellino",1020,4,12.75,16,c(9.15228, 45.4488),9.91672348527061,3.43154020838743,98.9
127275213,"2","Autonomo","Centrale, Repubblica","Morgagni",950,5,6.73758865248227,22.56,c(9.21442, 45.4734),10.5672177174255,0.321562578231493,17.5
127232201,"1","Autonomo","Porta Romana, Cadore, Montenero","Porta Romana - Medaglie d'Oro",1065,3,16.3846153846154,20,c(9.20338, 45.4498),3.01154910028345,3.10440549652631,58.7
127570056,"3+","Autonomo","Navigli","Bocconi",945,5,63,15,c(9.18768, 45.452),7.66193856982506,0.794813148439568,68.1
127121147,"1","Autonomo","Corvetto, Rogoredo","Corvetto",850,4,12.1428571428571,14,c(9.21977, 45.4413),2.96775297526474,15.6319268441753,64.1
127541562,"2","Autonomo","Centro","Sant'Ambrogio",885,5,8.04545454545454,17.6,c(9.17645, 45.4602),2.19623687032616,3.18634640044841,68.3
127462732,"2","Autonomo","Navigli","Bocconi",990,5,7.07142857142857,22.4,c(9.19392, 45.4503),10.5483795352505,1.11192660705073,66.3
127414877,"2","Autonomo","Città Studi, Susa","Città Studi",885,4,59,15,c(9.22417, 45.4761),8.34428133244927,0.36723133494195,6.1
127356431,"2","Autonomo","Centrale, Repubblica","Repubblica",970,5,6.83098591549296,22.72,c(9.20009, 45.4778),3.86223980603109,1.77155919725895,35
127355593,"2","Autonomo","Cenisio, Sarpi, Isola","Isola",895,5,59.6666666666667,15,c(9.19293, 45.4885),2.51941389094573,2.7401330098552,44.1
127094287,"1","Autonomo","Porta Romana, Cadore, Montenero","Montenero",1035,5,12.9375,12.8,c(9.20744, 45.4613),11.4561120843889,0.765238557760132,40.7
127356263,"1","Autonomo","Cenisio, Sarpi, Isola","Farini",1205,1,80.3333333333333,15,c(9.17548, 45.4953),12.351304069178,0.285679128536007,27
127570216,"2","Autonomo","Centro","Sant'Ambrogio",885,5,8.04545454545454,17.6,c(9.17645, 45.4602),2.19623687032616,3.18634640044841,68.3
127355555,"3+","Autonomo","Navigli","Bocconi",1245,5,6.62234042553191,20,c(9.19124, 45.4508),10.2721212543707,0.698150760038441,67.4
127355549,"2","Autonomo","Solari, Washington","Solari",900,5,7.08661417322835,20.32,c(9.16704, 45.4596),2.51811681810791,1.26176913679865,80.6
127646568,"1","Autonomo","Pasteur, Rovereto","Pasteur",840,5,56,15,c(9.21822, 45.4867),3.97082044338666,7.07190892278232,18.7
127541508,"2","Autonomo","Genova, Ticinese","Ticinese",850,5,5.94405594405594,22.88,c(9.18524, 45.4555),4.1918334483366,2.65399910178436,65.6
127317623,"2","Autonomo","Navigli","Navigli - Darsena",935,5,6.67857142857143,22.4,c(9.16227, 45.4473),9.06041554848445,3.24204698437229,93.8
127304017,"2","Autonomo","Cenisio, Sarpi, Isola","Isola",935,5,62.3333333333333,15,c(9.19293, 45.4885),2.51941389094573,2.7401330098552,44.1
127513806,"3","Autonomo","Abbiategrasso, Chiesa Rossa","Pezzotti - Meda",965,5,5.36111111111111,20,c(9.1836, 45.4441),19.4076209467479,0.716581664600145,82.2
127504728,"2","Autonomo","Porta Venezia, Indipendenza","Indipendenza",850,5,6.91056910569106,19.68,c(9.2113, 45.4719),8.14939765937101,0.983751713224593,22.3
127541886,"3","Autonomo","Genova, Ticinese","Ticinese",860,5,6.23188405797101,22.08,c(9.17809, 45.4555),6.22669486089283,4.09403465297629,72.3
127275175,"3+","Autonomo","Navigli","Bocconi",1245,5,9.88095238095238,20.16,c(9.19124, 45.4508),10.2721212543707,0.698150760038441,67.4
127415063,"2","Autonomo","Quadronno, Palestro, Guastalla","Quadronno - Crocetta",990,5,5.92814371257485,20,c(9.20199, 45.4535),3.71769706839019,3.34248871295878,54.1
127646712,"2","Autonomo","Solari, Washington","Solari",995,5,7.31617647058824,21.76,c(9.1671, 45.459),2.48581914767055,1.48154780800188,80.9
127504466,"1","Autonomo","Cenisio, Sarpi, Isola","Zara",1045,1,43.5416666666667,24,c(9.18968, 45.4956),6.42215376088594,5.27616997439537,43.8
127490362,"1","Autonomo","Genova, Ticinese","Corso Genova",1025,5,9.95145631067961,16.48,c(9.17417, 45.4568),5.63235439020527,1.59820919158097,72.5
127317441,"2","Autonomo","Arco della Pace, Arena, Pagano","Pagano",945,5,6.34228187919463,23.84,c(9.15804, 45.4719),4.20019135626343,8.8869885338139,63.1
127570118,"2","Autonomo","Navigli","Navigli - Darsena",840,5,56,15,c(9.16878, 45.4509),2.07332666237627,0.157043477024769,82.5
127541698,"2","Autonomo","Genova, Ticinese","Corso Genova",870,5,5.54140127388535,25.12,c(9.17012, 45.4582),0.786907842593028,1.87363955822676,76.7
127356337,"2","Autonomo","Udine, Lambrate","Udine",850,5,56.6666666666667,15,c(9.23447, 45.4901),3.73788698681335,9.53185929754807,22.9
127356121,"1","Autonomo","Affori, Bovisa","Affori",890,3,14.8333333333333,20,c(9.17132, 45.5174),7.42753750116656,24.9153411402274,37.1
127570112,"2","Autonomo","Abbiategrasso, Chiesa Rossa","Pezzotti - Meda",965,5,8.39130434782609,18.4,c(9.17651, 45.4433),10.7736287115959,3.04408451189785,88.5
127504758,"2","Autonomo","Quadronno, Palestro, Guastalla","Guastalla",975,5,6.09375,25.6,c(9.20011, 45.463),5.963491290669,1.1190706386018,45.5
127169331,"2","Autonomo","Quadronno, Palestro, Guastalla","Quadronno - Crocetta",990,5,5.92814371257485,20,c(9.20199, 45.4535),3.71769706839019,3.34248871295878,54.1
126077877,"3","Assente","Abbiategrasso, Chiesa Rossa","Pezzotti - Meda",850,5,17,20,c(9.1806, 45.4418),16.090671697818,2.40468135770713,88.1
120315958,"3","Assente","Quadronno, Palestro, Guastalla","Palestro",900,5,75,12,c(9.2007, 45.4643),4.69384322807247,3.419180229987,44.6
123257775,"2","Assente","Centro","Duomo",900,4,5.29411764705882,20,c(9.1808, 45.4657),5.04949392138855,0.618810041421077,59.5
120306168,"3","Assente","Quadronno, Palestro, Guastalla","Palestro",1000,5,55.5555555555556,18,c(9.2007, 45.4643),4.69384322807247,3.419180229987,44.6
126780629,"3","Assente","Genova, Ticinese","Ticinese",900,4,36,25,c(9.1826, 45.4528),7.72176616425524,1.48588267556967,72.1
120400782,"1","Assente","Ponte Lambro, Santa Giulia","Ponte Lambro",1100,2,13.75,20,c(9.2652, 45.4414),23.9379658665674,15.7289047143646,80.9
127037855,"1","Assente","Genova, Ticinese","Ticinese",900,4,9.27835051546392,19.4,c(9.1842, 45.4529),7.81370037543528,1.54416726135999,70.4
127038331,"1","Assente","Genova, Ticinese","Ticinese",900,4,9.27835051546392,19.4,c(9.1842, 45.4529),7.81370037543528,1.54416726135999,70.4
124542355,"3","Assente","Solari, Washington","Dezza",850,5,6.2962962962963,21.6,c(9.162, 45.462),6.19269978389281,2.01663340331537,80.2
127039067,"1","Assente","Genova, Ticinese","Ticinese",900,4,9.27835051546392,19.4,c(9.1842, 45.4529),7.81370037543528,1.54416726135999,70.4
126752241,"2","Assente","Navigli","Bocconi",1150,3,17.6923076923077,20,c(9.1898, 45.4481),14.461597213896,4.99920871092924,71.4
127526838,"2","Assente","Abbiategrasso, Chiesa Rossa","Pezzotti - Meda",1000,4,13.3333333333333,20,c(9.1829, 45.4415),18.9437678432429,0.479676973642607,86.7
127023873,NA,"Assente","Napoli, Soderini","Piazza Napoli",850,3,15.4545454545455,20,c(9.1525, 45.4506),7.6169086712526,2.23617965222489,96.3
122828180,"2","Assente","Città Studi, Susa","Plebisciti - Susa",950,4,47.5,20,c(9.2253, 45.4641),6.87035767159724,3.42637766259754,25.3
126223111,"1","Assente","Napoli, Soderini","Tripoli - Soderini",850,2,34,25,c(9.1431, 45.4565),7.76700593279768,12.0707150079063,89.4
125880681,"1","Assente","Napoli, Soderini","Tripoli - Soderini",850,2,36.9565217391304,23,c(9.1431, 45.4565),7.76700593279768,12.0707150079063,89.4
126207375,"2","Assente","Porta Romana, Cadore, Montenero","Porta Romana - Medaglie d'Oro",850,4,6.8,25,c(9.21, 45.4477),1.79121160611956,10.4924657255764,56.5
126200847,"1","Autonomo","Genova, Ticinese","Ticinese",850,5,12.1428571428571,11.2,c(9.1835, 45.4521),9.01043577288037,0.215815866461207,71.9
127359345,"1","Assente","Genova, Ticinese","Ticinese",900,3,69.2307692307692,13,c(9.1782, 45.4533),8.6642419777115,2.12901262371373,74.4
125375269,"1","Assente","Centrale, Repubblica","Centrale",2000,3,15.3846153846154,20,c(9.2088, 45.4883),5.24508079315025,4.70045183332784,26.1
121798258,"2","Assente","Navigli","Corso San Gottardo",1000,3,71.4285714285714,14,c(9.1809, 45.4489),14.6190788991576,1.47276938456943,77.6
127531874,"1","Assente","Città Studi, Susa","Città Studi",900,3,11.25,21.3333333333333,c(9.218, 45.477),10.3709872163395,4.99547123494545,12.2
127531630,"1","Assente","Città Studi, Susa","Città Studi",900,3,11.25,21.3333333333333,c(9.218, 45.477),10.3709872163395,4.99547123494545,12.2
111563489,"1","Assente","Città Studi, Susa","Città Studi",850,3,10.8974358974359,20.8,c(9.2293, 45.4849),7.7279349347462,8.18367201895105,11.3
123842835,"1","Assente","Napoli, Soderini","Piazza Napoli",1290,1,16.125,20,c(9.1537, 45.4507),8.07757851974796,2.59891426528069,95.3
127504844,"3+","Autonomo","Navigli","Bocconi",1245,5,6.16336633663366,20,c(9.19124, 45.4508),10.2721212543707,0.698150760038441,67.4
127317567,"2","Autonomo","Cenisio, Sarpi, Isola","Isola",890,5,7.41666666666667,19.2,c(9.19016, 45.4891),2.92602064440627,1.32602629222736,46.8
127462724,"3","Autonomo","Quadronno, Palestro, Guastalla","Guastalla",1105,5,73.6666666666667,15,c(9.20061, 45.4629),6.43081962638203,0.99042431713055,45
127569738,"1","Autonomo","Centrale, Repubblica","Repubblica",900,3,60,15,c(9.20026, 45.4801),3.05181721916856,3.53885215498727,34.4
127541608,"3+","Autonomo","Navigli","Bocconi",1245,5,6.16336633663366,20,c(9.19124, 45.4508),10.2721212543707,0.698150760038441,67.4
127275297,"3+","Autonomo","Navigli","Bocconi",1345,5,9.53900709219858,22.56,c(9.19124, 45.4508),10.2721212543707,0.698150760038441,67.4
127141339,"2","Autonomo","Quadronno, Palestro, Guastalla","Guastalla",1095,5,9.125,19.2,c(9.19841, 45.4621),6.80106644044457,1.02762599356131,47.6
127570188,"1","Autonomo","Navigli","Corso San Gottardo",930,3,14.3076923076923,20,c(9.18148, 45.4492),14.0211145079354,2.18900019502219,76.8
127201219,"2","Autonomo","Centrale, Repubblica","Buenos Aires",1140,3,76,15,c(9.21101, 45.481),1.1161774377304,5.7879554153277,19.9
127602306,"3+","Autonomo","Navigli","Bocconi",1245,5,8.08441558441558,24.64,c(9.19124, 45.4508),10.2721212543707,0.698150760038441,67.4
127384287,"2","Autonomo","Centrale, Repubblica","Buenos Aires",1140,3,76,15,c(9.21101, 45.481),1.1161774377304,5.7879554153277,19.9
127355543,"2","Assente","Porta Vittoria, Lodi","Martini - Insubria",870,4,9.66666666666667,18,c(9.21808, 45.453),13.9865599083759,2.81930789473475,46.6
127513960,"2","Assente","Centro","Sant'Ambrogio",1300,3,8.9041095890411,20,c(9.17515, 45.4647),4.59217148754461,2.00068645842826,67
127462622,"1","Assente","Affori, Bovisa","Affori",860,4,10.75,16,c(9.17903, 45.5114),7.19894766721037,13.7320052221756,34.4
127504610,"3+","Autonomo","Navigli","Bocconi",1245,5,8.08441558441558,24.64,c(9.19124, 45.4508),10.2721212543707,0.698150760038441,67.4
127570100,"3","Assente","Porta Romana, Cadore, Montenero","Cadore",1050,5,8.75,19.2,c(9.21164, 45.4593),15.6426627318075,5.12920272652367,40.7
127570022,"3+","Assente","San Siro, Trenno","QT8",860,5,5.73333333333333,24,c(9.13773, 45.4841),3.41571243530829,14.5514159255184,47.9
127414927,"2","Assente","Navigli","Navigli - Darsena",845,4,56.3333333333333,15,c(9.17094, 45.4527),2.25497473309275,0.940695832319268,80
127513754,"3","Assente","San Siro, Trenno","San Carlo",890,5,8.72549019607843,16.32,c(9.10837, 45.4619),12.5644815675081,30.3994474977113,103.3
127504690,"1","Autonomo","Famagosta, Barona","Famagosta",950,3,12.1794871794872,20.8,c(9.17355, 45.4399),8.42153515257274,6.16585972318295,95.7
127326333,"1","Autonomo","Abbiategrasso, Chiesa Rossa","Pezzotti - Meda",850,5,9.44444444444444,14.4,c(9.17651, 45.4433),10.7736287115959,3.04408451189785,88.5
127541502,"3+","Assente","San Siro, Trenno","QT8",860,5,5.73333333333333,24,c(9.13773, 45.4841),3.41571243530829,14.5514159255184,47.9
127541578,"3","Assente","Porta Romana, Cadore, Montenero","Cadore",950,5,7.91666666666667,19.2,c(9.21164, 45.4593),15.6426627318075,5.12920272652367,40.7
127602372,"3","Assente","Porta Romana, Cadore, Montenero","Cadore",950,5,7.91666666666667,19.2,c(9.21164, 45.4593),15.6426627318075,5.12920272652367,40.7
127326119,"1","Autonomo","Famagosta, Barona","Famagosta",950,3,12.1794871794872,20.8,c(9.17355, 45.4399),8.42153515257274,6.16585972318295,95.7
127646904,"2","Assente","Navigli","Bocconi",950,4,9.5,20,c(9.18755, 45.4497),11.6428041118589,2.82280568764764,72.3
127384737,"1","Autonomo","Famagosta, Barona","Famagosta",860,3,12.8358208955224,17.8666666666667,c(9.17508, 45.4405),10.5366028008484,4.3627197425366,93.2
127414749,"2","Assente","Porta Vittoria, Lodi","Martini - Insubria",895,4,9.94444444444444,18,c(9.21808, 45.453),13.9865599083759,2.81930789473475,46.6
127414649,"3+","Assente","San Siro, Trenno","QT8",855,5,5.7,24,c(9.13773, 45.4841),3.41571243530829,14.5514159255184,47.9
127602152,"1","Autonomo","Solari, Washington","Vercelli - Wagner",840,4,9.33333333333333,18,c(9.15496, 45.4686),1.42381715824207,2.9441790629882,67
127317523,"3","Assente","Porta Romana, Cadore, Montenero","Cadore",1100,5,9.16666666666667,19.2,c(9.21164, 45.4593),15.6426627318075,5.12920272652367,40.7
127646748,"3+","Assente","San Siro, Trenno","QT8",850,5,5.66666666666667,24,c(9.13773, 45.4841),3.41571243530829,14.5514159255184,47.9
127513600,"1","Autonomo","Solari, Washington","Vercelli - Wagner",840,4,9.33333333333333,18,c(9.15496, 45.4686),1.42381715824207,2.9441790629882,67
127141321,"1","Autonomo","Solari, Washington","Vercelli - Wagner",840,4,9.33333333333333,18,c(9.15496, 45.4686),1.42381715824207,2.9441790629882,67
126915577,"1","Autonomo","Solari, Washington","Washington",930,3,10.3333333333333,24,c(9.15286, 45.4611),9.98313814635415,10.3070534058036,80
127326121,"2","Autonomo","Città Studi, Susa","Plebisciti - Susa",840,5,6.46153846153846,20.8,c(9.2235, 45.4648),5.88148805744121,4.59057917704108,23.6
127513822,"1","Autonomo","Garibaldi, Moscova, Porta Nuova","Turati",975,5,7.44274809160305,20.96,c(9.18877, 45.4754),6.11072005777783,7.35509863273723,49.8
127326159,"3+","Autonomo","Udine, Lambrate","Ortica",890,5,59.3333333333333,15,c(9.2482, 45.4691),15.5529500517421,13.3956606106002,37
127513868,"3","Autonomo","Abbiategrasso, Chiesa Rossa","Pezzotti - Meda",980,5,5.44444444444444,20,c(9.1836, 45.4441),19.4076209467479,0.716581664600145,82.2
127414713,"3+","Autonomo","Udine, Lambrate","Ortica",920,5,61.3333333333333,15,c(9.2482, 45.4691),15.5529500517421,13.3956606106002,37
127384703,"2","Autonomo","Porta Romana, Cadore, Montenero","Cadore",915,5,8.79807692307692,16.64,c(9.21334, 45.459),16.7987849505509,5.68223378983256,39
127384275,"2","Assente","Solari, Washington","Vercelli - Wagner",1200,3,8,20,c(9.1645, 45.4664),3.22090954638276,0.367633513681664,73.1
127513596,"1","Assente","Navigli","Navigli - Darsena",900,3,10.5882352941177,22.6666666666667,c(9.1775, 45.4509),10.1189773949264,3.04105841738255,77.8
127504574,"1","Autonomo","Abbiategrasso, Chiesa Rossa","Pezzotti - Meda",905,5,7.1259842519685,20.32,c(9.17651, 45.4433),10.7736287115959,3.04408451189785,88.5
127274905,"3+","Autonomo","Udine, Lambrate","Ortica",1010,5,67.3333333333333,15,c(9.2482, 45.4691),15.5529500517421,13.3956606106002,37
127326399,"2","Autonomo","Città Studi, Susa","Città Studi",900,4,60,15,c(9.22398, 45.4796),2.67357667152323,2.30751477443065,4.3
127602526,"2","Autonomo","Centrale, Repubblica","Morgagni",950,5,63.3333333333333,15,c(9.21442, 45.4734),10.5672177174255,0.321562578231493,17.5
127602236,"1","Assente","Ripamonti, Vigentino","Vigentino - Fatima",850,4,8.76288659793815,19.4,c(9.19396, 45.4372),23.8180822581293,8.15147834957223,86.2
127570490,"1","Autonomo","Uptown, Cascina Merlata, Viale Certosa","Certosa",840,3,14,20,c(9.14415, 45.4947),17.3852782785992,1.14376714875053,23.1
127355927,"1","Autonomo","Famagosta, Barona","Famagosta",950,3,12.1794871794872,20.8,c(9.17355, 45.4399),8.42153515257274,6.16585972318295,95.7
127514054,"2","Autonomo","Centrale, Repubblica","Morgagni",950,5,63.3333333333333,15,c(9.21442, 45.4734),10.5672177174255,0.321562578231493,17.5
127570094,"1","Autonomo","Uptown, Cascina Merlata, Viale Certosa","Certosa",840,3,14,20,c(9.14415, 45.4947),17.3852782785992,1.14376714875053,23.1
127513900,"2","Autonomo","Città Studi, Susa","Città Studi",880,5,58.6666666666667,15,c(9.22527, 45.4815),1.12128042397379,4.23946758426185,5.7
127384751,"2","Autonomo","Porta Venezia, Indipendenza","Porta Venezia",845,5,56.3333333333333,15,c(9.21385, 45.4732),10.382636248612,0.539229865059051,18.6
127569996,"1","Assente","Ripamonti, Vigentino","Vigentino - Fatima",850,4,8.76288659793815,19.4,c(9.19396, 45.4372),23.8180822581293,8.15147834957223,86.2
127136203,"1","Centralizzato","Famagosta, Barona","Tre Castelli - Faenza",950,1,47.5,20,c(9.13906, 45.4438),11.0278798325735,0.892126124997408,114.5
126041975,"1","Assente","Città Studi, Susa","Città Studi",850,1,47.2222222222222,18,c(9.2202, 45.482),6.48025423080768,8.43218384673131,10.1
127138783,"1","Centralizzato","Porta Romana, Cadore, Montenero","Porta Romana - Medaglie d'Oro",1055,1,70.3333333333333,15,c(9.1994, 45.4509),4.77156559261176,1.16534058799138,60.3
126037989,"1","Centralizzato","Centro","Carrobbio",990,1,55,18,c(9.1847, 45.4581),3.00977287428862,4.13678810382082,62.7
126038069,"1","Centralizzato","Napoli, Soderini","Piazza Napoli",890,1,59.3333333333333,15,c(9.1541, 45.4522),5.57555517102491,0.412715215125828,92.3
127010063,"1","Centralizzato","Porta Venezia, Indipendenza","Indipendenza",1050,1,45.6521739130435,23,c(9.2147, 45.4646),7.45937942309214,4.11972081480379,29.5
125320303,"1","Autonomo","Centro","Carrobbio",866,1,43.3,20,c(9.1841, 45.4576),1.98960714190694,3.8898645744309,64.9
125812275,"1","Centralizzato","Solari, Washington","Solari",990,1,70.7142857142857,14,c(9.1662, 45.455),6.43874108030474,2.21600442733662,82.5
126042899,"1","Autonomo","Centro","Carrobbio",844,1,60.2857142857143,14,c(9.1841, 45.4576),1.98960714190694,3.8898645744309,64.9
125812273,"1","Centralizzato","Solari, Washington","Solari",1040,1,74.2857142857143,14,c(9.1662, 45.455),6.43874108030474,2.21600442733662,82.5
125812291,"1","Centralizzato","Città Studi, Susa","Plebisciti - Susa",840,1,64.6153846153846,13,c(9.2235, 45.4649),5.71557261581916,4.76369243552654,23.4
127197717,"1","Centralizzato","Navigli","Bocconi",1310,1,100.769230769231,13,c(9.1927, 45.4509),9.9519730557734,1.23956688352423,67.1
126038037,"1","Autonomo","Centro","San Babila",1340,1,83.75,16,c(9.1983, 45.4675),1.72642469355074,8.08701947067789,39.3
126039051,"1","Autonomo","Centrale, Repubblica","Repubblica",980,1,98,10,c(9.2003, 45.4779),3.9205429946644,1.92292761595305,34.9
125812327,"1","Centralizzato","Cenisio, Sarpi, Isola","Cenisio",1040,1,65,16,c(9.1615, 45.4882),9.02777651579432,0.735000782430513,34.3
126038053,"1","Centralizzato","Centrale, Repubblica","Buenos Aires",1040,1,57.7777777777778,18,c(9.2113, 45.4809),1.02891478763302,6.18062873947731,19.9
125812329,"1","Centralizzato","Cenisio, Sarpi, Isola","Cenisio",890,1,89,10,c(9.1615, 45.4882),9.02777651579432,0.735000782430513,34.3
125812281,"1","Centralizzato","Navigli","Bocconi",990,1,99,10,c(9.1929, 45.4517),8.57236539767111,1.67120712980238,65.7
126037973,"1","Centralizzato","Porta Venezia, Indipendenza","Porta Venezia",940,1,62.6666666666667,15,c(9.2139, 45.4733),10.3797507587417,0.48559402592742,18.5
126042287,"1","Autonomo","Solari, Washington","Solari",990,1,39.6,25,c(9.1693, 45.4573),2.33418436699925,0.242769142122955,77.4
127091469,"1","Centralizzato","Navigli","Bocconi",1415,1,88.4375,16,c(9.1927, 45.4509),9.9519730557734,1.23956688352423,67.1
126039097,"1","Autonomo","Ripamonti, Vigentino","Vigentino - Fatima",840,1,33.6,25,c(9.2027, 45.4289),30.8285462323124,0.331519181779929,93.9
126038109,"1","Centralizzato","Centrale, Repubblica","Buenos Aires",1040,1,57.7777777777778,18,c(9.2149, 45.4839),1.31920398797858,6.60636866059629,17.2
126037365,"1","Centralizzato","Ponte Lambro, Santa Giulia","Santa Giulia",880,1,41.9047619047619,21,c(9.2472, 45.4316),11.670866067428,23.8427651882447,89.7
125812313,"1","Centralizzato","Genova, Ticinese","Ticinese",990,1,70.7142857142857,14,c(9.1838, 45.4534),6.8549056128818,2.30938398005978,69.7
125812311,"1","Centralizzato","Genova, Ticinese","Ticinese",1140,1,71.25,16,c(9.1838, 45.4534),6.8549056128818,2.30938398005978,69.7
126038007,"1","Autonomo","Città Studi, Susa","Plebisciti - Susa",890,1,55.625,16,c(9.2216, 45.4684),3.90619520357186,5.13753874740514,19.6
126037335,"1","Centralizzato","San Siro, Trenno","San Siro",850,1,65.3846153846154,13,c(9.1357, 45.4676),10.062417082738,11.9142374439268,70.7
125812279,"1","Centralizzato","Solari, Washington","Solari",990,1,70.7142857142857,14,c(9.1662, 45.455),6.43874108030474,2.21600442733662,82.5
125812331,"1","Centralizzato","Porta Vittoria, Lodi","Lodi - Brenta",990,1,70.7142857142857,14,c(9.215, 45.4429),4.30027529800971,14.3465004278863,65.7
119059955,"1","Centralizzato","Forlanini","Quartiere Forlanini",900,1,52.9411764705882,17,c(9.2406, 45.4618),0.440464328233033,3.0432421748595,37.5
126000235,"1","Autonomo","San Siro, Trenno","QT8",860,1,53.75,16,c(9.1376, 45.4842),3.21021362960628,14.7330556080768,47.8
126038027,"1","Autonomo","Centro","Borgogna - Largo Augusto",990,1,99,10,c(9.1984, 45.4639),3.72585493311889,2.24815885255724,45.3
126038055,"1","Centralizzato","Centrale, Repubblica","Buenos Aires",940,1,85.4545454545455,11,c(9.2113, 45.4809),1.02891478763302,6.18062873947731,19.9
127381535,"1","Autonomo","Centrale, Repubblica","Morgagni",899,1,89.9,10,c(9.2106, 45.4771),5.66191416137538,3.82724977263395,21.5
126037301,"1","Centralizzato","San Siro, Trenno","San Siro",850,1,65.3846153846154,13,c(9.1357, 45.4676),10.062417082738,11.9142374439268,70.7
126038077,"1","Centralizzato","Città Studi, Susa","Città Studi",890,1,74.1666666666667,12,c(9.222, 45.4746),11.5432200851139,1.28095099681341,10.2
126037895,"1","Centralizzato","Genova, Ticinese","Ticinese",850,1,56.6666666666667,15,c(9.184, 45.4558),3.08438660472558,4.11702417710398,66.5
126037971,"1","Centralizzato","Porta Venezia, Indipendenza","Porta Venezia",1180,1,53.6363636363636,22,c(9.2139, 45.4733),10.3797507587417,0.48559402592742,18.5
127118749,"1","Centralizzato","Navigli","Bocconi",1310,1,87.3333333333333,15,c(9.1927, 45.4509),9.9519730557734,1.23956688352423,67.1
126042317,"1","Autonomo","Solari, Washington","Solari",990,1,55,18,c(9.1693, 45.4573),2.33418436699925,0.242769142122955,77.4
124595557,"1","Centralizzato","Porta Vittoria, Lodi","Lodi - Brenta",840,1,60,14,c(9.215, 45.4429),4.30027529800971,14.3465004278863,65.7
126035983,"1","Centralizzato","Corvetto, Rogoredo","Corvetto",840,1,52.5,16,c(9.2235, 45.4406),0.392928317246566,17.3008510567455,62.6
125812285,"1","Centralizzato","Centro","Carrobbio",940,1,78.3333333333333,12,c(9.1847, 45.4581),3.00977287428862,4.13678810382082,62.7
126038023,"1","Centralizzato","Porta Venezia, Indipendenza","Porta Venezia",1040,1,35.8620689655172,20,c(9.2139, 45.4733),10.3797507587417,0.48559402592742,18.5
126042301,"1","Autonomo","Genova, Ticinese","San Vittore",990,1,49.5,20,c(9.1677, 45.4599),3.42250165554302,2.18653504731319,79.6
126037903,"1","Centralizzato","Genova, Ticinese","Corso Genova",840,1,70,12,c(9.1706, 45.4579),1.54689974462007,2.08656172041361,75.8
126037985,"1","Centralizzato","Napoli, Soderini","Piazza Napoli",1090,1,72.6666666666667,15,c(9.1541, 45.4522),5.57555517102491,0.412715215125828,92.3
127460340,"1","Centralizzato","Navigli","Bocconi",1415,1,128.636363636364,11,c(9.1927, 45.4509),9.9519730557734,1.23956688352423,67.1
126039047,"1","Autonomo","Centrale, Repubblica","Repubblica",970,1,97,10,c(9.2003, 45.4779),3.9205429946644,1.92292761595305,34.9
126037967,"1","Centralizzato","Famagosta, Barona","Giambellino",1090,1,45.4166666666667,24,c(9.1495, 45.4496),7.30424341323599,2.27249520105603,98.8
124565543,"1","Centralizzato","Affori, Bovisa","Bovisa",1200,1,133.333333333333,9,c(9.1632, 45.5015),21.1433125135472,3.06831740418835,9.7
126042275,"1","Autonomo","Arco della Pace, Arena, Pagano","Vincenzo Monti",965,1,80.4166666666667,12,c(9.1674, 45.4676),0.978422224432388,2.53633592304967,71.9
111725991,"1","Centralizzato","Famagosta, Barona","Giambellino",895,1,99.4444444444444,9,c(9.1438, 45.4487),5.75871045445754,0.631165458089566,100.5
126413357,"1","Centralizzato","Navigli","Bocconi",1310,1,93.5714285714286,14,c(9.1927, 45.4509),9.9519730557734,1.23956688352423,67.1
118700533,"1","Centralizzato","Porta Vittoria, Lodi","Lodi - Brenta",1250,1,62.5,20,c(9.2177, 45.4459),5.51828714332305,8.24906097429637,63.6
126038985,"1","Centralizzato","Bicocca, Niguarda","Ca' Granda",850,1,56.6666666666667,15,c(9.1987, 45.5056),4.09643580456179,2.18071393867069,56.5
127647036,"2","Autonomo","Centrale, Repubblica","Repubblica",875,4,58.3333333333333,15,c(9.20206, 45.4793),5.02770063921006,1.33603009989529,32.3
126511795,"1","Centralizzato","Porta Romana, Cadore, Montenero","Porta Romana - Medaglie d'Oro",1075,1,59.7222222222222,18,c(9.1994, 45.4509),4.77156559261176,1.16534058799138,60.3
126038079,"1","Centralizzato","Città Studi, Susa","Città Studi",840,1,70,12,c(9.222, 45.4746),11.5432200851139,1.28095099681341,10.2
121436036,"1","Centralizzato","Porta Vittoria, Lodi","Lodi - Brenta",870,1,96.6666666666667,9,c(9.215, 45.4429),4.30027529800971,14.3465004278863,65.7
126037299,"1","Centralizzato","San Siro, Trenno","San Siro",850,1,65.3846153846154,13,c(9.1357, 45.4676),10.062417082738,11.9142374439268,70.7
123156067,"1","Autonomo","Centrale, Repubblica","Centrale",890,1,44.5,20,c(9.1981, 45.4828),5.36457300219373,1.78172484092124,36.8
126042283,"1","Autonomo","Solari, Washington","Solari",940,1,40.8695652173913,23,c(9.1693, 45.4573),2.33418436699925,0.242769142122955,77.4
118700531,"1","Centralizzato","Porta Vittoria, Lodi","Lodi - Brenta",1000,1,50,20,c(9.2177, 45.4459),5.51828714332305,8.24906097429637,63.6
125820471,"1","Centralizzato","Navigli","Bocconi",990,1,82.5,12,c(9.1929, 45.4517),8.57236539767111,1.67120712980238,65.7
126038071,"1","Autonomo","Porta Vittoria, Lodi","Lodi - Brenta",890,1,68.4615384615385,13,c(9.2142, 45.4451),5.15914931613004,11.6379259282982,61.6
126038009,"1","Autonomo","Città Studi, Susa","Plebisciti - Susa",840,1,52.5,16,c(9.2216, 45.4684),3.90619520357186,5.13753874740514,19.6
126038135,"1","Centralizzato","Centrale, Repubblica","Buenos Aires",840,1,105,8,c(9.2149, 45.4839),1.31920398797858,6.60636866059629,17.2
126042467,"1","Autonomo","Precotto, Turro","Precotto",900,1,100,9,c(9.2216, 45.5125),3.58304043122935,2.58782614850339,57.4
125820469,"1","Centralizzato","Navigli","Bocconi",1090,1,49.5454545454545,22,c(9.1929, 45.4517),8.57236539767111,1.67120712980238,65.7
127569804,"3+","Autonomo","Udine, Lambrate","Lambrate",925,5,61.6666666666667,15,c(9.24519, 45.472),16.9171811152779,9.07848747050038,31.4
127303389,"3+","Autonomo","Udine, Lambrate","Lambrate",1010,5,67.3333333333333,15,c(9.24519, 45.472),16.9171811152779,9.07848747050038,31.4
127118739,"1","Centralizzato","Genova, Ticinese","Corso Genova",930,1,116.25,8,c(9.172, 45.4605),2.49107039381365,6.4122544922057,73.8
126042321,"1","Autonomo","Arco della Pace, Arena, Pagano","Vincenzo Monti",965,1,43.8636363636364,22,c(9.1674, 45.4676),0.978422224432388,2.53633592304967,71.9
122756628,"1","Centralizzato","Genova, Ticinese","Ticinese",1000,1,40,25,c(9.1842, 45.4524),8.63078791646226,0.74865946515469,70.7
126038029,"1","Autonomo","Solari, Washington","Vercelli - Wagner",890,1,63.5714285714286,14,c(9.155, 45.4686),1.4011798849573,2.95078502352728,67
125773285,"1","Centralizzato","Città Studi, Susa","Plebisciti - Susa",840,1,44.2105263157895,19,c(9.2235, 45.466),3.9328726333576,6.66864042051319,21.8
126037979,"1","Centralizzato","Centro","Carrobbio",890,1,80.9090909090909,11,c(9.1847, 45.4581),3.00977287428862,4.13678810382082,62.7
127303367,"1","Autonomo","Affori, Bovisa","Quarto Oggiaro",1110,1,74,15,c(9.13731, 45.5076),31.5828124142133,0.590251345878896,28.2
127118751,"1","Centralizzato","Navigli","Bocconi",1310,1,77.0588235294118,17,c(9.1927, 45.4509),9.9519730557734,1.23956688352423,67.1
126038041,"1","Centralizzato","Città Studi, Susa","Città Studi",890,1,63.5714285714286,14,c(9.22, 45.4802),6.51094988713562,7.23658329939183,8.9
126037597,"1","Assente","Famagosta, Barona","Famagosta",1020,1,72.8571428571429,14,c(9.1629, 45.4376),6.50322318786752,18.7655233949235,108.8
125820371,"1","Centralizzato","Ripamonti, Vigentino","Vigentino - Fatima",980,1,46.6666666666667,21,c(9.2012, 45.4335),25.8267291443824,0.880671269265928,86.4
126038001,"1","Centralizzato","Navigli","Bocconi",990,1,82.5,12,c(9.1929, 45.4517),8.57236539767111,1.67120712980238,65.7
127118753,"1","Centralizzato","Navigli","Bocconi",1310,1,81.875,16,c(9.1927, 45.4509),9.9519730557734,1.23956688352423,67.1
125812315,"1","Centralizzato","Genova, Ticinese","Ticinese",1090,1,90.8333333333333,12,c(9.1838, 45.4534),6.8549056128818,2.30938398005978,69.7
126041231,"1","Centralizzato","Navigli","Navigli - Darsena",880,1,48.8888888888889,18,c(9.1769, 45.4476),11.9751099709275,3.84000261385959,82.6
126038005,"1","Centralizzato","Navigli","Bocconi",990,1,82.5,12,c(9.1929, 45.4517),8.57236539767111,1.67120712980238,65.7
126021745,"1","Autonomo","Pasteur, Rovereto","Pasteur",1200,5,10,19.2,c(9.21949, 45.4898),2.0804798780172,5.11003070832255,22.4
87582048,"1","Centralizzato","Ripamonti, Vigentino","Vigentino - Fatima",500,4,5.55555555555556,18,c(9.19856, 45.4334),26.5725479009283,3.18617106023858,88.3
127004999,"2","Assente","Porta Romana, Cadore, Montenero","Cadore",900,4,8.18181818181818,22,c(9.2106, 45.4583),14.7944714910106,3.69291455246757,42
112148131,"3+","Centralizzato","Centro","Carrobbio",850,5,35.4166666666667,24,c(9.18419, 45.4596),4.53286443493924,2.28917805625983,61.4
120201568,"3+","Centralizzato","Centro","Carrobbio",850,5,35.4166666666667,24,c(9.18419, 45.4596),4.53286443493924,2.28917805625983,61.4
122319702,"1","Assente","Affori, Bovisa","Bovisa",1500,2,37.5,20,c(9.1635, 45.5054),19.0180232829415,5.48313614633199,12.1
124624957,"3","Assente","Arco della Pace, Arena, Pagano","Arena",1100,5,61.1111111111111,18,c(9.1807, 45.4784),5.0195824536036,0.390869595996944,57.5
75098576,"3+","Assente","Affori, Bovisa","Bovisa",850,5,35.4166666666667,24,c(9.168, 45.5012),15.9821886703615,3.84520841293371,16.1
112432069,"1","Assente","Pasteur, Rovereto","Pasteur",900,2,20,20,c(9.22, 45.4886),3.86109558847548,6.87698203102269,21.1
122073348,"2","Assente","Navigli","Navigli - Darsena",875,3,58.3333333333333,15,c(9.1761, 45.4476),11.2428957556663,4.72733842021881,83.5
126189451,"2","Assente","Centrale, Repubblica","Buenos Aires",850,2,53.125,16,c(9.2117, 45.4798),1.32228863724639,7.61427889745859,19.2
125435127,"2","Assente","Città Studi, Susa","Città Studi",950,4,7.91666666666667,24,c(9.2341, 45.4824),3.9966963903194,3.32448055007744,11.2
105930587,"2","Assente","Quadronno, Palestro, Guastalla","Guastalla",1100,5,55,20,c(9.2037, 45.4628),9.17855487180035,0.889439504239145,41.7
123776421,"2","Assente","Solari, Washington","Washington",1050,4,8.75,24,c(9.154, 45.4564),2.11989128105481,7.09058551377253,86.3
75637544,"1","Assente","Solari, Washington","Dezza",850,4,7.08333333333333,24,c(9.1643, 45.4606),2.67439324911272,1.07147030551379,81.9
113789397,"1","Assente","Porta Romana, Cadore, Montenero","Porta Romana - Medaglie d'Oro",975,3,13.9285714285714,20,c(9.2065, 45.4556),8.11283252131259,2.77624458342025,48.6
125929271,"2","Assente","Quadronno, Palestro, Guastalla","Guastalla",1000,5,66.6666666666667,15,c(9.2035, 45.4625),9.314247298585,0.325808285387398,42.3
126917355,"2","Autonomo","Quadronno, Palestro, Guastalla","Quadronno - Crocetta",1010,5,6.04790419161677,20,c(9.20199, 45.4535),3.71769706839019,3.34248871295878,54.1
126917779,"2","Autonomo","Centrale, Repubblica","Morgagni",950,5,6.73758865248227,22.56,c(9.21442, 45.4734),10.5672177174255,0.321562578231493,17.5
126916951,"2","Autonomo","Genova, Ticinese","Ticinese",850,5,5.94405594405594,22.88,c(9.18524, 45.4555),4.1918334483366,2.65399910178436,65.6
126916745,"2","Autonomo","Centrale, Repubblica","Centrale",840,5,56,15,c(9.20984, 45.4889),6.25293725282935,3.68242521365266,25.8
126915875,"2","Autonomo","Famagosta, Barona","Giambellino",1020,4,12.75,16,c(9.15228, 45.4488),9.91672348527061,3.43154020838743,98.9
126917875,"1","Autonomo","Città Studi, Susa","Città Studi",920,4,11.219512195122,16.4,c(9.22494, 45.4831),3.91364280735605,6.9560878413112,7.9
126917463,"3","Autonomo","Porta Romana, Cadore, Montenero","Montenero",1035,5,5.175,20,c(9.20484, 45.4572),10.0214496236576,1.03650164677929,47.8
126917211,"2","Autonomo","Solari, Washington","Solari",995,5,7.31617647058824,21.76,c(9.1671, 45.459),2.48581914767055,1.48154780800188,80.9
126042903,"1","Autonomo","Centro","Carrobbio",844,1,60.2857142857143,14,c(9.1841, 45.4576),1.98960714190694,3.8898645744309,64.9
127647020,"1","Autonomo","Navigli","Bocconi",1245,4,20.75,20,c(9.19124, 45.4508),10.2721212543707,0.698150760038441,67.4
125982171,"1","Centralizzato","Porta Romana, Cadore, Montenero","Porta Romana - Medaglie d'Oro",850,1,24.2857142857143,20,c(9.2004, 45.4476),7.6285854779667,3.26025974425304,63.6
122574382,"1","Centralizzato","Ripamonti, Vigentino","Vigentino - Fatima",995,1,43.2608695652174,23,c(9.2012, 45.4335),25.8267291443824,0.880671269265928,86.4
126042255,"1","Autonomo","Fiera, Sempione, City Life, Portello","Amendola - Buonarroti",840,1,36.5217391304348,23,c(9.1495, 45.4731),2.0973033717452,6.92934233668396,58.9
127646774,"1","Autonomo","Navigli","Bocconi",1245,4,20.75,20,c(9.19124, 45.4508),10.2721212543707,0.698150760038441,67.4
126042289,"1","Autonomo","Fiera, Sempione, City Life, Portello","Amendola - Buonarroti",940,1,67.1428571428571,14,c(9.1495, 45.4731),2.0973033717452,6.92934233668396,58.9
122756620,"1","Centralizzato","Genova, Ticinese","Ticinese",1000,1,40,25,c(9.1842, 45.4524),8.63078791646226,0.74865946515469,70.7
107196703,"1","Centralizzato","Famagosta, Barona","Giambellino",895,1,99.4444444444444,9,c(9.1438, 45.4487),5.75871045445754,0.631165458089566,100.5
127462814,"1","Assente","Ripamonti, Vigentino","Ripamonti - Fondazione Prada",1100,3,12.9411764705882,22.6666666666667,c(9.193, 45.4378),23.4112672156826,9.06055732062865,86.9
126037905,"1","Centralizzato","Genova, Ticinese","Corso Genova",880,1,73.3333333333333,12,c(9.1706, 45.4579),1.54689974462007,2.08656172041361,75.8
113938495,"1","Centralizzato","Fiera, Sempione, City Life, Portello","Sempione",980,1,32.6666666666667,20,c(9.1604, 45.4855),7.34261340822182,1.92467388785275,39.3
124839225,"1","Centralizzato","Corvetto, Rogoredo","Corvetto",940,1,47,20,c(9.2098, 45.4386),12.8604976086065,11.8380420806718,74.9
126042267,"1","Autonomo","Solari, Washington","Vercelli - Wagner",965,1,96.5,10,c(9.1556, 45.4689),1.77381630596316,3.62897670852341,66.8
127569802,"1","Autonomo","Solari, Washington","Washington",930,3,10.3333333333333,24,c(9.15286, 45.4611),9.98313814635415,10.3070534058036,80
127355931,"3","Autonomo","Corvetto, Rogoredo","Corvetto",840,4,56,15,c(9.22354, 45.4406),0.405238140903932,17.3121642999386,62.6
127303353,"2","Assente","Famagosta, Barona","Famagosta",1100,3,14.1025641025641,20,c(9.17476, 45.4395),9.26623935521079,4.78085068912645,94.8
127105515,"3","Centralizzato","Arco della Pace, Arena, Pagano","Arena",900,1,25.7142857142857,20,c(9.18053, 45.4783),5.13167313153869,0.388475138515144,58.2
107196699,"1","Centralizzato","Famagosta, Barona","Giambellino",895,1,99.4444444444444,9,c(9.1438, 45.4487),5.75871045445754,0.631165458089566,100.5
125812297,"1","Centralizzato","Abbiategrasso, Chiesa Rossa","Pezzotti - Meda",890,1,98.8888888888889,9,c(9.184, 45.4444),19.9186663931526,0.895087486078755,81.6
127490572,"3","Autonomo","Solari, Washington","Solari",1280,3,85.3333333333333,15,c(9.16933, 45.4573),2.32470388118029,0.279100805449541,77.4
126982281,"1","Centralizzato","Cenisio, Sarpi, Isola","Isola",870,1,48.3333333333333,18,c(9.1847, 45.4904),9.37888180525122,1.42556210334271,41
126242225,"1","Autonomo","Centrale, Repubblica","Buenos Aires",840,1,60,14,c(9.2114, 45.4811),1.39554786725806,6.01732897839693,19.6
127356083,"3","Autonomo","Solari, Washington","Solari",890,3,59.3333333333333,15,c(9.16933, 45.4573),2.32470388118029,0.279100805449541,77.4
126040411,"1","Centralizzato","Navigli","Corso San Gottardo",930,1,46.5,20,c(9.1814, 45.4491),14.2029542675975,2.07341098408571,76.9
127356419,"3","Autonomo","Solari, Washington","Solari",890,3,59.3333333333333,15,c(9.16933, 45.4573),2.32470388118029,0.279100805449541,77.4
126038051,"1","Autonomo","Centrale, Repubblica","Buenos Aires",890,1,59.3333333333333,15,c(9.2114, 45.4811),1.39554786725806,6.01732897839693,19.6
127646592,"1","Autonomo","Uptown, Cascina Merlata, Viale Certosa","Certosa",1875,4,26.7857142857143,20,c(9.14426, 45.4945),17.1543073498478,0.772316414326131,23.4
127356367,"3","Autonomo","Solari, Washington","Solari",1280,3,85.3333333333333,15,c(9.16933, 45.4573),2.32470388118029,0.279100805449541,77.4
122519326,"1","Centralizzato","Famagosta, Barona","Famagosta",950,1,31.6666666666667,20,c(9.1736, 45.4399),8.46950037560577,6.10491045811026,95.7
125812293,"1","Centralizzato","Abbiategrasso, Chiesa Rossa","Pezzotti - Meda",890,1,80.9090909090909,11,c(9.184, 45.4444),19.9186663931526,0.895087486078755,81.6
126042545,"1","Centralizzato","Quadronno, Palestro, Guastalla","Guastalla",1170,1,97.5,12,c(9.2037, 45.4628),9.17855487180035,0.889439504239145,41.7
126042323,"1","Autonomo","Solari, Washington","Vercelli - Wagner",965,1,68.9285714285714,14,c(9.1556, 45.4689),1.77381630596316,3.62897670852341,66.8
125812299,"1","Centralizzato","Abbiategrasso, Chiesa Rossa","Pezzotti - Meda",990,1,55,18,c(9.184, 45.4444),19.9186663931526,0.895087486078755,81.6
126040395,"1","Centralizzato","Famagosta, Barona","Famagosta",950,1,47.5,20,c(9.1736, 45.4399),8.46950037560577,6.10491045811026,95.7
125812295,"1","Centralizzato","Abbiategrasso, Chiesa Rossa","Pezzotti - Meda",940,1,85.4545454545455,11,c(9.184, 45.4444),19.9186663931526,0.895087486078755,81.6
121652160,"1","Centralizzato","Solari, Washington","Solari",1180,1,39.3333333333333,20,c(9.1693, 45.4573),2.33418436699925,0.242769142122955,77.4
125812287,"1","Centralizzato","Abbiategrasso, Chiesa Rossa","Pezzotti - Meda",940,1,85.4545454545455,11,c(9.184, 45.4444),19.9186663931526,0.895087486078755,81.6
127462872,"1","Autonomo","Abbiategrasso, Chiesa Rossa","Pezzotti - Meda",870,2,58,15,c(9.18311, 45.4405),19.3161899161472,0.266760454514046,88.2
127355655,"1","Autonomo","Uptown, Cascina Merlata, Viale Certosa","Certosa",840,2,56,15,c(9.14104, 45.4989),22.8717835550798,1.60990419248115,19.7
127384739,"1","Autonomo","Navigli","Navigli - Darsena",1050,2,70,15,c(9.17257, 45.4531),4.33661762295323,0.115976759245845,78.7
127602440,"1","Autonomo","Città Studi, Susa","Città Studi",980,2,65.3333333333333,15,c(9.22992, 45.4719),7.02215774201654,1.70034186016352,13.7
127504704,"2","Autonomo","Quadronno, Palestro, Guastalla","Guastalla",1040,4,69.3333333333333,15,c(9.20626, 45.4603),13.3107657182951,1.4205097039825,42.9
127275205,"1","Autonomo","Abbiategrasso, Chiesa Rossa","Pezzotti - Meda",840,2,56,15,c(9.18311, 45.4405),19.3161899161472,0.266760454514046,88.2
127462868,"2","Autonomo","Città Studi, Susa","Città Studi",890,4,59.3333333333333,15,c(9.22257, 45.4783),5.50711602484531,3.96752995875604,7.4
127384731,"1","Autonomo","Maggiolina, Istria","Cascina dei Pomi",880,2,58.6666666666667,15,c(9.20834, 45.4953),13.1658584646338,7.58338959540425,37.1
127275201,"1","Autonomo","Abbiategrasso, Chiesa Rossa","Pezzotti - Meda",910,2,60.6666666666667,15,c(9.18187, 45.4398),17.504173531624,2.16667299736279,90.2
127490518,"1","Autonomo","Abbiategrasso, Chiesa Rossa","Pezzotti - Meda",940,2,62.6666666666667,15,c(9.18203, 45.438),14.9858515944292,1.80871742526559,93.1
127602432,"2","Autonomo","Affori, Bovisa","Dergano",860,3,57.3333333333333,15,c(9.17857, 45.5079),4.26100292792791,13.3576958239157,29.9
127490512,"2","Autonomo","Città Studi, Susa","Città Studi",990,4,66,15,c(9.22257, 45.4783),5.50711602484531,3.96752995875604,7.4
127646864,"1","Autonomo","Udine, Lambrate","Udine",920,2,61.3333333333333,15,c(9.23851, 45.4864),4.89664620198388,3.66877462413134,20.4
127513894,"1","Autonomo","Abbiategrasso, Chiesa Rossa","Pezzotti - Meda",990,2,66,15,c(9.18203, 45.438),14.9858515944292,1.80871742526559,93.1
127490514,"1","Autonomo","Abbiategrasso, Chiesa Rossa","Pezzotti - Meda",980,2,65.3333333333333,15,c(9.18311, 45.4405),19.3161899161472,0.266760454514046,88.2
127355649,"2","Autonomo","Famagosta, Barona","Barona",840,4,56,15,c(9.15465, 45.4409),16.6639040857376,10.9274532652701,106.3
127646820,"1","Autonomo","Città Studi, Susa","Città Studi",980,2,65.3333333333333,15,c(9.22992, 45.4719),7.02215774201654,1.70034186016352,13.7
127303675,"1","Autonomo","Abbiategrasso, Chiesa Rossa","Pezzotti - Meda",840,2,56,15,c(9.18299, 45.4397),18.1562412298245,1.6563410709062,89.4
127384779,"3","Autonomo","Corvetto, Rogoredo","Corvetto",890,4,59.3333333333333,15,c(9.22354, 45.4406),0.405238140903932,17.3121642999386,62.6
127513946,"2","Autonomo","Città Studi, Susa","Città Studi",990,4,66,15,c(9.22257, 45.4783),5.50711602484531,3.96752995875604,7.4
127462870,"1","Autonomo","Navigli","Navigli - Darsena",1560,1,104,15,c(9.17026, 45.4528),1.73545070784451,0.284573466315621,79.3
127303729,"1","Autonomo","Abbiategrasso, Chiesa Rossa","Pezzotti - Meda",970,2,64.6666666666667,15,c(9.18881, 45.4402),22.5423941294551,6.91684032890836,86.4
127490508,"2","Autonomo","Navigli","Navigli - Darsena",1090,3,72.6666666666667,15,c(9.17548, 45.4454),9.91973389032164,4.74294033354694,86.9
127513890,"1","Autonomo","Abbiategrasso, Chiesa Rossa","Pezzotti - Meda",980,2,65.3333333333333,15,c(9.18306, 45.4397),18.1889488137262,1.64677555532794,89.4
127462922,"3","Autonomo","Corvetto, Rogoredo","Corvetto",890,4,59.3333333333333,15,c(9.22354, 45.4406),0.405238140903932,17.3121642999386,62.6
127602520,"2","Autonomo","Città Studi, Susa","Città Studi",990,3,66,15,c(9.22107, 45.4827),6.02734339350402,8.47442233149869,10.2
127490510,"1","Autonomo","Abbiategrasso, Chiesa Rossa","Pezzotti - Meda",940,2,62.6666666666667,15,c(9.18192, 45.4397),17.5136092528687,2.24551574267694,90.4
127275299,"1","Autonomo","Città Studi, Susa","Città Studi",850,4,7.72727272727273,22,c(9.2326, 45.4844),3.66589253453062,4.15733238829753,12.9
127646836,"1","Autonomo","Maggiolina, Istria","Cascina dei Pomi",840,2,56,15,c(9.20834, 45.4953),13.1658584646338,7.58338959540425,37.1
127355653,"1","Autonomo","Navigli","Navigli - Darsena",1050,2,70,15,c(9.17257, 45.4531),4.33661762295323,0.115976759245845,78.7
127384735,"2","Autonomo","Solari, Washington","Vercelli - Wagner",1040,4,69.3333333333333,15,c(9.15976, 45.4635),8.48194271659274,5.2181806704287,78.1
127326429,"1","Autonomo","Udine, Lambrate","Quartiere Feltre",940,2,62.6666666666667,15,c(9.24053, 45.4864),6.89050360017806,5.59730834557507,21.8
127504582,"1","Autonomo","Città Studi, Susa","Città Studi",850,4,7.72727272727273,22,c(9.2326, 45.4844),3.66589253453062,4.15733238829753,12.9
127303725,"1","Autonomo","Abbiategrasso, Chiesa Rossa","Pezzotti - Meda",840,2,56,15,c(9.18187, 45.4398),17.504173531624,2.16667299736279,90.2
127541668,"1","Autonomo","Solari, Washington","Washington",990,2,66,15,c(9.15119, 45.4616),8.64076186476505,9.63447866886922,79.4
127504714,"1","Autonomo","Abbiategrasso, Chiesa Rossa","Pezzotti - Meda",880,2,58.6666666666667,15,c(9.18203, 45.438),14.9858515944292,1.80871742526559,93.1
127414813,"2","Autonomo","Solari, Washington","Vercelli - Wagner",1185,4,79,15,c(9.15976, 45.4635),8.48194271659274,5.2181806704287,78.1
127355651,"2","Autonomo","Famagosta, Barona","Barona",870,4,58,15,c(9.15465, 45.4409),16.6639040857376,10.9274532652701,106.3
127317593,"1","Autonomo","Abbiategrasso, Chiesa Rossa","Pezzotti - Meda",970,2,64.6666666666667,15,c(9.18881, 45.4402),22.5423941294551,6.91684032890836,86.4
127570284,"2","Autonomo","Città Studi, Susa","Città Studi",960,3,64,15,c(9.22107, 45.4827),6.02734339350402,8.47442233149869,10.2
127504706,"2","Autonomo","Famagosta, Barona","Barona",860,4,57.3333333333333,15,c(9.15465, 45.4409),16.6639040857376,10.9274532652701,106.3
127602524,"1","Autonomo","Maggiolina, Istria","Cascina dei Pomi",880,2,58.6666666666667,15,c(9.20834, 45.4953),13.1658584646338,7.58338959540425,37.1
127303691,"1","Autonomo","Abbiategrasso, Chiesa Rossa","Pezzotti - Meda",980,2,65.3333333333333,15,c(9.18311, 45.4405),19.3161899161472,0.266760454514046,88.2
127384741,"1","Autonomo","Abbiategrasso, Chiesa Rossa","Pezzotti - Meda",1650,1,110,15,c(9.18311, 45.4405),19.3161899161472,0.266760454514046,88.2
127384897,"2","Autonomo","Udine, Lambrate","Udine",870,3,58,15,c(9.23712, 45.4887),4.74470985282801,6.80028956382906,22.9
127303727,"1","Autonomo","Maggiolina, Istria","Cascina dei Pomi",840,2,56,15,c(9.20834, 45.4953),13.1658584646338,7.58338959540425,37.1
127570200,"1","Autonomo","Abbiategrasso, Chiesa Rossa","Pezzotti - Meda",840,2,56,15,c(9.18306, 45.4397),18.1889488137262,1.64677555532794,89.4
127414861,"1","Autonomo","Porta Romana, Cadore, Montenero","Cadore",1585,1,105.666666666667,15,c(9.21241, 45.4571),14.802652798237,2.99321663387213,41.4
127490556,"3","Autonomo","Corvetto, Rogoredo","Corvetto",940,4,62.6666666666667,15,c(9.22354, 45.4406),0.405238140903932,17.3121642999386,62.6
127462826,"1","Autonomo","Udine, Lambrate","Quartiere Feltre",890,2,59.3333333333333,15,c(9.23998, 45.489),5.66074151531374,8.40248768674126,25.8
127384881,"2","Autonomo","Città Studi, Susa","Città Studi",860,4,57.3333333333333,15,c(9.22257, 45.4783),5.50711602484531,3.96752995875604,7.4
127646862,"2","Autonomo","Città Studi, Susa","Città Studi",890,3,59.3333333333333,15,c(9.22107, 45.4827),6.02734339350402,8.47442233149869,10.2
127570168,"1","Autonomo","Udine, Lambrate","Quartiere Feltre",880,2,58.6666666666667,15,c(9.23946, 45.4895),4.59353457030306,8.89201417100131,26.5
127504770,"1","Autonomo","Abbiategrasso, Chiesa Rossa","Pezzotti - Meda",990,2,66,15,c(9.18192, 45.4397),17.5136092528687,2.24551574267694,90.4
127490446,"1","Autonomo","Udine, Lambrate","Quartiere Feltre",890,2,59.3333333333333,15,c(9.23998, 45.489),5.66074151531374,8.40248768674126,25.8
127504708,"1","Autonomo","Maggiolina, Istria","Cascina dei Pomi",840,2,56,15,c(9.20834, 45.4953),13.1658584646338,7.58338959540425,37.1
127462956,"2","Autonomo","Navigli","Navigli - Darsena",1290,3,86,15,c(9.17548, 45.4454),9.91973389032164,4.74294033354694,86.9
127317597,"1","Autonomo","Udine, Lambrate","Quartiere Feltre",870,3,58,15,c(9.23998, 45.489),5.66074151531374,8.40248768674126,25.8
125953403,"1","Autonomo","Città Studi, Susa","Città Studi",895,1,44.75,20,c(9.2186, 45.4816),5.61214003597953,9.7226049919928,11.7
125820635,"1","Centralizzato","Navigli","Bocconi",965,1,87.7272727272727,11,c(9.1915, 45.4519),8.63066221410592,1.90259261680276,65.4
126041369,"1","Centralizzato","Genova, Ticinese","Ticinese",850,1,65.3846153846154,13,c(9.1842, 45.4554),3.79694291628801,3.93292886382354,66.9
127460208,"1","Centralizzato","Città Studi, Susa","Città Studi",855,1,37.1739130434783,23,c(9.2351, 45.4718),7.49879838558303,1.95991612597891,17.8
127460056,"1","Centralizzato","Pasteur, Rovereto","Rovereto",880,1,41.9047619047619,21,c(9.2202, 45.4973),3.17840244599825,6.49915301870561,31.3
126041443,"1","Centralizzato","Navigli","Bocconi",1095,1,73,15,c(9.1915, 45.4519),8.63066221410592,1.90259261680276,65.4
125391577,"1","Assente","Solari, Washington","Solari",1020,1,63.75,16,c(9.1565, 45.4518),7.39266042408711,3.40970211862704,93.7
127460118,"1","Centralizzato","Solari, Washington","Dezza",865,1,72.0833333333333,12,c(9.1617, 45.4611),5.31834229452954,1.89608961731551,81.9
126440151,"1","Autonomo","Centro","Sant'Ambrogio",885,1,80.4545454545455,11,c(9.177, 45.4599),1.43175172564393,2.49246241980751,68
127272335,"1","Centralizzato","Città Studi, Susa","Città Studi",900,1,40.9090909090909,22,c(9.2326, 45.4846),3.67436553442943,4.14345761963784,13.2
125799405,"1","Centralizzato","Genova, Ticinese","Ticinese",850,1,36.9565217391304,23,c(9.1842, 45.4554),3.79694291628801,3.93292886382354,66.9
127042579,"1","Centralizzato","Genova, Ticinese","Ticinese",975,1,108.333333333333,9,c(9.1834, 45.4521),8.99546547896438,0.0948048326242579,72
127460154,"1","Centralizzato","Centrale, Repubblica","Melchiorre Gioia",875,1,46.0526315789474,19,c(9.1971, 45.4861),3.56275297243457,4.83639177572995,38.4
125599023,"1","Centralizzato","Centrale, Repubblica","Morgagni",840,1,56,15,c(9.2111, 45.4782),3.74243314184157,5.42826645049952,20.5
125438329,"1","Centralizzato","Centro","Duomo",965,1,56.7647058823529,17,c(9.1929, 45.4619),5.46955047460468,1.04098678352531,50.5
127460036,"1","Centralizzato","Città Studi, Susa","Città Studi",860,1,39.0909090909091,22,c(9.2171, 45.4845),1.56141729291791,8.28992774763936,15.1
123755165,"1","Centralizzato","Udine, Lambrate","Ortica",891,1,81,11,c(9.2482, 45.4691),15.5529500517421,13.3956606106002,37
126982243,"1","Assente","Cenisio, Sarpi, Isola","Isola",890,1,46.8421052631579,19,c(9.1934, 45.489),3.51851348684408,2.65438240800932,42.6
126038111,"1","Centralizzato","Quadronno, Palestro, Guastalla","Quadronno - Crocetta",990,1,90,11,c(9.2012, 45.4551),6.64868166919132,3.14004296096824,54.1
125392105,"1","Assente","Corvetto, Rogoredo","Corvetto",850,1,47.2222222222222,18,c(9.2305, 45.4385),2.36494632622942,21.4421666680163,67.8
127460104,"1","Centralizzato","Città Studi, Susa","Città Studi",920,1,61.3333333333333,15,c(9.2251, 45.482),1.99719667819019,5.11139743246378,6.3
127460078,"1","Centralizzato","Porta Venezia, Indipendenza","Piave - Tricolore",840,1,76.3636363636364,11,c(9.2086, 45.4707),4.94662118915186,2.85705081305086,26.6
127381555,"1","Centralizzato","Porta Vittoria, Lodi","Bologna - Sulmona",845,1,49.7058823529412,17,c(9.2243, 45.4419),2.8406913675825,15.4035508443818,59.8
127197715,"1","Centralizzato","Porta Romana, Cadore, Montenero","Porta Romana - Medaglie d'Oro",1035,1,73.9285714285714,14,c(9.2031, 45.4548),5.66325607914425,1.41246105201846,51.8
126367641,"1","Autonomo","Garibaldi, Moscova, Porta Nuova","Turati",975,1,60.9375,16,c(9.1885, 45.4762),5.26642167439958,7.61608931601874,50.6
127460126,"1","Centralizzato","Città Studi, Susa","Città Studi",860,1,47.7777777777778,18,c(9.2171, 45.4845),1.56141729291791,8.28992774763936,15.1
126242241,"1","Centralizzato","Porta Romana, Cadore, Montenero","Porta Romana - Medaglie d'Oro",990,1,39.6,25,c(9.2031, 45.4548),5.66325607914425,1.41246105201846,51.8
127460028,"1","Centralizzato","Pasteur, Rovereto","Pasteur",875,1,51.4705882352941,17,c(9.2137, 45.4874),4.53522280836982,1.78404363321079,21.5
125586453,"1","Centralizzato","Porta Romana, Cadore, Montenero","Montenero",1035,1,115,9,c(9.2093, 45.4604),13.1411424370302,2.55652520755413,40.3
125820617,"1","Centralizzato","Genova, Ticinese","Corso Genova",1035,1,79.6153846153846,13,c(9.1777, 45.4565),4.5610923126272,2.97395587798245,70.6
127460348,"1","Centralizzato","Solari, Washington","Solari",995,1,71.0714285714286,14,c(9.1683, 45.4579),2.20345847756223,1.13340990437407,78.9
127166645,"1","Assente","Abbiategrasso, Chiesa Rossa","Pezzotti - Meda",905,1,64.6428571428571,14,c(9.186, 45.4404),20.8841256422287,3.47127799109701,86.9
125820625,"1","Centralizzato","Navigli","Bocconi",945,1,105,9,c(9.1915, 45.4519),8.63066221410592,1.90259261680276,65.4
127460274,"1","Centralizzato","Porta Venezia, Indipendenza","Indipendenza",920,1,61.3333333333333,15,c(9.2147, 45.4708),6.66405665334233,3.55323628101678,20.3
125391945,"1","Autonomo","Città Studi, Susa","Casoretto",895,1,37.2916666666667,24,c(9.2257, 45.4861),9.1097460528218,11.8453991141024,12.1
127301297,"1","Centralizzato","Navigli","Corso San Gottardo",975,1,48.75,20,c(9.1824, 45.4443),17.9599639407915,1.08780498111427,82.7
127460144,"1","Assente","Fiera, Sempione, City Life, Portello","Monte Rosa - Lotto",845,1,46.9444444444444,18,c(9.1436, 45.4845),8.33597972431378,13.4074344869903,40.4
126791901,"1","Centralizzato","Solari, Washington","Vercelli - Wagner",890,1,68.4615384615385,13,c(9.1623, 45.4663),3.76470239756844,0.239260351014953,74.5
126041277,"1","Centralizzato","Porta Venezia, Indipendenza","Indipendenza",850,1,77.2727272727273,11,c(9.2112, 45.4718),7.93783657699366,1.07950982304258,22.6
127460026,"1","Centralizzato","Bande Nere, Inganni","Gambara",855,1,53.4375,16,c(9.1447, 45.462),5.45254846477641,10.6949151213948,77.8
125812301,"1","Centralizzato","Abbiategrasso, Chiesa Rossa","Pezzotti - Meda",890,1,55.625,16,c(9.1789, 45.4412),14.3522027401232,0.290039545423093,90
126080011,"1","Autonomo","Garibaldi, Moscova, Porta Nuova","Turati",975,1,37.5,26,c(9.1885, 45.4762),5.26642167439958,7.61608931601874,50.6
126440147,"1","Centralizzato","Navigli","Bocconi",1310,1,93.5714285714286,14,c(9.1927, 45.4509),9.9519730557734,1.23956688352423,67.1
127460204,"1","Centralizzato","Solari, Washington","Solari",855,1,45,19,c(9.16, 45.4575),0.924304191350399,5.1911554677298,86.5
126848771,"1","Assente","Porta Vittoria, Lodi","Lodi - Brenta",960,1,80,12,c(9.2156, 45.4511),9.5222444631594,1.64424812581969,49.8
127460332,"1","Centralizzato","Città Studi, Susa","Plebisciti - Susa",870,1,54.375,16,c(9.2214, 45.4699),4.87770959594026,3.09649502070362,17.3
127460324,"1","Assente","Abbiategrasso, Chiesa Rossa","Pezzotti - Meda",970,1,64.6666666666667,15,c(9.186, 45.4404),20.8841256422287,3.47127799109701,86.9
127460314,"1","Autonomo","Affori, Bovisa","Affori",890,1,55.625,16,c(9.1733, 45.518),7.77357946845828,22.7594478216327,39.5
127166635,"1","Centralizzato","Fiera, Sempione, City Life, Portello","Amendola - Buonarroti",870,1,45.7894736842105,19,c(9.149, 45.4702),6.53104852792905,3.36275526136543,64.3
127460232,"1","Centralizzato","Porta Venezia, Indipendenza","Piave - Tricolore",850,1,50,17,c(9.2086, 45.4707),4.94662118915186,2.85705081305086,26.6
127352387,"1","Autonomo","Centro","Sant'Ambrogio",885,1,80.4545454545455,11,c(9.177, 45.4599),1.43175172564393,2.49246241980751,68
127130815,"1","Centralizzato","Quadronno, Palestro, Guastalla","Guastalla",970,1,57.0588235294118,17,c(9.1994, 45.4614),7.87995584340979,1.92249696079607,48.3
126042291,"1","Autonomo","Solari, Washington","Vercelli - Wagner",865,1,48.0555555555556,18,c(9.1556, 45.4689),1.77381630596316,3.62897670852341,66.8
127229177,"1","Centralizzato","Quadronno, Palestro, Guastalla","Quadronno - Crocetta",1045,1,49.7619047619048,21,c(9.1953, 45.4563),0.339027360383841,0.562389046422067,57.7
125846755,"1","Centralizzato","Porta Romana, Cadore, Montenero","Porta Romana - Medaglie d'Oro",990,1,66,15,c(9.2031, 45.4548),5.66325607914425,1.41246105201846,51.8
125685023,"1","Autonomo","Città Studi, Susa","Casoretto",895,1,37.2916666666667,24,c(9.2257, 45.4861),9.1097460528218,11.8453991141024,12.1
125392481,"1","Centralizzato","Centrale, Repubblica","Buenos Aires",910,1,75.8333333333333,12,c(9.2126, 45.4837),4.10333820765123,4.51644321240972,19.7
125874439,"1","Centralizzato","Navigli","Navigli - Darsena",840,1,52.5,16,c(9.1691, 45.4513),1.29501202621167,0.754532448040947,81.8
125846745,"1","Centralizzato","Solari, Washington","Frua",855,1,57,15,c(9.1498, 45.4649),2.70624379649801,3.74729833662051,74.6
125438351,"1","Centralizzato","Centrale, Repubblica","Melchiorre Gioia",945,1,52.5,18,c(9.1971, 45.4861),3.56275297243457,4.83639177572995,38.4
127460174,"1","Centralizzato","Cenisio, Sarpi, Isola","Zara",900,1,40.9090909090909,22,c(9.1899, 45.4915),4.0524324759907,3.05995834317362,45.7
126696015,"1","Centralizzato","Quadronno, Palestro, Guastalla","Guastalla",1095,1,78.2142857142857,14,c(9.202, 45.4624),8.14392087603396,1.72242683676857,44
127009997,"1","Autonomo","Centrale, Repubblica","Buenos Aires",920,1,57.5,16,c(9.2107, 45.4801),0.545940620138006,6.31181905850421,19.8
126848773,"1","Centralizzato","Navigli","Corso San Gottardo",965,1,53.6111111111111,18,c(9.1824, 45.4443),17.9599639407915,1.08780498111427,82.7
127229171,"1","Centralizzato","Navigli","Bocconi",1310,1,87.3333333333333,15,c(9.1927, 45.4509),9.9519730557734,1.23956688352423,67.1
126041415,"1","Assente","Navigli","Bocconi",960,1,80,12,c(9.1941, 45.4492),11.8223201597561,3.02663800446276,67.5
125820627,"1","Centralizzato","Solari, Washington","Solari",995,1,76.5384615384615,13,c(9.1683, 45.4579),2.20345847756223,1.13340990437407,78.9
125392193,"1","Centralizzato","Cenisio, Sarpi, Isola","Isola",895,1,99.4444444444444,9,c(9.1914, 45.4882),1.027303625552,2.58288520452079,45.8
127460162,"1","Autonomo","Garibaldi, Moscova, Porta Nuova","Turati",995,1,90.4545454545454,11,c(9.1895, 45.4768),6.27655530610352,6.53560060105366,48.5
126848779,"1","Centralizzato","Genova, Ticinese","Ticinese",975,1,97.5,10,c(9.1834, 45.4521),8.99546547896438,0.0948048326242579,72
127460134,"1","Centralizzato","Centrale, Repubblica","Buenos Aires",910,1,70,13,c(9.2166, 45.4792),7.16437035281488,9.03103456415294,12.7
126041205,"1","Centralizzato","Cenisio, Sarpi, Isola","Isola",895,1,74.5833333333333,12,c(9.1914, 45.4882),1.027303625552,2.58288520452079,45.8
127229151,"1","Centralizzato","Porta Romana, Cadore, Montenero","Porta Romana - Medaglie d'Oro",1065,1,62.6470588235294,17,c(9.2035, 45.4499),2.85333086842757,2.99924854100623,58.1
127301327,"1","Autonomo","Affori, Bovisa","Affori",850,1,53.125,16,c(9.1733, 45.518),7.77357946845828,22.7594478216327,39.5
127460312,"1","Centralizzato","Porta Romana, Cadore, Montenero","Cadore",985,1,75.7692307692308,13,c(9.2131, 45.4541),12.8622299520932,1.12821434220455,45.2
126041425,"1","Assente","Porta Venezia, Indipendenza","Indipendenza",950,1,55.8823529411765,17,c(9.2112, 45.4718),7.93783657699366,1.07950982304258,22.6
125392143,"1","Centralizzato","Quadronno, Palestro, Guastalla","Quadronno - Crocetta",1025,1,93.1818181818182,11,c(9.1953, 45.4563),0.339027360383841,0.562389046422067,57.7
127460210,"1","Centralizzato","Solari, Washington","Vercelli - Wagner",910,1,65,14,c(9.1623, 45.4663),3.76470239756844,0.239260351014953,74.5
126041339,"1","Centralizzato","Centro","Missori",935,1,71.9230769230769,13,c(9.1912, 45.458),3.92031164437287,1.52104997017748,57.1
127460094,"1","Centralizzato","Arco della Pace, Arena, Pagano","Arco della Pace",845,1,35.2083333333333,24,c(9.1684, 45.476),12.2378839400136,3.34629069921352,56.9
126041327,"1","Centralizzato","Quadronno, Palestro, Guastalla","Guastalla",950,1,52.7777777777778,18,c(9.1994, 45.4614),7.87995584340979,1.92249696079607,48.3
125391545,"1","Centralizzato","Centro","Duomo",1030,1,51.5,20,c(9.1929, 45.4619),5.46955047460468,1.04098678352531,50.5
127460116,"1","Centralizzato","Città Studi, Susa","Argonne - Corsica",890,1,46.8421052631579,19,c(9.2289, 45.4684),3.71301533059714,4.52206146295825,18.6
127460308,"1","Autonomo","Affori, Bovisa","Affori",880,1,80,11,c(9.1733, 45.518),7.77357946845828,22.7594478216327,39.5
126413337,"1","Centralizzato","Navigli","Bocconi",1415,1,117.916666666667,12,c(9.1927, 45.4509),9.9519730557734,1.23956688352423,67.1
127460328,"1","Centralizzato","Solari, Washington","Vercelli - Wagner",870,1,58,15,c(9.1621, 45.4648),6.19024527353922,2.70808722579423,77.1
125846901,"1","Centralizzato","Centro","Missori",935,1,62.3333333333333,15,c(9.1912, 45.458),3.92031164437287,1.52104997017748,57.1
127412045,"1","Centralizzato","Porta Romana, Cadore, Montenero","Porta Romana - Medaglie d'Oro",990,1,41.25,24,c(9.2031, 45.4548),5.66325607914425,1.41246105201846,51.8
125846787,"1","Centralizzato","Porta Venezia, Indipendenza","Indipendenza",895,1,74.5833333333333,12,c(9.2147, 45.4729),9.64174731164799,0.64245307823198,17.5
125392099,"1","Centralizzato","Solari, Washington","Frua",855,1,57,15,c(9.1498, 45.4649),2.70624379649801,3.74729833662051,74.6
126041291,"1","Centralizzato","Porta Romana, Cadore, Montenero","Porta Romana - Medaglie d'Oro",1035,1,73.9285714285714,14,c(9.2031, 45.4548),5.66325607914425,1.41246105201846,51.8
127460020,"1","Centralizzato","Solari, Washington","Frua",870,1,87,10,c(9.1498, 45.4649),2.70624379649801,3.74729833662051,74.6
127460198,"1","Autonomo","Garibaldi, Moscova, Porta Nuova","Turati",950,1,52.7777777777778,18,c(9.1897, 45.4762),6.67970222864011,6.15462754650893,48.7
123755171,"1","Centralizzato","Udine, Lambrate","Lambrate",913,1,60.8666666666667,15,c(9.2455, 45.4719),17.0303161413721,9.44189569024073,31
125418729,"1","Autonomo","Affori, Bovisa","Affori",840,1,76.3636363636364,11,c(9.1733, 45.518),7.77357946845828,22.7594478216327,39.5
125820633,"1","Centralizzato","Navigli","Bocconi",995,1,62.1875,16,c(9.1915, 45.4519),8.63066221410592,1.90259261680276,65.4
127460268,"1","Centralizzato","Navigli","Corso San Gottardo",955,1,56.1764705882353,17,c(9.1798, 45.4495),13.4660156362156,0.843833985699633,78.1
127042551,"1","Centralizzato","Genova, Ticinese","Ticinese",995,1,76.5384615384615,13,c(9.1834, 45.4521),8.99546547896438,0.0948048326242579,72
127010019,"1","Centralizzato","Solari, Washington","Frua",870,1,51.1764705882353,17,c(9.1498, 45.4649),2.70624379649801,3.74729833662051,74.6
127229167,"1","Centralizzato","Cenisio, Sarpi, Isola","Isola",925,1,71.1538461538462,13,c(9.1869, 45.4867),5.44043953962074,4.22847767984809,48.7
125685027,"1","Centralizzato","Bande Nere, Inganni","Gambara",855,1,53.4375,16,c(9.1447, 45.462),5.45254846477641,10.6949151213948,77.8
127460226,"1","Centralizzato","Centrale, Repubblica","Buenos Aires",905,1,64.6428571428571,14,c(9.2156, 45.4824),3.16470390140093,8.75135930615635,16.3
125622391,"1","Centralizzato","Corvetto, Rogoredo","Corvetto",860,1,47.7777777777778,18,c(9.2152, 45.439),7.68585542710973,18.3721921548511,69.5
125820599,"1","Centralizzato","Cenisio, Sarpi, Isola","Paolo Sarpi",900,1,64.2857142857143,14,c(9.1805, 45.4803),7.29946157358728,1.0902764701055,55.4
126041451,"1","Autonomo","Genova, Ticinese","Corso Genova",975,1,51.3157894736842,19,c(9.1738, 45.4594),3.94616206513733,4.19983747940523,72.5
127166611,"1","Centralizzato","Porta Romana, Cadore, Montenero","Porta Romana - Medaglie d'Oro",995,1,82.9166666666667,12,c(9.1994, 45.4509),4.77156559261176,1.16534058799138,60.3
126041285,"1","Centralizzato","Ripamonti, Vigentino","Ripamonti - Fondazione Prada",885,1,88.5,10,c(9.1912, 45.4432),20.5707315302442,9.05757787043775,78.2
126469649,"1","Autonomo","Bicocca, Niguarda","Bignami - Ponale",1000,1,71.4285714285714,14,c(9.2083, 45.5263),4.80390828360914,3.81232615330822,82.1
127460292,"1","Centralizzato","Centrale, Repubblica","Buenos Aires",930,1,71.5384615384615,13,c(9.2166, 45.4792),7.16437035281488,9.03103456415294,12.7
127460050,"1","Centralizzato","Porta Vittoria, Lodi","Lodi - Brenta",905,1,41.1363636363636,22,c(9.2131, 45.4457),3.4644865956475,11.4561321391175,60.5
127460234,"1","Centralizzato","Centro","Missori",905,1,75.4166666666667,12,c(9.1903, 45.457),2.50823000615681,3.3427964229669,59.1
126000255,"1","Centralizzato","Porta Romana, Cadore, Montenero","Porta Romana - Medaglie d'Oro",1010,1,56.1111111111111,18,c(9.2031, 45.4548),5.66325607914425,1.41246105201846,51.8
127460122,"1","Centralizzato","Porta Venezia, Indipendenza","Piave - Tricolore",850,1,42.5,20,c(9.2086, 45.4707),4.94662118915186,2.85705081305086,26.6
127352401,"1","Centralizzato","Genova, Ticinese","San Vittore",875,1,51.4705882352941,17,c(9.1703, 45.459),0.917982312120576,3.10120755400553,76.6
125982023,"1","Centralizzato","Porta Romana, Cadore, Montenero","Porta Romana - Medaglie d'Oro",905,1,75.4166666666667,12,c(9.205, 45.4539),4.64882449258853,2.11158289041087,51.6
126041383,"1","Centralizzato","Quadronno, Palestro, Guastalla","Quadronno - Crocetta",875,1,38.0434782608696,23,c(9.2031, 45.4564),8.43584655171077,1.50124425445457,49.7
126848785,"1","Assente","Città Studi, Susa","Città Studi",855,1,38.8636363636364,22,c(9.2311, 45.4806),7.13536483051199,2.43748500202294,6.4
127460066,"1","Assente","Porta Vittoria, Lodi","Lodi - Brenta",960,1,80,12,c(9.2156, 45.4511),9.5222444631594,1.64424812581969,49.8
127460040,"1","Centralizzato","Genova, Ticinese","Corso Genova",845,1,84.5,10,c(9.1747, 45.4586),3.41457713217252,2.57419629785212,70.7
126041221,"1","Centralizzato","Porta Venezia, Indipendenza","Indipendenza",950,1,59.375,16,c(9.2147, 45.4729),9.64174731164799,0.64245307823198,17.5
127091467,"1","Centralizzato","Navigli","Bocconi",1310,1,93.5714285714286,14,c(9.1927, 45.4509),9.9519730557734,1.23956688352423,67.1
127460242,"1","Centralizzato","Porta Romana, Cadore, Montenero","Montenero",975,1,48.75,20,c(9.2078, 45.457),11.0075299455045,1.56096732329129,46
127460214,"1","Centralizzato","Centro","Duomo",1035,1,69,15,c(9.1929, 45.4619),5.46955047460468,1.04098678352531,50.5
127460200,"1","Centralizzato","Solari, Washington","Vercelli - Wagner",870,1,62.1428571428572,14,c(9.1612, 45.4656),4.68439655095655,1.73742041755907,75.5
125820587,"1","Centralizzato","Navigli","Corso San Gottardo",850,1,94.4444444444444,9,c(9.1824, 45.4443),17.9599639407915,1.08780498111427,82.7
127460098,"1","Assente","Pasteur, Rovereto","Pasteur",845,1,52.8125,16,c(9.2161, 45.4929),5.05007382712764,0.891994767278031,30.4
125391197,"1","Centralizzato","Città Studi, Susa","Città Studi",880,1,67.6923076923077,13,c(9.2265, 45.4844),6.33095330920463,8.8284196273208,8.7
127042569,"1","Assente","Garibaldi, Moscova, Porta Nuova","Turati",1040,1,94.5454545454546,11,c(9.1895, 45.4768),6.27655530610352,6.53560060105366,48.5
126041355,"1","Centralizzato","Navigli","Corso San Gottardo",980,1,89.0909090909091,11,c(9.1824, 45.4443),17.9599639407915,1.08780498111427,82.7
127012705,"1","Autonomo","Abbiategrasso, Chiesa Rossa","Pezzotti - Meda",975,5,10.3723404255319,15.04,c(9.17651, 45.4433),10.7736287115959,3.04408451189785,88.5
126917393,"3","Autonomo","Abbiategrasso, Chiesa Rossa","Pezzotti - Meda",965,5,5.36111111111111,20,c(9.1836, 45.4441),19.4076209467479,0.716581664600145,82.2
126917837,"1","Autonomo","Bande Nere, Inganni","Gambara",865,4,12.1830985915493,14.2,c(9.14405, 45.4621),5.03778628198151,11.0317238850014,78.2
126917255,"3","Autonomo","Genova, Ticinese","Ticinese",1035,5,7.5,22.08,c(9.17809, 45.4555),6.22669486089283,4.09403465297629,72.3
126916449,"2","Autonomo","Navigli","Bocconi",1245,4,13.8333333333333,20,c(9.19128, 45.4509),10.1254690998657,0.700576712550855,67.4
126917859,"3","Autonomo","Fiera, Sempione, City Life, Portello","Amendola - Buonarroti",955,5,5.75301204819277,20,c(9.14972, 45.4702),6.25705790996539,3.78699813921063,64.5
127012703,"2","Autonomo","Solari, Washington","Solari",995,5,7.31617647058824,21.76,c(9.1671, 45.459),2.48581914767055,1.48154780800188,80.9
126917697,"3+","Autonomo","Navigli","Bocconi",1245,5,9.88095238095238,20.16,c(9.19124, 45.4508),10.2721212543707,0.698150760038441,67.4
127012727,"1","Autonomo","Pasteur, Rovereto","Pasteur",860,4,8.3495145631068,20.6,c(9.22156, 45.4885),5.40079360129784,8.45901523064437,19
126917717,"1","Autonomo","Ripamonti, Vigentino","Vigentino - Fatima",840,4,5.71428571428571,20,c(9.20273, 45.4289),30.8056381901479,0.363629443012608,93.9
126917485,"3","Autonomo","Quadronno, Palestro, Guastalla","Guastalla",950,5,63.3333333333333,15,c(9.19848, 45.4613),6.90870739297352,2.30743577544328,48.8
126917641,"2","Autonomo","Quadronno, Palestro, Guastalla","Quadronno - Crocetta",990,5,5.92814371257485,20,c(9.20199, 45.4535),3.71769706839019,3.34248871295878,54.1
126917323,"3+","Autonomo","Navigli","Bocconi",1345,5,10.6746031746032,20.16,c(9.19124, 45.4508),10.2721212543707,0.698150760038441,67.4
126917917,"2","Autonomo","Porta Venezia, Indipendenza","Indipendenza",850,5,6.91056910569106,19.68,c(9.2113, 45.4719),8.14939765937101,0.983751713224593,22.3
126917913,"2","Autonomo","Abbiategrasso, Chiesa Rossa","Pezzotti - Meda",970,5,6.46666666666667,24,c(9.18542, 45.4412),21.7600065927907,2.75802650905809,86.3
126917467,"2","Autonomo","Solari, Washington","Solari",900,5,7.08661417322835,20.32,c(9.16704, 45.4596),2.51811681810791,1.26176913679865,80.6
126917777,"2","Autonomo","Solari, Washington","Solari",880,5,6.3768115942029,22.08,c(9.15615, 45.4529),5.61597675034784,3.04178254259324,92.6
126917495,"2","Autonomo","Ripamonti, Vigentino","Ripamonti - Fondazione Prada",895,4,10.2873563218391,17.4,c(9.19239, 45.4429),19.9505283277211,7.98377931804321,77.3
126917743,"2","Autonomo","Navigli","Navigli - Darsena",880,4,9.56521739130435,18.4,c(9.17664, 45.4468),12.1309231579898,3.62957627202705,83.9
126917219,"3+","Autonomo","Navigli","Bocconi",945,5,63,15,c(9.18768, 45.452),7.66193856982506,0.794813148439568,68.1
126917911,"2","Autonomo","Centrale, Repubblica","Morgagni",950,4,11.875,16,c(9.21409, 45.4736),10.4373191051777,0.67079363207117,17.9
126917847,"1","Autonomo","Porta Vittoria, Lodi","Lodi - Brenta",905,3,13.1159420289855,18.4,c(9.21598, 45.4444),4.19450019010156,11.4865781073675,64.2
126984927,"2","Autonomo","Porta Venezia, Indipendenza","Indipendenza",920,5,6.96969696969697,21.12,c(9.21677, 45.4706),4.94645688659933,4.45407939358246,19.3
127460098,"1","Assente","Pasteur, Rovereto","Pasteur",845,1,52.8125,16,c(9.2161, 45.4929),5.05007382712764,0.891994767278031,30.4
125391197,"1","Centralizzato","Città Studi, Susa","Città Studi",880,1,67.6923076923077,13,c(9.2265, 45.4844),6.33095330920463,8.8284196273208,8.7
127042569,"1","Assente","Garibaldi, Moscova, Porta Nuova","Turati",1040,1,94.5454545454546,11,c(9.1895, 45.4768),6.27655530610352,6.53560060105366,48.5
126041355,"1","Centralizzato","Navigli","Corso San Gottardo",980,1,89.0909090909091,11,c(9.1824, 45.4443),17.9599639407915,1.08780498111427,82.7
125391393,"1","Autonomo","Quadronno, Palestro, Guastalla","Quadronno - Crocetta",995,1,90.4545454545454,11,c(9.1996, 45.455),5.38259248156398,2.89264429356025,55.8
127460030,"1","Centralizzato","Solari, Washington","Frua",875,1,39.7727272727273,22,c(9.1498, 45.4649),2.70624379649801,3.74729833662051,74.6
126042237,"1","Centralizzato","Famagosta, Barona","Tre Castelli - Faenza",2250,1,112.5,20,c(9.1522, 45.4387),19.6929026722362,13.6080706655773,111.2
127010001,"1","Centralizzato","Navigli","Corso San Gottardo",975,1,46.4285714285714,21,c(9.1824, 45.4443),17.9599639407915,1.08780498111427,82.7
127272331,"1","Centralizzato","Città Studi, Susa","Città Studi",920,1,40,23,c(9.2326, 45.4846),3.67436553442943,4.14345761963784,13.2
126038021,"1","Autonomo","Centrale, Repubblica","Buenos Aires",840,1,84,10,c(9.2114, 45.4811),1.39554786725806,6.01732897839693,19.6
127460258,"1","Centralizzato","Navigli","Navigli - Darsena",855,1,45,19,c(9.1612, 45.4468),9.54649275736396,3.34063848218255,95.2
127460070,"1","Centralizzato","Fiera, Sempione, City Life, Portello","Monte Rosa - Lotto",855,1,65.7692307692308,13,c(9.1507, 45.4771),5.9095842407214,12.0924037739702,52.5
127460346,"1","Centralizzato","Porta Romana, Cadore, Montenero","Porta Romana - Medaglie d'Oro",975,1,57.3529411764706,17,c(9.1991, 45.452),5.0744043076554,2.41613580002196,59
123755169,"1","Centralizzato","Udine, Lambrate","Lambrate",902,1,90.2,10,c(9.2455, 45.4719),17.0303161413721,9.44189569024073,31
126041293,"1","Assente","Porta Romana, Cadore, Montenero","Porta Romana - Medaglie d'Oro",1045,1,61.4705882352941,17,c(9.2125, 45.4533),11.4621298534316,2.58895837358902,46.5
125982027,"1","Centralizzato","Porta Romana, Cadore, Montenero","Porta Romana - Medaglie d'Oro",1035,1,73.9285714285714,14,c(9.2031, 45.4548),5.66325607914425,1.41246105201846,51.8
126387259,"1","Centralizzato","Arco della Pace, Arena, Pagano","Pagano",945,1,45,21,c(9.1576, 45.4718),3.67476146053953,8.86974942314197,63.3
126982231,"1","Centralizzato","Centro","Missori",995,1,31.09375,20,c(9.1903, 45.457),2.50823000615681,3.3427964229669,59.1
126040389,"1","Centralizzato","Famagosta, Barona","Famagosta",1070,1,71.3333333333333,15,c(9.1736, 45.4399),8.46950037560577,6.10491045811026,95.7
125820629,"1","Assente","Navigli","Bocconi",990,1,61.875,16,c(9.1941, 45.4492),11.8223201597561,3.02663800446276,67.5
125820611,"1","Centralizzato","Genova, Ticinese","San Vittore",940,1,49.4736842105263,19,c(9.1701, 45.4598),2.11296170822542,4.26616228638441,76.4
125599081,"1","Centralizzato","Centrale, Repubblica","Centrale",895,1,59.6666666666667,15,c(9.2132, 45.4864),3.72015046386929,3.04731296338446,20.7
125391243,"1","Centralizzato","Città Studi, Susa","Città Studi",870,1,54.375,16,c(9.2366, 45.4789),9.69211305928674,3.74648847951924,11.9
127229175,"1","Centralizzato","Navigli","Bocconi",1310,1,93.5714285714286,14,c(9.1927, 45.4509),9.9519730557734,1.23956688352423,67.1
126041409,"1","Centralizzato","Navigli","Corso San Gottardo",965,1,56.7647058823529,17,c(9.1824, 45.4443),17.9599639407915,1.08780498111427,82.7
127272339,"1","Centralizzato","Solari, Washington","Frua",845,1,84.5,10,c(9.1498, 45.4649),2.70624379649801,3.74729833662051,74.6
127301295,"1","Centralizzato","Cenisio, Sarpi, Isola","Isola",935,1,62.3333333333333,15,c(9.1914, 45.4882),1.027303625552,2.58288520452079,45.8
127460120,"1","Centralizzato","Bande Nere, Inganni","Gambara",865,1,78.6363636363636,11,c(9.1447, 45.462),5.45254846477641,10.6949151213948,77.8
126041403,"1","Centralizzato","Genova, Ticinese","San Vittore",995,1,82.9166666666667,12,c(9.1729, 45.4657),5.43129944188822,1.9930788411704,68.4
125846767,"1","Centralizzato","Bande Nere, Inganni","Gambara",890,1,68.4615384615385,13,c(9.1387, 45.4664),5.85862924569497,10.7590548087343,71.4
127460158,"1","Centralizzato","Solari, Washington","Solari",845,1,46.9444444444444,18,c(9.1624, 45.4552),4.90729216366132,0.500263038549582,85.5
127091451,"1","Assente","Porta Romana, Cadore, Montenero","Montenero",1035,1,94.0909090909091,11,c(9.2093, 45.4604),13.1411424370302,2.55652520755413,40.3
125622277,"1","Centralizzato","Genova, Ticinese","Corso Genova",945,1,94.5,10,c(9.1777, 45.4565),4.5610923126272,2.97395587798245,70.6
125846893,"1","Centralizzato","Pasteur, Rovereto","Rovereto",860,1,66.1538461538462,13,c(9.2202, 45.4973),3.17840244599825,6.49915301870561,31.3
127460252,"1","Centralizzato","Arco della Pace, Arena, Pagano","Vincenzo Monti",995,1,99.5,10,c(9.1725, 45.4667),5.51485985602689,2.03258182378897,69.2
127460282,"1","Centralizzato","Cenisio, Sarpi, Isola","Zara",850,1,53.125,16,c(9.1889, 45.4954),6.1681239892639,4.27321422749553,42.2
127460212,"1","Centralizzato","Città Studi, Susa","Città Studi",880,1,73.3333333333333,12,c(9.2171, 45.4845),1.56141729291791,8.28992774763936,15.1
126848783,"1","Autonomo","Genova, Ticinese","Corso Genova",1005,1,77.3076923076923,13,c(9.1738, 45.4594),3.94616206513733,4.19983747940523,72.5
125993207,"1","Centralizzato","Cenisio, Sarpi, Isola","Isola",890,1,59.3333333333333,15,c(9.189, 45.489),3.68872242541803,2.59275125036256,46.6
107196783,"1","Centralizzato","Famagosta, Barona","Giambellino",895,1,99.4444444444444,9,c(9.1438, 45.4487),5.75871045445754,0.631165458089566,100.5
125622373,"1","Centralizzato","Cenisio, Sarpi, Isola","Paolo Sarpi",900,1,64.2857142857143,14,c(9.1805, 45.4803),7.29946157358728,1.0902764701055,55.4
125391333,"1","Centralizzato","Centrale, Repubblica","Buenos Aires",920,1,40,23,c(9.216, 45.4842),0.14244333857527,7.64757196496099,15.6
126041209,"1","Centralizzato","Navigli","Corso San Gottardo",875,1,67.3076923076923,13,c(9.1824, 45.4443),17.9599639407915,1.08780498111427,82.7
126335215,"1","Autonomo","Affori, Bovisa","Affori",840,1,84,10,c(9.1733, 45.518),7.77357946845828,22.7594478216327,39.5
123755151,"1","Centralizzato","Udine, Lambrate","Ortica",1012,1,67.4666666666667,15,c(9.2482, 45.4691),15.5529500517421,13.3956606106002,37
126696021,"1","Centralizzato","Porta Venezia, Indipendenza","Indipendenza",905,1,39.3478260869565,23,c(9.2147, 45.4729),9.64174731164799,0.64245307823198,17.5
126655931,"1","Centralizzato","Navigli","Navigli - Darsena",840,1,49.4117647058824,17,c(9.1691, 45.4513),1.29501202621167,0.754532448040947,81.8
127412029,"1","Centralizzato","Cenisio, Sarpi, Isola","Isola",845,1,65,13,c(9.1995, 45.4904),1.91486577239711,5.92574480860232,36.7
125846807,"1","Centralizzato","Bicocca, Niguarda","Ca' Granda",845,1,93.8888888888889,9,c(9.2009, 45.5035),4.85378386516771,1.89396209867898,54.4
125812305,"1","Centralizzato","Abbiategrasso, Chiesa Rossa","Pezzotti - Meda",890,1,55.625,16,c(9.1789, 45.4412),14.3522027401232,0.290039545423093,90
125953375,"1","Centralizzato","Ripamonti, Vigentino","Ripamonti - Fondazione Prada",895,1,63.9285714285714,14,c(9.1912, 45.4432),20.5707315302442,9.05757787043775,78.2
127315705,"1","Assente","Porta Romana, Cadore, Montenero","Porta Romana - Medaglie d'Oro",1100,1,68.75,16,c(9.2071, 45.4554),8.2139054005547,2.91185557251268,48.5
127042557,"1","Centralizzato","Genova, Ticinese","Ticinese",995,1,49.75,20,c(9.1834, 45.4521),8.99546547896438,0.0948048326242579,72
127460064,"1","Autonomo","Affori, Bovisa","Dergano",945,1,63,15,c(9.1825, 45.5013),6.97359622927047,6.57426292842055,34.8
126367625,"1","Centralizzato","Centro","Missori",935,1,62.3333333333333,15,c(9.1912, 45.458),3.92031164437287,1.52104997017748,57.1
125390945,"1","Centralizzato","Centro","Missori",905,1,75.4166666666667,12,c(9.1912, 45.458),3.92031164437287,1.52104997017748,57.1
126041437,"1","Centralizzato","Quadronno, Palestro, Guastalla","Guastalla",950,1,52.7777777777778,18,c(9.1994, 45.4614),7.87995584340979,1.92249696079607,48.3
125178741,"1","Centralizzato","Bicocca, Niguarda","Bicocca",1150,1,52.2727272727273,22,c(9.2031, 45.5159),3.41689112148909,3.08296672320047,67.5
127460178,"1","Centralizzato","Solari, Washington","Frua",855,1,50.2941176470588,17,c(9.1498, 45.4649),2.70624379649801,3.74729833662051,74.6
126042319,"1","Autonomo","Solari, Washington","Vercelli - Wagner",965,1,48.25,20,c(9.1556, 45.4689),1.77381630596316,3.62897670852341,66.8
127460074,"1","Centralizzato","Città Studi, Susa","Città Studi",890,1,68.4615384615385,13,c(9.2366, 45.4789),9.69211305928674,3.74648847951924,11.9
126041241,"1","Centralizzato","Quadronno, Palestro, Guastalla","Quadronno - Crocetta",1015,1,48.3333333333333,21,c(9.1953, 45.4563),0.339027360383841,0.562389046422067,57.7
127460330,"1","Centralizzato","Città Studi, Susa","Città Studi",880,1,38.2608695652174,23,c(9.2251, 45.482),1.99719667819019,5.11139743246378,6.3
127460304,"1","Centralizzato","Bande Nere, Inganni","Gambara",870,1,51.1764705882353,17,c(9.1447, 45.462),5.45254846477641,10.6949151213948,77.8
127301317,"1","Centralizzato","Cenisio, Sarpi, Isola","Isola",935,1,58.4375,16,c(9.1914, 45.4882),1.027303625552,2.58288520452079,45.8
127229149,"1","Centralizzato","Porta Romana, Cadore, Montenero","Porta Romana - Medaglie d'Oro",1045,1,43.5416666666667,24,c(9.1994, 45.4509),4.77156559261176,1.16534058799138,60.3
126041283,"1","Centralizzato","Porta Romana, Cadore, Montenero","Porta Romana - Medaglie d'Oro",1035,1,73.9285714285714,14,c(9.2031, 45.4548),5.66325607914425,1.41246105201846,51.8
127229143,"1","Assente","Porta Vittoria, Lodi","Lodi - Brenta",930,1,77.5,12,c(9.2156, 45.4511),9.5222444631594,1.64424812581969,49.8
127229141,"1","Centralizzato","Navigli","Corso San Gottardo",880,1,44,20,c(9.1824, 45.4443),17.9599639407915,1.08780498111427,82.7
127460018,"1","Centralizzato","Solari, Washington","Vercelli - Wagner",910,1,56.875,16,c(9.1623, 45.4663),3.76470239756844,0.239260351014953,74.5
113712799,"1","Autonomo","Cenisio, Sarpi, Isola","Zara",1700,1,48.5714285714286,20,c(9.1889, 45.4954),6.1681239892639,4.27321422749553,42.2
127460344,"1","Centralizzato","Porta Venezia, Indipendenza","Indipendenza",850,1,40.4761904761905,21,c(9.2147, 45.4708),6.66405665334233,3.55323628101678,20.3
126038043,"1","Centralizzato","Porta Vittoria, Lodi","Lodi - Brenta",990,1,55,18,c(9.215, 45.4429),4.30027529800971,14.3465004278863,65.7
125351523,"1","Centralizzato","Quadronno, Palestro, Guastalla","Quadronno - Crocetta",990,1,70.7142857142857,14,c(9.2012, 45.4551),6.64868166919132,3.14004296096824,54.1
126038045,"1","Centralizzato","Porta Vittoria, Lodi","Lodi - Brenta",840,1,46.6666666666667,18,c(9.215, 45.4429),4.30027529800971,14.3465004278863,65.7
126038113,"1","Centralizzato","Quadronno, Palestro, Guastalla","Quadronno - Crocetta",940,1,67.1428571428571,14,c(9.2012, 45.4551),6.64868166919132,3.14004296096824,54.1
125812307,"1","Centralizzato","Abbiategrasso, Chiesa Rossa","Pezzotti - Meda",890,1,55.625,16,c(9.1789, 45.4412),14.3522027401232,0.290039545423093,90
127010021,"1","Centralizzato","Solari, Washington","Solari",995,1,62.1875,16,c(9.1683, 45.4579),2.20345847756223,1.13340990437407,78.9
127646642,"2","Assente","Precotto, Turro","Villa San Giovanni",850,3,56.6666666666667,15,c(9.22541, 45.5175),0.854112493317908,6.72184037767283,62.5
127272343,"1","Centralizzato","Bande Nere, Inganni","Gambara",855,1,53.4375,16,c(9.1447, 45.462),5.45254846477641,10.6949151213948,77.8
126726105,"1","Centralizzato","Genova, Ticinese","San Vittore",870,1,43.5,20,c(9.1703, 45.459),0.917982312120576,3.10120755400553,76.6
127303477,"1","Assente","Centrale, Repubblica","Morgagni",885,4,9.83333333333333,18,c(9.20936, 45.4765),4.69567854348497,2.35424183536392,23.2
127091455,"1","Centralizzato","Città Studi, Susa","Città Studi",850,1,53.125,16,c(9.2169, 45.4827),2.90255584781764,9.74804392350058,15.8
105012421,"1","Centralizzato","San Siro, Trenno","San Siro",900,1,90,10,c(9.1168, 45.4763),1.89821913954563,7.43802960325002,75.6
126042085,"1","Centralizzato","Navigli","Bocconi",850,1,85,10,c(9.1872, 45.4497),11.6901772579531,2.47711615455224,72.5
125612371,"1","Centralizzato","Maggiolina, Istria","Cascina dei Pomi",870,1,66.9230769230769,13,c(9.2078, 45.4924),9.57652723518805,3.09204781708393,33
127460224,"1","Centralizzato","Solari, Washington","Solari",845,1,52.8125,16,c(9.1624, 45.4552),4.90729216366132,0.500263038549582,85.5
127460052,"1","Centralizzato","Solari, Washington","Solari",885,1,52.0588235294118,17,c(9.1624, 45.4552),4.90729216366132,0.500263038549582,85.5
127460148,"1","Centralizzato","Cenisio, Sarpi, Isola","Zara",840,1,52.5,16,c(9.1899, 45.4915),4.0524324759907,3.05995834317362,45.7
118950883,"1","Centralizzato","Quadronno, Palestro, Guastalla","Quadronno - Crocetta",3400,1,56.6666666666667,20,c(9.1956, 45.4568),0.912836999195353,1.34005003387862,57.8
126600577,"1","Centralizzato","Navigli","Corso San Gottardo",905,1,100.555555555556,9,c(9.1824, 45.4443),17.9599639407915,1.08780498111427,82.7
118950877,"1","Centralizzato","Arco della Pace, Arena, Pagano","Arco della Pace",2250,1,45,20,c(9.1702, 45.4777),11.9428900049911,1.43540171530422,53.8
119339131,"1","Centralizzato","Affori, Bovisa","Bovisa",1900,1,38,20,c(9.1653, 45.5037),17.6794109059266,2.08349408757926,10.7
118950889,"1","Centralizzato","Solari, Washington","Solari",6200,3,44.2857142857143,20,c(9.1639, 45.454),7.48916323289682,2.49503441124361,85.5
119981748,"1","Autonomo","Precotto, Turro","Turro",1872,1,53.4857142857143,20,c(9.2212, 45.5011),1.15843138236819,12.3948185239537,37.5
113209393,"1","Autonomo","Precotto, Turro","Turro",1588,1,56.7142857142857,20,c(9.2212, 45.5011),1.15843138236819,12.3948185239537,37.5
123248629,"1","Autonomo","Abbiategrasso, Chiesa Rossa","Cermenate - Abbiategrasso",2500,1,62.5,20,c(9.182, 45.435),10.3566171901423,2.15282089318297,98.3
123755185,"1","Centralizzato","Udine, Lambrate","Lambrate",1430,1,36.6666666666667,20,c(9.2455, 45.4719),17.0303161413721,9.44189569024073,31
123724115,"1","Centralizzato","Garibaldi, Moscova, Porta Nuova","Moscova",2100,1,52.5,20,c(9.1863, 45.48),5.57290755011286,3.13294040001106,51.5
118950885,"1","Centralizzato","San Siro, Trenno","San Siro",2650,1,66.25,20,c(9.1419, 45.4712),9.98613520012143,2.19289936263727,62
112991399,"1","Autonomo","Centro","Carrobbio",2700,1,57.4468085106383,20,c(9.18, 45.4588),3.22152247198175,1.70084969102412,65.5
127460272,"1","Centralizzato","Navigli","Navigli - Darsena",935,1,62.3333333333333,15,c(9.1612, 45.4468),9.54649275736396,3.34063848218255,95.2
127414589,"2","Assente","Precotto, Turro","Villa San Giovanni",845,3,7.68181818181818,20,c(9.22919, 45.5211),4.40112787052492,7.96727909301548,69.3
126600553,"1","Centralizzato","Abbiategrasso, Chiesa Rossa","Pezzotti - Meda",850,1,36.9565217391304,23,c(9.1786, 45.4406),14.2995027480505,0.948218403491241,91.1
115716575,"1","Autonomo","Precotto, Turro","Turro",1544,1,55.1428571428572,20,c(9.2212, 45.5011),1.15843138236819,12.3948185239537,37.5
127460260,"1","Centralizzato","San Siro, Trenno","Monte Stella",890,1,49.4444444444444,18,c(9.1436, 45.4846),8.37266779905156,13.2491100688518,40
126041295,"1","Centralizzato","Porta Venezia, Indipendenza","Porta Venezia",845,1,35.2083333333333,24,c(9.2107, 45.4748),5.93614158998768,0.162127125246825,21.8
126041371,"1","Centralizzato","Porta Romana, Cadore, Montenero","Porta Romana - Medaglie d'Oro",995,1,66.3333333333333,15,c(9.205, 45.4539),4.64882449258853,2.11158289041087,51.6
126469601,"1","Centralizzato","Quadronno, Palestro, Guastalla","Quadronno - Crocetta",1045,1,61.4705882352941,17,c(9.1953, 45.4563),0.339027360383841,0.562389046422067,57.7
118558771,"1","Autonomo","Precotto, Turro","Turro",1696,1,53,20,c(9.2212, 45.5011),1.15843138236819,12.3948185239537,37.5
126600583,"1","Assente","Quadronno, Palestro, Guastalla","Quadronno - Crocetta",1080,1,54,20,c(9.1888, 45.4532),5.54418958649409,2.34378449532431,65.3
125391335,"1","Centralizzato","Città Studi, Susa","Città Studi",875,1,51.4705882352941,17,c(9.2236, 45.486),9.14690989528332,12.2404321397625,13.3
114833827,"1","Autonomo","Precotto, Turro","Turro",1612,1,50.375,20,c(9.2212, 45.5011),1.15843138236819,12.3948185239537,37.5
123837369,"1","Autonomo","Precotto, Turro","Turro",1632,1,51,20,c(9.2212, 45.5011),1.15843138236819,12.3948185239537,37.5
127138787,"1","Centralizzato","Quadronno, Palestro, Guastalla","Guastalla",1095,1,99.5454545454546,11,c(9.202, 45.4624),8.14392087603396,1.72242683676857,44
126600571,"1","Centralizzato","Centrale, Repubblica","Buenos Aires",895,1,63.9285714285714,14,c(9.2165, 45.483),2.23512022810214,9.06392391958345,16
124229705,"1","Autonomo","Precotto, Turro","Turro",1632,1,58.2857142857143,20,c(9.2212, 45.5011),1.15843138236819,12.3948185239537,37.5
110573783,"1","Centralizzato","Ponte Lambro, Santa Giulia","Santa Giulia",1800,1,36,20,c(9.2425, 45.4318),6.23519335164685,23.6008792976849,84.7
125812303,"1","Centralizzato","Abbiategrasso, Chiesa Rossa","Pezzotti - Meda",890,1,74.1666666666667,12,c(9.184, 45.4444),19.9186663931526,0.895087486078755,81.6
124750495,"1","Centralizzato","Cimiano, Crescenzago, Adriano","Cimiano",1020,1,92.7272727272727,11,c(9.2359, 45.5024),7.73172918292148,21.5279162362014,42
126037533,"1","Centralizzato","Cimiano, Crescenzago, Adriano","Cimiano",1050,1,70,15,c(9.2359, 45.5024),7.73172918292148,21.5279162362014,42
126037607,"1","Centralizzato","Bicocca, Niguarda","Ca' Granda",930,1,103.333333333333,9,c(9.1989, 45.5054),4.18289830119589,2.26194914471962,56.7
125874399,"1","Centralizzato","Pasteur, Rovereto","Pasteur",1210,1,57.6190476190476,21,c(9.2137, 45.4894),5.37940748679396,0.962189336338482,25.1
127039015,"2","Centralizzato","Genova, Ticinese","Ticinese",880,3,10.3529411764706,22.6666666666667,c(9.18614, 45.4563),2.80504592877706,1.74296982645662,63.6
118948439,"1","Centralizzato","Fiera, Sempione, City Life, Portello","Monte Rosa - Lotto",900,3,7.5,20,c(9.14812, 45.4748),3.994725535499,7.69947061410754,57.8
127245483,"2","Centralizzato","Napoli, Soderini","Tripoli - Soderini",950,3,17.9245283018868,20,c(9.15147, 45.4566),2.97052892473581,7.95829696745735,84.8
123128407,"1","Autonomo","Pasteur, Rovereto","Pasteur",850,3,42.5,20,c(9.21708, 45.4926),4.14257377533939,1.75162934031503,28.9
121586904,"2","Centralizzato","Navigli","Corso San Gottardo",850,4,5.66666666666667,20,c(9.18022, 45.4496),13.5671578578494,1.1890414728634,78.1
120829804,"2","Centralizzato","Fiera, Sempione, City Life, Portello","De Angeli",1150,5,11.5,16,c(9.14773, 45.4664),2.2404741308394,2.68007291534874,71.1
126599203,"2","Autonomo","Solari, Washington","Solari",900,3,45,20,c(9.1668, 45.4541),4.76387188350549,3.89391996685883,83.7
119161547,"1","Autonomo","Cenisio, Sarpi, Isola","Isola",1250,2,104.166666666667,12,c(9.19242, 45.4868),1.96612185394119,5.15455949406608,44.8
112904565,"2","Centralizzato","Abbiategrasso, Chiesa Rossa","Chiesa Rossa",900,5,7.5,19.2,c(9.18274, 45.4325),7.89136144400057,0.554666237021026,100.1
123823235,"1","Centralizzato","Città Studi, Susa","Plebisciti - Susa",1100,2,39.2857142857143,20,c(9.21834, 45.4635),7.80300801356255,2.27448647494787,29.5
114472607,"1","Autonomo","Affori, Bovisa","Quarto Oggiaro",875,1,7.60869565217391,20,c(9.13103, 45.5085),28.5389332983686,1.79310746441435,34.8
124340003,"1","Centralizzato","Porta Venezia, Indipendenza","Porta Venezia",1000,1,20,20,c(9.20981, 45.4731),6.14297765768134,1.79183165575617,23.8
122307062,"1","Autonomo","Ripamonti, Vigentino","Ripamonti - Fondazione Prada",1000,3,40,25,c(9.19302, 45.4378),23.4312143644446,9.03794790889383,86.9
105157773,"2","Autonomo","Ripamonti, Vigentino","Ripamonti - Fondazione Prada",1150,3,63.8888888888889,18,c(9.19598, 45.4462),12.7735763056855,2.63579600608113,69.4
118602631,"2","Centralizzato","Cenisio, Sarpi, Isola","Farini",1000,2,16.6666666666667,20,c(9.18262, 45.4933),8.15430196955517,3.32990618431793,35.5
123464973,"3+","Autonomo","Città Studi, Susa","Città Studi",1000,5,45.4545454545455,22,c(9.21935, 45.4766),10.3074262074107,3.4190901338438,12.3
121369514,"2","Centralizzato","Navigli","Bocconi",970,3,42.1739130434783,23,c(9.19577, 45.4517),7.93040232623226,1.26220377052549,62.7
120158480,"1","Centralizzato","Città Studi, Susa","Città Studi",500,2,8.33333333333333,24,c(9.23406, 45.4804),7.26508993071938,0.193758747269542,8.8
127108215,"1","Autonomo","Navigli","Corso San Gottardo",600,2,33.3333333333333,18,c(9.18118, 45.449),14.4039755551333,1.80039231976144,77.3
125716891,"2","Centralizzato","Porta Venezia, Indipendenza","Porta Venezia",900,3,52.9411764705882,17,c(9.21076, 45.4748),6.00844693803425,0.187538663349743,21.8
123284401,"2","Centralizzato","Centrale, Repubblica","Buenos Aires",850,4,6.07142857142857,20,c(9.21061, 45.4802),0.504982855888593,6.12323051426203,19.8
126556321,"1","Centralizzato","Navigli","Bocconi",900,4,81.8181818181818,11,c(9.1899, 45.451),9.50854417981891,0.0677919109524583,67.1
127347583,"1","Centralizzato","Centrale, Repubblica","Buenos Aires",850,5,106.25,8,c(9.20538, 45.4775),3.81915267101232,2.38396541859913,28.1
125013515,"1","Centralizzato","Navigli","Navigli - Darsena",1150,1,28.75,20,c(9.17428, 45.444),8.03970086128058,5.81859619965057,89.8
91997598,"2","Autonomo","Famagosta, Barona","Tre Castelli - Faenza",550,4,6.875,16,c(9.15204, 45.4376),19.6751676347557,15.3744533545143,113.9
124791421,"2","Centralizzato","Centrale, Repubblica","Morgagni",900,5,45,20,c(9.21384, 45.4737),10.0958888693363,0.968239663421404,18.2
112739665,"1","Centralizzato","Città Studi, Susa","Città Studi",550,3,6.875,21.3333333333333,c(9.23117, 45.4828),6.11649077000346,5.61414737766121,9.2
123316543,"1","Centralizzato","Bicocca, Niguarda","Niguarda",950,2,15.8333333333333,20,c(9.19207, 45.518),17.155219310245,1.49184650318361,56.2
111918691,"2","Centralizzato","Fiera, Sempione, City Life, Portello","Sempione",900,3,8.18181818181818,20,c(9.16099, 45.478),5.15602200261586,0.678163824252437,52.7
125199077,"1","Centralizzato","Solari, Washington","Solari",1350,3,58.695652173913,23,c(9.16278, 45.4584),2.81089033225566,3.98131496301052,85.3
108802105,"1","Centralizzato","Bande Nere, Inganni","Lorenteggio",950,3,9.5,20,c(9.13828, 45.4515),4.19642422323581,6.81604931562132,97.2
122797656,"3","Centralizzato","Centrale, Repubblica","Buenos Aires",850,5,70.8333333333333,12,c(9.20857, 45.4841),2.3276903115213,0.861925933675784,23.3
111016159,"1","Centralizzato","Centrale, Repubblica","Melchiorre Gioia",840,5,33.6,25,c(9.19605, 45.4831),3.38410375655591,3.85414664376055,38.8
122543610,"1","Centralizzato","Città Studi, Susa","Città Studi",550,3,6.875,21.3333333333333,c(9.23117, 45.4828),6.11649077000346,5.61414737766121,9.2
110002533,"1","Centralizzato","Affori, Bovisa","Affori",850,2,56.6666666666667,15,c(9.1788, 45.5114),6.96021353099033,13.9928282469311,34.3
68464331,"2","Assente","Affori, Bovisa","Dergano",900,4,7.82608695652174,23,c(9.175, 45.5028),7.32122479706787,9.43555887046941,24
111127451,"2","Centralizzato","Centrale, Repubblica","Buenos Aires",850,4,34,25,c(9.21649, 45.4857),1.24244278154382,6.28227380688468,17.3
126835765,"2","Autonomo","Navigli","Navigli - Darsena",850,3,12.1428571428571,18.6666666666667,c(9.17175, 45.4546),5.33152340614114,0.790416777685155,76
125406279,"1","Centralizzato","Affori, Bovisa","Bovisa",470,5,23.5,20,c(9.16536, 45.5026),18.0512869282986,0.195872093764117,11.6
112470171,"1","Centralizzato","Affori, Bovisa","Bovisa",850,3,12.5,18.1333333333333,c(9.14355, 45.5023),29.3332942513162,0.306430954875393,15.8
118283575,"1","Centralizzato","Abbiategrasso, Chiesa Rossa","Pezzotti - Meda",850,2,56.6666666666667,15,c(9.18572, 45.445),20.014602820287,1.6951951517182,79.7
123556529,"1","Centralizzato","Centrale, Repubblica","Buenos Aires",750,4,9.375,16,c(9.21127, 45.4835),3.86061230800698,3.54410701234066,21
121879834,"1","Autonomo","Pasteur, Rovereto","Pasteur",600,3,33.3333333333333,18,c(9.21877, 45.4909),1.47779591605565,3.56839533709745,24.5
122052008,"1","Centralizzato","Affori, Bovisa","Bovisa",850,3,10,22.6666666666667,c(9.1614, 45.5077),18.3554842482342,10.1872633487747,15
121529244,"2","Centralizzato","Centro","Carrobbio",880,5,51.7647058823529,17,c(9.18491, 45.4582),3.31798870611081,4.03729599875836,61.8
126917931,"2","Autonomo","Centro","Sant'Ambrogio",885,5,8.04545454545454,17.6,c(9.17645, 45.4602),2.19623687032616,3.18634640044841,68.3
126917797,"2","Autonomo","Navigli","Ascanio Sforza",955,4,8.30434782608696,23,c(9.17953, 45.4482),14.065868199827,0.758457716081964,79.9
126917795,"1","Autonomo","Cenisio, Sarpi, Isola","Isola",875,4,9.21052631578947,19,c(9.20056, 45.4895),0.66958566042821,4.16244485783313,35
126917603,"2","Autonomo","Cenisio, Sarpi, Isola","Isola",895,5,59.6666666666667,15,c(9.19293, 45.4885),2.51941389094573,2.7401330098552,44.1
126917257,"3+","Autonomo","Navigli","Bocconi",960,5,64,15,c(9.18768, 45.452),7.66193856982506,0.794813148439568,68.1
126917095,"2","Autonomo","Genova, Ticinese","Corso Genova",875,5,5.57324840764331,25.12,c(9.17012, 45.4582),0.786907842593028,1.87363955822676,76.7
126917857,"2","Autonomo","Fiera, Sempione, City Life, Portello","Monte Rosa - Lotto",855,5,57,15,c(9.15044, 45.4766),5.07745521869443,11.8510857158179,53.4
126916683,"2","Autonomo","Città Studi, Susa","Città Studi",885,4,59,15,c(9.22417, 45.4761),8.34428133244927,0.36723133494195,6.1
115974111,"2","Assente","Genova, Ticinese","Ticinese",900,3,60,15,c(9.1835, 45.4521),9.01043577288037,0.215815866461207,71.9
126984897,"3+","Autonomo","Navigli","Bocconi",1245,5,6.62234042553191,20,c(9.19124, 45.4508),10.2721212543707,0.698150760038441,67.4
126917599,"3+","Autonomo","Navigli","Bocconi",1345,5,7.15425531914894,20,c(9.19124, 45.4508),10.2721212543707,0.698150760038441,67.4
126917291,"3","Autonomo","Centro","Missori",935,5,5.08152173913043,20,c(9.19115, 45.4577),4.0153797190989,1.78824528486369,57.6
126917791,"1","Autonomo","Arco della Pace, Arena, Pagano","Vincenzo Monti",990,4,66,15,c(9.17372, 45.4658),5.38201740330906,0.983423146710236,67.5
126917699,"3","Autonomo","Bicocca, Niguarda","Ca' Granda",850,5,6.07142857142857,22.4,c(9.19938, 45.5052),4.12427415242695,2.25170566604013,56.8
126917593,"2","Autonomo","Genova, Ticinese","Ticinese",1080,5,7.71428571428571,22.4,c(9.17971, 45.4533),7.67731662020399,0.736799654651226,72.8
126917349,"3+","Autonomo","Precotto, Turro","Gorla",860,5,57.3333333333333,15,c(9.22306, 45.5065),0.766487609807639,12.3816601686021,45.2
126917119,"1","Autonomo","Garibaldi, Moscova, Porta Nuova","Turati",975,5,7.44274809160305,20.96,c(9.18877, 45.4754),6.11072005777783,7.35509863273723,49.8
126917195,"2","Autonomo","Porta Vittoria, Lodi","Lodi - Brenta",960,5,10.6666666666667,14.4,c(9.21396, 45.4485),4.9123198670162,6.57230383237243,54
126917927,"2","Autonomo","Città Studi, Susa","Argonne - Corsica",890,4,59.3333333333333,15,c(9.22762, 45.4676),3.43879189639283,5.80597253433425,18.3
126917631,"3","Autonomo","Centro","Missori",935,5,5.08152173913043,20,c(9.19115, 45.4577),4.0153797190989,1.78824528486369,57.6
126917419,"2","Autonomo","Abbiategrasso, Chiesa Rossa","Pezzotti - Meda",965,5,8.39130434782609,18.4,c(9.17651, 45.4433),10.7736287115959,3.04408451189785,88.5
127134311,"2","Centralizzato","Navigli","Bocconi",900,5,45,20,c(9.1923, 45.4501),11.4215656189338,2.2421489762348,68.1
126570721,"2","Centralizzato","Centro","Carrobbio",850,4,56.6666666666667,15,c(9.18366, 45.4614),7.31161770932715,1.13543609787972,60.3
123663269,"1","Centralizzato","Abbiategrasso, Chiesa Rossa","Chiesa Rossa",990,2,18,20,c(9.17158, 45.4264),9.3990620798772,6.91078832972728,115.2
110141171,"1","Centralizzato","Porta Venezia, Indipendenza","Piave - Tricolore",850,5,40.4761904761905,21,c(9.20889, 45.4665),2.79058714914223,2.81277609132342,32.5
121185298,"2","Assente","Porta Venezia, Indipendenza","Piave - Tricolore",952,5,45.3333333333333,21,c(9.20889, 45.4665),2.79058714914223,2.81277609132342,32.5
124110459,"2","Centralizzato","Porta Vittoria, Lodi","Martini - Insubria",950,3,50,19,c(9.22019, 45.4542),17.2445915311474,5.20705527271901,42.6
117129975,"1","Centralizzato","Navigli","Bocconi",900,2,45,20,c(9.19169, 45.45),11.7624575689205,2.03874613367424,68.9
122843730,"1","Centralizzato","Centro","Duomo",900,4,45,20,c(9.18813, 45.4637),0.919790396665789,0.416026084754276,53.4
112351399,"1","Centralizzato","Cimiano, Crescenzago, Adriano","Crescenzago",860,2,10.75,20,c(9.24076, 45.5046),8.54643095520316,17.1631065412581,46.2
122686732,"2","Autonomo","San Siro, Trenno","San Siro",850,3,85,10,c(9.14377, 45.4676),4.74573737059394,4.77410335618782,67.6
125815709,"1","Centralizzato","Famagosta, Barona","Famagosta",1000,4,12.5,16,c(9.17056, 45.4405),6.60251845191382,9.83884368784726,98.1
125366331,"1","Centralizzato","Cenisio, Sarpi, Isola","Isola",950,2,59.375,16,c(9.19293, 45.4884),2.41743553745382,2.87353696657074,44.1
122498006,"1","Centralizzato","Abbiategrasso, Chiesa Rossa","Pezzotti - Meda",600,1,13.3333333333333,20,c(9.17606, 45.4427),10.3547211453823,3.66839556547978,89.4
120896212,"2","Centralizzato","Solari, Washington","Solari",850,4,56.6666666666667,15,c(9.15867, 45.4558),4.17184752142576,3.00493590952686,89.1
110193585,"2","Centralizzato","Solari, Washington","Solari",850,5,47.2222222222222,18,c(9.16423, 45.4555),5.84584038671851,1.78159384678338,83.6
122657254,"1","Autonomo","Centrale, Repubblica","Centrale",1450,1,27.8846153846154,20,c(9.20913, 45.4863),1.75941895294091,1.64850508787676,24.7
125689145,"2","Centralizzato","Porta Romana, Cadore, Montenero","Porta Romana - Medaglie d'Oro",1000,3,12.5,21.3333333333333,c(9.2028, 45.4515),0.49934822977244,0.349162930000292,56.2
112198461,"2","Centralizzato","Cimiano, Crescenzago, Adriano","Cimiano",850,2,85,10,c(9.23687, 45.4957),7.39657105837209,18.9004370878596,32.3
112101383,"1","Assente","Navigli","Navigli - Darsena",910,3,9.1,20,c(9.17101, 45.456),4.73495446749872,1.62701633680624,76.9
123092061,"1","Centralizzato","Famagosta, Barona","Giambellino",850,3,14.1666666666667,20,c(9.14749, 45.4505),5.57410116323464,0.605648080759023,98
125662661,"1","Centralizzato","Corvetto, Rogoredo","Corvetto",450,4,5.29411764705882,17,c(9.22253, 45.4338),11.1880609396565,25.7168072163083,73.5
123508103,"3","Autonomo","Porta Venezia, Indipendenza","Piave - Tricolore",850,5,85,10,c(9.20805, 45.4645),5.91226425602179,1.52268582632787,35.2
123181869,"2","Centralizzato","Abbiategrasso, Chiesa Rossa","Pezzotti - Meda",1180,2,98.3333333333333,12,c(9.18634, 45.4452),19.5596597854042,2.22931433642648,79
110292663,NA,"Centralizzato","Fiera, Sempione, City Life, Portello","Sempione",900,NA,60,15,c(9.16128, 45.4802),2.23769058278614,1.25595091094505,48.4
111231483,"3","Autonomo","Porta Vittoria, Lodi","Molise - Cuoco",1000,5,50,20,c(9.22774, 45.4521),19.699755957554,0.592160696062219,47
127578826,"1","Autonomo","Genova, Ticinese","Ticinese",950,3,11.875,21.3333333333333,c(9.18072, 45.4524),8.70397266925308,1.24037029514514,73.5
123010485,"1","Centralizzato","Cimiano, Crescenzago, Adriano","Crescenzago",440,2,8,22,c(9.24633, 45.502),5.25584947827872,20.6899513683952,47.1
124523657,"1","Centralizzato","Bisceglie, Baggio, Olmi","Baggio",2000,3,22.2222222222222,20,c(9.09738, 45.4592),20.0736810937396,38.4656794623754,114.8
95580448,"1","Centralizzato","Centro","San Babila",1100,5,55,20,c(9.19734, 45.4669),0.518637888334411,7.29185933257357,40.9
124094409,"2","Centralizzato","San Siro, Trenno","San Siro",900,5,52.9411764705882,17,c(9.12417, 45.4728),8.18501408608204,5.85689573679449,73.7
124689723,"2","Centralizzato","Solari, Washington","Dezza",850,3,8.5,20,c(9.16137, 45.4619),6.55924489996585,2.56053391324779,80.7
120187408,"1","Centralizzato","Città Studi, Susa","Città Studi",1200,2,54.5454545454545,22,c(9.22182, 45.479),5.28157687962781,4.74326660208098,7
125963983,"1","Centralizzato","Bande Nere, Inganni","Inganni",1000,2,90.9090909090909,11,c(9.11938, 45.4562),4.21214326156871,23.8914492104933,98.1
124087027,"3","Centralizzato","Genova, Ticinese","San Vittore",850,5,34,25,c(9.16703, 45.4627),6.58887378447539,3.7748399683711,78.9
110609913,NA,"Assente","Affori, Bovisa","Dergano",870,NA,27.1875,20,c(9.17583, 45.5035),5.77015930386905,11.0012358340423,26
88159513,"1","Autonomo","Cimiano, Crescenzago, Adriano","Cascina Gobba",1250,2,27.7777777777778,20,c(9.26785, 45.5061),12.4241392829279,30.3867204273751,73.1
127240807,"2","Centralizzato","Fiera, Sempione, City Life, Portello","Portello - Parco Vittoria",950,3,9.5,20,c(9.15492, 45.4872),11.4749528247005,1.9004938833842,35.7
125290765,"2","Centralizzato","Bicocca, Niguarda","Bicocca",850,4,42.5,20,c(9.20774, 45.5162),3.85629924845588,1.63754599577195,70.3
123173363,NA,"Centralizzato","Centrale, Repubblica","Repubblica",950,NA,59.375,16,c(9.20214, 45.4806),5.50195270124037,2.58211808431984,32
94034868,NA,"Autonomo","Città Studi, Susa","Città Studi",900,NA,12,NA,c(9.23557, 45.4834),1.81725891786056,2.13740188950781,14.3
126417953,"2","Centralizzato","Garibaldi, Moscova, Porta Nuova","Turati",850,5,85,10,c(9.18691, 45.4738),6.48348245691547,6.58608692518164,51
112662297,"1","Autonomo","Maggiolina, Istria","Maggiolina",900,1,30,20,c(9.19639, 45.4981),3.48983506933864,1.64488334494267,48.4
110633737,NA,"Centralizzato","Garibaldi, Moscova, Porta Nuova","Turati",1100,NA,55,20,c(9.18755, 45.4731),6.78016423664753,6.88069573299346,49.4
127652256,"1","Autonomo","Porta Romana, Cadore, Montenero","Montenero",940,3,55.2941176470588,17,c(9.20915, 45.4576),12.7717630408691,1.90301828695533,44.3
127562544,"1","Centralizzato","Udine, Lambrate","Lambrate",850,3,42.5,20,c(9.24142, 45.4864),7.8538686058585,6.24112838371142,22.7
127502284,NA,"Centralizzato","Porta Venezia, Indipendenza","Porta Venezia",950,NA,63.3333333333333,15,c(9.20302, 45.4768),4.33252025568346,2.20242090468178,31.5
126917223,"3","Autonomo","Genova, Ticinese","Ticinese",945,5,6.84782608695652,22.08,c(9.17809, 45.4555),6.22669486089283,4.09403465297629,72.3
126916681,"3","Autonomo","Maggiolina, Istria","Cascina dei Pomi",870,5,6.8503937007874,20.32,c(9.20803, 45.4926),9.98750304594331,3.52744804187125,34.4
126917789,"2","Autonomo","Genova, Ticinese","Corso Genova",870,5,5.54140127388535,25.12,c(9.17012, 45.4582),0.786907842593028,1.87363955822676,76.7
126917063,"2","Autonomo","Arco della Pace, Arena, Pagano","Pagano",945,5,6.34228187919463,23.84,c(9.15804, 45.4719),4.20019135626343,8.8869885338139,63.1
126917241,"2","Autonomo","Navigli","Navigli - Darsena",840,5,56,15,c(9.16878, 45.4509),2.07332666237627,0.157043477024769,82.5
126917905,"2","Autonomo","Navigli","Navigli - Darsena",935,5,6.67857142857143,22.4,c(9.16227, 45.4473),9.06041554848445,3.24204698437229,93.8
126916287,"2","Autonomo","Porta Venezia, Indipendenza","Indipendenza",885,5,7.19512195121951,19.68,c(9.2113, 45.4719),8.14939765937101,0.983751713224593,22.3
126917575,"2","Autonomo","Ripamonti, Vigentino","Ripamonti - Fondazione Prada",885,4,10.1724137931035,17.4,c(9.19239, 45.4429),19.9505283277211,7.98377931804321,77.3
126917273,"2","Autonomo","Genova, Ticinese","San Vittore",940,5,6.02564102564103,24.96,c(9.16999, 45.4596),1.75032302056133,3.89492659579499,76.6
120427714,"1","Assente","Cenisio, Sarpi, Isola","Cenisio",1000,2,100,10,c(9.1648, 45.4901),10.0310437370325,1.66603270384732,32.5
126984909,"1","Autonomo","Genova, Ticinese","Corso Genova",1025,5,9.95145631067961,16.48,c(9.17417, 45.4568),5.63235439020527,1.59820919158097,72.5
126917803,"3+","Autonomo","Affori, Bovisa","Dergano",945,5,63,15,c(9.1821, 45.5012),7.05211269181468,6.73621399608233,33.9
126917339,"2","Autonomo","Navigli","Bocconi",990,5,7.07142857142857,22.4,c(9.19392, 45.4503),10.5483795352505,1.11192660705073,66.3
126916965,"2","Autonomo","Cenisio, Sarpi, Isola","Isola",895,5,59.6666666666667,15,c(9.19293, 45.4885),2.51941389094573,2.7401330098552,44.1
126917513,"3+","Autonomo","Navigli","Bocconi",1095,5,73,15,c(9.18768, 45.452),7.66193856982506,0.794813148439568,68.1
126917379,"3","Autonomo","Porta Romana, Cadore, Montenero","Montenero",1035,5,5.175,20,c(9.20484, 45.4572),10.0214496236576,1.03650164677929,47.8
126958603,"2","Autonomo","Quadronno, Palestro, Guastalla","Quadronno - Crocetta",990,5,5.92814371257485,20,c(9.20199, 45.4535),3.71769706839019,3.34248871295878,54.1
126917183,"1","Autonomo","Porta Romana, Cadore, Montenero","Montenero",1030,5,11.8390804597701,13.92,c(9.20963, 45.4613),11.6704334258243,2.32986878530755,39
126916447,"2","Autonomo","Navigli","Bocconi",1245,4,13.8333333333333,20,c(9.19128, 45.4509),10.1254690998657,0.700576712550855,67.4
126917049,"3","Autonomo","Porta Romana, Cadore, Montenero","Montenero",1035,5,5.175,20,c(9.20484, 45.4572),10.0214496236576,1.03650164677929,47.8
126917525,"2","Autonomo","Genova, Ticinese","Ticinese",850,5,5.94405594405594,22.88,c(9.18524, 45.4555),4.1918334483366,2.65399910178436,65.6
126916309,"1","Autonomo","Città Studi, Susa","Città Studi",870,5,7.90909090909091,17.6,c(9.23671, 45.482),4.4515155157691,0.95291185133822,12.7
126917469,"2","Autonomo","Cenisio, Sarpi, Isola","Zara",900,5,9.57446808510638,15.04,c(9.18968, 45.4956),6.42215376088594,5.27616997439537,43.8
126917401,"2","Autonomo","Centrale, Repubblica","Morgagni",930,5,6.59574468085106,22.56,c(9.21442, 45.4734),10.5672177174255,0.321562578231493,17.5
126915581,"1","Autonomo","Centro","Missori",900,4,60,15,c(9.18969, 45.4584),2.72422398178252,2.96570546754967,59.9
126917121,"1","Autonomo","Corvetto, Rogoredo","Corvetto",850,2,56.6666666666667,15,c(9.21399, 45.4397),7.67029220947412,17.2146970837983,69.4
126916797,"1","Autonomo","Centrale, Repubblica","Melchiorre Gioia",945,4,7.875,24,c(9.19755, 45.4862),4.1073074316216,4.46044513121722,37.8
126917653,"1","Autonomo","Abbiategrasso, Chiesa Rossa","Pezzotti - Meda",875,5,9.72222222222222,14.4,c(9.17651, 45.4433),10.7736287115959,3.04408451189785,88.5
126917879,"2","Autonomo","Porta Romana, Cadore, Montenero","Porta Romana - Medaglie d'Oro",1045,5,11.6111111111111,14.4,c(9.20709, 45.4491),5.96497845812075,6.95832816810857,55.7
126917867,"2","Autonomo","Udine, Lambrate","Udine",840,5,56,15,c(9.23447, 45.4901),3.73788698681335,9.53185929754807,22.9
126917549,"2","Autonomo","Porta Romana, Cadore, Montenero","Porta Romana - Medaglie d'Oro",1070,5,7.7536231884058,22.08,c(9.19951, 45.4512),4.54625602825532,1.13807260509181,60.4
126917465,"2","Autonomo","Navigli","Navigli - Darsena",840,5,56,15,c(9.16878, 45.4509),2.07332666237627,0.157043477024769,82.5
126917263,"3+","Autonomo","Navigli","Bocconi",990,5,66,15,c(9.18768, 45.452),7.66193856982506,0.794813148439568,68.1
126916633,"3","Autonomo","Genova, Ticinese","Ticinese",945,5,6.84782608695652,22.08,c(9.17809, 45.4555),6.22669486089283,4.09403465297629,72.3
126917873,"2","Autonomo","Centro","Brera",945,5,6.84782608695652,22.08,c(9.18437, 45.472),2.54133375644518,2.74207248899046,52.8
126917421,"3","Autonomo","Quadronno, Palestro, Guastalla","Guastalla",950,5,63.3333333333333,15,c(9.19848, 45.4613),6.90870739297352,2.30743577544328,48.8
127666080,"1","Assente","Solari, Washington","Vercelli - Wagner",900,3,12.8571428571429,18.6666666666667,c(9.155, 45.4686),1.4011798849573,2.95078502352728,67
126917519,"3+","Autonomo","Navigli","Bocconi",990,5,66,15,c(9.18768, 45.452),7.66193856982506,0.794813148439568,68.1
126917239,"2","Autonomo","Quadronno, Palestro, Guastalla","Quadronno - Crocetta",1045,5,7.79850746268657,21.44,c(9.1986, 45.4542),5.15051825578097,3.13605452417075,58.1
126916765,"2","Autonomo","Udine, Lambrate","Udine",870,5,58,15,c(9.23447, 45.4901),3.73788698681335,9.53185929754807,22.9
126917357,"1","Autonomo","Quadronno, Palestro, Guastalla","Guastalla",1095,5,9.0495867768595,19.36,c(9.2045, 45.4621),10.6951075260332,1.07520899790701,42.1
126915461,"2","Autonomo","Città Studi, Susa","Plebisciti - Susa",840,5,6.46153846153846,20.8,c(9.2235, 45.4648),5.88148805744121,4.59057917704108,23.6
126917265,"3+","Autonomo","Navigli","Bocconi",1245,5,9.88095238095238,20.16,c(9.19124, 45.4508),10.2721212543707,0.698150760038441,67.4
127665196,"1","Assente","Genova, Ticinese","Ticinese",950,3,63.3333333333333,15,c(9.1796, 45.4532),7.89260004617176,0.864605672737074,72.9
126915477,"1","Autonomo","Città Studi, Susa","Plebisciti - Susa",840,5,56,15,c(9.2219, 45.4683),3.65281149494655,5.15835256329281,20
126915479,"1","Autonomo","Città Studi, Susa","Plebisciti - Susa",840,5,56,15,c(9.2219, 45.4683),3.65281149494655,5.15835256329281,20
126917639,"2","Autonomo","Città Studi, Susa","Città Studi",900,4,60,15,c(9.22398, 45.4796),2.67357667152323,2.30751477443065,4.3
126917921,"2","Autonomo","Porta Venezia, Indipendenza","Porta Venezia",845,5,56.3333333333333,15,c(9.21385, 45.4732),10.382636248612,0.539229865059051,18.6
122937616,"2","Assente","Porta Romana, Cadore, Montenero","Montenero",850,4,7.72727272727273,22,c(9.2079, 45.4575),11.8203066304733,1.64195077645447,45.1
125811087,"2","Assente","Centrale, Repubblica","Centrale",855,5,6.10714285714286,22.4,c(9.198, 45.4831),4.93994584884393,1.81250617025275,36.6
127551190,"1","Assente","Quadronno, Palestro, Guastalla","Quadronno - Crocetta",1000,1,40,25,c(9.1948, 45.4568),1.31412463943439,1.62127357513854,57.3
127541638,"3","Autonomo","Genova, Ticinese","Ticinese",860,5,6.23188405797101,22.08,c(9.17809, 45.4555),6.22669486089283,4.09403465297629,72.3
127356271,"2","Autonomo","Centro","Sant'Ambrogio",885,5,8.04545454545454,17.6,c(9.17645, 45.4602),2.19623687032616,3.18634640044841,68.3
127646736,"2","Autonomo","Porta Romana, Cadore, Montenero","Montenero",1100,5,9.16666666666667,19.2,c(9.20531, 45.4567),9.31512599109073,1.41228378972935,47.9
127541700,"1","Autonomo","Bande Nere, Inganni","Gambara",865,4,12.1830985915493,14.2,c(9.14405, 45.4621),5.03778628198151,11.0317238850014,78.2
127414789,"2","Autonomo","Porta Romana, Cadore, Montenero","Porta Romana - Medaglie d'Oro",1070,5,7.7536231884058,22.08,c(9.19951, 45.4512),4.54625602825532,1.13807260509181,60.4
127275057,"2","Autonomo","Genova, Ticinese","Corso Genova",875,5,5.57324840764331,25.12,c(9.17012, 45.4582),0.786907842593028,1.87363955822676,76.7
127462920,"2","Autonomo","Udine, Lambrate","Udine",850,5,56.6666666666667,15,c(9.23447, 45.4901),3.73788698681335,9.53185929754807,22.9
127602258,"2","Autonomo","Centrale, Repubblica","Centrale",840,5,56,15,c(9.20984, 45.4889),6.25293725282935,3.68242521365266,25.8
127541702,"1","Autonomo","Navigli","Corso San Gottardo",955,4,9.74489795918367,19.6,c(9.17967, 45.4469),15.3969025566857,1.57943301239015,81.7
127232197,"2","Autonomo","Porta Romana, Cadore, Montenero","Porta Romana - Medaglie d'Oro",1045,5,9.5,17.6,c(9.1979, 45.451),6.53907824298527,0.940751804184616,61.7
127570282,"2","Autonomo","Pasteur, Rovereto","Pasteur",845,5,6.03571428571429,22.4,c(9.21173, 45.4916),7.89296387760098,4.47075417006999,29.5
127490538,"2","Autonomo","Udine, Lambrate","Udine",870,5,58,15,c(9.23447, 45.4901),3.73788698681335,9.53185929754807,22.9
127355819,"2","Autonomo","Solari, Washington","Dezza",865,5,6.86507936507936,20.16,c(9.16101, 45.461),5.64015483304096,2.75336444999674,81.8
127355413,"2","Autonomo","Genova, Ticinese","Corso Genova",875,5,5.57324840764331,25.12,c(9.17012, 45.4582),0.786907842593028,1.87363955822676,76.7
127414875,"2","Autonomo","Arco della Pace, Arena, Pagano","Vincenzo Monti",995,5,8.80530973451327,18.08,c(9.17255, 45.4671),5.15998378103057,1.59804204011825,68.8
127460168,"1","Centralizzato","Cenisio, Sarpi, Isola","Zara",865,1,41.1904761904762,21,c(9.1899, 45.4915),4.0524324759907,3.05995834317362,45.7
125392371,"1","Centralizzato","Porta Venezia, Indipendenza","Indipendenza",885,1,52.0588235294118,17,c(9.2112, 45.4718),7.93783657699366,1.07950982304258,22.6
125391117,"1","Centralizzato","Città Studi, Susa","Argonne - Corsica",850,1,40.4761904761905,21,c(9.2289, 45.4684),3.71301533059714,4.52206146295825,18.6
127166647,"1","Autonomo","Centrale, Repubblica","Morgagni",865,1,45.5263157894737,19,c(9.2148, 45.4762),8.59328094325974,4.98712692637606,16.8
126041405,"1","Centralizzato","Navigli","Bocconi",995,1,49.75,20,c(9.1915, 45.4519),8.63066221410592,1.90259261680276,65.4
125820615,"1","Centralizzato","Genova, Ticinese","Corso Genova",945,1,78.75,12,c(9.1777, 45.4565),4.5610923126272,2.97395587798245,70.6
126041381,"1","Centralizzato","Solari, Washington","Frua",855,1,57,15,c(9.1498, 45.4649),2.70624379649801,3.74729833662051,74.6
126041351,"1","Centralizzato","Cenisio, Sarpi, Isola","Zara",900,1,52.9411764705882,17,c(9.1889, 45.4954),6.1681239892639,4.27321422749553,42.2
127460136,"1","Centralizzato","Porta Venezia, Indipendenza","Indipendenza",900,1,90,10,c(9.216, 45.4666),3.84820596833686,7.64519608678799,26.2
125391177,"1","Centralizzato","Porta Venezia, Indipendenza","Indipendenza",930,1,62,15,c(9.2147, 45.4729),9.64174731164799,0.64245307823198,17.5
127324199,"1","Assente","Porta Romana, Cadore, Montenero","Montenero",1045,1,69.6666666666667,15,c(9.2093, 45.4604),13.1411424370302,2.55652520755413,40.3
127412047,"1","Centralizzato","Centrale, Repubblica","Buenos Aires",945,1,47.25,20,c(9.2107, 45.4801),0.545940620138006,6.31181905850421,19.8
125863959,"1","Autonomo","Precotto, Turro","Villa San Giovanni",850,1,42.5,20,c(9.22574, 45.5199),4.24441195007558,10.1171599914547,66.4
127412049,"1","Centralizzato","San Siro, Trenno","San Siro",870,1,41.4285714285714,21,c(9.1454, 45.4695),7.32810099978443,0.996758422945852,64.5
127042573,"1","Autonomo","Affori, Bovisa","Dergano",900,1,90,10,c(9.1825, 45.5013),6.97359622927047,6.57426292842055,34.8
127460054,"1","Centralizzato","Fiera, Sempione, City Life, Portello","De Angeli",955,1,28.0882352941176,20,c(9.1499, 45.4694),5.12444551345777,2.88792167869266,65.9
125532077,"1","Centralizzato","Pasteur, Rovereto","Pasteur",840,1,46.6666666666667,18,c(9.2137, 45.4874),4.53522280836982,1.78404363321079,21.5
125392397,"1","Autonomo","Porta Romana, Cadore, Montenero","Cadore",860,1,78.1818181818182,11,c(9.2136, 45.4546),13.7473744505091,0.241253398157065,44.3
127460248,"1","Centralizzato","Porta Romana, Cadore, Montenero","Porta Romana - Medaglie d'Oro",935,1,51.9444444444444,18,c(9.205, 45.4539),4.64882449258853,2.11158289041087,51.6
127272333,"1","Centralizzato","Navigli","Bocconi",1015,1,84.5833333333333,12,c(9.1872, 45.4503),10.6598042692466,1.72275223701681,71.6
127460092,"1","Centralizzato","Porta Venezia, Indipendenza","Piave - Tricolore",850,1,60.7142857142857,14,c(9.2086, 45.4707),4.94662118915186,2.85705081305086,26.6
127460254,"1","Centralizzato","Centro","Duomo",965,1,56.7647058823529,17,c(9.1929, 45.4619),5.46955047460468,1.04098678352531,50.5
125392037,"1","Centralizzato","Genova, Ticinese","San Vittore",875,1,54.6875,16,c(9.1703, 45.459),0.917982312120576,3.10120755400553,76.6
125392369,"1","Centralizzato","Porta Venezia, Indipendenza","Indipendenza",885,1,46.578947368421,19,c(9.2112, 45.4718),7.93783657699366,1.07950982304258,22.6
127166625,"1","Centralizzato","Porta Romana, Cadore, Montenero","Porta Romana - Medaglie d'Oro",990,1,45,22,c(9.2031, 45.4548),5.66325607914425,1.41246105201846,51.8
