id,heating,macrozone,microzone,latitude,longitude,photo_count,price,sqm,n_rooms,n_bath,floor_num,has_elevator,feat_arredato,feat_balcone,feat_ascensore,feat_lavatrice,feat_aria_condizionata,feat_portineria,feat_terrazzo,feat_giardino,feat_lavastoviglie
126619903,Assente,"Uptown, Cascina Merlata, Viale Certosa",Ghisolfa - Mac Mahon,45.4926,9.1559,22,500,19,2,1,5,0,0,1,0,0,0,0,0,0,0
126615641,Assente,"Cimiano, Crescenzago, Adriano",Quartiere Adriano,45.518,9.2452,30,490,134,6,2,3,0,0,1,0,1,0,0,1,0,0
127211377,Assente,"Bisceglie, Baggio, Olmi",Bisceglie,45.4548,9.1061,14,440,110,5,1,3,0,0,1,0,1,0,0,0,0,0
126058339,Assente,Forlanini,Quartiere Forlanini,45.4603,9.2469,12,490,120,5,2,0.5,0,0,1,0,1,0,0,0,0,0
127018185,Assente,"Precotto, Turro",Turro,45.499,9.2212,20,550,145,6,2,5,0,0,0,0,1,0,0,0,0,0
127368393,Assente,"Bande Nere, Inganni",Piazzale Siena,45.465,9.1354,43,490,192,6,3,7,0,0,1,0,1,0,0,0,0,0
126175263,Assente,"Bande Nere, Inganni",Gambara,45.4632,9.1436,19,550,86,4,1,3,0,0,0,0,1,0,0,0,0,0
127213847,Assente,"Uptown, Cascina Merlata, Viale Certosa",Ghisolfa - Mac Mahon,45.4898,9.1527,20,570,100,5,1,7,0,0,1,0,1,0,0,0,0,0
125127515,Assente,"Affori, Bovisa",Dergano,45.5001,9.1722,17,490,90,5,2,1,0,0,0,0,1,0,0,0,0,0
126845023,Assente,"Bande Nere, Inganni",Inganni,45.4563,9.1194,15,580,130,4,1,3,0,0,1,0,1,0,1,1,1,1
122984848,Assente,"Centrale, Repubblica",Buenos Aires,45.4785,9.2031,21,550,172,6,2,3,0,0,1,0,1,1,1,0,0,0
123675599,Assente,"Centrale, Repubblica",Buenos Aires,45.4849,9.2096,23,580,138,4,2,3,0,0,1,0,1,0,1,0,0,1
127519816,Assente,"Pasteur, Rovereto",Rovereto,45.4953,9.2192,21,450,110,4,1,4,0,0,0,0,1,0,1,0,0,1
123586715,Centralizzato,"Udine, Lambrate",Udine,45.4929,9.2393,10,400,16,1,1,NA,NA,1,0,0,0,0,0,0,0,0
126041939,Autonomo,"Bisceglie, Baggio, Olmi",Quarto Cagnino,45.4725,9.1113,10,490,9,1,1,NA,NA,1,0,0,0,0,0,0,0,0
126041677,Centralizzato,"Città Studi, Susa",Città Studi,45.4859,9.2256,10,420,10,1,1,NA,NA,1,0,0,0,0,0,0,0,0
126041639,Centralizzato,"Città Studi, Susa",Casoretto,45.4874,9.2245,10,500,16,1,1,NA,NA,1,0,0,0,0,0,0,0,0
116376057,Assente,"Affori, Bovisa",Affori,45.5185,9.1671,23,540,16,3,1,1,0,0,1,0,1,0,0,0,0,0
123690607,Assente,"Bande Nere, Inganni",Primaticcio,45.4617,9.1265,23,500,110,4,1,7,0,0,1,0,1,1,1,0,0,1
125348163,Assente,"Bicocca, Niguarda",Niguarda,45.5168,9.1967,11,450,153,5,2,2,0,0,1,0,1,0,1,0,0,1
127513642,Autonomo,"Bande Nere, Inganni",Gambara,45.463,9.14258,26,455,71,4,1,4,1,0,0,0,0,0,0,0,0,0
127541900,Autonomo,"Solari, Washington",Vercelli - Wagner,45.4692,9.15634,25,450,164,6,2,1,0,0,0,0,0,0,0,0,0,0
127504534,Autonomo,"Precotto, Turro",Villa San Giovanni,45.5189,9.2214,18,330,151,6,2,1,0,0,0,0,0,0,0,0,0,0
127303403,Autonomo,Forlanini,Quartiere Forlanini,45.4556,9.24846,27,470,140,6,2,3,1,0,0,0,0,0,0,0,0,0
127647050,Autonomo,Forlanini,Quartiere Forlanini,45.4556,9.24846,26,450,140,6,2,3,1,0,0,0,0,0,0,0,0,0
125341349,Assente,"Cimiano, Crescenzago, Adriano",Cimiano,45.5022,9.2379,13,500,15,3,1,4,0,0,1,0,0,0,1,0,0,0
120209326,Assente,"Abbiategrasso, Chiesa Rossa",Chiesa Rossa,45.4317,9.182,13,445,58,2,1,1,0,0,1,0,1,1,1,0,1,1
125866583,Assente,"Bicocca, Niguarda",Bignami - Ponale,45.5274,9.2111,19,580,11,5,2,8,0,0,1,0,1,0,0,0,1,1
127159473,Assente,"Abbiategrasso, Chiesa Rossa",Cermenate - Abbiategrasso,45.4335,9.1796,14,550,25,4,1,0.5,0,0,0,0,1,0,1,0,1,1
127515790,Assente,"Corvetto, Rogoredo",Corvetto,45.4421,9.2228,20,500,88,3,1,1,0,0,1,0,1,1,0,0,0,0
127533904,Assente,"Uptown, Cascina Merlata, Viale Certosa",Certosa,45.4952,9.1428,17,450,14,6,2,0,0,0,0,0,1,1,1,0,0,0
126175061,Assente,"Affori, Bovisa",Bovisa,45.5019,9.1446,33,450,60,3,1,1,0,0,1,0,1,0,0,0,0,1
124343417,Assente,"Napoli, Soderini",Piazza Napoli,45.4511,9.1539,19,550,60,3,1,1,0,0,0,0,1,0,1,0,0,0
87582048,Centralizzato,"Ripamonti, Vigentino",Vigentino - Fatima,45.4334,9.19856,20,500,90,4,1,2,0,1,0,1,1,0,1,0,1,0
127446952,Assente,"Ponte Lambro, Santa Giulia",Santa Giulia,45.432,9.2444,25,470,30,4,1,2,0,0,0,0,1,0,0,0,1,0
123440331,Assente,"Uptown, Cascina Merlata, Viale Certosa",Certosa,45.4933,9.1475,13,500,20,4,2,0.5,0,0,1,0,1,0,1,0,0,0
123662587,Assente,Forlanini,Quartiere Forlanini,45.4589,9.2507,17,550,100,3,1,3,0,0,1,0,1,0,1,0,0,1
124947647,Assente,"Ponte Lambro, Santa Giulia",Santa Giulia,45.4312,9.2434,18,530,130,4,1,5,0,0,1,0,1,1,0,0,0,0
127341561,Assente,Navigli,Bocconi,45.4464,9.1934,11,500,120,5,2,4,0,0,1,0,1,1,1,0,1,1
127447474,Assente,"Ponte Lambro, Santa Giulia",Santa Giulia,45.432,9.2444,30,470,30,4,1,2,0,0,0,0,1,0,0,0,0,0
127103839,Assente,"Città Studi, Susa",Casoretto,45.4862,9.2331,8,500,78,3,1,1,0,0,1,0,1,0,0,0,0,0
94743370,Assente,"Bande Nere, Inganni",Piazzale Siena,45.468,9.1267,10,450,13,2,1,3,0,0,0,0,1,0,1,0,0,0
125023769,Assente,"Udine, Lambrate",Rubattino,45.4798,9.2473,9,325,80,3,2,8,0,0,1,0,0,0,0,1,0,0
115244887,Assente,"Bicocca, Niguarda",Bignami - Ponale,45.5217,9.2081,11,550,18,5,2,8,0,0,1,0,1,0,1,0,1,0
126592155,Assente,"Solari, Washington",Solari,45.4562,9.1703,12,500,20,3,2,2,0,0,1,0,1,0,1,0,0,1
125972243,Centralizzato,"Porta Vittoria, Lodi",Bologna - Sulmona,45.4429,9.22731,19,330,16,5,1,4,1,1,1,0,0,0,0,0,0,0
115245685,Assente,"Città Studi, Susa",Argonne - Corsica,45.4674,9.2298,11,550,70,2,1,3,0,0,1,0,1,0,0,0,0,0
125540711,Assente,"Bicocca, Niguarda",Niguarda,45.5219,9.1912,15,450,90,4,1,0.5,0,0,1,0,1,0,0,0,0,0
121255058,Assente,"Uptown, Cascina Merlata, Viale Certosa",Certosa,45.5023,9.1416,16,550,110,4,2,2,0,0,1,0,1,0,0,0,0,1
127495050,Assente,"Bicocca, Niguarda",Niguarda,45.5151,9.1888,17,390,100,3,1,3,0,0,1,0,1,0,1,0,0,1
127343357,Assente,"Bicocca, Niguarda",Prato Centenaro,45.5112,9.1981,24,540,88,3,1,0.5,0,0,0,0,1,0,0,0,0,0
127306229,Assente,"Bicocca, Niguarda",Prato Centenaro,45.5096,9.202,24,550,80,3,1,1,0,0,1,0,1,1,1,0,1,1
127578370,Assente,"Napoli, Soderini",Tripoli - Soderini,45.4538,9.1471,22,500,15,3,1,4,0,0,0,0,1,0,1,0,0,1
106927935,Assente,"Cimiano, Crescenzago, Adriano",Cimiano,45.5004,9.2411,12,500,97,4,2,6,0,0,1,0,1,1,1,0,0,1
125540229,Assente,"Bicocca, Niguarda",Niguarda,45.5219,9.1912,15,450,90,4,1,0.5,0,0,1,0,1,0,0,0,0,0
126864395,Assente,"Bicocca, Niguarda",Niguarda,45.5145,9.1956,12,500,109,4,1,2,0,0,1,0,1,0,1,0,0,1
127598696,Assente,"Pasteur, Rovereto",Pasteur,45.4897,9.2161,25,565,90,4,1,1,0,0,1,0,1,1,1,0,0,1
125195953,Assente,"Corvetto, Rogoredo",Corvetto,45.4386,9.2274,21,400,96,4,1,8,0,0,1,0,1,1,1,0,0,0
121485442,Assente,"Cimiano, Crescenzago, Adriano",Cimiano,45.5004,9.2411,19,500,70,2,1,6,0,0,1,0,1,1,1,0,0,1
120199818,Assente,"Famagosta, Barona",Barona,45.444,9.1552,15,550,52,3,1,-1,0,0,0,0,1,1,1,0,0,1
127423629,Assente,"Bisceglie, Baggio, Olmi",Quarto Cagnino,45.471,9.1122,23,450,16,4,2,6,0,0,1,0,1,0,0,0,0,0
112768253,Assente,"Maggiolina, Istria",Maggiolina,45.4954,9.2037,14,550,12,2,1,0.5,0,0,0,0,1,0,1,0,0,0
126675465,Assente,"Bicocca, Niguarda",Niguarda,45.5135,9.1918,20,550,12,3,1,0,0,0,0,0,1,0,0,0,0,0
127287313,Centralizzato,"San Siro, Trenno",Gallaratese,45.4969,9.1209,11,550,NA,4,2,9,0,0,0,1,1,0,1,0,1,0
127441576,Assente,"Bisceglie, Baggio, Olmi",Quarto Cagnino,45.471,9.1122,22,500,21,4,2,6,0,0,1,0,1,0,0,0,0,0
115136593,Assente,"Precotto, Turro",Precotto,45.5093,9.2234,17,490,100,4,2,4,0,0,1,0,1,0,1,0,0,0
127658150,Assente,"Udine, Lambrate",Udine,45.4927,9.2336,13,575,65,3,1,3,0,0,0,0,1,1,1,0,0,0
119948680,Assente,"Porta Romana, Cadore, Montenero",Montenero,45.4593,9.2088,8,500,90,4,1,0.5,0,0,0,0,1,0,1,0,0,0
127111143,Assente,"Cimiano, Crescenzago, Adriano",Cimiano,45.5032,9.2367,16,550,15,2,1,1,0,0,0,0,1,0,0,0,1,0
127102075,Assente,"Città Studi, Susa",Città Studi,45.4728,9.2331,15,550,70,3,1,3,0,0,0,0,0,0,0,0,0,0
127209789,Assente,"Uptown, Cascina Merlata, Viale Certosa",Musocco,45.5025,9.1287,17,440,20,4,1,0.5,0,0,1,0,1,1,0,1,1,0
127209559,Assente,"Città Studi, Susa",Casoretto,45.4861,9.227,12,540,20,4,1,2,0,0,1,0,0,0,0,1,0,1
127059751,Assente,"Città Studi, Susa",Città Studi,45.4833,9.236,10,420,130,4,2,0.5,0,0,0,0,1,0,0,0,0,0
122950192,Assente,"Centrale, Repubblica",Morgagni,45.4744,9.2157,24,400,96,3,1,3,0,0,1,0,1,1,0,0,0,0
126544091,Assente,"Udine, Lambrate",Quartiere Feltre,45.4888,9.2421,23,520,86,3,1,4,0,0,1,0,1,0,0,0,0,1
124702643,Assente,"Città Studi, Susa",Casoretto,45.4902,9.2273,13,450,60,2,1,4,0,0,1,0,1,1,0,1,0,0
127585714,Assente,"Bisceglie, Baggio, Olmi",Baggio,45.4634,9.0919,13,390,84,4,1,0,0,0,0,0,1,0,0,0,0,0
102972386,Assente,"Bicocca, Niguarda",Bignami - Ponale,45.5224,9.2088,9,490,90,4,1,8,0,0,1,0,1,0,1,0,0,0
125753445,Assente,"Maggiolina, Istria",Istria,45.4985,9.1957,13,470,65,2,1,3,0,0,0,0,1,0,1,0,0,0
126733801,Centralizzato,"Udine, Lambrate",Udine,45.4943,9.2343,19,550,15,2,1,6,1,1,0,0,0,0,0,0,0,0
127343611,Assente,"Bicocca, Niguarda",Prato Centenaro,45.5112,9.1981,21,550,88,3,1,0.5,0,0,0,0,1,0,0,0,0,0
126635431,Assente,"Uptown, Cascina Merlata, Viale Certosa",Certosa,45.499,9.1497,42,500,55,2,1,3,0,0,1,0,1,0,0,0,0,0
127252617,Assente,"Cimiano, Crescenzago, Adriano",Crescenzago,45.5055,9.2442,18,500,100,3,1,2,0,0,1,0,1,1,0,1,1,1
126641349,Assente,"Città Studi, Susa",Casoretto,45.4891,9.2299,13,450,55,2,1,4,0,0,1,0,1,0,0,1,0,0
126016827,Centralizzato,"Bicocca, Niguarda",Prato Centenaro,45.5105,9.20002,9,550,14,3,1,1,0,0,0,1,1,0,1,0,0,1
122188484,Assente,"Bande Nere, Inganni",Bande Nere,45.4626,9.1332,38,575,20,3,2,5,0,0,0,0,1,1,1,0,0,1
114315133,Assente,"Bande Nere, Inganni",Lorenteggio,45.4521,9.1383,15,530,20,3,2,2,0,0,1,0,1,0,0,0,0,1
123868677,Assente,"Bande Nere, Inganni",Lorenteggio,45.4521,9.1383,12,530,17,3,2,2,0,0,1,0,1,0,0,0,0,1
127521650,Assente,"Città Studi, Susa",Città Studi,45.4801,9.2228,15,400,100,3,1,0.5,0,0,1,0,1,0,1,0,0,1
126147253,Assente,"Porta Vittoria, Lodi",Martini - Insubria,45.4523,9.2211,17,500,90,3,1,4,0,0,1,0,1,1,1,0,0,1
123360459,Assente,"Famagosta, Barona",Giambellino,45.4517,9.1481,25,550,100,3,2,3,0,0,1,0,1,0,0,0,0,0
124963107,Assente,"Cenisio, Sarpi, Isola",Cenisio,45.4922,9.1633,34,550,143,6,3,6,0,0,0,0,1,0,0,0,0,0
126249863,Assente,"Bande Nere, Inganni",Lorenteggio,45.4521,9.1383,17,530,17,3,2,2,0,0,1,0,1,0,0,0,0,1
119208669,Assente,"Bicocca, Niguarda",Prato Centenaro,45.5096,9.202,14,460,105,4,1,0.5,0,0,0,0,1,1,1,0,0,1
121484472,Assente,"Bicocca, Niguarda",Bignami - Ponale,45.5278,9.2094,9,430,100,3,1,2,0,0,1,0,1,0,1,0,0,0
127350923,Assente,"Abbiategrasso, Chiesa Rossa",Gratosoglio,45.4179,9.1745,20,520,120,4,2,2,0,0,1,0,1,0,0,0,0,1
125869299,Assente,"Città Studi, Susa",Argonne - Corsica,45.4674,9.2311,10,550,10,4,1,4,0,0,0,0,1,0,0,0,0,0
103482990,Assente,"Uptown, Cascina Merlata, Viale Certosa",Certosa,45.4964,9.1442,14,500,20,4,1,3,0,0,1,0,1,0,0,1,0,0
126675081,Assente,"Bicocca, Niguarda",Niguarda,45.5135,9.1918,18,550,9,3,1,0,0,0,0,0,1,0,0,0,0,0
124428293,Centralizzato,"Udine, Lambrate",Quartiere Feltre,45.491,9.2437,16,500,100,4,1,3,0,1,0,0,1,0,0,0,0,0
121427078,Assente,"Città Studi, Susa",Città Studi,45.469,9.2341,14,400,70,4,1,1,0,0,1,0,1,0,0,0,0,0
127334019,Assente,"Bicocca, Niguarda",Prato Centenaro,45.511,9.1991,9,350,90,4,3,0.5,0,0,0,0,1,0,1,0,0,0
120888004,Assente,"Uptown, Cascina Merlata, Viale Certosa",Certosa,45.4933,9.1475,23,500,14,4,1,0.5,0,0,0,0,1,0,1,0,0,0
118973723,Assente,"Cimiano, Crescenzago, Adriano",Quartiere Adriano,45.5151,9.236,28,570,115,4,2,11,0,0,1,0,1,1,1,1,0,1
124709313,Centralizzato,"Cimiano, Crescenzago, Adriano",Cimiano,45.5024,9.23587,14,565,11,4,1,2,1,1,1,0,0,1,0,0,0,0
127528398,Assente,"Bande Nere, Inganni",Bande Nere,45.4624,9.134,8,500,70,2,1,3,0,0,1,0,1,0,1,0,0,0
126804991,Assente,"Pasteur, Rovereto",Parco Trotter,45.4908,9.2228,8,540,70,3,1,0,0,0,0,0,1,0,0,0,0,1
111570795,Assente,"San Siro, Trenno",San Carlo,45.4619,9.1146,9,320,16,3,1,3,0,0,1,0,1,0,1,0,1,0
124326529,Assente,"Solari, Washington",Solari,45.4584,9.163,6,500,15,4,3,5,0,0,1,0,1,1,1,0,0,1
123691519,Assente,Forlanini,Quartiere Forlanini,45.4604,9.2429,26,530,104,3,1,5,0,0,1,0,1,1,1,0,1,1
125103953,Centralizzato,"Corvetto, Rogoredo",Rogoredo,45.436,9.23362,25,400,80,3,1,1,0,1,1,0,0,0,0,0,0,0
118503573,Assente,"Udine, Lambrate",Quartiere Feltre,45.488,9.247,19,580,93,3,1,1,0,0,0,0,1,0,0,0,0,0
117416845,Assente,"Bande Nere, Inganni",Lorenteggio,45.4517,9.1285,23,550,16,3,2,7,0,0,0,0,1,1,1,0,0,1
120170150,Assente,Navigli,Ascanio Sforza,45.4457,9.1784,14,550,90,3,1,3,0,0,0,0,1,0,0,0,0,0
96058846,Assente,"Porta Venezia, Indipendenza",Indipendenza,45.4655,9.2155,30,460,20,3,1,0.5,0,0,0,0,0,0,0,1,0,0
127619756,Centralizzato,"Bande Nere, Inganni",Lorenteggio,45.4537,9.1335,38,570,106,4,2,6,0,0,1,0,1,1,1,0,0,1
127614754,Assente,"Città Studi, Susa",Città Studi,45.4861,9.234,10,530,102,4,1,0,0,0,0,0,1,0,1,0,0,1
127619464,Centralizzato,"Bisceglie, Baggio, Olmi",Quarto Cagnino,45.4724,9.11144,18,490,114,1,2,7,1,1,1,0,0,0,0,1,0,0
123858449,Assente,"Famagosta, Barona",Famagosta,45.4386,9.1578,20,460,100,3,2,0.5,0,0,0,0,1,1,1,0,1,1
122093662,Assente,"Famagosta, Barona",Famagosta,45.4361,9.1624,21,400,100,4,2,3,0,0,0,0,1,1,0,0,0,1
127220789,Assente,"San Siro, Trenno",Gallaratese,45.5005,9.1051,27,530,96,4,1,2,0,0,0,0,1,0,0,0,0,0
95553324,Assente,"Uptown, Cascina Merlata, Viale Certosa",Certosa,45.4925,9.1482,11,450,70,3,1,1,0,0,0,0,1,1,1,0,0,1
122093396,Assente,"Famagosta, Barona",Famagosta,45.4361,9.1624,22,400,100,4,2,3,0,0,0,0,1,1,0,0,0,1
121079630,Assente,"Affori, Bovisa",Quarto Oggiaro,45.5082,9.1335,19,480,70,3,1,2,0,0,1,0,1,1,0,0,0,1
124937105,Centralizzato,"Ripamonti, Vigentino",Ripamonti - Fondazione Prada,45.438,9.19626,8,550,25,3,1,2,0,0,1,0,1,0,1,0,0,1
127037133,Assente,"San Siro, Trenno",Gallaratese,45.4985,9.1187,12,580,110,4,2,1,0,0,1,0,1,0,1,0,0,0
127220957,Assente,"San Siro, Trenno",Gallaratese,45.5005,9.1051,24,530,96,4,1,2,0,0,0,0,1,0,0,0,0,0
121107910,Assente,"Affori, Bovisa",Quarto Oggiaro,45.5082,9.1335,25,480,70,3,1,2,0,0,1,0,1,1,0,0,0,1
112877879,Assente,"Città Studi, Susa",Città Studi,45.4844,9.2173,16,500,100,4,1,1,0,0,1,0,1,0,1,0,0,0
124616275,Assente,"Precotto, Turro",Turro,45.5004,9.2256,37,500,20,3,1,1,0,0,0,0,0,0,0,0,0,0
127619750,Centralizzato,"Bande Nere, Inganni",Lorenteggio,45.4537,9.1335,39,550,106,4,2,6,0,0,1,0,1,1,1,0,0,1
126916749,Autonomo,"Cenisio, Sarpi, Isola",Zara,45.4956,9.18968,31,585,73,4,1,3,1,0,0,0,0,0,0,0,0,0
126915707,Autonomo,"Corvetto, Rogoredo",Corvetto,45.4406,9.21247,15,450,15,4,2,2,0,0,0,0,0,0,0,0,0,0
126917171,Autonomo,"Bisceglie, Baggio, Olmi",Quarto Cagnino,45.4707,9.11149,27,490,150,6,1,7,0,0,0,0,0,0,0,0,0,0
126916919,Autonomo,"Corvetto, Rogoredo",Corvetto,45.4371,9.21564,35,575,151,6,3,5,1,0,0,0,0,0,0,0,0,0
126915883,Autonomo,"Centrale, Repubblica",Buenos Aires,45.4785,9.20327,32,545,239,6,3,7,1,0,0,0,0,0,0,0,0,0
126915633,Autonomo,"San Siro, Trenno",San Siro,45.4749,9.12364,52,460,156,6,2,5,1,0,0,0,0,0,0,0,0,0
126916699,Autonomo,"Bande Nere, Inganni",Gambara,45.462,9.14273,23,560,113,6,2,1,0,0,0,0,0,0,0,0,0,0
126916431,Autonomo,"Bande Nere, Inganni",Lorenteggio,45.4528,9.13806,54,460,68,4,1,1,1,0,0,0,0,0,0,0,0,0
126916253,Autonomo,"Centrale, Repubblica",Centrale,45.4889,9.20984,28,545,15,4,2,2,0,0,0,0,0,0,0,0,0,0
126915729,Autonomo,"Abbiategrasso, Chiesa Rossa",Pezzotti - Meda,45.4433,9.17651,22,525,94,5,1,7,1,0,0,0,0,0,0,0,0,0
126917715,Autonomo,"Uptown, Cascina Merlata, Viale Certosa",Ghisolfa - Mac Mahon,45.4925,9.16275,36,575,250,6,3,1,0,0,0,0,0,0,0,0,0,0
126917557,Autonomo,"Bande Nere, Inganni",Lorenteggio,45.4517,9.13993,27,565,64,4,1,7,1,0,0,0,0,0,0,0,0,0
126917695,Autonomo,"Bande Nere, Inganni",Lorenteggio,45.4521,9.1396,24,525,70,5,1,7,1,0,0,0,0,0,0,0,0,0
126917307,Autonomo,Navigli,Ascanio Sforza,45.4518,9.17987,24,570,180,6,3,3,0,0,0,0,0,0,0,0,0,0
126915693,Autonomo,"Fiera, Sempione, City Life, Portello",Monte Rosa - Lotto,45.4751,9.14503,22,555,166,6,2,2,0,0,0,0,0,0,0,0,0,0
126917329,Autonomo,"Bande Nere, Inganni",Lorenteggio,45.4538,9.13661,17,525,70,4,1,2,0,0,0,0,0,0,0,0,0,0
126917283,Autonomo,"Quadronno, Palestro, Guastalla",Quadronno - Crocetta,45.4558,9.2023,19,540,171,6,3,5,0,0,0,0,0,0,0,0,0,0
126917093,Autonomo,"Bande Nere, Inganni",Lorenteggio,45.4517,9.13993,50,580,64,4,1,7,1,0,0,0,0,0,0,0,0,0
126916267,Autonomo,"Cenisio, Sarpi, Isola",Zara,45.4956,9.18968,20,545,51,3,1,1,1,0,0,0,0,0,0,0,0,0
126915793,Autonomo,"Uptown, Cascina Merlata, Viale Certosa",Ghisolfa - Mac Mahon,45.4895,9.15383,36,540,127,6,2,7,1,0,0,0,0,0,0,0,0,0
126917451,Autonomo,"Maggiolina, Istria",Maggiolina,45.4915,9.19756,26,570,15,6,3,1,1,0,0,0,0,0,0,0,0,0
126916855,Autonomo,"Corvetto, Rogoredo",Corvetto,45.4366,9.22606,35,555,106,5,2,1,0,0,0,0,0,0,0,0,0,0
126916365,Autonomo,"Maggiolina, Istria",Maggiolina,45.4902,9.20068,17,455,173,6,2,5,1,0,0,0,0,0,0,0,0,0
126915909,Autonomo,"Corvetto, Rogoredo",Corvetto,45.4397,9.21399,32,490,70,3,1,3,1,0,0,0,0,0,0,0,0,0
126915687,Autonomo,"Fiera, Sempione, City Life, Portello",Monte Rosa - Lotto,45.4751,9.14503,18,555,166,6,2,2,0,0,0,0,0,0,0,0,0,0
126917371,Autonomo,"Affori, Bovisa",Dergano,45.4987,9.1815,46,560,213,6,3,1,1,0,0,0,0,0,0,0,0,0
126917293,Autonomo,"Precotto, Turro",Turro,45.5026,9.22137,15,480,121,6,2,4,0,0,1,0,0,0,0,0,0,0
126917279,Autonomo,"Uptown, Cascina Merlata, Viale Certosa",Musocco,45.5036,9.12875,41,585,82,4,1,1,0,0,0,0,0,0,0,0,0,0
126917205,Autonomo,"Bande Nere, Inganni",Bande Nere,45.4628,9.13388,17,585,70,4,1,3,1,0,0,0,0,0,0,0,0,0
126915829,Autonomo,"Corvetto, Rogoredo",Corvetto,45.4397,9.21392,17,525,51,3,1,2,1,0,0,0,0,0,0,0,0,0
126915663,Autonomo,"Solari, Washington",Frua,45.4651,9.14875,81,520,150,6,3,6,1,0,0,0,0,0,0,0,0,0
126917165,Autonomo,"Solari, Washington",Frua,45.4634,9.14844,15,530,141,6,2,1,0,0,1,0,0,0,0,0,0,0
126916729,Autonomo,"Solari, Washington",Vercelli - Wagner,45.4692,9.15634,25,450,164,6,2,1,0,0,0,0,0,0,0,0,0,0
126916841,Autonomo,"Maggiolina, Istria",Maggiolina,45.4915,9.19756,40,580,15,6,3,1,1,0,0,0,0,0,0,0,0,0
126916459,Autonomo,"Uptown, Cascina Merlata, Viale Certosa",Certosa,45.4946,9.14423,31,580,193,6,2,2,1,0,0,0,0,0,0,0,0,0
126916257,Autonomo,"Centrale, Repubblica",Centrale,45.4847,9.2078,17,540,118,5,2,4,1,0,0,0,0,0,0,0,0,0
111901781,Assente,"San Siro, Trenno",San Siro,45.475,9.1395,40,500,100,3,2,3,0,0,1,0,1,1,1,0,0,1
126917457,Autonomo,"San Siro, Trenno",Gallaratese,45.4859,9.12613,43,585,15,6,2,1,0,0,0,0,0,0,0,0,0,0
126917107,Autonomo,"San Siro, Trenno",Gallaratese,45.4859,9.12613,24,585,15,6,2,1,0,0,0,0,0,0,0,0,0,0
126916631,Autonomo,"Uptown, Cascina Merlata, Viale Certosa",Certosa,45.4946,9.14423,31,530,193,6,2,2,1,0,0,0,0,0,0,0,0,0
126915623,Autonomo,"Bisceglie, Baggio, Olmi",Quarto Cagnino,45.4737,9.111,11,450,116,6,2,6,1,0,0,0,0,0,0,0,0,0
127012695,Autonomo,"Solari, Washington",Frua,45.4651,9.14875,44,505,150,6,3,6,1,0,0,0,0,0,0,0,0,0
126917713,Autonomo,"Uptown, Cascina Merlata, Viale Certosa",Ghisolfa - Mac Mahon,45.4925,9.16275,36,575,250,6,3,1,0,0,0,0,0,0,0,0,0,0
126917175,Autonomo,"Bisceglie, Baggio, Olmi",Quarto Cagnino,45.4725,9.11141,26,460,150,6,2,3,0,0,0,0,0,0,0,0,0,0
126916793,Autonomo,"Uptown, Cascina Merlata, Viale Certosa",Ghisolfa - Mac Mahon,45.4925,9.16275,32,490,250,6,3,1,0,0,0,0,0,0,0,0,0,0
126915709,Autonomo,"Bande Nere, Inganni",Gambara,45.4633,9.14358,26,465,91,5,1,2,1,0,0,0,0,0,0,0,0,0
126917489,Autonomo,"Bande Nere, Inganni",Bande Nere,45.4594,9.13161,17,540,203,6,3,2,0,0,0,0,0,0,0,0,0,0
126917209,Autonomo,"Affori, Bovisa",Dergano,45.4987,9.1815,46,580,213,6,3,1,1,0,0,0,0,0,0,0,0,0
126917197,Autonomo,"Bande Nere, Inganni",Lorenteggio,45.4543,9.13826,26,515,74,4,1,1,1,0,0,0,0,0,0,0,0,0
126916879,Autonomo,Forlanini,Quartiere Forlanini,45.4585,9.25051,20,585,83,4,1,7,0,0,0,0,0,0,0,0,0,0
127012711,Autonomo,"Quadronno, Palestro, Guastalla",Quadronno - Crocetta,45.4555,9.20183,11,570,164,6,2,5,0,0,1,0,0,0,0,0,0,0
126917607,Autonomo,"San Siro, Trenno",Gallaratese,45.4859,9.12613,42,585,15,6,2,1,0,0,0,0,0,0,0,0,0,0
126916439,Autonomo,"Bande Nere, Inganni",Bande Nere,45.4594,9.13161,18,575,139,6,2,1,0,0,0,0,0,0,0,0,0,0
126916395,Autonomo,"San Siro, Trenno",Monte Stella,45.4855,9.13976,13,500,100,5,1,3,0,0,0,0,0,0,0,0,0,0
126916211,Autonomo,"Solari, Washington",Frua,45.4653,9.14888,43,500,148,6,3,8,1,0,0,0,0,0,0,0,0,0
126917475,Autonomo,"Uptown, Cascina Merlata, Viale Certosa",Certosa,45.4946,9.14423,23,575,170,6,2,1,1,0,0,0,0,0,0,0,0,0
126917089,Autonomo,"Bande Nere, Inganni",Bande Nere,45.4594,9.13161,17,540,203,6,3,2,0,0,0,0,0,0,0,0,0,0
126915705,Autonomo,"Porta Vittoria, Lodi",Lodi - Brenta,45.4435,9.21768,21,490,15,5,2,2,0,0,0,0,0,0,0,0,0,0
126917431,Autonomo,"Bande Nere, Inganni",Lorenteggio,45.4526,9.1396,28,470,73,5,1,7,1,0,0,0,0,0,0,0,0,0
126916297,Autonomo,"Porta Venezia, Indipendenza",Indipendenza,45.4719,9.2113,30,560,123,6,2,2,1,0,0,0,0,0,0,0,0,0
126915713,Autonomo,"Solari, Washington",Solari,45.4596,9.16704,28,545,127,5,2,2,1,0,0,0,0,0,0,0,0,0
127012721,Autonomo,"Pasteur, Rovereto",Pasteur,45.4911,9.21563,44,565,126,5,1,2,1,0,0,0,0,0,0,0,0,0
126916811,Autonomo,"Bisceglie, Baggio, Olmi",Baggio,45.4598,9.10451,13,495,118,6,3,1,0,0,0,0,0,0,0,0,0,0
126916643,Autonomo,"Cenisio, Sarpi, Isola",Zara,45.4917,9.19063,23,580,203,6,2,1,1,0,0,0,0,0,0,0,0,0
126915609,Autonomo,"Fiera, Sempione, City Life, Portello",Monte Rosa - Lotto,45.475,9.14489,11,535,138,6,2,2,0,0,0,0,0,0,0,0,0,0
126916981,Autonomo,"Napoli, Soderini",Tripoli - Soderini,45.4545,9.14926,81,540,209,6,3,7,1,0,0,0,0,0,0,0,0,0
126916975,Autonomo,"Napoli, Soderini",Tripoli - Soderini,45.4546,9.14808,29,550,127,5,1,5,1,0,0,0,0,0,0,0,0,0
126984901,Autonomo,"Centrale, Repubblica",Centrale,45.4905,9.20393,16,575,171,6,2,3,0,0,1,0,0,0,0,0,0,0
126951033,Autonomo,"Precotto, Turro",Turro,45.5026,9.22137,15,500,121,6,2,4,0,0,0,0,0,0,0,0,0,0
126917275,Autonomo,"Uptown, Cascina Merlata, Viale Certosa",Musocco,45.5036,9.12875,23,580,82,4,1,1,0,0,0,0,0,0,0,0,0,0
126916883,Autonomo,"Bande Nere, Inganni",Bande Nere,45.4609,9.13529,37,550,15,6,2,2,0,0,0,0,0,0,0,0,0,0
126916837,Autonomo,"Maggiolina, Istria",Maggiolina,45.4915,9.19756,62,575,15,6,3,1,1,0,0,0,0,0,0,0,0,0
126916695,Autonomo,"Corvetto, Rogoredo",Corvetto,45.4371,9.21564,34,580,151,6,3,4,1,0,0,0,0,0,0,0,0,0
126917341,Autonomo,"Uptown, Cascina Merlata, Viale Certosa",Ghisolfa - Mac Mahon,45.4925,9.16275,36,500,250,6,3,1,0,0,0,0,0,0,0,0,0,0
126917151,Autonomo,"Bande Nere, Inganni",Gambara,45.4623,9.14434,44,495,113,5,1,5,0,0,0,0,0,0,0,0,0,0
126916759,Autonomo,"Napoli, Soderini",Tripoli - Soderini,45.4545,9.14926,31,550,88,4,1,9,1,0,0,0,0,0,0,0,0,0
126915607,Autonomo,"Fiera, Sempione, City Life, Portello",Monte Rosa - Lotto,45.475,9.14489,14,555,138,6,2,2,0,0,0,0,0,0,0,0,0,0
126915597,Autonomo,"Bande Nere, Inganni",Gambara,45.463,9.14258,26,455,71,4,1,4,1,0,0,0,0,0,0,0,0,0
127012713,Autonomo,"Bande Nere, Inganni",Gambara,45.4623,9.14434,30,555,74,4,1,2,0,0,0,0,0,0,0,0,0,0
126917051,Autonomo,"Bande Nere, Inganni",Lorenteggio,45.4511,9.13967,26,570,127,6,2,5,0,0,0,0,0,0,0,0,0,0
126916655,Autonomo,"Abbiategrasso, Chiesa Rossa",Chiesa Rossa,45.427,9.17859,23,585,110,5,2,6,1,0,0,0,0,0,0,0,0,0
126917005,Autonomo,"Solari, Washington",Dezza,45.4591,9.15941,19,560,91,5,2,3,0,0,0,0,0,0,0,0,0,0
126916167,Autonomo,"Abbiategrasso, Chiesa Rossa",Pezzotti - Meda,45.4419,9.17862,21,560,121,5,1,3,1,0,0,0,0,0,0,0,0,0
126915809,Autonomo,"Cenisio, Sarpi, Isola",Isola,45.4904,9.19938,25,525,173,6,2,5,1,0,0,0,0,0,0,0,0,0
126915699,Autonomo,"Porta Romana, Cadore, Montenero",Montenero,45.4572,9.20484,24,565,200,6,3,3,1,0,0,0,0,0,0,0,0,0
126915631,Autonomo,"Abbiategrasso, Chiesa Rossa",Pezzotti - Meda,45.4387,9.18289,23,460,115,4,1,3,0,0,0,0,0,0,0,0,0,0
126917305,Autonomo,"Precotto, Turro",Villa San Giovanni,45.5172,9.22341,21,490,75,4,1,5,0,0,0,0,0,0,0,0,0,0
126916801,Autonomo,"Uptown, Cascina Merlata, Viale Certosa",Certosa,45.4893,9.15015,18,585,90,5,1,4,0,0,0,0,0,0,0,0,0,0
126917177,Autonomo,"Bande Nere, Inganni",Gambara,45.462,9.14273,15,565,113,6,2,1,0,0,0,0,0,0,0,0,0,0
126917157,Autonomo,"Maggiolina, Istria",Maggiolina,45.4916,9.20302,21,530,123,6,2,2,0,0,0,0,0,0,0,0,0,0
126916705,Autonomo,"Pasteur, Rovereto",Pasteur,45.4898,9.21369,26,560,212,6,3,1,1,0,0,0,0,0,0,0,0,0
126915671,Autonomo,"Uptown, Cascina Merlata, Viale Certosa",Ghisolfa - Mac Mahon,45.4946,9.1629,32,465,105,4,1,2,1,0,0,0,0,0,0,0,0,0
126917041,Autonomo,"Bande Nere, Inganni",Bande Nere,45.4594,9.13161,18,540,203,6,3,2,0,0,0,0,0,0,0,0,0,0
126916229,Autonomo,"Quadronno, Palestro, Guastalla",Quadronno - Crocetta,45.4542,9.1986,47,585,134,6,2,2,1,0,0,0,0,0,0,0,0,0
126916505,Autonomo,"Corvetto, Rogoredo",Corvetto,45.4372,9.21509,36,505,151,6,3,2,1,0,0,0,0,0,0,0,0,0
126915777,Autonomo,"Centrale, Repubblica",Centrale,45.486,9.20777,32,475,115,6,3,4,1,0,0,0,0,0,0,0,0,0
126915587,Autonomo,"Maggiolina, Istria",Maggiolina,45.496,9.20628,25,455,161,6,3,9,1,0,0,0,0,0,0,0,0,0
126917389,Autonomo,"Bisceglie, Baggio, Olmi",Quarto Cagnino,45.4719,9.11195,26,460,150,6,2,8,0,0,0,0,0,0,0,0,0,0
126916387,Autonomo,"Città Studi, Susa",Città Studi,45.4753,9.22085,40,495,15,6,2,1,1,0,0,0,0,0,0,0,0,0
126984919,Autonomo,"Cenisio, Sarpi, Isola",Zara,45.4956,9.18968,47,560,95,5,2,2,1,0,0,0,0,0,0,0,0,0
127020971,Autonomo,"Solari, Washington",Dezza,45.4591,9.15941,22,570,242,6,3,2,0,0,0,0,0,0,0,0,0,0
126917287,Autonomo,"Quadronno, Palestro, Guastalla",Quadronno - Crocetta,45.4555,9.20183,11,570,164,6,2,5,0,0,1,0,0,0,0,0,0,0
126917161,Autonomo,"Maggiolina, Istria",Istria,45.4996,9.19576,14,520,120,5,1,4,0,0,0,0,0,0,0,0,0,0
126916989,Autonomo,"Udine, Lambrate",Udine,45.4929,9.23929,15,530,128,6,2,1,0,0,0,0,0,0,0,0,0,0
126916971,Autonomo,"Famagosta, Barona",Tre Castelli - Faenza,45.4418,9.14022,62,545,178,6,4,4,0,0,0,0,0,0,0,0,0,0
126916857,Autonomo,"San Siro, Trenno",Gallaratese,45.4944,9.12694,22,585,79,5,2,2,0,0,0,0,0,0,0,0,0,0
127012699,Autonomo,"Centrale, Repubblica",Buenos Aires,45.4836,9.21537,23,505,178,6,3,1,0,0,0,0,0,0,0,1,0,0
126938219,Autonomo,"Uptown, Cascina Merlata, Viale Certosa",Certosa,45.4893,9.15015,14,525,90,5,1,4,0,0,0,0,0,0,0,0,0,0
126917253,Autonomo,"Affori, Bovisa",Dergano,45.4987,9.1815,46,580,213,6,3,1,1,0,0,0,0,0,0,0,0,0
126917233,Autonomo,"Affori, Bovisa",Bovisasca,45.5171,9.15399,24,575,94,5,2,1,0,0,0,0,0,0,0,0,0,0
126917191,Autonomo,"Bande Nere, Inganni",Lorenteggio,45.4519,9.14075,42,535,73,4,1,8,1,0,0,0,0,0,0,0,0,0
126917047,Autonomo,"Abbiategrasso, Chiesa Rossa",Chiesa Rossa,45.427,9.17859,25,580,110,5,2,6,1,0,0,0,0,0,0,0,0,0
126916385,Autonomo,"Cenisio, Sarpi, Isola",Cenisio,45.4902,9.16746,14,560,161,6,3,1,0,0,0,0,0,0,0,0,0,0
126916175,Autonomo,"Uptown, Cascina Merlata, Viale Certosa",Ghisolfa - Mac Mahon,45.4895,9.15383,41,530,127,6,2,7,1,0,0,0,0,0,0,0,0,0
126916141,Autonomo,"Affori, Bovisa",Affori,45.5174,9.17351,70,520,55,3,1,3,1,0,0,0,0,0,0,1,0,0
126916997,Autonomo,"Udine, Lambrate",Udine,45.4929,9.23929,12,540,178,6,3,2,0,0,0,0,0,0,0,0,0,0
126917185,Autonomo,"Abbiategrasso, Chiesa Rossa",Chiesa Rossa,45.4326,9.18433,30,580,15,6,3,7,0,0,0,0,0,0,0,0,0,0
126916221,Autonomo,"Bande Nere, Inganni",Bande Nere,45.4628,9.13388,13,505,70,4,1,3,1,0,0,0,0,0,0,0,0,0
126915721,Autonomo,"Napoli, Soderini",Piazza Napoli,45.4507,9.15297,24,470,86,4,1,1,1,0,0,0,0,0,0,0,0,0
126915689,Autonomo,"Fiera, Sempione, City Life, Portello",Monte Rosa - Lotto,45.4751,9.14503,21,555,166,6,2,2,0,0,0,0,0,0,0,0,0,0
126915603,Autonomo,"Fiera, Sempione, City Life, Portello",Monte Rosa - Lotto,45.475,9.14489,11,560,138,6,2,2,0,0,0,0,0,0,0,0,0,0
126915715,Autonomo,"Centrale, Repubblica",Repubblica,45.4793,9.20206,10,455,15,3,1,2,0,0,0,0,0,0,0,0,0,0
126916433,Autonomo,"San Siro, Trenno",San Siro,45.4687,9.14515,36,520,161,5,2,2,1,0,0,0,0,0,0,0,0,0
103313562,Assente,"Pasteur, Rovereto",Rovereto,45.496,9.2177,12,500,20,4,2,3,0,0,0,0,1,0,0,0,0,1
126916025,Autonomo,Forlanini,Quartiere Forlanini,45.4556,9.24846,27,470,140,6,2,3,1,0,0,0,0,0,0,0,0,0
126915789,Autonomo,"Centrale, Repubblica",Centrale,45.486,9.20777,32,470,115,6,3,4,1,0,0,0,0,0,0,0,0,0
126915785,Autonomo,Centro,Missori,45.4577,9.19115,16,520,184,6,3,1,0,0,0,0,0,0,0,0,0,0
126916179,Autonomo,"Uptown, Cascina Merlata, Viale Certosa",Certosa,45.4945,9.14426,13,450,143,6,2,4,1,0,0,0,0,0,0,0,0,0
126916831,Autonomo,"Bicocca, Niguarda",Ca' Granda,45.5058,9.20256,22,580,15,3,2,2,1,0,0,0,0,0,0,0,0,0
126916795,Autonomo,"Uptown, Cascina Merlata, Viale Certosa",Ghisolfa - Mac Mahon,45.4925,9.16275,32,490,250,6,3,1,0,0,0,0,0,0,0,0,0,0
126916205,Autonomo,"Solari, Washington",Frua,45.4651,9.14874,38,510,148,6,3,2,1,0,0,0,0,0,0,0,0,0
126915605,Autonomo,"Fiera, Sempione, City Life, Portello",Monte Rosa - Lotto,45.475,9.14489,10,540,138,6,2,2,0,0,0,0,0,0,0,0,0,0
126916773,Autonomo,"Uptown, Cascina Merlata, Viale Certosa",Musocco,45.5036,9.12875,25,580,82,4,1,1,0,0,0,0,0,0,0,0,0,0
126917661,Autonomo,"Uptown, Cascina Merlata, Viale Certosa",Certosa,45.4945,9.14426,14,540,143,6,2,4,1,0,0,0,0,0,0,0,0,0
126917429,Autonomo,"Bande Nere, Inganni",Lorenteggio,45.4526,9.1396,28,540,73,5,1,7,1,0,0,0,0,0,0,0,0,0
126916543,Autonomo,"Bande Nere, Inganni",Inganni,45.4565,9.11907,38,460,66,4,1,4,0,0,0,0,0,0,0,0,0,0
126916843,Autonomo,"Cenisio, Sarpi, Isola",Cenisio,45.4902,9.16746,19,580,161,6,3,1,0,0,0,0,0,0,0,0,0,0
126916201,Autonomo,"Maggiolina, Istria",Maggiolina,45.4963,9.20541,57,505,146,6,2,7,0,0,0,0,0,0,0,0,0,0
126915983,Autonomo,"San Siro, Trenno",San Siro,45.4697,9.14128,16,540,119,5,2,1,0,0,1,0,0,0,0,0,0,0
126915855,Autonomo,"Centrale, Repubblica",Buenos Aires,45.4785,9.20327,32,570,239,6,3,7,1,0,0,0,0,0,0,0,0,0
116737877,Assente,"Bicocca, Niguarda",Bignami - Ponale,45.5278,9.2094,18,400,100,3,1,2,0,0,1,0,1,0,1,0,0,0
126916401,Autonomo,"Pasteur, Rovereto",Pasteur,45.4874,9.21404,13,525,15,6,2,4,0,0,0,0,0,0,0,0,0,0
126915879,Autonomo,Navigli,Ascanio Sforza,45.4521,9.17892,17,525,138,5,2,1,1,0,0,0,0,0,0,0,0,0
126917325,Autonomo,"Bisceglie, Baggio, Olmi",Quarto Cagnino,45.4725,9.11141,27,490,150,6,2,3,0,0,0,0,0,0,0,0,0,0
127647052,Autonomo,"Solari, Washington",Dezza,45.4591,9.15941,11,415,241,6,3,1,0,0,0,0,0,0,0,0,0,0
127541894,Autonomo,"Bande Nere, Inganni",Lorenteggio,45.4523,9.13914,19,400,63,4,1,7,1,0,0,0,0,0,0,0,0,0
127602632,Autonomo,"Solari, Washington",Dezza,45.4591,9.15941,12,390,105,6,2,1,0,0,0,0,0,0,0,0,0,0
127541896,Autonomo,Centro,Brera,45.4711,9.19231,14,415,180,6,2,1,0,0,0,0,0,0,0,0,0,0
127274939,Autonomo,"Centrale, Repubblica",Centrale,45.4889,9.20984,18,545,15,4,2,2,0,0,0,0,0,0,0,0,0,0
127647048,Autonomo,"Precotto, Turro",Turro,45.5012,9.22383,30,445,55,4,1,1,0,0,0,0,0,0,0,0,0,0
127414617,Autonomo,"Maggiolina, Istria",Maggiolina,45.4954,9.20166,16,395,129,6,2,6,0,0,0,0,0,0,0,0,0,0
127462654,Autonomo,"Precotto, Turro",Gorla,45.5053,9.22374,17,400,100,6,2,1,0,0,0,0,0,0,0,0,0,0
127602630,Autonomo,"Ripamonti, Vigentino",Ripamonti - Fondazione Prada,45.4425,9.18863,49,545,445,6,4,1,0,0,0,0,0,0,0,0,0,0
127275017,Autonomo,"Udine, Lambrate",Udine,45.4929,9.23929,18,400,176,6,3,1,0,0,0,0,0,0,0,0,0,0
127385171,Autonomo,"Udine, Lambrate",Udine,45.4929,9.23929,11,380,168,6,2,3,0,0,0,0,0,0,0,0,0,0
127504460,Autonomo,"Bande Nere, Inganni",Gambara,45.4623,9.14434,26,495,113,5,1,5,0,0,0,0,0,0,0,0,0,0
127384561,Autonomo,"Bicocca, Niguarda",Greco - Segnano,45.5029,9.21219,9,350,72,2,1,1,0,0,1,0,0,0,0,0,0,0
127665988,Assente,"San Siro, Trenno",San Siro,45.4693,9.1326,20,550,15,2,1,6,0,0,1,0,1,0,1,0,0,0
114859529,Assente,"Affori, Bovisa",Affori,45.5185,9.1671,26,560,20,4,1,1,0,0,0,0,1,1,0,0,1,0
127622002,Assente,"Città Studi, Susa",Città Studi,45.4688,9.2335,12,560,18,4,2,2,0,0,1,0,1,0,1,0,0,0
123434509,Assente,"Affori, Bovisa",Bovisa,45.5004,9.1693,9,450,17,3,1,1,0,0,1,0,1,0,1,0,0,0
126997543,Assente,"Solari, Washington",Washington,45.4612,9.1571,26,510,95,3,1,2,0,0,1,0,1,1,1,0,1,1
127443144,Assente,Forlanini,Viale Ungheria - Mecenate,45.4521,9.2448,16,550,65,3,1,4,0,0,1,0,1,1,1,0,0,1
127653614,Assente,"Abbiategrasso, Chiesa Rossa",Gratosoglio,45.4151,9.1739,13,350,125,5,2,4,0,0,0,0,0,0,0,0,0,0
127585940,Centralizzato,"Napoli, Soderini",Tripoli - Soderini,45.4585,9.1487,27,580,85,5,1,5,0,0,1,0,1,0,1,0,0,0
117416769,Assente,"Solari, Washington",Solari,45.4539,9.1638,8,550,15,4,2,3,0,0,1,0,1,0,1,0,0,1
126015315,Assente,"Abbiategrasso, Chiesa Rossa",Chiesa Rossa,45.4307,9.1844,23,370,80,3,1,5,0,0,0,0,0,0,0,0,0,0
122670056,Autonomo,"Affori, Bovisa",Vialba,45.5132,9.12889,10,410,18,4,2,4,0,0,1,1,1,0,0,0,0,1
125135419,Assente,"Udine, Lambrate",Udine,45.4945,9.2354,13,510,110,3,1,2,0,0,1,0,1,0,0,0,0,0
126916625,Autonomo,"Bande Nere, Inganni",Lorenteggio,45.4544,9.14018,15,500,63,4,1,1,0,0,0,0,0,0,0,0,0,0
126915737,Autonomo,"Fiera, Sempione, City Life, Portello",Monte Rosa - Lotto,45.4826,9.14383,18,525,87,3,1,7,1,0,0,0,0,0,0,0,0,0
126916763,Autonomo,"Uptown, Cascina Merlata, Viale Certosa",Certosa,45.4945,9.14426,11,530,82,4,1,3,1,0,0,0,0,0,0,0,0,0
126915753,Autonomo,"Bande Nere, Inganni",Gambara,45.4623,9.14434,20,510,77,5,1,2,0,0,0,0,0,0,0,0,0,0
126916353,Autonomo,"Città Studi, Susa",Città Studi,45.4753,9.22085,36,500,15,6,2,1,1,0,0,0,0,0,0,0,0,0
126915763,Autonomo,"Affori, Bovisa",Affori,45.514,9.17377,20,515,120,6,2,6,1,0,0,0,0,0,0,0,0,0
126917217,Autonomo,"Bisceglie, Baggio, Olmi",Bisceglie,45.4564,9.11347,24,580,111,5,2,6,1,0,0,0,0,0,0,0,0,0
126916851,Autonomo,"Bande Nere, Inganni",Bande Nere,45.4552,9.1365,52,585,15,5,2,3,1,0,0,0,0,0,0,0,0,0
126916483,Autonomo,"Bande Nere, Inganni",Bande Nere,45.4594,9.13161,17,550,139,6,2,1,0,0,0,0,0,0,0,0,0,0
126916189,Autonomo,"Corvetto, Rogoredo",Corvetto,45.4371,9.21564,35,580,151,6,3,3,1,0,0,0,0,0,0,0,0,0
126917221,Autonomo,"Uptown, Cascina Merlata, Viale Certosa",Certosa,45.4946,9.14423,17,540,81,5,1,3,1,0,0,0,0,0,0,0,0,0
126917013,Autonomo,"Udine, Lambrate",Quartiere Feltre,45.4879,9.24541,37,510,133,6,2,6,0,0,0,0,0,0,0,0,0,0
126916995,Autonomo,"Precotto, Turro",Villa San Giovanni,45.5189,9.2214,19,450,304,6,3,1,0,0,0,0,0,0,0,0,0,0
126916023,Autonomo,Forlanini,Quartiere Forlanini,45.4556,9.24846,26,450,140,6,2,3,1,0,0,0,0,0,0,0,0,0
126915747,Autonomo,"Fiera, Sempione, City Life, Portello",Monte Rosa - Lotto,45.475,9.14489,10,560,138,6,2,2,0,0,0,0,0,0,0,0,0,0
126916169,Autonomo,"Centrale, Repubblica",Morgagni,45.4734,9.21442,21,510,161,5,2,1,1,0,0,0,0,0,0,0,0,0
126917445,Autonomo,"Bande Nere, Inganni",Lorenteggio,45.4542,9.13777,37,555,136,6,3,8,1,0,0,0,0,0,0,0,0,0
126917553,Autonomo,"Maggiolina, Istria",Maggiolina,45.4915,9.19756,47,580,15,6,3,1,1,0,0,0,0,0,0,0,0,0
126917237,Autonomo,"Bande Nere, Inganni",Lorenteggio,45.453,9.14127,45,450,130,6,2,1,0,0,0,0,0,0,0,0,0,0
126916991,Autonomo,"Udine, Lambrate",Udine,45.4929,9.23929,12,480,168,6,2,3,0,0,0,0,0,0,0,0,0,0
126916669,Autonomo,"Bande Nere, Inganni",Gambara,45.4633,9.14358,24,580,89,4,1,2,1,0,0,0,0,0,0,0,0,0
126915767,Autonomo,"Maggiolina, Istria",Maggiolina,45.4958,9.20232,107,450,141,6,2,8,1,0,0,0,0,0,0,0,0,0
126917309,Autonomo,"Quadronno, Palestro, Guastalla",Quadronno - Crocetta,45.4558,9.2023,15,585,171,6,3,2,0,0,1,0,0,0,0,0,0,0
126917285,Autonomo,"Precotto, Turro",Villa San Giovanni,45.5189,9.2214,18,470,151,6,2,1,0,0,0,0,0,0,0,0,0,0
126915923,Autonomo,"Uptown, Cascina Merlata, Viale Certosa",Ghisolfa - Mac Mahon,45.4946,9.1629,20,460,105,4,1,2,1,0,0,0,0,0,0,0,0,0
126917441,Autonomo,"Bande Nere, Inganni",Gambara,45.4628,9.14359,14,540,64,4,1,1,1,0,0,0,0,0,0,0,0,0
126917125,Autonomo,"Uptown, Cascina Merlata, Viale Certosa",Certosa,45.4946,9.14423,36,570,170,6,2,1,1,0,0,0,0,0,0,0,0,0
126915791,Autonomo,"Fiera, Sempione, City Life, Portello",Monte Rosa - Lotto,45.4751,9.14503,44,555,166,6,2,2,0,0,0,0,0,0,0,0,0,0
126916203,Autonomo,"Solari, Washington",Frua,45.4653,9.14888,41,530,156,6,3,1,1,0,0,0,0,0,0,0,0,0
126916165,Autonomo,"Porta Venezia, Indipendenza",Porta Venezia,45.4773,9.20508,27,515,174,6,3,4,1,0,0,0,0,0,0,0,0,0
126917015,Autonomo,"Precotto, Turro",Villa San Giovanni,45.5189,9.2214,23,470,131,6,2,1,0,0,0,0,0,0,0,0,0,0
126916817,Autonomo,"Bande Nere, Inganni",Lorenteggio,45.4529,9.13928,29,565,74,4,1,3,1,0,0,0,0,0,0,0,0,0
126917601,Autonomo,"Maggiolina, Istria",Maggiolina,45.4915,9.19756,32,555,15,6,3,1,1,0,0,0,0,0,0,0,0,0
126917447,Autonomo,"Bande Nere, Inganni",Lorenteggio,45.4542,9.13777,32,585,65,4,1,1,1,0,0,0,0,0,0,0,0,0
126915859,Autonomo,"Centrale, Repubblica",Repubblica,45.4793,9.20206,18,455,15,3,1,1,0,0,0,0,0,0,0,0,0,0
126917647,Autonomo,"Genova, Ticinese",Corso Genova,45.4582,9.17012,25,460,157,6,2,4,0,0,0,0,0,0,0,0,0,0
126917479,Autonomo,"Corvetto, Rogoredo",Corvetto,45.4371,9.21564,63,580,151,6,3,4,1,0,0,0,0,0,0,0,0,0
126917035,Autonomo,"Corvetto, Rogoredo",Corvetto,45.4372,9.21509,26,580,75,4,1,3,1,0,0,0,0,0,0,0,0,0
126916017,Autonomo,Forlanini,Quartiere Forlanini,45.4556,9.24846,25,450,140,6,2,3,1,0,0,0,0,0,0,0,0,0
127532108,Assente,"Cimiano, Crescenzago, Adriano",Cimiano,45.4983,9.2319,28,400,150,6,2,3,0,0,1,0,1,0,0,1,0,1
125734557,Assente,"Precotto, Turro",Villa San Giovanni,45.5172,9.2202,17,420,90,3,1,0.5,0,0,0,0,1,0,0,0,0,0
126968925,Assente,"Città Studi, Susa",Casoretto,45.4879,9.2308,7,500,70,3,1,1,0,0,0,0,1,1,0,0,0,0
127590494,Assente,"Bicocca, Niguarda",Niguarda,45.5168,9.1996,7,500,100,3,1,4,0,0,1,0,1,0,0,0,0,0
125832603,Assente,"Abbiategrasso, Chiesa Rossa",Gratosoglio,45.4143,9.1723,17,450,66,2,NA,0.5,0,0,0,0,0,0,0,0,0,0
127001653,Assente,"Famagosta, Barona",Barona,45.4422,9.1544,24,400,100,3,1,1,0,0,1,0,1,1,0,1,1,1
125713757,Assente,"San Siro, Trenno",San Carlo,45.4619,9.1146,8,520,20,3,1,3,0,0,1,0,1,0,1,0,0,0
126915673,Autonomo,"Pasteur, Rovereto",Pasteur,45.4874,9.21404,9,455,15,6,2,4,0,0,0,0,0,0,0,0,0,0
126915823,Autonomo,"San Siro, Trenno",San Siro,45.4777,9.14164,13,525,15,6,3,1,0,0,0,0,0,0,0,0,0,0
126407599,Assente,"Cimiano, Crescenzago, Adriano",Quartiere Adriano,45.5163,9.2448,12,450,160,4,2,4,0,0,1,0,1,0,1,1,0,1
126568803,Centralizzato,"Cimiano, Crescenzago, Adriano",Cimiano,45.4981,9.23527,6,550,13,2,1,0.5,0,0,0,1,1,0,1,0,0,0
126917153,Autonomo,"Bande Nere, Inganni",Bande Nere,45.4628,9.13388,15,575,120,6,2,7,1,0,0,0,0,0,0,0,0,0
124144847,Assente,"Corvetto, Rogoredo",Corvetto,45.4413,9.2245,18,550,90,3,1,5,0,0,1,0,1,1,1,0,0,1
126915583,Autonomo,"Centrale, Repubblica",Buenos Aires,45.4848,9.21089,26,515,200,6,2,5,0,0,0,0,0,0,0,0,0,0
127532284,Assente,"Uptown, Cascina Merlata, Viale Certosa",Certosa,45.4949,9.1527,25,450,15,3,1,1,0,0,1,0,1,0,1,0,0,0
126915599,Autonomo,"Bande Nere, Inganni",Gambara,45.4623,9.14434,22,510,94,5,1,3,0,0,0,0,0,0,0,0,0,0
127531618,Assente,"Abbiategrasso, Chiesa Rossa",Chiesa Rossa,45.4307,9.1823,11,500,81,4,1,8,0,0,0,0,1,0,1,0,0,1
126872079,Assente,"Bicocca, Niguarda",Niguarda,45.5185,9.1922,5,480,15,4,1,5,0,0,0,0,0,0,0,1,0,0
126421667,Assente,"Precotto, Turro",Turro,45.5028,9.225,22,550,20,1,1,6,0,0,1,0,0,1,1,0,0,0
123233991,Assente,"Maggiolina, Istria",Maggiolina,45.4965,9.2019,15,550,65,3,1,0,0,0,0,0,1,0,1,0,0,1
118353787,Assente,"Affori, Bovisa",Bovisa,45.4996,9.1687,5,500,100,3,1,2,0,0,0,0,1,0,0,1,0,0
125095553,Assente,"Ripamonti, Vigentino",Ripamonti - Fondazione Prada,45.4407,9.1997,5,500,20,3,1,3,0,0,0,0,1,0,0,0,0,0
113195993,Assente,"Udine, Lambrate",Udine,45.495,9.2355,33,580,14,4,1,1,0,0,1,0,1,0,0,0,0,1
126916269,Autonomo,"Maggiolina, Istria",Maggiolina,45.4966,9.20335,13,455,15,5,2,1,1,0,0,0,0,0,0,0,0,0
126917543,Autonomo,"San Siro, Trenno",San Siro,45.4777,9.14164,8,540,15,6,3,1,0,0,0,0,0,0,0,0,0,0
126917289,Autonomo,"San Siro, Trenno",San Siro,45.4777,9.14164,8,540,15,6,3,1,0,0,0,0,0,0,0,0,0,0
126619485,Assente,"Porta Vittoria, Lodi",Martini - Insubria,45.4571,9.2192,22,450,90,3,2,3,0,0,1,0,1,1,0,0,0,1
126916779,Autonomo,"Famagosta, Barona",Tre Castelli - Faenza,45.442,9.13738,8,580,100,4,2,3,0,0,0,0,0,0,0,0,0,0
126843799,Assente,"Famagosta, Barona",Cantalupa - San Paolo,45.4357,9.1536,11,500,116,4,2,5,0,0,0,0,1,0,0,0,0,1
127396613,Assente,"Arco della Pace, Arena, Pagano",Arco della Pace,45.4748,9.1693,21,440,250,6,4,2,0,0,1,0,1,0,1,1,0,1
105889039,Assente,"Bicocca, Niguarda",Bignami - Ponale,45.5279,9.2104,11,400,100,3,1,8,0,0,1,0,1,1,0,1,1,0
127551262,Assente,"Cimiano, Crescenzago, Adriano",Cimiano,45.4971,9.23674,14,540,18,6,3,1,0,0,0,0,0,0,0,0,0,0
126916367,Autonomo,"Porta Vittoria, Lodi",Lodi - Brenta,45.4448,9.22149,7,505,123,5,2,4,0,0,0,0,0,0,0,0,0,0
126915905,Autonomo,"Bisceglie, Baggio, Olmi",Quarto Cagnino,45.4737,9.111,7,450,116,6,2,6,1,0,0,0,0,0,0,0,0,0
126916789,Autonomo,"Uptown, Cascina Merlata, Viale Certosa",Certosa,45.4945,9.14426,7,565,70,4,1,1,1,0,0,0,0,0,0,0,0,0
126916321,Autonomo,"Napoli, Soderini",Tripoli - Soderini,45.4546,9.14808,7,450,127,5,1,3,1,0,0,0,0,0,0,0,0,0
126916907,Autonomo,"Pasteur, Rovereto",Rovereto,45.4946,9.21499,7,540,15,6,2,2,0,0,0,0,0,0,0,0,0,0
124018105,Assente,"Porta Vittoria, Lodi",Lodi - Brenta,45.442,9.214,9,550,95,3,1,3,0,0,1,0,1,0,1,0,0,0
125746295,Assente,"Napoli, Soderini",Piazza Napoli,45.4532,9.1537,11,550,70,2,1,10,0,0,0,0,1,0,1,0,0,0
125960661,Centralizzato,"Udine, Lambrate",Ortica,45.4704,9.23849,18,570,17,1,1,3,0,1,0,0,0,0,0,0,0,0
127579446,Assente,"San Siro, Trenno",Gallaratese,45.5005,9.1051,12,500,15,1,1,3,0,0,0,0,1,1,0,0,0,0
127519884,Assente,"Cimiano, Crescenzago, Adriano",Cimiano,45.497,9.2352,19,500,16,2,1,6,0,0,1,0,1,0,0,0,0,0
127578778,Assente,"San Siro, Trenno",Gallaratese,45.5005,9.1051,12,550,17,1,1,3,0,0,1,0,1,1,0,0,0,0
127520242,Assente,"Uptown, Cascina Merlata, Viale Certosa",Musocco,45.512,9.1205,22,450,16,3,2,13,0,0,1,0,0,0,0,1,0,0
124592703,Centralizzato,"Bisceglie, Baggio, Olmi",Quartiere Olmi,45.4519,9.08316,24,450,65,1,1,0.5,1,1,1,0,0,0,0,0,0,0
127520068,Assente,"Uptown, Cascina Merlata, Viale Certosa",Musocco,45.512,9.1205,20,450,16,3,2,13,0,0,1,0,0,0,0,1,0,0
127520440,Assente,"Bande Nere, Inganni",Bande Nere,45.4576,9.1376,20,450,14,3,1,1,0,0,1,0,1,1,1,0,0,0
127579740,Assente,"San Siro, Trenno",Gallaratese,45.5005,9.1051,11,500,16,1,1,3,0,0,0,0,1,1,0,0,0,0
127520330,Assente,"Uptown, Cascina Merlata, Viale Certosa",Musocco,45.512,9.1205,21,450,16,3,1,10,0,0,0,0,1,0,1,1,1,0
126916411,Autonomo,"Uptown, Cascina Merlata, Viale Certosa",Certosa,45.4945,9.14426,6,505,40,2,1,1,1,0,0,0,0,0,0,0,0,0
86943986,Assente,"Affori, Bovisa",Bovisa,45.5005,9.1674,7,500,100,4,1,2,0,0,0,0,1,0,0,1,0,0
111482581,Assente,"Affori, Bovisa",Affori,45.519,9.1686,14,550,40,5,2,4,0,0,1,0,1,1,0,0,0,0
90669455,Assente,"Affori, Bovisa",Bovisa,45.5037,9.1662,14,450,100,3,1,0.5,0,0,0,0,1,0,0,0,1,0
113652063,Assente,"Affori, Bovisa",Bovisa,45.4996,9.1687,12,500,15,3,1,3,0,0,1,0,1,0,0,0,0,0
117139311,Assente,"Affori, Bovisa",Bovisa,45.5009,9.1638,12,450,60,3,1,4,0,0,1,0,1,0,1,0,0,0
110432033,Assente,"Uptown, Cascina Merlata, Viale Certosa",Certosa,45.4976,9.1508,10,510,80,4,1,1,0,0,1,0,1,0,0,0,1,0
126915685,Autonomo,"Fiera, Sempione, City Life, Portello",Monte Rosa - Lotto,45.4751,9.14503,21,540,166,6,2,2,0,0,0,0,0,0,0,0,0,0
126915851,Autonomo,"Maggiolina, Istria",Maggiolina,45.4962,9.20583,10,455,15,5,2,5,1,0,0,0,0,0,0,0,0,0
126917387,Autonomo,"Famagosta, Barona",Giambellino,45.4501,9.14046,6,470,68,4,1,5,0,0,1,0,0,0,0,0,0,0
122398470,Assente,"Cimiano, Crescenzago, Adriano",Cimiano,45.5022,9.2379,33,520,25,3,1,3,0,0,1,0,1,0,0,0,0,0
82224378,Assente,"Città Studi, Susa",Città Studi,45.4862,9.23533,20,540,15,5,1,1,0,1,0,0,1,0,0,0,0,1
126027859,Assente,"Famagosta, Barona",Barona,45.441,9.1567,16,420,12,1,1,1,0,0,1,0,1,0,1,0,1,0
125714299,Assente,"Affori, Bovisa",Bovisa,45.4983,9.1519,24,570,NA,NA,NA,NA,NA,0,1,0,1,1,1,0,0,1
126916029,Autonomo,"Centrale, Repubblica",Centrale,45.4865,9.21048,5,495,124,5,2,2,1,0,0,0,0,0,0,0,0,0
126916235,Autonomo,"Centrale, Repubblica",Repubblica,45.4793,9.20206,5,510,15,4,2,1,0,0,0,0,0,0,0,0,0,0
127418209,Assente,"Precotto, Turro",Turro,45.4996,9.2209,8,450,160,6,2,8,0,0,0,0,1,0,1,1,0,0
127222151,Assente,"Cenisio, Sarpi, Isola",Cenisio,45.4888,9.1599,16,575,22,3,1,1,0,0,1,0,0,0,0,0,0,0
126223525,Centralizzato,"Porta Vittoria, Lodi",Bologna - Sulmona,45.4428,9.22754,20,310,15,1,1,3,1,1,1,0,0,0,0,0,0,0
126810151,Assente,"Affori, Bovisa",Bovisa,45.5015,9.1628,13,540,70,3,1,3,0,0,0,0,1,0,0,0,0,1
125348793,Centralizzato,"San Siro, Trenno",Gallaratese,45.4967,9.10974,18,435,72,2,1,5,0,0,1,1,1,0,0,0,1,0
126916265,Autonomo,"Porta Vittoria, Lodi",Bologna - Sulmona,45.4449,9.22756,21,465,124,6,2,1,1,0,0,0,0,0,0,0,0,0
127405421,Assente,"Cimiano, Crescenzago, Adriano",Crescenzago,45.5048,9.2464,18,550,18,2,1,3,0,0,1,0,1,0,0,0,0,0
126639339,Assente,"Cimiano, Crescenzago, Adriano",Cimiano,45.5008,9.239,11,450,90,2,1,2,0,0,1,0,1,0,0,0,0,1
126917243,Autonomo,Forlanini,Viale Ungheria - Mecenate,45.4555,9.24407,22,585,63,4,1,1,1,0,0,0,0,0,0,0,0,0
126359991,Assente,"Udine, Lambrate",Quartiere Feltre,45.488,9.247,11,580,94,3,1,1,0,0,1,0,1,0,0,0,0,0
126309815,Centralizzato,"Arco della Pace, Arena, Pagano",Arena,45.4783,9.18053,14,560,12,1,3,3,1,1,1,0,0,1,0,0,0,0
115151131,Centralizzato,"Città Studi, Susa",Città Studi,45.4802,9.22454,10,550,22,3,1,3,0,0,0,1,1,0,1,0,0,1
125607223,Autonomo,Forlanini,Viale Ungheria - Mecenate,45.4455,9.24179,12,560,15,2,1,4,0,0,1,1,1,0,1,0,1,1
124133743,Centralizzato,"Precotto, Turro",Precotto,45.5121,9.21805,16,570,15,4,2,2,0,0,1,1,1,0,0,1,1,1
126915877,Autonomo,"Abbiategrasso, Chiesa Rossa",Pezzotti - Meda,45.4433,9.17651,8,525,127,5,1,1,1,0,0,0,0,0,0,0,0,0
126916787,Autonomo,"Uptown, Cascina Merlata, Viale Certosa",Certosa,45.4945,9.14426,4,565,70,4,1,1,1,0,0,0,0,0,0,0,0,0
126033775,Centralizzato,"Affori, Bovisa",Affori,45.5217,9.17189,9,450,25,2,1,8,0,0,1,1,1,0,1,0,1,0
127402419,Assente,"Abbiategrasso, Chiesa Rossa",Gratosoglio,45.4179,9.1745,18,540,120,4,2,2,0,0,1,0,1,0,0,0,0,1
127243543,Centralizzato,"Affori, Bovisa",Bovisa,45.5045,9.16865,7,530,18,6,2,31,0,0,0,0,0,0,0,0,0,0
126917067,Autonomo,"Cimiano, Crescenzago, Adriano",Quartiere Adriano,45.5151,9.23604,36,535,15,4,2,3,0,0,0,0,0,0,0,0,0,0
126785673,Centralizzato,"Corvetto, Rogoredo",Corvetto,45.4403,9.21859,9,550,14,4,2,0.5,0,0,0,1,1,0,1,0,0,1
126916429,Autonomo,"Porta Vittoria, Lodi",Bologna - Sulmona,45.4449,9.22756,52,490,119,6,2,4,1,0,0,0,0,0,0,1,0,0
126423325,Centralizzato,"Famagosta, Barona",Barona,45.4409,9.15633,10,550,20,2,1,4,1,1,0,0,0,0,0,0,0,0
126423403,Centralizzato,"Famagosta, Barona",Barona,45.4409,9.15633,10,550,15,2,1,4,1,1,1,0,0,0,0,0,0,0
125375481,Centralizzato,"Porta Vittoria, Lodi",Porta Vittoria,45.4607,9.23026,12,550,18,1,2,2,1,1,1,0,0,0,0,0,0,0
125861467,Centralizzato,"Affori, Bovisa",Bovisa,45.5015,9.14497,7,502,14,2,1,1,0,0,0,1,1,0,0,0,0,0
127146835,Centralizzato,"Uptown, Cascina Merlata, Viale Certosa",Musocco,45.5036,9.12426,6,500,15,2,1,1,0,0,0,0,1,0,0,0,0,1
127587004,Autonomo,"Bicocca, Niguarda",Greco - Segnano,45.5037,9.20882,8,380,53,1,1,0,0,1,0,0,0,0,0,0,0,0
127569852,Autonomo,"Maggiolina, Istria",Maggiolina,45.4902,9.20068,17,455,173,6,2,5,1,0,0,0,0,0,0,0,0,0
127385163,Autonomo,"Porta Venezia, Indipendenza",Indipendenza,45.4719,9.2113,18,560,123,6,2,2,1,0,0,0,0,0,0,0,0,0
127355607,Autonomo,"Uptown, Cascina Merlata, Viale Certosa",Certosa,45.4945,9.14426,14,540,143,6,2,4,1,0,0,0,0,0,0,0,0,0
127326181,Autonomo,"Fiera, Sempione, City Life, Portello",Monte Rosa - Lotto,45.4826,9.14383,12,525,87,3,1,7,1,0,0,0,0,0,0,0,0,0
127275019,Autonomo,"Uptown, Cascina Merlata, Viale Certosa",Musocco,45.5036,9.12875,22,580,82,4,1,1,0,0,0,0,0,0,0,0,0,0
127602202,Autonomo,"Fiera, Sempione, City Life, Portello",Monte Rosa - Lotto,45.4751,9.14503,21,555,166,6,2,2,0,0,0,0,0,0,0,0,0,0
127513742,Autonomo,"Bicocca, Niguarda",Greco - Segnano,45.5029,9.21219,25,470,72,6,3,1,0,0,0,0,0,0,0,0,0,0
127462664,Autonomo,"Bisceglie, Baggio, Olmi",Baggio,45.4598,9.10451,13,495,118,6,3,1,0,0,0,0,0,0,0,0,0,0
127490122,Autonomo,"Maggiolina, Istria",Maggiolina,45.4923,9.20318,35,445,173,6,3,3,1,0,0,0,0,0,0,0,0,0
127317429,Autonomo,"Udine, Lambrate",Udine,45.4929,9.23929,12,540,178,6,3,2,0,0,0,0,0,0,0,0,0,0
127303567,Autonomo,Navigli,Ascanio Sforza,45.4518,9.17987,24,570,180,6,3,3,0,0,0,0,0,0,0,0,0,0
127274913,Autonomo,"Centrale, Repubblica",Buenos Aires,45.4848,9.21089,26,515,200,6,2,5,0,0,0,0,0,0,0,0,0,0
127570184,Autonomo,"Abbiategrasso, Chiesa Rossa",Gratosoglio,45.4146,9.17153,31,500,15,3,1,1,0,0,0,0,0,0,0,0,0,0
127541522,Autonomo,"Precotto, Turro",Villa San Giovanni,45.5189,9.2214,18,465,151,6,2,1,0,0,0,0,0,0,0,0,0,0
127490324,Autonomo,"Bande Nere, Inganni",Bande Nere,45.4628,9.13388,17,585,70,4,1,3,1,0,0,0,0,0,0,0,0,0
127330645,Assente,"Città Studi, Susa",Città Studi,45.4727,9.2264,20,550,430,6,4,0.5,0,0,1,0,1,0,0,1,1,1
127317435,Autonomo,"Corvetto, Rogoredo",Corvetto,45.4372,9.21509,22,580,75,4,1,3,1,0,0,0,0,0,0,0,0,0
127275169,Autonomo,"Genova, Ticinese",Corso Genova,45.4582,9.17012,25,460,157,6,2,4,0,0,0,0,0,0,0,0,0,0
127274941,Autonomo,"Napoli, Soderini",Piazza Napoli,45.4507,9.15297,24,470,86,4,1,1,1,0,0,0,0,0,0,0,0,0
127132851,Autonomo,"Solari, Washington",Vercelli - Wagner,45.4653,9.16221,29,550,15,4,2,2,1,0,0,0,0,0,0,0,0,0
127414701,Autonomo,"Quadronno, Palestro, Guastalla",Quadronno - Crocetta,45.4558,9.2023,15,585,171,6,3,2,0,0,1,0,0,0,0,0,0,0
127384365,Autonomo,"Fiera, Sempione, City Life, Portello",Monte Rosa - Lotto,45.475,9.14489,10,540,138,6,2,2,0,0,0,0,0,0,0,0,0,0
127326289,Autonomo,"Precotto, Turro",Villa San Giovanni,45.5189,9.2214,18,470,131,6,2,1,0,0,0,0,0,0,0,0,0,0
127646572,Autonomo,"Famagosta, Barona",Barona,45.4421,9.154,15,575,70,4,1,1,0,0,0,0,0,0,0,0,0,0
127602208,Autonomo,"Fiera, Sempione, City Life, Portello",Amendola - Buonarroti,45.4702,9.14972,11,540,166,6,3,1,1,0,0,0,0,0,0,0,0,0
127602198,Autonomo,"San Siro, Trenno",San Siro,45.4749,9.12364,31,460,156,6,2,5,1,0,0,0,0,0,0,0,0,0
127490398,Autonomo,"Uptown, Cascina Merlata, Viale Certosa",Certosa,45.4946,9.14423,33,550,168,6,3,3,1,0,0,0,0,0,0,0,0,0
127490322,Autonomo,"Bisceglie, Baggio, Olmi",Baggio,45.4598,9.10451,14,460,118,6,3,1,0,0,0,0,0,0,0,0,0,0
127415065,Autonomo,"Uptown, Cascina Merlata, Viale Certosa",Certosa,45.4946,9.14423,33,550,168,6,3,3,1,0,0,0,0,0,0,0,0,0
127414655,Autonomo,"Corvetto, Rogoredo",Corvetto,45.4371,9.21564,35,575,151,6,3,5,1,0,0,0,0,0,0,0,0,0
127326311,Autonomo,"Affori, Bovisa",Dergano,45.4987,9.1815,46,580,213,6,3,1,1,0,0,0,0,0,0,0,0,0
127232173,Autonomo,"Bande Nere, Inganni",Lorenteggio,45.453,9.14127,28,520,130,6,2,1,0,0,0,0,0,0,0,0,0,0
127490130,Autonomo,"Bande Nere, Inganni",Lorenteggio,45.4534,9.14086,24,565,156,6,3,1,0,0,0,0,0,0,0,0,0,0
127414693,Autonomo,"Affori, Bovisa",Bovisasca,45.5171,9.15399,24,575,94,5,2,1,0,0,0,0,0,0,0,0,0,0
127303571,Autonomo,"Bisceglie, Baggio, Olmi",Quarto Cagnino,45.4725,9.11141,27,490,150,6,2,3,0,0,0,0,0,0,0,0,0,0
127646794,Autonomo,"San Siro, Trenno",Gallaratese,45.4944,9.12694,21,585,79,5,2,2,0,0,0,0,0,0,0,0,0,0
127513778,Autonomo,"Quadronno, Palestro, Guastalla",Quadronno - Crocetta,45.4558,9.2023,19,540,171,6,3,5,0,0,0,0,0,0,0,0,0,0
127504840,Autonomo,"Solari, Washington",Dezza,45.4591,9.15941,12,580,242,6,3,2,0,0,0,0,0,0,0,0,0,0
127317355,Autonomo,"Corvetto, Rogoredo",Corvetto,45.4372,9.21509,36,505,151,6,3,2,1,0,0,0,0,0,0,0,0,0
127602246,Autonomo,"Abbiategrasso, Chiesa Rossa",Chiesa Rossa,45.427,9.17859,23,585,110,5,2,6,1,0,0,0,0,0,0,0,0,0
127490652,Autonomo,"Bande Nere, Inganni",Lorenteggio,45.4534,9.14086,24,565,156,6,3,1,0,0,0,0,0,0,0,0,0,0
127490420,Autonomo,"Napoli, Soderini",Tripoli - Soderini,45.4546,9.14808,21,560,86,4,1,2,1,0,0,0,0,0,0,0,0,0
127646694,Autonomo,"Maggiolina, Istria",Istria,45.4996,9.19576,14,520,120,5,1,4,0,0,0,0,0,0,0,0,0,0
127384575,Autonomo,"Bande Nere, Inganni",Bande Nere,45.4552,9.1365,30,585,15,5,2,3,1,0,0,0,0,0,0,0,0,0
127570500,Autonomo,"Solari, Washington",Dezza,45.46,9.1589,13,570,150,6,2,4,0,0,1,0,0,0,0,0,0,0
127647004,Autonomo,"Bande Nere, Inganni",Lorenteggio,45.4529,9.13928,18,565,64,4,1,1,1,0,0,0,0,0,0,0,0,0
127646802,Autonomo,"Bande Nere, Inganni",Lorenteggio,45.4541,9.13848,21,530,70,4,1,1,1,0,0,0,0,0,0,0,0,0
127646664,Autonomo,"Uptown, Cascina Merlata, Viale Certosa",Certosa,45.4945,9.14426,11,530,82,4,1,3,1,0,0,0,0,0,0,0,0,0
127513674,Autonomo,"Centrale, Repubblica",Repubblica,45.4793,9.20206,10,455,15,3,1,1,0,0,0,0,0,0,0,0,0,0
127462756,Autonomo,"Affori, Bovisa",Dergano,45.4987,9.1815,46,560,213,6,3,1,1,0,0,0,0,0,0,0,0,0
127326263,Autonomo,"Famagosta, Barona",Barona,45.4421,9.154,11,500,70,4,1,1,0,0,0,0,0,0,0,0,0,0
127303991,Autonomo,"Quadronno, Palestro, Guastalla",Quadronno - Crocetta,45.4555,9.20183,11,570,164,6,2,3,0,0,1,0,0,0,0,0,0,0
127602612,Autonomo,"Maggiolina, Istria",Cascina dei Pomi,45.4926,9.20803,10,495,72,4,1,6,0,0,0,0,0,0,0,0,0,0
127646740,Autonomo,"Cenisio, Sarpi, Isola",Cenisio,45.4902,9.16746,12,580,161,6,3,1,0,0,0,0,0,0,0,0,0,0
127602400,Autonomo,"Uptown, Cascina Merlata, Viale Certosa",Certosa,45.4946,9.14423,42,580,150,6,2,4,1,0,0,0,0,0,0,0,0,0
127602364,Autonomo,"Maggiolina, Istria",Cascina dei Pomi,45.4926,9.20803,10,495,72,4,1,6,0,0,0,0,0,0,0,0,0,0
127541404,Autonomo,"Fiera, Sempione, City Life, Portello",Monte Rosa - Lotto,45.4751,9.14503,18,555,166,6,2,2,0,0,0,0,0,0,0,0,0,0
127490336,Autonomo,"Quadronno, Palestro, Guastalla",Quadronno - Crocetta,45.4555,9.20183,11,570,164,6,2,5,0,0,1,0,0,0,0,0,0,0
127326307,Autonomo,"Bisceglie, Baggio, Olmi",Quarto Cagnino,45.4725,9.11141,26,460,150,6,2,3,0,0,0,0,0,0,0,0,0,0
127504542,Autonomo,"Bicocca, Niguarda",Ca' Granda,45.5058,9.20256,22,580,15,3,2,2,1,0,0,0,0,0,0,0,0,0
127355611,Autonomo,"Pasteur, Rovereto",Pasteur,45.4898,9.21369,26,560,212,6,3,1,1,0,0,0,0,0,0,0,0,0
127303619,Autonomo,"Quadronno, Palestro, Guastalla",Quadronno - Crocetta,45.4555,9.20183,11,570,164,6,2,3,0,0,1,0,0,0,0,0,0,0
127541542,Autonomo,"Affori, Bovisa",Dergano,45.4987,9.1815,46,580,213,6,3,1,1,0,0,0,0,0,0,0,0,0
127462576,Autonomo,"Bande Nere, Inganni",Bande Nere,45.4628,9.13388,13,505,70,4,1,3,1,0,0,0,0,0,0,0,0,0
127384623,Autonomo,"Corvetto, Rogoredo",Corvetto,45.4372,9.21509,36,580,151,6,3,2,1,0,0,0,0,0,0,0,0,0
127384341,Autonomo,"Affori, Bovisa",Bovisa,45.5015,9.16316,17,540,55,4,1,1,0,0,0,0,0,0,0,0,0,0
127317443,Autonomo,"Bande Nere, Inganni",Bande Nere,45.4594,9.13161,17,540,203,6,3,2,0,0,0,0,0,0,0,0,0,0
127169325,Autonomo,"Quadronno, Palestro, Guastalla",Quadronno - Crocetta,45.4555,9.20183,15,570,112,5,2,3,0,0,0,0,0,0,0,0,0,0
127541620,Autonomo,"San Siro, Trenno",Gallaratese,45.4859,9.12613,25,585,15,6,2,1,0,0,0,0,0,0,0,0,0,0
127504562,Autonomo,"Udine, Lambrate",Udine,45.4929,9.23929,15,530,128,6,2,1,0,0,0,0,0,0,0,0,0,0
127463046,Autonomo,"Uptown, Cascina Merlata, Viale Certosa",Certosa,45.4945,9.14426,13,585,82,4,1,3,1,0,0,0,0,0,0,0,0,0
127414941,Autonomo,"Uptown, Cascina Merlata, Viale Certosa",Ghisolfa - Mac Mahon,45.4925,9.16275,36,535,250,6,3,1,0,0,0,0,0,0,0,0,0,0
127384647,Autonomo,"Bande Nere, Inganni",Lorenteggio,45.4542,9.13777,35,555,136,6,3,8,1,0,0,0,0,0,0,0,0,0
127317459,Autonomo,"Bande Nere, Inganni",Lorenteggio,45.4538,9.13661,10,525,70,4,1,2,0,0,0,0,0,0,0,0,0,0
127141329,Autonomo,"Bisceglie, Baggio, Olmi",Baggio,45.4598,9.10451,14,460,118,6,3,1,0,0,0,0,0,0,0,0,0,0
127602328,Autonomo,"Arco della Pace, Arena, Pagano",Arco della Pace,45.476,9.16798,48,585,287,6,3,2,1,0,0,0,0,0,0,0,0,0
127541496,Autonomo,"Uptown, Cascina Merlata, Viale Certosa",Ghisolfa - Mac Mahon,45.4925,9.16275,32,490,250,6,3,1,0,0,0,0,0,0,0,0,0,0
127490306,Autonomo,"Bande Nere, Inganni",Lorenteggio,45.4511,9.13967,26,570,127,6,2,5,0,0,0,0,0,0,0,0,0,0
127384557,Autonomo,"Bande Nere, Inganni",Bande Nere,45.4594,9.13161,18,575,139,6,2,1,0,0,0,0,0,0,0,0,0,0
127317327,Autonomo,Navigli,Ascanio Sforza,45.4521,9.17892,17,525,138,5,2,1,1,0,0,0,0,0,0,0,0,0
127274943,Autonomo,"Centrale, Repubblica",Centrale,45.4847,9.2078,17,540,118,5,2,4,1,0,0,0,0,0,0,0,0,0
127490778,Autonomo,"Bicocca, Niguarda",Greco - Segnano,45.5029,9.21219,19,470,96,6,3,5,0,0,0,0,0,0,0,0,0,0
127646698,Autonomo,"Bande Nere, Inganni",Lorenteggio,45.4519,9.14075,25,535,73,4,1,8,1,0,0,0,0,0,0,0,0,0
127570506,Autonomo,"Centrale, Repubblica",Repubblica,45.4795,9.19969,17,450,152,6,2,4,0,0,0,0,0,0,0,0,0,0
127541590,Autonomo,"Bande Nere, Inganni",Lorenteggio,45.4527,9.13854,30,585,65,4,1,1,1,0,0,0,0,0,0,0,0,0
127303703,Autonomo,"Ripamonti, Vigentino",Ripamonti - Fondazione Prada,45.438,9.19591,25,500,15,5,2,1,0,0,0,0,0,0,0,0,0,0
127141345,Autonomo,"Bande Nere, Inganni",Lorenteggio,45.4528,9.13806,30,550,64,4,1,1,1,0,0,0,0,0,0,0,0,0
127570034,Autonomo,"Bande Nere, Inganni",Bande Nere,45.4594,9.13161,18,540,203,6,3,2,0,0,0,0,0,0,0,0,0,0
127541422,Autonomo,"Pasteur, Rovereto",Pasteur,45.4874,9.21404,13,525,15,6,2,4,0,0,0,0,0,0,0,0,0,0
127504606,Autonomo,"Bicocca, Niguarda",Greco - Segnano,45.5029,9.21219,19,470,96,6,3,5,0,0,0,0,0,0,0,0,0,0
127384597,Autonomo,"Maggiolina, Istria",Maggiolina,45.4916,9.20302,21,530,123,6,2,2,0,0,0,0,0,0,0,0,0,0
127355375,Autonomo,"Centrale, Repubblica",Morgagni,45.4734,9.21442,21,510,161,5,2,1,1,0,0,0,0,0,0,0,0,0
127602608,Autonomo,"Bande Nere, Inganni",Lorenteggio,45.453,9.14127,25,490,130,6,2,1,0,0,0,0,0,0,0,0,0,0
127602154,Autonomo,"Abbiategrasso, Chiesa Rossa",Cermenate - Abbiategrasso,45.4331,9.17829,15,500,15,3,1,1,0,0,0,0,0,0,0,0,0,0
127541642,Autonomo,"Ripamonti, Vigentino",Ripamonti - Fondazione Prada,45.438,9.19591,25,500,15,5,2,1,0,0,0,0,0,0,0,0,0,0
127513706,Autonomo,"Corvetto, Rogoredo",Corvetto,45.4371,9.21564,34,580,151,6,3,4,1,0,0,0,0,0,0,0,0,0
127414549,Autonomo,"Solari, Washington",Frua,45.4651,9.14874,38,510,148,6,3,2,1,0,0,0,0,0,0,0,0,0
127355377,Autonomo,"Fiera, Sempione, City Life, Portello",Monte Rosa - Lotto,45.475,9.14489,11,560,138,6,2,2,0,0,0,0,0,0,0,0,0,0
127094285,Autonomo,"San Siro, Trenno",Gallaratese,45.4944,9.12694,21,585,79,5,2,2,0,0,0,0,0,0,0,0,0,0
127514032,Autonomo,"Affori, Bovisa",Affori,45.5201,9.17055,24,580,74,4,1,1,1,0,0,0,0,0,0,0,0,0
127646838,Autonomo,"Bande Nere, Inganni",Lorenteggio,45.453,9.13854,17,500,87,4,1,1,1,0,0,0,0,0,0,0,0,0
127602280,Autonomo,"Udine, Lambrate",Quartiere Feltre,45.4879,9.24541,37,510,133,6,2,6,0,0,0,0,0,0,0,0,0,0
127570058,Autonomo,"Maggiolina, Istria",Maggiolina,45.4916,9.20302,19,500,123,6,2,2,0,0,1,0,0,0,0,0,0,0
127490384,Autonomo,"Uptown, Cascina Merlata, Viale Certosa",Certosa,45.4945,9.14426,13,585,82,4,1,3,1,0,0,0,0,0,0,0,0,0
127490134,Autonomo,"Città Studi, Susa",Città Studi,45.4753,9.22085,22,500,15,6,2,1,1,0,0,0,0,0,0,0,0,0
127356279,Autonomo,"Città Studi, Susa",Plebisciti - Susa,45.4644,9.2177,18,550,120,6,2,4,0,0,1,0,0,0,0,0,0,0
127490138,Autonomo,"Cenisio, Sarpi, Isola",Zara,45.4917,9.19063,28,545,210,6,2,1,1,0,0,0,0,0,0,0,0,0
127462666,Autonomo,"Uptown, Cascina Merlata, Viale Certosa",Certosa,45.4893,9.15015,18,585,90,5,1,4,0,0,0,0,0,0,0,0,0,0
127462608,Autonomo,"San Siro, Trenno",Monte Stella,45.4855,9.13976,13,500,100,5,1,3,0,0,0,0,0,0,0,0,0,0
127326359,Autonomo,"Bisceglie, Baggio, Olmi",Quarto Cagnino,45.4719,9.11195,26,460,150,6,2,8,0,0,0,0,0,0,0,0,0,0
127317575,Autonomo,"Famagosta, Barona",Barona,45.4422,9.15399,12,550,80,5,2,1,0,0,0,0,0,0,0,0,0,0
127513722,Autonomo,"Bande Nere, Inganni",Bande Nere,45.4594,9.13161,17,550,139,6,2,1,0,0,0,0,0,0,0,0,0,0
127504636,Autonomo,"Centrale, Repubblica",Repubblica,45.477,9.20046,20,450,150,6,2,3,0,0,1,0,0,0,0,0,0,0
127414737,Autonomo,"Udine, Lambrate",Udine,45.4929,9.23929,13,540,178,6,3,2,0,0,0,0,0,0,0,0,0,0
127414639,Autonomo,"Maggiolina, Istria",Maggiolina,45.4915,9.19756,37,575,15,6,3,1,1,0,0,0,0,0,0,0,0,0
127414545,Autonomo,"Abbiategrasso, Chiesa Rossa",Pezzotti - Meda,45.4387,9.18289,20,460,115,4,1,3,0,0,0,0,0,0,0,0,0,0
127201239,Autonomo,"Corvetto, Rogoredo",Corvetto,45.4372,9.21509,36,580,151,6,3,2,1,0,0,0,0,0,0,0,0,0
127541494,Autonomo,"Uptown, Cascina Merlata, Viale Certosa",Certosa,45.4893,9.15015,14,525,90,5,1,4,0,0,0,0,0,0,0,0,0,0
124536727,Assente,"Napoli, Soderini",Tripoli - Soderini,45.4577,9.1467,11,500,78,4,2,2,0,0,0,0,1,0,0,0,0,1
127532880,Centralizzato,"San Siro, Trenno",San Siro,45.475,9.1373,6,350,44,2,1,1,0,0,1,0,1,0,0,0,0,1
127005143,Assente,"Città Studi, Susa",Città Studi,45.4832,9.2325,6,450,10,NA,NA,3,0,0,1,0,1,0,1,0,0,0
127652778,Autonomo,"Maggiolina, Istria",Maggiolina,45.4937,9.20489,5,500,NA,5,1,1,0,0,0,0,0,0,0,0,0,1
127580632,Autonomo,"Precotto, Turro",Precotto,45.5095,9.22686,8,570,14,3,2,1,0,0,0,0,1,0,0,0,0,1
126958679,Assente,"Bisceglie, Baggio, Olmi",Bisceglie,45.4556,9.0931,34,500,145,4,2,5,1,0,1,0,1,1,1,0,0,1
125661579,Assente,"Cenisio, Sarpi, Isola",Cenisio,45.4922,9.1633,35,550,250,6,3,6,0,0,0,0,1,1,1,0,0,0
126461557,Assente,"Cimiano, Crescenzago, Adriano",Ponte Nuovo,45.5079,9.2335,20,450,75,3,1,2,0,0,1,0,1,0,0,0,0,0
124972473,Assente,"Affori, Bovisa",Affori,45.5147,9.1757,22,500,20,3,1,1,0,0,1,0,1,1,0,0,0,1
105532655,Assente,"Bicocca, Niguarda",Prato Centenaro,45.5112,9.1981,16,540,20,1,1,0.5,0,0,1,0,1,0,1,0,0,0
127652124,Centralizzato,"Affori, Bovisa",Affori,45.5192,9.169,23,500,15,1,1,5,1,1,0,0,0,1,0,0,0,1
126126201,Assente,"Affori, Bovisa",Bovisa,45.4997,9.1654,47,580,54,2,1,2,0,0,1,0,1,0,0,0,1,1
71519238,Assente,"Precotto, Turro",Villa San Giovanni,45.5171,9.2231,24,500,18,3,1,2,0,0,1,0,1,0,0,0,1,1
125157775,Assente,"Città Studi, Susa",Città Studi,45.4691,9.2303,19,400,70,3,1,0,0,0,0,0,1,0,0,0,0,0
126289567,Assente,"Ripamonti, Vigentino",Ripamonti - Fondazione Prada,45.438,9.1963,11,550,25,4,1,2,0,0,1,0,1,1,1,0,0,0
95969952,Centralizzato,"Centrale, Repubblica",Centrale,45.4844,9.2068,16,450,285,6,2,1,1,1,1,0,1,0,1,0,1,1
114850617,Assente,"Bicocca, Niguarda",Greco - Segnano,45.5021,9.2095,13,440,80,3,1,0,0,0,0,0,1,0,1,0,1,0
91123878,Assente,"Bicocca, Niguarda",Bignami - Ponale,45.5255,9.2103,13,530,18,2,1,4,0,0,1,0,1,1,0,0,1,0
127389103,Assente,"Precotto, Turro",Gorla,45.5046,9.2314,18,500,20,2,1,4,0,0,1,0,1,0,0,0,0,1
126251881,Assente,"Bicocca, Niguarda",Greco - Segnano,45.5031,9.2122,18,500,130,3,1,2,0,0,1,0,1,0,1,0,0,0
127524110,Centralizzato,"Cenisio, Sarpi, Isola",Farini,45.4962,9.1705,14,550,20,3,1,2,1,1,1,0,1,1,0,0,0,1
107119907,Assente,"Maggiolina, Istria",Cascina dei Pomi,45.4991,9.2104,17,450,72,3,1,0,0,0,1,0,1,0,1,0,1,0
124610209,Autonomo,"Affori, Bovisa",Quarto Oggiaro,45.5097,9.1313,20,550,16,1,2,1,0,1,0,0,0,0,0,0,0,0
124807325,Centralizzato,"Uptown, Cascina Merlata, Viale Certosa",Certosa,45.4952,9.1396,13,550,55,2,1,2,0,0,1,0,1,0,1,0,0,1
123946961,Assente,"Abbiategrasso, Chiesa Rossa",Chiesa Rossa,45.4247,9.1747,18,550,89,3,1,4,0,0,1,0,0,0,0,0,0,0
127541390,Autonomo,"Affori, Bovisa",Affori,45.5174,9.17351,41,520,55,3,1,3,1,0,0,0,0,0,0,1,0,0
127513790,Autonomo,"Bisceglie, Baggio, Olmi",Quarto Cagnino,45.4705,9.11182,25,460,166,6,2,4,0,0,0,0,0,0,0,0,0,0
127504492,Autonomo,"Corvetto, Rogoredo",Corvetto,45.4397,9.21399,32,490,70,3,1,3,1,0,0,0,0,0,0,0,0,0
127646636,Autonomo,"Abbiategrasso, Chiesa Rossa",Gratosoglio,45.4178,9.18037,39,450,138,6,3,4,0,0,0,0,0,0,0,0,0,0
127490112,Autonomo,"Solari, Washington",Frua,45.4651,9.14875,44,505,150,6,3,6,1,0,0,0,0,0,0,0,0,0
127414679,Autonomo,"Uptown, Cascina Merlata, Viale Certosa",Certosa,45.4946,9.14423,24,570,170,6,2,1,1,0,0,0,0,0,0,0,0,0
127646762,Autonomo,"Bande Nere, Inganni",Lorenteggio,45.4529,9.13928,18,565,64,4,1,1,1,0,0,0,0,0,0,0,0,0
127317475,Autonomo,"Napoli, Soderini",Tripoli - Soderini,45.4546,9.14808,26,575,115,4,1,3,1,0,0,0,0,0,0,0,0,0
127646744,Autonomo,"Affori, Bovisa",Dergano,45.4987,9.1815,46,540,213,6,3,1,1,0,0,0,0,0,0,0,0,0
127570116,Autonomo,"Bande Nere, Inganni",Lorenteggio,45.4526,9.1396,28,540,73,5,1,7,1,0,0,0,0,0,0,0,0,0
127513654,Autonomo,"Uptown, Cascina Merlata, Viale Certosa",Ghisolfa - Mac Mahon,45.4946,9.1629,19,465,105,4,1,2,1,0,0,0,0,0,0,0,0,0
127490786,Autonomo,"Napoli, Soderini",Tripoli - Soderini,45.4546,9.14808,21,560,86,4,1,2,1,0,0,0,0,0,0,0,0,0
127490278,Autonomo,"Bande Nere, Inganni",Gambara,45.4633,9.14358,24,580,89,4,1,2,1,0,0,0,0,0,0,0,0,0
127462570,Autonomo,"Abbiategrasso, Chiesa Rossa",Pezzotti - Meda,45.4419,9.17862,21,560,121,5,1,3,1,0,0,0,0,0,0,0,0,0
127541564,Autonomo,"Udine, Lambrate",Udine,45.4929,9.23929,13,560,168,6,2,3,0,0,0,0,0,0,0,0,0,0
127355513,Autonomo,"Precotto, Turro",Turro,45.5026,9.22137,15,500,121,6,2,4,0,0,0,0,0,0,0,0,0,0
127541868,Autonomo,"Udine, Lambrate",Udine,45.4929,9.23929,13,560,168,6,2,3,0,0,0,0,0,0,0,0,0,0
127414675,Autonomo,"Bande Nere, Inganni",Lorenteggio,45.4517,9.13993,30,580,64,4,1,7,1,0,0,0,0,0,0,0,0,0
127355383,Autonomo,"Bisceglie, Baggio, Olmi",Quarto Cagnino,45.4737,9.111,10,450,116,6,2,6,1,0,0,0,0,0,0,0,0,0
127303653,Autonomo,"Cenisio, Sarpi, Isola",Cenisio,45.4902,9.16746,14,560,161,6,3,1,0,0,0,0,0,0,0,0,0,0
127569848,Autonomo,"Cenisio, Sarpi, Isola",Isola,45.4904,9.19938,22,525,173,6,2,5,1,0,0,0,0,0,0,0,0,0
127513710,Autonomo,"Napoli, Soderini",Tripoli - Soderini,45.4545,9.14926,31,550,88,4,1,9,1,0,0,0,0,0,0,0,0,0
127462586,Autonomo,"Solari, Washington",Solari,45.4596,9.16704,28,545,127,5,2,2,1,0,0,0,0,0,0,0,0,0
127317257,Autonomo,"Quadronno, Palestro, Guastalla",Guastalla,45.463,9.20011,19,515,160,6,2,3,0,0,0,0,0,0,0,0,0,0
127303409,Autonomo,"Quadronno, Palestro, Guastalla",Quadronno - Crocetta,45.4542,9.1986,46,585,134,6,2,2,1,0,0,0,0,0,0,0,0,0
127108133,Autonomo,"Maggiolina, Istria",Maggiolina,45.4916,9.20302,19,500,123,6,2,2,0,0,1,0,0,0,0,0,0,0
127646618,Autonomo,"Fiera, Sempione, City Life, Portello",Monte Rosa - Lotto,45.4751,9.14503,22,555,166,6,2,2,0,0,0,0,0,0,0,0,0,0
127504634,Autonomo,"San Siro, Trenno",Gallaratese,45.4859,9.12613,26,585,15,6,2,1,0,0,0,0,0,0,0,0,0,0
127490118,Autonomo,"Corvetto, Rogoredo",Corvetto,45.4406,9.21247,15,450,15,4,2,2,0,0,0,0,0,0,0,0,0,0
127326205,Autonomo,"Solari, Washington",Vercelli - Wagner,45.4653,9.16221,29,550,15,4,2,2,1,0,0,0,0,0,0,0,0,0
127317415,Autonomo,"Cenisio, Sarpi, Isola",Zara,45.4917,9.19063,23,580,203,6,2,1,1,0,0,0,0,0,0,0,0,0
127602324,Autonomo,"Quadronno, Palestro, Guastalla",Palestro,45.477,9.19827,11,560,150,6,2,3,0,0,1,0,0,0,0,0,0,0
127569828,Autonomo,"Bande Nere, Inganni",Lorenteggio,45.4528,9.13806,31,460,68,4,1,1,1,0,0,0,0,0,0,0,0,0
127513842,Autonomo,"Cenisio, Sarpi, Isola",Zara,45.4956,9.18968,27,560,95,5,2,2,1,0,0,0,0,0,0,0,0,0
127462668,Autonomo,"Uptown, Cascina Merlata, Viale Certosa",Ghisolfa - Mac Mahon,45.4925,9.16275,32,490,250,6,3,1,0,0,0,0,0,0,0,0,0,0
127356099,Autonomo,"Uptown, Cascina Merlata, Viale Certosa",Ghisolfa - Mac Mahon,45.4925,9.16275,36,565,250,6,3,1,0,0,0,0,0,0,0,0,0,0
127326621,Autonomo,"Abbiategrasso, Chiesa Rossa",Pezzotti - Meda,45.4433,9.17651,22,525,94,5,1,7,1,0,0,0,0,0,0,0,0,0
113979899,Centralizzato,"Corvetto, Rogoredo",Corvetto,45.4398,9.22757,15,550,16,1,1,2,1,1,0,0,0,0,0,0,0,0
127570010,Autonomo,"Cenisio, Sarpi, Isola",Zara,45.4956,9.18968,18,585,73,4,1,3,1,0,0,0,0,0,0,0,0,0
127541406,Autonomo,"Bande Nere, Inganni",Gambara,45.4633,9.14358,26,465,91,5,1,2,1,0,0,0,0,0,0,0,0,0
127504580,Autonomo,"Uptown, Cascina Merlata, Viale Certosa",Certosa,45.4946,9.14423,17,540,81,5,1,3,1,0,0,0,0,0,0,0,0,0
127303961,Autonomo,Forlanini,Quartiere Forlanini,45.458,9.24363,20,580,101,6,3,1,0,0,0,0,0,0,0,0,0,0
127303537,Autonomo,Forlanini,Quartiere Forlanini,45.4585,9.25051,20,585,83,4,1,7,0,0,0,0,0,0,0,0,0,0
127602602,Autonomo,"Quadronno, Palestro, Guastalla",Palestro,45.477,9.19827,11,560,150,6,2,3,0,0,1,0,0,0,0,0,0,0
127570132,Autonomo,"Centrale, Repubblica",Repubblica,45.4795,9.19969,17,450,152,6,2,4,0,0,0,0,0,0,0,0,0,0
127415043,Autonomo,"Affori, Bovisa",Dergano,45.4987,9.1815,46,540,213,6,3,1,1,0,0,0,0,0,0,0,0,0
127414543,Autonomo,"Fiera, Sempione, City Life, Portello",Monte Rosa - Lotto,45.475,9.14489,11,535,138,6,2,2,0,0,0,0,0,0,0,0,0,0
127317453,Autonomo,"Bande Nere, Inganni",Lorenteggio,45.453,9.14127,27,450,130,6,2,1,0,0,0,0,0,0,0,0,0,0
127232219,Autonomo,"Bande Nere, Inganni",Lorenteggio,45.453,9.13854,17,500,87,4,1,1,1,0,0,0,0,0,0,0,0,0
127646638,Autonomo,"San Siro, Trenno",San Siro,45.4697,9.14128,16,540,119,5,2,1,0,0,1,0,0,0,0,0,0,0
127504458,Autonomo,"Maggiolina, Istria",Maggiolina,45.496,9.20628,20,455,161,6,3,9,1,0,0,0,0,0,0,0,0,0
127275035,Autonomo,"Bande Nere, Inganni",Bande Nere,45.4609,9.13529,22,550,15,6,2,2,0,0,0,0,0,0,0,0,0,0
127415045,Autonomo,"Cenisio, Sarpi, Isola",Cenisio,45.4902,9.16746,12,580,161,6,3,1,0,0,0,0,0,0,0,0,0,0
127326327,Autonomo,"Uptown, Cascina Merlata, Viale Certosa",Musocco,45.5036,9.12875,20,580,82,4,1,1,0,0,0,0,0,0,0,0,0,0
127602590,Autonomo,"Fiera, Sempione, City Life, Portello",Amendola - Buonarroti,45.4702,9.14972,11,540,166,6,3,1,1,0,0,0,0,0,0,0,0,0
127541544,Autonomo,"Precotto, Turro",Villa San Giovanni,45.5189,9.2214,18,470,151,6,2,1,0,0,0,0,0,0,0,0,0,0
127541424,Autonomo,"Centrale, Repubblica",Buenos Aires,45.4785,9.20327,32,545,239,6,3,7,1,0,0,0,0,0,0,0,0,0
127490478,Autonomo,"Abbiategrasso, Chiesa Rossa",Gratosoglio,45.416,9.17529,27,500,15,5,2,1,0,0,0,0,0,0,0,0,0,0
127462594,Autonomo,"Centrale, Repubblica",Centrale,45.486,9.20777,32,475,115,6,3,4,1,0,0,0,0,0,0,0,0,0
127462566,Autonomo,"Fiera, Sempione, City Life, Portello",Monte Rosa - Lotto,45.475,9.14489,14,555,138,6,2,2,0,0,0,0,0,0,0,0,0,0
127355469,Autonomo,"Maggiolina, Istria",Maggiolina,45.4915,9.19756,40,580,15,6,3,1,1,0,0,0,0,0,0,0,0,0
127326173,Autonomo,"Solari, Washington",Frua,45.4653,9.14888,41,530,156,6,3,1,1,0,0,0,0,0,0,0,0,0
127303583,Autonomo,"Bande Nere, Inganni",Lorenteggio,45.4528,9.13806,28,585,64,4,1,1,1,0,0,0,0,0,0,0,0,0
127541416,Autonomo,"Fiera, Sempione, City Life, Portello",Monte Rosa - Lotto,45.475,9.14489,10,560,138,6,2,2,0,0,0,0,0,0,0,0,0,0
127326171,Autonomo,"Corvetto, Rogoredo",Corvetto,45.4371,9.21564,35,580,151,6,3,3,1,0,0,0,0,0,0,0,0,0
127303637,Autonomo,"Maggiolina, Istria",Maggiolina,45.4915,9.19756,26,570,15,6,3,1,1,0,0,0,0,0,0,0,0,0
127570486,Autonomo,"Bande Nere, Inganni",Bande Nere,45.4609,9.13529,27,550,15,6,2,2,0,0,0,0,0,0,0,0,0,0
127541576,Autonomo,"Maggiolina, Istria",Maggiolina,45.4915,9.19756,24,570,15,6,3,1,1,0,0,0,0,0,0,0,0,0
127490456,Autonomo,"Cenisio, Sarpi, Isola",Cenisio,45.4902,9.16746,16,580,161,6,3,1,0,0,0,0,0,0,0,0,0,0
127415069,Autonomo,"Cenisio, Sarpi, Isola",Zara,45.4956,9.18968,27,560,95,5,2,2,1,0,0,0,0,0,0,0,0,0
127385165,Autonomo,"Centrale, Repubblica",Repubblica,45.4793,9.20206,10,455,15,3,1,2,0,0,0,0,0,0,0,0,0,0
127385143,Autonomo,"Centrale, Repubblica",Repubblica,45.4795,9.19969,18,460,152,6,2,4,0,0,1,0,0,0,0,0,0,0
127326325,Autonomo,"Uptown, Cascina Merlata, Viale Certosa",Musocco,45.5036,9.12875,21,585,82,4,1,1,0,0,0,0,0,0,0,0,0,0
127541414,Autonomo,"Bande Nere, Inganni",Gambara,45.4623,9.14434,20,510,77,5,1,2,0,0,0,0,0,0,0,0,0,0
127326285,Autonomo,"Napoli, Soderini",Tripoli - Soderini,45.4545,9.14926,45,540,209,6,3,7,1,0,0,0,0,0,0,0,0,0
127317427,Autonomo,"Solari, Washington",Dezza,45.4591,9.15941,19,560,91,5,2,3,0,0,0,0,0,0,0,0,0,0
127317267,Autonomo,"Affori, Bovisa",Bovisa,45.5015,9.16316,14,570,55,4,1,1,0,0,0,0,0,0,0,0,0,0
127385127,Autonomo,"Bicocca, Niguarda",Greco - Segnano,45.5029,9.21219,25,470,72,6,3,1,0,0,0,0,0,0,0,0,0,0
127094283,Autonomo,"Bande Nere, Inganni",Lorenteggio,45.4527,9.13854,30,585,65,4,1,1,1,0,0,0,0,0,0,0,0,0
127490794,Autonomo,"Uptown, Cascina Merlata, Viale Certosa",Ghisolfa - Mac Mahon,45.4895,9.15383,36,540,127,6,2,7,1,0,0,0,0,0,0,0,0,0
127414709,Autonomo,"Uptown, Cascina Merlata, Viale Certosa",Certosa,45.4946,9.14423,31,580,193,6,2,2,1,0,0,0,0,0,0,0,0,0
127355551,Autonomo,"Corvetto, Rogoredo",Corvetto,45.4371,9.21564,35,580,151,6,3,4,1,0,0,0,0,0,0,0,0,0
127326177,Autonomo,"Porta Vittoria, Lodi",Lodi - Brenta,45.4435,9.21768,21,490,15,5,2,2,0,0,0,0,0,0,0,0,0,0
127317467,Autonomo,"Bande Nere, Inganni",Lorenteggio,45.4528,9.13806,30,550,64,4,1,1,1,0,0,0,0,0,0,0,0,0
127317447,Autonomo,"Bande Nere, Inganni",Gambara,45.462,9.14273,15,565,113,6,2,1,0,0,0,0,0,0,0,0,0,0
127570182,Autonomo,"Ripamonti, Vigentino",Ripamonti - Fondazione Prada,45.438,9.19591,25,500,15,5,2,1,0,0,0,0,0,0,0,0,0,0
127541506,Autonomo,"Famagosta, Barona",Tre Castelli - Faenza,45.4418,9.14022,33,545,178,6,4,4,0,0,0,0,0,0,0,0,0,0
127504564,Autonomo,"Bicocca, Niguarda",Ca' Granda,45.5074,9.19424,21,535,90,6,2,1,0,0,0,0,0,0,0,0,0,0
127415053,Autonomo,"Uptown, Cascina Merlata, Viale Certosa",Certosa,45.4945,9.14426,14,575,285,6,3,1,1,0,0,0,0,0,0,0,0,0
127317445,Autonomo,"San Siro, Trenno",Gallaratese,45.4859,9.12613,24,585,15,6,2,1,0,0,0,0,0,0,0,0,0,0
127646708,Autonomo,"Affori, Bovisa",Affori,45.5201,9.17055,24,580,74,4,1,1,1,0,0,0,0,0,0,0,0,0
127602274,Autonomo,"San Siro, Trenno",Gallaratese,45.4944,9.12694,22,585,79,5,2,2,0,0,0,0,0,0,0,0,0,0
127513776,Autonomo,"Solari, Washington",Dezza,45.4591,9.15941,12,570,242,6,3,2,0,0,0,0,0,0,0,0,0,0
127504586,Autonomo,"Quadronno, Palestro, Guastalla",Quadronno - Crocetta,45.4555,9.20183,11,570,164,6,2,5,0,0,1,0,0,0,0,0,0,0
127504462,Autonomo,"Porta Venezia, Indipendenza",Porta Venezia,45.4773,9.20508,16,515,174,6,3,4,1,0,0,0,0,0,0,0,0,0
127462842,Autonomo,"Abbiategrasso, Chiesa Rossa",Chiesa Rossa,45.4218,9.1802,28,525,15,5,2,1,0,0,0,0,0,0,0,0,0,0
127355401,Autonomo,"Maggiolina, Istria",Maggiolina,45.4915,9.19756,24,535,15,6,3,2,1,0,0,0,0,0,0,0,0,0
127490656,Autonomo,"Cenisio, Sarpi, Isola",Zara,45.4917,9.19063,28,545,210,6,2,1,1,0,0,0,0,0,0,0,0,0
127647024,Autonomo,"Bande Nere, Inganni",Lorenteggio,45.4541,9.13848,21,530,70,4,1,1,1,0,0,0,0,0,0,0,0,0
127570178,Autonomo,"Centrale, Repubblica",Repubblica,45.4795,9.19969,18,460,152,6,2,4,0,0,1,0,0,0,0,0,0,0
127513766,Autonomo,"Bande Nere, Inganni",Lorenteggio,45.4543,9.13826,26,515,74,4,1,1,1,0,0,0,0,0,0,0,0,0
127490480,Autonomo,"Precotto, Turro",Turro,45.5034,9.22352,19,505,65,4,1,7,0,0,0,0,0,0,0,0,0,0
127462574,Autonomo,"Maggiolina, Istria",Maggiolina,45.4963,9.20541,57,505,146,6,2,7,0,0,0,0,0,0,0,0,0,0
127355399,Autonomo,"Uptown, Cascina Merlata, Viale Certosa",Ghisolfa - Mac Mahon,45.4946,9.1629,20,460,105,4,1,2,1,0,0,0,0,0,0,0,0,0
127303549,Autonomo,"Udine, Lambrate",Udine,45.4929,9.23929,12,480,168,6,2,3,0,0,0,0,0,0,0,0,0,0
127275081,Autonomo,"Precotto, Turro",Villa San Giovanni,45.5172,9.22341,21,490,75,4,1,5,0,0,0,0,0,0,0,0,0,0
127602256,Autonomo,"Bande Nere, Inganni",Lorenteggio,45.453,9.14127,28,520,130,6,2,1,0,0,0,0,0,0,0,0,0,0
127504584,Autonomo,"Precotto, Turro",Turro,45.5026,9.22137,15,480,121,6,2,4,0,0,1,0,0,0,0,0,0,0
127463064,Autonomo,"Solari, Washington",Vercelli - Wagner,45.4674,9.15891,17,470,175,6,2,7,0,0,0,0,0,0,0,0,0,0
127462832,Autonomo,"Solari, Washington",Vercelli - Wagner,45.4674,9.15891,17,470,175,6,2,7,0,0,0,0,0,0,0,0,0,0
127326373,Autonomo,"Bande Nere, Inganni",Bande Nere,45.4594,9.13161,17,540,203,6,3,2,0,0,0,0,0,0,0,0,0,0
127490650,Autonomo,"Maggiolina, Istria",Maggiolina,45.4923,9.20318,35,445,173,6,3,3,1,0,0,0,0,0,0,0,0,0
127602200,Autonomo,Forlanini,Quartiere Forlanini,45.4556,9.24846,25,450,140,6,2,3,1,0,0,0,0,0,0,0,0,0
127504680,Autonomo,"Abbiategrasso, Chiesa Rossa",Gratosoglio,45.4207,9.17673,35,500,15,5,2,1,0,0,0,0,0,0,0,0,0,0
127504616,Autonomo,"Solari, Washington",Dezza,45.4591,9.15941,12,580,242,6,3,2,0,0,0,0,0,0,0,0,0,0
127462802,Autonomo,"Maggiolina, Istria",Maggiolina,45.4915,9.19756,47,580,15,6,3,1,1,0,0,0,0,0,0,0,0,0
127414757,Autonomo,"Uptown, Cascina Merlata, Viale Certosa",Certosa,45.4945,9.14426,14,575,285,6,3,1,1,0,0,0,0,0,0,0,0,0
127414575,Autonomo,"Città Studi, Susa",Città Studi,45.4753,9.22085,26,495,15,6,2,1,1,0,0,0,0,0,0,0,0,0
127326379,Autonomo,"Bande Nere, Inganni",Lorenteggio,45.4517,9.13993,27,565,64,4,1,7,1,0,0,0,0,0,0,0,0,0
127317561,Autonomo,"Pasteur, Rovereto",Pasteur,45.4911,9.21563,31,565,126,5,1,2,1,0,0,0,0,0,0,0,0,0
127317309,Autonomo,"San Siro, Trenno",San Siro,45.4687,9.14515,36,520,161,5,2,2,1,0,0,0,0,0,0,0,0,0
127602592,Autonomo,"Ripamonti, Vigentino",Ripamonti - Fondazione Prada,45.4425,9.18863,49,545,445,6,4,1,0,0,0,0,0,0,0,0,0,0
127646778,Autonomo,"Bande Nere, Inganni",Lorenteggio,45.4542,9.13777,32,585,65,4,1,1,1,0,0,0,0,0,0,0,0,0
127602352,Autonomo,"Bande Nere, Inganni",Lorenteggio,45.453,9.14127,25,490,130,6,2,1,0,0,0,0,0,0,0,0,0,0
127355385,Autonomo,"Solari, Washington",Frua,45.4651,9.14875,44,520,150,6,3,6,1,0,0,0,0,0,0,0,0,0
127274965,Autonomo,"Corvetto, Rogoredo",Corvetto,45.4397,9.21392,17,525,51,3,1,2,1,0,0,0,0,0,0,0,0,0
127647002,Autonomo,"Abbiategrasso, Chiesa Rossa",Gratosoglio,45.4178,9.18037,39,450,138,6,3,4,0,0,0,0,0,0,0,0,0,0
127490474,Autonomo,"Abbiategrasso, Chiesa Rossa",Gratosoglio,45.4207,9.17673,35,500,15,5,2,1,0,0,0,0,0,0,0,0,0,0
127355397,Autonomo,"Maggiolina, Istria",Maggiolina,45.4958,9.20232,57,450,141,6,2,8,1,0,0,0,0,0,0,0,0,0
127317289,Autonomo,"Uptown, Cascina Merlata, Viale Certosa",Certosa,45.4945,9.14426,13,450,143,6,2,4,1,0,0,0,0,0,0,0,0,0
127303643,Autonomo,"Bande Nere, Inganni",Gambara,45.4628,9.14359,14,540,64,4,1,1,1,0,0,0,0,0,0,0,0,0
127303399,Autonomo,"Uptown, Cascina Merlata, Viale Certosa",Ghisolfa - Mac Mahon,45.4895,9.15383,41,530,127,6,2,7,1,0,0,0,0,0,0,0,0,0
127570102,Autonomo,"Solari, Washington",Dezza,45.46,9.1589,13,570,150,6,2,4,0,0,1,0,0,0,0,0,0,0
127414843,Autonomo,"Bande Nere, Inganni",Lorenteggio,45.4521,9.1396,14,525,70,5,1,7,1,0,0,0,0,0,0,0,0,0
127384573,Autonomo,"Corvetto, Rogoredo",Corvetto,45.4366,9.22606,35,555,106,5,2,1,0,0,0,0,0,0,0,0,0,0
127384549,Autonomo,"Uptown, Cascina Merlata, Viale Certosa",Certosa,45.4946,9.14423,31,530,193,6,2,2,1,0,0,0,0,0,0,0,0,0
127326409,Autonomo,"Uptown, Cascina Merlata, Viale Certosa",Certosa,45.4972,9.15326,14,585,78,4,1,1,0,0,0,0,0,0,0,1,0,0
127326283,Autonomo,"Napoli, Soderini",Tripoli - Soderini,45.4546,9.14808,29,550,127,5,1,5,1,0,0,0,0,0,0,0,0,0
127570122,Autonomo,"Cenisio, Sarpi, Isola",Zara,45.4956,9.18968,27,560,95,5,2,2,1,0,0,0,0,0,0,0,0,0
127504556,Autonomo,"Bande Nere, Inganni",Lorenteggio,45.4519,9.1395,23,565,67,4,1,4,1,0,0,0,0,0,0,0,0,0
127490470,Autonomo,"Famagosta, Barona",Barona,45.4421,9.154,15,475,70,5,2,1,0,0,0,0,0,0,0,0,0,0
127462824,Autonomo,"Maggiolina, Istria",Maggiolina,45.4915,9.19756,32,555,15,6,3,1,1,0,0,0,0,0,0,0,0,0
127384729,Autonomo,"Uptown, Cascina Merlata, Viale Certosa",Ghisolfa - Mac Mahon,45.4925,9.16275,36,575,250,6,3,1,0,0,0,0,0,0,0,0,0,0
127384383,Autonomo,Centro,Missori,45.4577,9.19115,15,520,184,6,3,1,0,0,0,0,0,0,0,0,0,0
127317399,Autonomo,"Bande Nere, Inganni",Inganni,45.4565,9.11907,38,460,66,4,1,4,0,0,0,0,0,0,0,0,0,0
127275199,Autonomo,"Uptown, Cascina Merlata, Viale Certosa",Ghisolfa - Mac Mahon,45.4925,9.16275,36,575,250,6,3,1,0,0,0,0,0,0,0,0,0,0
127602204,Autonomo,"Porta Romana, Cadore, Montenero",Montenero,45.4572,9.20484,24,565,200,6,3,3,1,0,0,0,0,0,0,0,0,0
127513762,Autonomo,"Bisceglie, Baggio, Olmi",Quarto Cagnino,45.4707,9.11149,27,490,150,6,1,7,0,0,0,0,0,0,0,0,0,0
127504532,Autonomo,Forlanini,Quartiere Forlanini,45.458,9.24363,20,580,101,6,3,1,0,0,0,0,0,0,0,0,0,0
127414699,Autonomo,"Bisceglie, Baggio, Olmi",Bisceglie,45.4564,9.11347,24,580,111,5,2,6,1,0,0,0,0,0,0,0,0,0
127275041,Autonomo,"Maggiolina, Istria",Cascina dei Pomi,45.4976,9.21294,19,450,66,3,1,1,0,0,0,0,0,0,0,0,0,0
127646666,Autonomo,"Abbiategrasso, Chiesa Rossa",Gratosoglio,45.4082,9.17411,35,450,15,5,2,1,0,0,0,0,0,0,0,0,0,0
127504550,Autonomo,"Cenisio, Sarpi, Isola",Cenisio,45.4902,9.16746,15,580,161,6,3,1,0,0,0,0,0,0,0,0,0,0
127490390,Autonomo,"Uptown, Cascina Merlata, Viale Certosa",Certosa,45.4946,9.14423,23,575,170,6,2,1,1,0,0,0,0,0,0,0,0,0
127356439,Autonomo,"Uptown, Cascina Merlata, Viale Certosa",Ghisolfa - Mac Mahon,45.4925,9.16275,36,535,250,6,3,1,0,0,0,0,0,0,0,0,0,0
127602622,Autonomo,"Uptown, Cascina Merlata, Viale Certosa",Certosa,45.4946,9.14423,42,580,150,6,2,4,1,0,0,0,0,0,0,0,0,0
127570050,Autonomo,"Abbiategrasso, Chiesa Rossa",Chiesa Rossa,45.4326,9.18433,30,580,15,6,3,7,0,0,0,0,0,0,0,0,0,0
127569824,Autonomo,"Solari, Washington",Frua,45.4653,9.14888,43,500,148,6,3,8,1,0,0,0,0,0,0,0,0,0
127490330,Autonomo,"Bande Nere, Inganni",Gambara,45.4623,9.14434,30,555,74,4,1,2,0,0,0,0,0,0,0,0,0,0
127303695,Autonomo,"Abbiategrasso, Chiesa Rossa",Gratosoglio,45.4082,9.17411,35,450,15,5,2,1,0,0,0,0,0,0,0,0,0,0
127201243,Autonomo,"Napoli, Soderini",Tripoli - Soderini,45.4546,9.14808,26,575,115,4,1,3,1,0,0,0,0,0,0,0,0,0
127201231,Autonomo,"Bisceglie, Baggio, Olmi",Quarto Cagnino,45.4705,9.11182,25,460,166,6,2,4,0,0,0,0,0,0,0,0,0,0
127602262,Autonomo,"Bande Nere, Inganni",Lorenteggio,45.4529,9.13928,29,565,74,4,1,3,1,0,0,0,0,0,0,0,0,0
127504596,Autonomo,"Quadronno, Palestro, Guastalla",Quadronno - Crocetta,45.4555,9.20183,15,570,112,5,2,3,0,0,0,0,0,0,0,0,0,0
127414691,Autonomo,"Centrale, Repubblica",Centrale,45.4905,9.20393,16,575,171,6,2,3,0,0,1,0,0,0,0,0,0,0
127317311,Autonomo,"Centrale, Repubblica",Centrale,45.486,9.20777,32,470,115,6,3,4,1,0,0,0,0,0,0,0,0,0
127414837,Autonomo,"Abbiategrasso, Chiesa Rossa",Gratosoglio,45.4207,9.17673,35,495,15,5,2,1,0,0,0,0,0,0,0,0,0,0
127274957,Autonomo,"Fiera, Sempione, City Life, Portello",Monte Rosa - Lotto,45.4751,9.14503,27,555,166,6,2,2,0,0,0,0,0,0,0,0,0,0
127169291,Autonomo,"Quadronno, Palestro, Guastalla",Guastalla,45.463,9.20011,19,515,160,6,2,3,0,0,0,0,0,0,0,0,0,0
127602206,Autonomo,"Cenisio, Sarpi, Isola",Zara,45.4956,9.18968,20,545,51,3,1,1,1,0,0,0,0,0,0,0,0,0
127570066,Autonomo,"Uptown, Cascina Merlata, Viale Certosa",Ghisolfa - Mac Mahon,45.4925,9.16275,36,500,250,6,3,1,0,0,0,0,0,0,0,0,0,0
127415057,Autonomo,"Udine, Lambrate",Udine,45.4929,9.23929,13,540,178,6,3,2,0,0,0,0,0,0,0,0,0,0
127232165,Autonomo,"Maggiolina, Istria",Maggiolina,45.4915,9.19756,24,535,15,6,3,2,1,0,0,0,0,0,0,0,0,0
127385141,Autonomo,"Cenisio, Sarpi, Isola",Cenisio,45.4902,9.16746,16,580,161,6,3,1,0,0,0,0,0,0,0,0,0,0
127541528,Autonomo,"Abbiategrasso, Chiesa Rossa",Chiesa Rossa,45.427,9.17859,25,580,110,5,2,6,1,0,0,0,0,0,0,0,0,0
127414839,Autonomo,"Abbiategrasso, Chiesa Rossa",Chiesa Rossa,45.4218,9.1802,28,520,15,5,2,1,0,0,0,0,0,0,0,0,0,0
127504846,Autonomo,"Centrale, Repubblica",Repubblica,45.477,9.20046,20,450,150,6,2,3,0,0,1,0,0,0,0,0,0,0
127602360,Autonomo,"Bande Nere, Inganni",Lorenteggio,45.4526,9.1396,28,470,73,5,1,7,1,0,0,0,0,0,0,0,0,0
127570096,Autonomo,"Bande Nere, Inganni",Bande Nere,45.4609,9.13529,27,550,15,6,2,2,0,0,0,0,0,0,0,0,0,0
127356453,Autonomo,"Uptown, Cascina Merlata, Viale Certosa",Ghisolfa - Mac Mahon,45.4925,9.16275,36,565,250,6,3,1,0,0,0,0,0,0,0,0,0,0
127355445,Autonomo,"Centrale, Repubblica",Buenos Aires,45.4836,9.21537,23,505,178,6,3,1,0,0,0,0,0,0,0,1,0,0
127541874,Autonomo,"Maggiolina, Istria",Maggiolina,45.4915,9.19756,24,570,15,6,3,1,1,0,0,0,0,0,0,0,0,0
127462758,Autonomo,"Città Studi, Susa",Plebisciti - Susa,45.4644,9.2177,18,550,120,6,2,4,0,0,1,0,0,0,0,0,0,0
127355487,Autonomo,"Precotto, Turro",Villa San Giovanni,45.5189,9.2214,19,450,304,6,3,1,0,0,0,0,0,0,0,0,0,0
127303443,Autonomo,"Centrale, Repubblica",Buenos Aires,45.4785,9.20327,29,570,239,6,3,7,1,0,0,0,0,0,0,0,0,0
127541866,Autonomo,"Precotto, Turro",Villa San Giovanni,45.5189,9.2214,18,465,151,6,2,1,0,0,0,0,0,0,0,0,0,0
127569740,Autonomo,"San Siro, Trenno",Gallaratese,45.4969,9.11996,15,475,90,5,2,1,0,0,0,0,0,0,0,0,0,0
127569836,Autonomo,"Affori, Bovisa",Affori,45.514,9.17377,20,515,120,6,2,6,1,0,0,0,0,0,0,0,0,0
127326305,Autonomo,"Solari, Washington",Frua,45.4634,9.14844,15,530,141,6,2,1,0,0,1,0,0,0,0,0,0,0
127141337,Autonomo,"Bande Nere, Inganni",Lorenteggio,45.4528,9.13806,28,585,64,4,1,1,1,0,0,0,0,0,0,0,0,0
127602250,Autonomo,"Bande Nere, Inganni",Gambara,45.462,9.14273,14,560,113,6,2,1,0,0,0,0,0,0,0,0,0,0
127232177,Autonomo,"Bande Nere, Inganni",Lorenteggio,45.4519,9.1395,23,565,67,4,1,4,1,0,0,0,0,0,0,0,0,0
127201233,Autonomo,"Arco della Pace, Arena, Pagano",Arco della Pace,45.476,9.16798,48,585,287,6,3,2,1,0,0,0,0,0,0,0,0,0
123900777,Assente,"Affori, Bovisa",Bovisa,45.5034,9.1635,4,500,65,3,1,1,0,0,1,0,1,0,0,0,0,0
127442198,Centralizzato,"Affori, Bovisa",Bovisa,45.5015,9.16651,9,500,15,1,1,3,1,1,0,0,0,0,0,0,0,0
125857705,Assente,"Città Studi, Susa",Città Studi,45.4825,9.21888,19,450,120,1,3,4,0,0,0,0,0,0,0,0,0,0
76319850,Centralizzato,"Città Studi, Susa",Città Studi,45.4824,9.23413,9,420,15,6,2,5,0,1,1,1,1,0,0,0,0,0
127275111,Autonomo,"Abbiategrasso, Chiesa Rossa",Gratosoglio,45.416,9.17529,35,525,15,5,2,1,0,0,0,0,0,0,0,0,0,0
127326261,Autonomo,"Bande Nere, Inganni",Lorenteggio,45.4544,9.14018,9,500,63,4,1,1,0,0,0,0,0,0,0,0,0,0
127414489,Autonomo,"Bisceglie, Baggio, Olmi",Quarto Cagnino,45.4726,9.11261,9,520,130,6,2,7,0,0,0,0,0,0,0,0,0,0
127602290,Autonomo,"Bande Nere, Inganni",Bande Nere,45.4628,9.13388,9,575,120,6,2,7,1,0,0,0,0,0,0,0,0,0
127355387,Autonomo,"Pasteur, Rovereto",Pasteur,45.4874,9.21404,9,455,15,6,2,4,0,0,0,0,0,0,0,0,0,0
127384363,Autonomo,"Bande Nere, Inganni",Gambara,45.4623,9.14434,22,510,94,5,1,3,0,0,0,0,0,0,0,0,0,0
127544124,Centralizzato,"Solari, Washington",Frua,45.4664,9.15116,19,570,18,2,1,2,0,0,1,1,1,0,1,0,0,0
127569994,Assente,"Precotto, Turro",Precotto,45.5121,9.21805,12,570,100,5,2,1,0,0,0,0,0,0,0,0,0,0
127275073,Assente,"Pasteur, Rovereto",Rovereto,45.4937,9.21395,18,550,80,4,1,7,0,0,0,0,0,0,0,0,0,0
127541626,Assente,"Bicocca, Niguarda",Bruzzano,45.5299,9.17086,10,500,104,5,2,1,0,0,0,0,0,0,0,0,0,0
127646652,Assente,"Precotto, Turro",Precotto,45.5121,9.21805,12,570,100,5,2,1,0,0,0,0,0,0,0,0,0,0
127462900,Assente,"Famagosta, Barona",Giambellino,45.4463,9.12588,12,450,77,2,1,1,0,0,0,0,0,0,0,0,0,0
127462828,Assente,"San Siro, Trenno",Gallaratese,45.4978,9.10615,36,500,90,4,1,8,0,0,0,0,0,0,0,0,0,0
127504402,Assente,"Pasteur, Rovereto",Rovereto,45.4937,9.21395,18,550,80,4,1,7,0,0,0,0,0,0,0,0,0,0
127492390,Assente,"Abbiategrasso, Chiesa Rossa",Gratosoglio,45.4179,9.1745,20,520,120,4,2,2,0,0,1,0,1,0,0,0,0,1
127602374,Autonomo,"San Siro, Trenno",San Siro,45.4777,9.14164,8,540,15,6,3,1,0,0,0,0,0,0,0,0,0,0
127326125,Assente,"San Siro, Trenno",Gallaratese,45.4978,9.10615,34,480,90,4,1,8,0,0,0,0,0,0,0,0,0,0
127462628,Assente,"Precotto, Turro",Precotto,45.5121,9.21805,12,570,100,5,2,1,0,0,0,0,0,0,0,0,0,0
127427432,Centralizzato,"Fiera, Sempione, City Life, Portello",Monte Rosa - Lotto,45.4737,9.1441,5,580,75,3,1,1,1,1,1,0,0,0,0,0,0,0
127355331,Assente,"Porta Venezia, Indipendenza",Piave - Tricolore,45.4658,9.20753,18,450,70,3,1,1,0,0,0,0,0,0,0,0,0,0
127646668,Assente,"Bicocca, Niguarda",Bignami - Ponale,45.522,9.20583,12,550,15,1,1,1,0,0,0,0,0,0,0,0,0,0
127317227,Assente,"San Siro, Trenno",Gallaratese,45.4978,9.10615,35,520,90,4,1,8,0,0,0,0,0,0,0,0,0,0
127384567,Autonomo,"Famagosta, Barona",Tre Castelli - Faenza,45.442,9.13738,8,580,100,4,2,3,0,0,0,0,0,0,0,0,0,0
127602234,Assente,"Precotto, Turro",Precotto,45.5121,9.21805,11,570,100,5,2,1,0,0,0,0,0,0,0,0,0,0
127317307,Autonomo,"Maggiolina, Istria",Maggiolina,45.4966,9.20335,8,455,15,5,2,1,1,0,0,0,0,0,0,0,0,0
127326309,Assente,"Pasteur, Rovereto",Rovereto,45.4937,9.21395,17,450,80,4,1,7,0,0,0,0,0,0,0,0,0,0
127462840,Autonomo,"Abbiategrasso, Chiesa Rossa",Gratosoglio,45.4207,9.17673,37,500,15,5,2,1,0,0,0,0,0,0,0,0,0,0
127513780,Autonomo,"San Siro, Trenno",San Siro,45.4777,9.14164,8,540,15,6,3,1,0,0,0,0,0,0,0,0,0,0
127195459,Assente,"Città Studi, Susa",Argonne - Corsica,45.4655,9.2293,35,520,12,6,2,1,0,0,1,0,1,1,1,0,0,1
127646634,Autonomo,"San Siro, Trenno",San Siro,45.4777,9.14164,7,525,15,6,3,1,0,0,0,0,0,0,0,0,0,0
127282215,Assente,"Centrale, Repubblica",Centrale,45.4864,9.2117,9,450,15,3,1,7,0,0,0,0,1,0,1,0,0,1
127355475,Autonomo,"Pasteur, Rovereto",Rovereto,45.4946,9.21499,7,540,15,6,2,2,0,0,0,0,0,0,0,0,0,0
127490282,Autonomo,"Uptown, Cascina Merlata, Viale Certosa",Certosa,45.4945,9.14426,7,565,70,4,1,1,1,0,0,0,0,0,0,0,0,0
127569840,Autonomo,"Napoli, Soderini",Tripoli - Soderini,45.4546,9.14808,7,450,127,5,1,3,1,0,0,0,0,0,0,0,0,0
127384405,Autonomo,"Bisceglie, Baggio, Olmi",Quarto Cagnino,45.4737,9.111,7,450,116,6,2,6,1,0,0,0,0,0,0,0,0,0
127317323,Autonomo,"Porta Vittoria, Lodi",Lodi - Brenta,45.4448,9.22149,7,505,123,5,2,4,0,0,0,0,0,0,0,0,0,0
127355425,Assente,"San Siro, Trenno",San Siro,45.4682,9.1435,17,500,65,3,1,1,0,0,0,0,0,0,0,0,0,0
127303481,Assente,"San Siro, Trenno",San Siro,45.4678,9.14547,9,570,155,6,3,2,0,0,0,0,0,0,0,0,0,0
126744187,Assente,Navigli,Navigli - Darsena,45.4519,9.1633,7,410,NA,3,1,2,0,0,0,1,0,0,0,0,0,0
126461167,Centralizzato,"Cimiano, Crescenzago, Adriano",Crescenzago,45.5051,9.24664,15,550,18,1,NA,1,1,1,1,0,0,0,0,0,0,0
119318573,Assente,"Affori, Bovisa",Bovisa,45.4996,9.1687,4,550,100,4,1,1,0,0,0,0,1,0,0,1,0,0
126101851,Centralizzato,"Bicocca, Niguarda",Bignami - Ponale,45.5236,9.21415,10,400,25,4,1,2,0,0,0,0,0,1,0,0,0,0
127317329,Autonomo,"Uptown, Cascina Merlata, Viale Certosa",Certosa,45.4945,9.14426,6,505,40,2,1,1,1,0,0,0,0,0,0,0,0,0
127275067,Assente,"San Siro, Trenno",San Siro,45.4678,9.14547,8,550,155,6,3,2,0,0,0,0,0,0,0,0,0,0
127513804,Autonomo,"Famagosta, Barona",Giambellino,45.4501,9.14046,6,470,68,4,1,5,0,0,1,0,0,0,0,0,0,0
127569826,Autonomo,"Fiera, Sempione, City Life, Portello",Monte Rosa - Lotto,45.4751,9.14503,21,540,166,6,2,2,0,0,0,0,0,0,0,0,0,0
126917109,Autonomo,"Affori, Bovisa",Dergano,45.5023,9.1706,1,585,60,3,1,1,0,0,0,0,0,0,0,0,0,0
126951129,Centralizzato,"Bicocca, Niguarda",Bicocca,45.5085,9.20219,10,570,60,2,1,4,0,0,1,1,1,0,1,0,1,0
127355409,Autonomo,"Maggiolina, Istria",Maggiolina,45.4962,9.20583,6,455,15,5,2,5,1,0,0,0,0,0,0,0,0,0
127653498,Assente,"Famagosta, Barona",Famagosta,45.4371,9.1623,8,500,65,2,1,2,0,0,0,0,1,0,0,0,0,1
124982467,Assente,"Affori, Bovisa",Bovisa,45.4996,9.1687,12,500,15,3,1,3,0,0,1,0,1,0,0,0,0,0
125685031,Centralizzato,"Precotto, Turro",Gorla,45.5053,9.2237,10,400,20,1,1,NA,NA,1,0,0,0,0,0,0,0,0
126035601,Centralizzato,"Abbiategrasso, Chiesa Rossa",Cermenate - Abbiategrasso,45.4349,9.1771,10,480,20,1,1,NA,NA,1,0,0,0,0,0,0,0,0
127530942,Assente,"Uptown, Cascina Merlata, Viale Certosa",Certosa,45.4946,9.1537,13,390,15,1,1,1,0,0,0,0,1,0,1,0,0,0
124478577,Assente,"Abbiategrasso, Chiesa Rossa",Chiesa Rossa,45.4265,9.1761,28,550,60,2,1,1,0,0,1,0,1,0,0,0,0,0
110065787,Assente,"Maggiolina, Istria",Cascina dei Pomi,45.4991,9.2104,24,550,60,3,1,0,0,0,0,0,1,0,1,0,1,0
127524146,Centralizzato,"Cenisio, Sarpi, Isola",Farini,45.4962,9.1705,18,550,25,3,1,2,1,1,0,0,1,1,0,0,0,1
124404825,Assente,"Cimiano, Crescenzago, Adriano",Cimiano,45.4994,9.2386,23,420,140,4,2,7,0,0,1,0,1,1,0,0,0,0
124610383,Autonomo,"Affori, Bovisa",Quarto Oggiaro,45.5097,9.1313,20,500,11,1,2,1,0,1,1,0,0,0,0,0,0,0
127426790,Assente,"Città Studi, Susa",Città Studi,45.4786,9.2255,21,350,13,4,1,2,0,0,1,0,1,0,1,0,0,0
125199827,Assente,"Maggiolina, Istria",Cascina dei Pomi,45.4997,9.2121,11,400,73,3,1,1,0,0,1,0,0,0,1,0,1,0
125734149,Assente,"Città Studi, Susa",Città Studi,45.4693,9.2233,16,450,20,3,2,4,0,0,0,0,1,1,0,0,0,1
82533832,Autonomo,"Bicocca, Niguarda",Niguarda,45.5171,9.195,11,500,130,4,2,-1,0,1,0,0,1,0,0,0,0,0
126138719,Assente,"Bicocca, Niguarda",Greco - Segnano,45.5025,9.2101,17,480,87,1,1,1,1,0,1,0,1,0,1,0,1,0
108210249,Assente,Navigli,Ascanio Sforza,45.445,9.1766,27,550,12,5,2,3,0,0,1,0,1,1,0,0,0,0
127282907,Assente,"Bicocca, Niguarda",Ca' Granda,45.5078,9.1995,35,400,20,3,1,2,0,0,1,0,1,0,0,0,0,1
125860961,Assente,"Corvetto, Rogoredo",Corvetto,45.4413,9.2153,12,480,80,3,1,2,0,0,1,0,1,1,1,0,0,1
126897227,Assente,"San Siro, Trenno",Monte Stella,45.4879,9.1388,28,580,120,4,2,6,0,0,1,0,1,0,1,0,0,0
127667266,Centralizzato,"Famagosta, Barona",Tre Castelli - Faenza,45.4396,9.127,22,500,100,3,2,1,1,1,1,0,1,1,1,0,0,1
126867001,Assente,"Bicocca, Niguarda",Prato Centenaro,45.5091,9.2041,22,550,17,5,2,6,0,0,1,0,1,0,1,0,0,0
123710495,Assente,"Affori, Bovisa",Comasina,45.529,9.1629,14,450,20,3,1,2,0,0,0,0,0,0,0,0,0,0
127494182,Assente,"Maggiolina, Istria",Maggiolina,45.4958,9.2075,11,500,89,3,1,1,0,0,1,0,1,1,1,0,0,0
126662973,Assente,"Bicocca, Niguarda",Greco - Segnano,45.5019,9.2122,20,430,79,3,1,5,0,0,1,0,1,0,1,0,1,0
124273545,Assente,"Maggiolina, Istria",Maggiolina,45.4954,9.2016,41,550,110,4,2,4,0,0,1,0,1,1,1,1,1,1
110001265,Assente,"Abbiategrasso, Chiesa Rossa",Chiesa Rossa,45.429,9.1773,27,490,80,3,1,1,0,0,1,0,1,0,1,0,0,0
122160428,Assente,"Abbiategrasso, Chiesa Rossa",Chiesa Rossa,45.4298,9.173,34,550,85,3,1,1,0,0,0,0,0,0,0,0,0,0
112397277,Assente,"Abbiategrasso, Chiesa Rossa",Chiesa Rossa,45.4273,9.1713,42,450,83,4,2,2,0,0,1,0,1,0,0,0,0,0
123345719,Assente,"Abbiategrasso, Chiesa Rossa",Chiesa Rossa,45.4258,9.1761,23,420,85,3,1,5,0,0,0,0,0,0,0,0,0,0
127646578,Autonomo,"Uptown, Cascina Merlata, Viale Certosa",Certosa,45.4966,9.14939,7,490,110,6,2,4,0,0,0,0,0,0,0,0,0,0
127384403,Autonomo,"Centrale, Repubblica",Morgagni,45.4736,9.21399,5,520,135,6,2,3,1,0,0,0,0,0,0,0,0,0
126037363,Centralizzato,"Uptown, Cascina Merlata, Viale Certosa",Certosa,45.494,9.153,10,350,19,1,1,NA,NA,1,0,0,0,0,0,0,0,0
120963840,Centralizzato,"Affori, Bovisa",Bovisa,45.5014,9.1628,10,570,9,1,1,NA,NA,1,0,0,0,0,0,0,0,0
123156023,Centralizzato,"Pasteur, Rovereto",Parco Trotter,45.4902,9.2243,10,450,15,1,1,NA,NA,1,0,0,0,0,0,0,0,0
125550437,Centralizzato,"Bicocca, Niguarda",Greco - Segnano,45.5029,9.2122,10,360,18,1,1,NA,NA,1,0,0,0,0,0,0,0,0
126956703,Autonomo,"Abbiategrasso, Chiesa Rossa",Pezzotti - Meda,45.438,9.181,10,407,18,1,1,NA,NA,1,0,0,0,0,0,0,0,0
126037321,Centralizzato,"Affori, Bovisa",Bovisa,45.5014,9.1628,10,550,9,1,1,NA,NA,1,0,0,0,0,0,0,0,0
123956067,Centralizzato,"Udine, Lambrate",Udine,45.4929,9.2393,10,390,16,1,1,NA,NA,1,0,0,0,0,0,0,0,0
124780997,Centralizzato,"Udine, Lambrate",Udine,45.4929,9.2393,10,380,13,1,1,NA,NA,1,0,0,0,0,0,0,0,0
126036325,Centralizzato,"San Siro, Trenno",San Siro,45.4778,9.1166,10,400,13,1,1,NA,NA,1,0,0,0,0,0,0,0,0
126891319,Centralizzato,"Solari, Washington",Washington,45.4636,9.1544,10,270,20,1,1,NA,NA,1,0,0,0,0,0,0,0,0
126041645,Centralizzato,"Città Studi, Susa",Casoretto,45.49,9.2317,10,425,16,1,1,NA,NA,1,0,0,0,1,0,0,0,0
126035631,Centralizzato,"Affori, Bovisa",Bovisa,45.5011,9.1624,10,300,18,1,1,NA,NA,1,0,0,0,0,0,0,0,0
124065059,Centralizzato,"Affori, Bovisa",Bovisa,45.5014,9.1628,10,520,9,1,1,NA,NA,1,0,0,0,0,0,0,0,0
126042577,Centralizzato,"San Siro, Trenno",Gallaratese,45.4951,9.1111,10,530,17,1,1,NA,NA,1,0,0,0,0,0,0,0,0
126037311,Centralizzato,"Affori, Bovisa",Bovisa,45.5014,9.1628,10,550,9,1,1,NA,NA,1,0,0,0,0,0,0,0,0
127042589,Centralizzato,"Precotto, Turro",Villa San Giovanni,45.5189,9.2214,10,310,18,1,1,NA,NA,1,0,0,0,0,0,0,0,0
127504516,Assente,"Precotto, Turro",Turro,45.5005,9.22549,7,500,80,4,1,1,0,0,0,0,0,0,0,0,0,0
126655951,Centralizzato,"Genova, Ticinese",Corso Genova,45.4582,9.1701,10,460,16,1,1,NA,NA,1,0,0,0,0,0,0,0,0
125685029,Centralizzato,"Quadronno, Palestro, Guastalla",Guastalla,45.4612,9.2036,10,430,13,1,1,NA,NA,1,0,0,0,0,0,0,0,0
126413305,Centralizzato,"Ponte Lambro, Santa Giulia",Santa Giulia,45.4316,9.2472,10,550,18,1,1,NA,NA,1,0,0,0,0,0,0,0,0
124065057,Centralizzato,"Affori, Bovisa",Bovisa,45.5014,9.1628,10,520,9,1,1,NA,NA,1,0,0,0,0,0,0,0,0
126042187,Centralizzato,"Affori, Bovisa",Dergano,45.4969,9.1738,10,330,15,1,1,NA,NA,1,0,0,0,1,0,0,0,0
123617085,Centralizzato,"Bisceglie, Baggio, Olmi",Quarto Cagnino,45.4705,9.1118,10,400,22,1,1,NA,NA,1,0,0,0,1,0,0,0,0
126726161,Centralizzato,"Centrale, Repubblica",Repubblica,45.4772,9.2009,10,400,11,1,1,NA,NA,1,0,0,0,0,0,0,0,0
127138807,Centralizzato,"Precotto, Turro",Villa San Giovanni,45.5189,9.2214,10,310,17,1,1,NA,NA,1,0,0,0,0,0,0,0,0
126041671,Centralizzato,"Città Studi, Susa",Plebisciti - Susa,45.471,9.2176,10,430,13,1,1,NA,NA,1,0,0,0,0,0,0,0,0
124313435,Centralizzato,"San Siro, Trenno",Gallaratese,45.4951,9.1111,10,530,15,1,1,NA,NA,1,0,0,0,0,0,0,0,0
125953417,Centralizzato,"Solari, Washington",Dezza,45.4591,9.1594,10,430,12,1,1,NA,NA,1,0,0,0,0,0,0,0,0
124277089,Centralizzato,"Bisceglie, Baggio, Olmi",Quarto Cagnino,45.4725,9.1114,10,350,10,1,1,NA,NA,1,0,0,0,0,0,0,0,0
126726147,Centralizzato,"Solari, Washington",Vercelli - Wagner,45.4674,9.159,10,410,9,1,1,NA,NA,1,0,0,0,0,0,0,0,0
126440169,Centralizzato,Centro,Brera,45.471,9.1924,10,390,15,1,1,NA,NA,1,0,0,0,0,0,0,0,0
127352419,Centralizzato,"Città Studi, Susa",Plebisciti - Susa,45.4644,9.2177,10,550,18,1,1,NA,NA,1,0,0,0,0,0,0,0,0
126037455,Centralizzato,"Cenisio, Sarpi, Isola",Farini,45.4964,9.1809,10,550,35,1,1,NA,NA,1,0,0,0,1,0,0,0,0
126791875,Autonomo,"Centrale, Repubblica",Morgagni,45.4771,9.2107,10,514,14,1,1,NA,NA,1,0,0,0,0,0,0,0,0
126038655,Centralizzato,"Pasteur, Rovereto",Pasteur,45.4893,9.2175,10,450,18,1,1,NA,NA,1,0,0,0,1,0,0,0,0
123123245,Autonomo,"Affori, Bovisa",Bovisa,45.4993,9.1641,10,490,18,1,1,NA,NA,1,0,0,0,1,0,0,0,0
119895710,Autonomo,"Bisceglie, Baggio, Olmi",Bisceglie,45.4475,9.0988,10,500,10,1,1,NA,NA,1,0,0,0,0,0,0,0,0
127118765,Centralizzato,"Precotto, Turro",Villa San Giovanni,45.5189,9.2214,10,310,15,1,1,NA,NA,1,0,0,0,0,0,0,0,0
127042591,Centralizzato,"Solari, Washington",Dezza,45.4591,9.1594,10,570,14,1,1,NA,NA,1,0,0,0,0,0,0,0,0
124313419,Centralizzato,"Maggiolina, Istria",Cascina dei Pomi,45.4925,9.2078,10,250,17,1,1,NA,NA,1,0,0,0,0,0,0,0,0
126041667,Centralizzato,"Quadronno, Palestro, Guastalla",Quadronno - Crocetta,45.4558,9.2023,10,400,13,1,1,NA,NA,1,0,0,0,0,0,0,0,0
125874383,Centralizzato,"Cenisio, Sarpi, Isola",Isola,45.4891,9.1896,10,480,16,1,1,NA,NA,1,0,0,0,0,0,0,0,0
124938701,Centralizzato,"Bicocca, Niguarda",Greco - Segnano,45.5029,9.2122,10,380,16,1,1,NA,NA,1,0,0,0,0,0,0,0,0
126039991,Autonomo,"Pasteur, Rovereto",Pasteur,45.4901,9.2127,10,520,13,1,1,NA,NA,1,0,0,0,0,0,0,0,0
124565879,Centralizzato,"Udine, Lambrate",Udine,45.4941,9.2355,10,550,10,1,1,NA,NA,1,0,0,0,0,0,0,0,0
125622551,Centralizzato,"Udine, Lambrate",Udine,45.4929,9.2393,10,400,17,1,1,NA,NA,1,0,0,0,0,0,0,0,0
126116291,Centralizzato,"Bicocca, Niguarda",Greco - Segnano,45.5029,9.2122,10,360,10,1,1,NA,NA,1,0,0,0,0,0,0,0,0
126655953,Centralizzato,"Solari, Washington",Dezza,45.4605,9.159,10,420,14,1,1,NA,NA,1,0,0,0,0,0,0,0,0
126037339,Centralizzato,"Affori, Bovisa",Bovisa,45.5014,9.1628,10,550,9,1,1,NA,NA,1,0,0,0,0,0,0,0,0
126552385,Centralizzato,"Quadronno, Palestro, Guastalla",Quadronno - Crocetta,45.4542,9.1987,10,380,20,1,1,NA,NA,1,0,0,0,0,0,0,0,0
125550433,Centralizzato,"Precotto, Turro",Villa San Giovanni,45.5189,9.2214,10,330,16,1,1,NA,NA,1,0,0,0,0,0,0,0,0
119894548,Centralizzato,"Affori, Bovisa",Bovisa,45.5014,9.1628,10,540,9,1,1,NA,NA,1,0,0,0,0,0,0,0,0
124565897,Centralizzato,"Bisceglie, Baggio, Olmi",Quarto Cagnino,45.4714,9.1116,10,330,10,1,1,NA,NA,1,0,0,0,0,0,0,0,0
126038659,Centralizzato,"Pasteur, Rovereto",Pasteur,45.4893,9.2175,10,450,10,1,1,NA,NA,1,0,0,0,1,0,0,0,0
125249433,Centralizzato,"Bicocca, Niguarda",Greco - Segnano,45.5029,9.2122,10,360,14,1,1,NA,NA,1,0,0,0,0,0,0,0,0
126949591,Centralizzato,"Precotto, Turro",Turro,45.5026,9.2214,10,500,16,1,1,NA,NA,1,0,0,0,0,0,0,0,0
126042895,Autonomo,"Centrale, Repubblica",Buenos Aires,45.4842,9.2116,10,583,16,1,1,NA,NA,1,0,0,0,1,0,0,0,0
120963838,Centralizzato,"Affori, Bovisa",Bovisa,45.5014,9.1628,10,570,9,1,1,NA,NA,1,0,0,0,0,0,0,0,0
126041979,Autonomo,"Città Studi, Susa",Città Studi,45.482,9.2202,10,430,9,1,1,NA,NA,1,0,0,0,0,0,0,0,0
127229195,Centralizzato,"Bisceglie, Baggio, Olmi",Quarto Cagnino,45.4705,9.1118,10,330,8,1,1,NA,NA,1,0,0,0,0,0,0,0,0
126042081,Centralizzato,"Affori, Bovisa",Affori,45.5209,9.1524,10,550,18,1,1,NA,NA,1,0,0,0,0,0,0,0,0
127352415,Centralizzato,"Bande Nere, Inganni",Lorenteggio,45.4518,9.1372,10,360,16,1,1,NA,NA,1,0,0,0,0,0,0,0,0
126041931,Autonomo,"Bisceglie, Baggio, Olmi",Quarto Cagnino,45.4725,9.1113,10,390,18,1,1,NA,NA,1,0,0,0,0,0,0,0,0
125874453,Centralizzato,"Quadronno, Palestro, Guastalla",Quadronno - Crocetta,45.4555,9.2018,10,410,14,1,1,NA,NA,1,0,0,0,0,0,0,0,0
126335247,Centralizzato,"Bisceglie, Baggio, Olmi",Baggio,45.4591,9.093,10,450,20,1,1,NA,NA,1,0,0,0,1,0,0,0,0
124382141,Centralizzato,"Precotto, Turro",Gorla,45.5053,9.2237,10,340,11,1,1,NA,NA,1,0,0,0,0,0,0,0,0
126040003,Autonomo,"Maggiolina, Istria",Cascina dei Pomi,45.4985,9.2086,10,500,13,1,1,NA,NA,1,0,0,0,0,0,0,0,0
124913011,Centralizzato,"Centrale, Repubblica",Buenos Aires,45.4852,9.216,10,430,17,1,1,NA,NA,1,0,0,0,0,0,0,0,0
127229187,Centralizzato,"Quadronno, Palestro, Guastalla",Quadronno - Crocetta,45.4555,9.2018,10,410,13,1,1,NA,NA,1,0,0,0,0,0,0,0,0
123248613,Centralizzato,"Udine, Lambrate",Udine,45.4929,9.2393,10,380,13,1,1,NA,NA,1,0,0,0,0,0,0,0,0
126335207,Centralizzato,"Maggiolina, Istria",Maggiolina,45.4941,9.2037,10,400,10,1,1,NA,NA,1,0,0,0,1,0,0,0,0
126041897,Assente,"Bisceglie, Baggio, Olmi",Quarto Cagnino,45.4725,9.1113,10,490,15,1,1,NA,NA,1,0,0,0,0,0,0,0,0
125085141,Centralizzato,"Bisceglie, Baggio, Olmi",Quarto Cagnino,45.4719,9.1119,10,330,10,1,1,NA,NA,1,0,0,0,0,0,0,0,0
124781003,Centralizzato,"Centrale, Repubblica",Buenos Aires,45.4852,9.216,10,410,13,1,1,NA,NA,1,0,0,0,0,0,0,0,0
124780999,Centralizzato,"Solari, Washington",Dezza,45.4591,9.1594,10,380,12,1,1,NA,NA,1,0,0,0,0,0,0,0,0
123865713,Centralizzato,"Bisceglie, Baggio, Olmi",Quarto Cagnino,45.4714,9.1116,10,330,11,1,1,NA,NA,1,0,0,0,0,0,0,0,0
127602218,Autonomo,"Centrale, Repubblica",Centrale,45.4865,9.21048,5,495,124,5,2,2,1,0,0,0,0,0,0,0,0,0
127272353,Centralizzato,"San Siro, Trenno",San Siro,45.4697,9.1413,10,540,11,1,1,NA,NA,1,0,0,0,0,0,0,0,0
126042505,Centralizzato,"Uptown, Cascina Merlata, Viale Certosa",Ghisolfa - Mac Mahon,45.4921,9.1625,10,554,10,1,1,NA,NA,1,0,0,0,0,0,0,0,0
127042595,Centralizzato,"Città Studi, Susa",Città Studi,45.4859,9.2256,10,410,10,1,1,NA,NA,1,0,0,0,0,0,0,0,0
126269437,Centralizzato,"Solari, Washington",Dezza,45.4591,9.1594,10,560,10,1,1,NA,NA,1,0,0,0,0,0,0,0,0
126040009,Autonomo,"Maggiolina, Istria",Cascina dei Pomi,45.4985,9.2086,10,500,13,1,1,NA,NA,1,0,0,0,0,0,0,0,0
126040007,Autonomo,"Maggiolina, Istria",Cascina dei Pomi,45.4985,9.2086,10,500,13,1,1,NA,NA,1,0,0,0,0,0,0,0,0
126197409,Centralizzato,"Precotto, Turro",Villa San Giovanni,45.5189,9.2214,10,470,16,1,1,NA,NA,1,0,0,0,0,0,0,0,0
123123795,Centralizzato,"Udine, Lambrate",Udine,45.4929,9.2393,10,380,14,1,1,NA,NA,1,0,0,0,0,0,0,0,0
127381575,Centralizzato,"Bicocca, Niguarda",Greco - Segnano,45.5029,9.2122,10,330,9,1,1,NA,NA,1,0,0,0,0,0,0,0,0
123468179,Centralizzato,"Bande Nere, Inganni",Primaticcio,45.4543,9.1313,10,400,25,1,1,NA,NA,1,0,0,0,0,0,0,0,0
126036655,Centralizzato,"Ponte Lambro, Santa Giulia",Santa Giulia,45.4323,9.2474,10,300,20,1,1,NA,NA,1,0,0,0,1,0,0,0,0
127412059,Centralizzato,"Udine, Lambrate",Udine,45.4929,9.2393,10,540,13,1,1,NA,NA,1,0,0,0,0,0,0,0,0
125320107,Centralizzato,"Ponte Lambro, Santa Giulia",Santa Giulia,45.4325,9.2482,10,580,15,1,1,NA,NA,1,0,0,0,0,0,0,0,0
126982257,Centralizzato,"Centrale, Repubblica",Centrale,45.4905,9.2039,10,580,17,1,1,NA,NA,1,0,0,0,0,0,0,0,0
124565887,Centralizzato,"Udine, Lambrate",Udine,45.4929,9.2393,10,380,13,1,1,NA,NA,1,0,0,0,0,0,0,0,0
124750545,Centralizzato,Centro,Brera,45.471,9.1924,10,280,20,1,1,NA,NA,1,0,0,0,0,0,0,0,0
127324205,Centralizzato,"Quadronno, Palestro, Guastalla",Quadronno - Crocetta,45.4555,9.2018,10,400,13,1,1,NA,NA,1,0,0,0,0,0,0,0,0
127166663,Centralizzato,"Bisceglie, Baggio, Olmi",Quarto Cagnino,45.4705,9.1118,10,460,10,1,1,NA,NA,1,0,0,0,0,0,0,0,0
123837305,Autonomo,"Centrale, Repubblica",Buenos Aires,45.478,9.2053,10,540,9,1,1,NA,NA,1,0,0,0,0,0,0,0,0
126037793,Centralizzato,"Udine, Lambrate",Lambrate,45.4729,9.2509,10,350,20,1,1,NA,NA,1,0,0,0,0,0,0,0,0
126041631,Centralizzato,"Città Studi, Susa",Argonne - Corsica,45.466,9.2271,10,425,13,1,1,NA,NA,1,0,0,0,0,0,0,0,0
123421421,Centralizzato,"Udine, Lambrate",Udine,45.4929,9.2393,10,380,13,1,1,NA,NA,1,0,0,0,0,0,0,0,0
124839207,Centralizzato,"Udine, Lambrate",Udine,45.4929,9.2393,10,370,11,1,1,NA,NA,1,0,0,0,0,0,0,0,0
127549978,Centralizzato,Navigli,Navigli - Darsena,45.4479,9.15849,27,470,16,1,NA,8,0,0,0,0,0,1,0,0,0,0
127166667,Centralizzato,"Bicocca, Niguarda",Greco - Segnano,45.5029,9.2122,10,360,16,1,1,NA,NA,1,0,0,0,0,0,0,0,0
125392773,Centralizzato,"Solari, Washington",Dezza,45.4591,9.1594,10,390,12,1,1,NA,NA,1,0,0,0,0,0,0,0,0
126037399,Centralizzato,"Cenisio, Sarpi, Isola",Farini,45.4964,9.1809,10,550,35,1,1,NA,NA,1,0,0,0,1,0,0,0,0
125058111,Centralizzato,"Bande Nere, Inganni",Piazzale Siena,45.4674,9.1323,10,350,12,1,1,NA,NA,1,0,0,0,0,0,0,0,0
126037817,Centralizzato,"Uptown, Cascina Merlata, Viale Certosa",Certosa,45.4952,9.1496,10,320,15,1,1,NA,NA,1,0,0,0,0,0,0,0,0
127138809,Centralizzato,"Precotto, Turro",Villa San Giovanni,45.5189,9.2214,10,430,18,1,1,NA,NA,1,0,0,0,0,0,0,0,0
127272347,Centralizzato,"Quadronno, Palestro, Guastalla",Quadronno - Crocetta,45.4555,9.2018,10,370,10,1,1,NA,NA,1,0,0,0,0,0,0,0,0
121520386,Centralizzato,"Città Studi, Susa",Città Studi,45.482,9.2202,10,570,18,1,1,NA,NA,1,0,0,0,0,0,0,0,0
126848797,Centralizzato,"Bisceglie, Baggio, Olmi",Quarto Cagnino,45.4707,9.1115,10,330,11,1,1,NA,NA,1,0,0,0,0,0,0,0,0
126037869,Centralizzato,"Genova, Ticinese",Ticinese,45.4558,9.184,10,560,15,1,1,NA,NA,1,0,0,0,0,0,0,0,0
126695991,Autonomo,"Famagosta, Barona",Tre Castelli - Faenza,45.4429,9.1356,10,428,14,1,1,NA,NA,1,0,0,0,0,0,0,0,0
124565899,Centralizzato,"Bisceglie, Baggio, Olmi",Quarto Cagnino,45.4719,9.1119,10,330,9,1,1,NA,NA,1,0,0,0,0,0,0,0,0
127381587,Centralizzato,"Precotto, Turro",Villa San Giovanni,45.5189,9.2214,10,320,16,1,1,NA,NA,1,0,0,0,0,0,0,0,0
125874377,Centralizzato,"Bicocca, Niguarda",Ca' Granda,45.5054,9.1989,10,450,18,1,1,NA,NA,1,0,0,0,0,0,0,0,0
126041903,Centralizzato,"Centrale, Repubblica",Repubblica,45.48,9.2006,10,500,15,1,1,NA,NA,1,0,0,0,0,0,0,0,0
124198019,Centralizzato,"San Siro, Trenno",San Siro,45.4781,9.1171,10,330,12,1,1,NA,NA,1,0,0,0,0,0,0,0,0
123802591,Autonomo,"Maggiolina, Istria",Cascina dei Pomi,45.4985,9.2086,10,400,13,1,1,NA,NA,1,0,0,0,0,0,0,0,0
125249381,Centralizzato,"San Siro, Trenno",San Siro,45.4778,9.1166,10,400,17,1,1,NA,NA,1,0,0,0,0,0,0,0,0
126982251,Centralizzato,"Bicocca, Niguarda",Greco - Segnano,45.5029,9.2122,10,340,12,1,1,NA,NA,1,0,0,0,0,0,0,0,0
127352405,Centralizzato,"Quadronno, Palestro, Guastalla",Guastalla,45.4612,9.2036,10,440,12,1,1,NA,NA,1,0,0,0,0,0,0,0,0
126379183,Centralizzato,"Precotto, Turro",Villa San Giovanni,45.5189,9.2214,10,440,16,1,1,NA,NA,1,0,0,0,0,0,0,0,0
127229185,Centralizzato,"Napoli, Soderini",Piazza Napoli,45.4548,9.1524,10,360,10,1,1,NA,NA,1,0,0,0,0,0,0,0,0
126242219,Autonomo,"Bicocca, Niguarda",Bicocca,45.5161,9.2141,10,428,16,1,1,NA,NA,1,0,0,0,0,0,0,0,0
126036333,Centralizzato,"San Siro, Trenno",San Siro,45.4778,9.1166,10,400,15,1,1,NA,NA,1,0,0,0,0,0,0,0,0
127381581,Centralizzato,"Bicocca, Niguarda",Greco - Segnano,45.5029,9.2122,10,470,11,1,1,NA,NA,1,0,0,0,0,0,0,0,0
126628913,Centralizzato,"San Siro, Trenno",Gallaratese,45.4969,9.1144,10,400,23,1,1,NA,NA,1,0,0,0,0,0,0,0,0
125586463,Centralizzato,"Maggiolina, Istria",Cascina dei Pomi,45.4925,9.2078,10,250,17,1,1,NA,NA,1,0,0,0,0,0,0,0,0
127412055,Autonomo,"Famagosta, Barona",Barona,45.4421,9.1539,10,460,20,1,1,NA,NA,1,0,0,0,0,0,0,0,0
125220541,Centralizzato,"Maggiolina, Istria",Maggiolina,45.4954,9.2017,10,400,15,1,1,NA,NA,1,0,0,0,0,0,0,0,0
125982007,Centralizzato,"Pasteur, Rovereto",Pasteur,45.4897,9.2128,10,500,12,1,1,NA,NA,1,0,0,0,0,0,0,0,0
126037901,Centralizzato,"Genova, Ticinese",Corso Genova,45.4579,9.1706,10,520,15,1,1,NA,NA,1,0,0,0,0,0,0,0,0
126949571,Autonomo,"Affori, Bovisa",Affori,45.5183,9.1645,10,428,14,1,1,NA,NA,1,0,0,0,0,0,0,0,0
127460012,Centralizzato,"Pasteur, Rovereto",Pasteur,45.4893,9.2175,10,450,10,1,1,NA,NA,1,0,0,0,1,0,0,0,0
125847103,Centralizzato,"Solari, Washington",Vercelli - Wagner,45.4665,9.1617,10,440,15,1,1,NA,NA,1,0,0,0,0,0,0,0,0
126367611,Autonomo,"Cenisio, Sarpi, Isola",Farini,45.4933,9.1826,10,500,18,1,1,NA,NA,1,0,0,0,0,0,0,0,0
126891315,Centralizzato,"Precotto, Turro",Turro,45.5026,9.2214,10,480,13,1,1,NA,NA,1,0,0,0,0,0,0,0,0
126041637,Centralizzato,"Città Studi, Susa",Casoretto,45.4874,9.2245,10,400,16,1,1,NA,NA,1,0,0,0,0,0,0,0,0
125820651,Centralizzato,"Precotto, Turro",Villa San Giovanni,45.5172,9.2236,10,490,18,1,1,NA,NA,1,0,0,0,0,0,0,0,0
125577555,Centralizzato,"Udine, Lambrate",Udine,45.4929,9.2393,10,380,13,1,1,NA,NA,1,0,0,0,0,0,0,0,0
127570004,Assente,"San Siro, Trenno",San Siro,45.4678,9.14547,7,550,155,6,3,2,0,0,0,0,0,0,0,0,0,0
127381579,Centralizzato,"Centrale, Repubblica",Repubblica,45.4795,9.1997,10,460,20,1,1,NA,NA,1,0,0,0,0,0,0,0,0
126413375,Centralizzato,"Città Studi, Susa",Città Studi,45.4846,9.2354,10,420,16,1,1,NA,NA,1,0,0,0,0,0,0,0,0
126936405,Autonomo,"Bicocca, Niguarda",Bicocca,45.5156,9.2142,10,375,16,1,1,NA,NA,1,0,0,0,0,0,0,0,0
127301339,Centralizzato,"Quadronno, Palestro, Guastalla",Quadronno - Crocetta,45.4555,9.2018,10,570,13,1,1,NA,NA,1,0,0,0,0,0,0,0,0
124565937,Centralizzato,"Uptown, Cascina Merlata, Viale Certosa",Ghisolfa - Mac Mahon,45.4921,9.1625,10,580,20,1,1,NA,NA,1,0,0,0,0,0,0,0,0
127118767,Centralizzato,"Solari, Washington",Dezza,45.4591,9.1594,10,380,12,1,1,NA,NA,1,0,0,0,0,0,0,0,0
126039997,Autonomo,"Maggiolina, Istria",Cascina dei Pomi,45.4985,9.2086,10,400,13,1,1,NA,NA,1,0,0,0,0,0,0,0,0
125773311,Centralizzato,"Abbiategrasso, Chiesa Rossa",Cermenate - Abbiategrasso,45.4363,9.1837,10,415,22,1,1,NA,NA,1,0,0,0,1,0,0,0,0
124565939,Autonomo,"Centrale, Repubblica",Buenos Aires,45.4837,9.2145,10,530,15,1,1,NA,NA,1,0,0,0,0,0,0,0,0
127166661,Centralizzato,"Precotto, Turro",Villa San Giovanni,45.5189,9.2214,10,320,16,1,1,NA,NA,1,0,0,0,0,0,0,0,0
123802887,Centralizzato,"San Siro, Trenno",Gallaratese,45.5018,9.1054,10,450,20,1,1,NA,NA,1,0,0,0,0,0,0,0,0
126335231,Centralizzato,"Precotto, Turro",Villa San Giovanni,45.5189,9.2214,10,430,18,1,1,NA,NA,1,0,0,0,0,0,0,0,0
122914382,Centralizzato,"Affori, Bovisa",Bovisa,45.4984,9.1706,10,300,20,1,1,NA,NA,1,0,0,0,0,0,0,0,0
126695983,Centralizzato,Navigli,Bocconi,45.4509,9.1954,10,550,22,1,1,NA,NA,1,0,0,0,1,0,0,0,0
127460010,Centralizzato,"Pasteur, Rovereto",Pasteur,45.4893,9.2175,10,450,18,1,1,NA,NA,1,0,0,0,1,0,0,0,0
127229189,Centralizzato,"Quadronno, Palestro, Guastalla",Guastalla,45.4612,9.2036,10,440,12,1,1,NA,NA,1,0,0,0,0,0,0,0,0
125847099,Centralizzato,"Precotto, Turro",Villa San Giovanni,45.5189,9.2214,10,440,16,1,1,NA,NA,1,0,0,0,0,0,0,0,0
125773359,Centralizzato,"Città Studi, Susa",Argonne - Corsica,45.466,9.2271,10,425,13,1,1,NA,NA,1,0,0,0,0,0,0,0,0
126695985,Centralizzato,Navigli,Bocconi,45.4509,9.1954,10,550,22,1,1,NA,NA,1,0,0,0,1,0,0,0,0
126038665,Centralizzato,"Pasteur, Rovereto",Pasteur,45.4893,9.2175,10,450,18,1,1,NA,NA,1,0,0,0,1,0,0,0,0
126040011,Autonomo,"Maggiolina, Istria",Cascina dei Pomi,45.4985,9.2086,10,400,13,1,1,NA,NA,1,0,0,0,0,0,0,0,0
127010025,Centralizzato,"Quadronno, Palestro, Guastalla",Quadronno - Crocetta,45.4555,9.2018,10,570,13,1,1,NA,NA,1,0,0,0,0,0,0,0,0
123802739,Centralizzato,"Città Studi, Susa",Argonne - Corsica,45.466,9.2271,10,425,13,1,1,NA,NA,1,0,0,0,0,0,0,0,0
126269431,Centralizzato,"Udine, Lambrate",Udine,45.4929,9.2393,10,540,17,1,1,NA,NA,1,0,0,0,0,0,0,0,0
127197741,Centralizzato,"Famagosta, Barona",Cantalupa - San Paolo,45.4223,9.1568,10,400,15,1,1,NA,NA,1,0,0,0,0,0,0,0,0
126041983,Autonomo,"Città Studi, Susa",Città Studi,45.482,9.2202,10,450,9,1,1,NA,NA,1,0,0,0,0,0,0,0,0
117367813,Centralizzato,"Uptown, Cascina Merlata, Viale Certosa",Ghisolfa - Mac Mahon,45.4921,9.1625,10,499,15,1,1,NA,NA,1,0,0,0,0,0,0,0,0
126035705,Centralizzato,"Uptown, Cascina Merlata, Viale Certosa",Certosa,45.499,9.1497,10,480,20,1,1,NA,NA,1,0,0,0,0,0,0,0,0
127166659,Centralizzato,"Quadronno, Palestro, Guastalla",Quadronno - Crocetta,45.4555,9.2018,10,570,13,1,1,NA,NA,1,0,0,0,0,0,0,0,0
127352407,Centralizzato,"Quadronno, Palestro, Guastalla",Quadronno - Crocetta,45.4558,9.2023,10,390,11,1,1,NA,NA,1,0,0,0,0,0,0,0,0
126035605,Centralizzato,"Abbiategrasso, Chiesa Rossa",Cermenate - Abbiategrasso,45.4349,9.1771,10,450,20,1,1,NA,NA,1,0,0,0,0,0,0,0,0
125846613,Centralizzato,"Pasteur, Rovereto",Parco Trotter,45.4902,9.2243,10,500,20,1,1,NA,NA,1,0,0,0,0,0,0,0,0
126726149,Centralizzato,Navigli,Ascanio Sforza,45.4518,9.18,10,570,12,1,1,NA,NA,1,0,0,0,0,0,0,0,0
126600589,Centralizzato,"Bisceglie, Baggio, Olmi",Quarto Cagnino,45.4719,9.1119,10,460,10,1,1,NA,NA,1,0,0,0,0,0,0,0,0
126242289,Centralizzato,"Udine, Lambrate",Udine,45.4929,9.2393,10,480,10,1,1,NA,NA,1,0,0,0,0,0,0,0,0
126041889,Assente,"Maggiolina, Istria",Maggiolina,45.4961,9.2051,10,580,20,1,1,NA,NA,1,0,0,0,0,0,0,0,0
126037871,Centralizzato,"Genova, Ticinese",Corso Genova,45.4579,9.1706,10,520,15,1,1,NA,NA,1,0,0,0,0,0,0,0,0
126037355,Centralizzato,"Uptown, Cascina Merlata, Viale Certosa",Certosa,45.494,9.153,10,350,19,1,1,NA,NA,1,0,0,0,0,0,0,0,0
123802593,Autonomo,"Maggiolina, Istria",Cascina dei Pomi,45.4985,9.2086,10,400,13,1,1,NA,NA,1,0,0,0,0,0,0,0,0
127197737,Centralizzato,"Quadronno, Palestro, Guastalla",Quadronno - Crocetta,45.4542,9.1987,10,380,18,1,1,NA,NA,1,0,0,0,0,0,0,0,0
126037795,Centralizzato,"Udine, Lambrate",Lambrate,45.4729,9.2509,10,500,8,1,1,NA,NA,1,0,0,0,0,0,0,0,0
127197735,Centralizzato,"Bisceglie, Baggio, Olmi",Quarto Cagnino,45.4719,9.1129,10,310,9,1,1,NA,NA,1,0,0,0,0,0,0,0,0
127301335,Centralizzato,"Quadronno, Palestro, Guastalla",Quadronno - Crocetta,45.4558,9.2023,10,420,15,1,1,NA,NA,1,0,0,0,0,0,0,0,0
125820645,Centralizzato,"Bicocca, Niguarda",Bignami - Ponale,45.5169,9.2144,10,420,16,1,1,NA,NA,1,0,0,0,0,0,0,0,0
124565493,Centralizzato,"Ponte Lambro, Santa Giulia",Santa Giulia,45.4323,9.2474,10,300,15,1,1,NA,NA,1,0,0,0,1,0,0,0,0
125368181,Assente,"Città Studi, Susa",Città Studi,45.482,9.2202,10,430,18,1,1,NA,NA,1,0,0,0,0,0,0,0,0
127412063,Centralizzato,"Quadronno, Palestro, Guastalla",Quadronno - Crocetta,45.4555,9.2018,10,410,13,1,1,NA,NA,1,0,0,0,0,0,0,0,0
127272279,Autonomo,"Maggiolina, Istria",Maggiolina,45.4941,9.1984,10,514,16,1,1,NA,NA,1,0,0,0,0,0,0,0,0
126949575,Autonomo,"Affori, Bovisa",Affori,45.5183,9.1645,10,428,14,1,1,NA,NA,1,0,0,0,0,0,0,0,0
126041977,Autonomo,"Città Studi, Susa",Città Studi,45.482,9.2202,10,460,9,1,1,NA,NA,1,0,0,0,0,0,0,0,0
127118769,Centralizzato,"Maggiolina, Istria",Maggiolina,45.4915,9.203,10,500,12,1,1,NA,NA,1,0,0,0,0,0,0,0,0
123123807,Centralizzato,"Centrale, Repubblica",Buenos Aires,45.4852,9.216,10,410,12,1,1,NA,NA,1,0,0,0,0,0,0,0,0
127381585,Centralizzato,"Solari, Washington",Washington,45.4636,9.1544,10,410,12,1,1,NA,NA,1,0,0,0,0,0,0,0,0
124229681,Centralizzato,"Bisceglie, Baggio, Olmi",Quarto Cagnino,45.4719,9.1119,10,330,9,1,1,NA,NA,1,0,0,0,0,0,0,0,0
124938689,Centralizzato,"Bicocca, Niguarda",Greco - Segnano,45.5029,9.2122,10,360,15,1,1,NA,NA,1,0,0,0,0,0,0,0,0
127355389,Autonomo,"Centrale, Repubblica",Repubblica,45.4793,9.20206,5,510,15,4,2,1,0,0,0,0,0,0,0,0,0,0
125110725,Centralizzato,"Udine, Lambrate",Udine,45.4929,9.2393,10,380,13,1,1,NA,NA,1,0,0,0,0,0,0,0,0
125874379,Centralizzato,"Bicocca, Niguarda",Ca' Granda,45.5054,9.1989,10,450,18,1,1,NA,NA,1,0,0,0,0,0,0,0,0
126041201,Centralizzato,"Bande Nere, Inganni",Gambara,45.4672,9.1437,10,550,13,1,1,NA,NA,1,0,0,0,0,0,0,0,0
126469573,Autonomo,"Centrale, Repubblica",Morgagni,45.4779,9.211,10,482,16,1,1,NA,NA,1,0,0,0,0,0,0,0,0
127324203,Centralizzato,"Precotto, Turro",Turro,45.5026,9.2214,10,360,15,1,1,NA,NA,1,0,0,0,0,0,0,0,0
126269435,Centralizzato,"Quadronno, Palestro, Guastalla",Quadronno - Crocetta,45.4555,9.2018,10,570,13,1,1,NA,NA,1,0,0,0,0,0,0,0,0
127166655,Centralizzato,"Bisceglie, Baggio, Olmi",Quarto Cagnino,45.4714,9.1116,10,330,11,1,1,NA,NA,1,0,0,0,0,0,0,0,0
126242279,Centralizzato,"Udine, Lambrate",Udine,45.4929,9.2393,10,530,13,1,1,NA,NA,1,0,0,0,0,0,0,0,0
126039993,Autonomo,"Pasteur, Rovereto",Pasteur,45.4901,9.2127,10,370,13,1,1,NA,NA,1,0,0,0,0,0,0,0,0
126036323,Centralizzato,"San Siro, Trenno",San Siro,45.4778,9.1166,10,450,16,1,1,NA,NA,1,0,0,0,0,0,0,0,0
124938693,Centralizzato,"Udine, Lambrate",Udine,45.4929,9.2393,10,370,13,1,1,NA,NA,1,0,0,0,0,0,0,0,0
125820447,Autonomo,"Affori, Bovisa",Affori,45.5089,9.1721,10,550,10,1,1,NA,NA,1,0,0,0,0,0,0,0,0
127352413,Centralizzato,"Solari, Washington",Washington,45.4636,9.1544,10,390,12,1,1,NA,NA,1,0,0,0,0,0,0,0,0
126552387,Centralizzato,"Quadronno, Palestro, Guastalla",Quadronno - Crocetta,45.4542,9.1986,10,430,17,1,1,NA,NA,1,0,0,0,0,0,0,0,0
126040035,Autonomo,"Maggiolina, Istria",Cascina dei Pomi,45.4985,9.2086,10,400,13,1,1,NA,NA,1,0,0,0,0,0,0,0,0
127385013,Autonomo,"Centrale, Repubblica",Morgagni,45.4736,9.21399,5,520,135,6,2,3,1,0,0,0,0,0,0,0,0,0
126037387,Autonomo,"Affori, Bovisa",Affori,45.5089,9.1721,10,550,10,1,1,NA,NA,1,0,0,0,0,0,0,0,0
127197739,Centralizzato,"Porta Romana, Cadore, Montenero",Montenero,45.4578,9.2091,10,400,12,1,1,NA,NA,1,0,0,0,0,0,0,0,0
126469631,Centralizzato,"Bisceglie, Baggio, Olmi",Quarto Cagnino,45.4725,9.1114,10,460,9,1,1,NA,NA,1,0,0,0,0,0,0,0,0
126792001,Centralizzato,"Bisceglie, Baggio, Olmi",Quarto Cagnino,45.4707,9.1115,10,490,14,1,1,NA,NA,1,0,0,0,0,0,0,0,0
125982149,Centralizzato,"Bisceglie, Baggio, Olmi",Quarto Cagnino,45.4714,9.1116,10,360,12,1,1,NA,NA,1,0,0,0,0,0,0,0,0
125909523,Centralizzato,"Bisceglie, Baggio, Olmi",Quarto Cagnino,45.4705,9.1118,10,330,11,1,1,NA,NA,1,0,0,0,0,0,0,0,0
126041915,Autonomo,"Maggiolina, Istria",Maggiolina,45.4983,9.1964,10,520,9,1,1,NA,NA,1,0,0,0,0,0,0,0,0
127412067,Centralizzato,"Solari, Washington",Dezza,45.4591,9.1594,10,420,15,1,1,NA,NA,1,0,0,0,0,0,0,0,0
126038663,Centralizzato,"Pasteur, Rovereto",Pasteur,45.4893,9.2175,10,450,18,1,1,NA,NA,1,0,0,0,1,0,0,0,0
126041933,Autonomo,"Famagosta, Barona",Cantalupa - San Paolo,45.4268,9.1683,10,530,9,1,1,NA,NA,1,0,0,0,0,0,0,0,0
126655947,Centralizzato,"Precotto, Turro",Villa San Giovanni,45.5172,9.2236,10,330,15,1,1,NA,NA,1,0,0,0,0,0,0,0,0
127197701,Centralizzato,"Affori, Bovisa",Bovisa,45.4993,9.1643,10,430,14,1,1,NA,NA,1,0,0,0,1,0,0,0,0
126040503,Autonomo,"Città Studi, Susa",Plebisciti - Susa,45.4686,9.2234,10,430,15,1,1,NA,NA,1,0,0,0,1,0,0,0,0
126726153,Centralizzato,"Maggiolina, Istria",Maggiolina,45.4915,9.203,10,530,15,1,1,NA,NA,1,0,0,0,0,0,0,0,0
126041929,Autonomo,"Bisceglie, Baggio, Olmi",Quarto Cagnino,45.4725,9.1113,10,460,9,1,1,NA,NA,1,0,0,0,0,0,0,0,0
126035643,Centralizzato,"Uptown, Cascina Merlata, Viale Certosa",Certosa,45.499,9.1497,10,480,20,1,1,NA,NA,1,0,0,0,0,0,0,0,0
126440163,Centralizzato,"Udine, Lambrate",Quartiere Feltre,45.4879,9.2454,10,510,12,1,1,NA,NA,1,0,0,0,0,0,0,0,0
126041993,Centralizzato,"Cimiano, Crescenzago, Adriano",Cimiano,45.5017,9.2429,10,540,18,1,1,NA,NA,1,0,0,0,0,0,0,0,0
126040021,Centralizzato,"Pasteur, Rovereto",Pasteur,45.4897,9.2128,10,550,13,1,1,NA,NA,1,0,0,0,0,0,0,0,0
126792003,Centralizzato,"Bisceglie, Baggio, Olmi",Quarto Cagnino,45.4725,9.1114,10,490,14,1,1,NA,NA,1,0,0,0,0,0,0,0,0
125820647,Centralizzato,"Bicocca, Niguarda",Bignami - Ponale,45.5169,9.2144,10,420,16,1,1,NA,NA,1,0,0,0,0,0,0,0,0
126387267,Centralizzato,"Quadronno, Palestro, Guastalla",Quadronno - Crocetta,45.4542,9.1987,10,390,13,1,1,NA,NA,1,0,0,0,0,0,0,0,0
126848801,Centralizzato,Centro,Brera,45.471,9.1924,10,390,15,1,1,NA,NA,1,0,0,0,0,0,0,0,0
123802043,Centralizzato,"Bisceglie, Baggio, Olmi",Quarto Cagnino,45.4763,9.1104,10,570,10,1,1,NA,NA,1,0,0,0,0,0,0,0,0
126038661,Centralizzato,"Pasteur, Rovereto",Pasteur,45.4893,9.2175,10,450,18,1,1,NA,NA,1,0,0,0,1,0,0,0,0
125249443,Centralizzato,"Bisceglie, Baggio, Olmi",Quarto Cagnino,45.4719,9.1129,10,330,11,1,1,NA,NA,1,0,0,0,0,0,0,0,0
127412009,Centralizzato,"Città Studi, Susa",Plebisciti - Susa,45.4668,9.2235,10,450,17,1,1,NA,NA,1,0,0,0,0,0,0,0,0
119176667,Centralizzato,"Abbiategrasso, Chiesa Rossa",Gratosoglio,45.4163,9.1742,10,550,12,1,1,NA,NA,1,0,0,0,1,0,0,0,0
126891317,Centralizzato,"Udine, Lambrate",Udine,45.4929,9.2393,10,380,13,1,1,NA,NA,1,0,0,0,0,0,0,0,0
126628905,Centralizzato,"Maggiolina, Istria",Istria,45.4995,9.1961,10,520,13,1,1,NA,NA,1,0,0,0,0,0,0,0,0
126982249,Centralizzato,"Udine, Lambrate",Udine,45.4929,9.2393,10,370,13,1,1,NA,NA,1,0,0,0,0,0,0,0,0
126037937,Centralizzato,"Genova, Ticinese",Ticinese,45.4558,9.184,10,510,15,1,1,NA,NA,1,0,0,0,0,0,0,0,0
126738977,Centralizzato,"Solari, Washington",Frua,45.4634,9.1485,10,530,16,1,1,NA,NA,1,0,0,0,0,0,0,0,0
126269439,Centralizzato,"Udine, Lambrate",Quartiere Feltre,45.4879,9.2454,10,510,14,1,1,NA,NA,1,0,0,0,0,0,0,0,0
127272277,Autonomo,"Maggiolina, Istria",Maggiolina,45.4941,9.1984,10,514,16,1,1,NA,NA,1,0,0,0,0,0,0,0,0
127374295,Assente,"Abbiategrasso, Chiesa Rossa",Chiesa Rossa,45.4287,9.1743,18,400,80,3,1,1,0,0,1,0,0,0,0,0,0,0
93731044,Assente,"Abbiategrasso, Chiesa Rossa",Chiesa Rossa,45.4327,9.1861,20,450,120,4,2,1,0,0,0,0,1,0,0,1,0,1
90391271,Assente,"Abbiategrasso, Chiesa Rossa",Chiesa Rossa,45.4311,9.1823,22,430,55,2,1,1,0,0,1,0,1,0,1,0,0,0
126994283,Assente,"Famagosta, Barona",Cantalupa - San Paolo,45.4355,9.1736,9,390,92,NA,1,6,0,0,1,0,1,1,1,0,0,0
126348881,Assente,"Affori, Bovisa",Quarto Oggiaro,45.5096,9.1314,18,550,81,4,2,1,0,0,1,0,0,0,0,1,0,0
126061169,Assente,"San Siro, Trenno",Monte Stella,45.4866,9.1423,19,570,90,3,1,8,0,0,1,0,1,0,1,0,0,1
127024671,Assente,"Abbiategrasso, Chiesa Rossa",Pezzotti - Meda,45.4415,9.1765,12,550,77,3,1,5,0,0,1,0,1,0,0,0,0,0
127425291,Assente,"Udine, Lambrate",Ortica,45.4704,9.2385,20,570,100,3,1,3,0,0,0,0,1,0,1,0,1,1
127494230,Assente,"Bicocca, Niguarda",Greco - Segnano,45.5025,9.2101,15,500,87,1,1,1,1,0,1,0,1,0,1,0,1,0
127214647,Centralizzato,"Cimiano, Crescenzago, Adriano",Cimiano,45.4994,9.241,7,550,55,2,1,0,0,0,0,0,1,1,1,0,1,1
127129667,Centralizzato,"Abbiategrasso, Chiesa Rossa",Cermenate - Abbiategrasso,45.4362,9.17482,10,500,NA,2,1,5,0,0,1,1,1,0,0,0,0,1
108018929,Assente,"Udine, Lambrate",Rubattino,45.4778,9.2485,22,450,16,1,1,8,0,0,1,0,1,1,1,1,1,1
116888575,Assente,"Bicocca, Niguarda",Bicocca,45.5161,9.2141,23,300,20,1,1,1,0,0,0,0,1,1,1,1,0,0
125886491,Assente,"Ponte Lambro, Santa Giulia",Santa Giulia,45.432,9.2444,17,500,15,4,1,4,0,0,0,0,1,1,0,0,0,1
123192447,Assente,"Udine, Lambrate",Udine,45.4913,9.2383,13,550,74,3,1,0.5,0,0,0,0,1,0,0,0,1,1
126017275,Assente,"Affori, Bovisa",Quarto Oggiaro,45.5137,9.1478,11,320,85,3,1,1,0,0,1,0,1,0,0,0,0,0
125384071,Assente,"Fiera, Sempione, City Life, Portello",Sempione,45.4845,9.1629,16,533,15,4,1,3,0,0,1,0,1,0,1,0,0,0
122790894,Assente,"Bicocca, Niguarda",Ca' Granda,45.5081,9.1925,11,370,15,1,2,1,0,0,0,0,1,0,1,0,0,1
101473457,Assente,"Bicocca, Niguarda",Bignami - Ponale,45.5269,9.2058,23,530,85,3,1,5,0,0,1,0,1,1,0,0,0,1
103669254,Assente,"Bicocca, Niguarda",Bruzzano,45.5266,9.178,22,500,85,4,1,4,0,0,1,0,1,0,1,0,0,0
126975991,Assente,"Città Studi, Susa",Casoretto,45.4863,9.2336,22,550,140,4,1,1,0,0,1,0,1,0,1,0,0,0
127578564,Centralizzato,"Affori, Bovisa",Bovisa,45.5032,9.1647,20,500,15,3,1,3,1,1,1,0,1,0,1,0,0,0
113510169,Assente,"Abbiategrasso, Chiesa Rossa",Cermenate - Abbiategrasso,45.4361,9.1811,18,550,70,3,1,4,0,0,0,0,1,1,0,0,0,0
127320347,Assente,"Bicocca, Niguarda",Ca' Granda,45.5054,9.1989,34,565,150,5,2,1,0,0,1,0,1,0,1,0,0,1
126263537,Assente,"Città Studi, Susa",Città Studi,45.4843,9.2278,31,500,85,3,1,3,0,0,1,0,1,0,0,0,0,0
126037307,Centralizzato,"Affori, Bovisa",Bovisa,45.5014,9.1628,10,530,9,1,1,NA,NA,1,0,0,0,0,0,0,0,0
125982005,Autonomo,"Maggiolina, Istria",Cascina dei Pomi,45.4985,9.2086,10,400,13,1,1,NA,NA,1,0,0,0,0,0,0,0,0
124198031,Centralizzato,"Centrale, Repubblica",Buenos Aires,45.4852,9.216,10,390,11,1,1,NA,NA,1,0,0,0,0,0,0,0,0
111724571,Centralizzato,"Bisceglie, Baggio, Olmi",Quarto Cagnino,45.4705,9.1118,10,400,20,1,1,NA,NA,1,0,0,0,1,0,0,0,0
126040399,Centralizzato,"Famagosta, Barona",Barona,45.4421,9.1539,10,460,18,1,1,NA,NA,1,0,0,0,0,0,0,0,0
125612381,Centralizzato,"Bisceglie, Baggio, Olmi",Quarto Cagnino,45.4714,9.1116,10,330,10,1,1,NA,NA,1,0,0,0,0,0,0,0,0
125320229,Centralizzato,"Città Studi, Susa",Argonne - Corsica,45.466,9.2271,10,425,13,1,1,NA,NA,1,0,0,0,0,0,0,0,0
126041633,Centralizzato,"Bicocca, Niguarda",Bignami - Ponale,45.5169,9.2144,10,520,12,1,1,NA,NA,1,0,0,0,0,0,0,0,0
126035609,Centralizzato,"Abbiategrasso, Chiesa Rossa",Cermenate - Abbiategrasso,45.4349,9.1771,10,450,20,1,1,NA,NA,1,0,0,0,0,0,0,0,0
127384525,Assente,"Bande Nere, Inganni",Inganni,45.4557,9.11835,7,450,75,3,1,6,0,0,0,0,0,0,0,0,0,0
126197413,Centralizzato,"Famagosta, Barona",Giambellino,45.4502,9.1405,10,330,16,1,1,NA,NA,1,0,0,0,0,0,0,0,0
126042587,Centralizzato,"San Siro, Trenno",Gallaratese,45.4951,9.1111,10,530,25,1,1,NA,NA,1,0,0,0,0,0,0,0,0
126116293,Centralizzato,"Bicocca, Niguarda",Greco - Segnano,45.5029,9.2122,10,370,18,1,1,NA,NA,1,0,0,0,0,0,0,0,0
126037935,Centralizzato,"Città Studi, Susa",Città Studi,45.4821,9.2367,10,440,16,1,1,NA,NA,1,0,0,0,0,0,0,0,0
124565935,Centralizzato,"Uptown, Cascina Merlata, Viale Certosa",Ghisolfa - Mac Mahon,45.4921,9.1625,10,581,14,1,1,NA,NA,1,0,0,0,0,0,0,0,0
127229193,Centralizzato,"Udine, Lambrate",Udine,45.4929,9.2393,10,380,14,1,1,NA,NA,1,0,0,0,0,0,0,0,0
126040023,Centralizzato,"Pasteur, Rovereto",Pasteur,45.4897,9.2128,10,550,13,1,1,NA,NA,1,0,0,0,0,0,0,0,0
127381577,Centralizzato,"Bicocca, Niguarda",Greco - Segnano,45.5029,9.2122,10,350,13,1,1,NA,NA,1,0,0,0,0,0,0,0,0
124523223,Autonomo,"Corvetto, Rogoredo",Corvetto,45.4386,9.2293,10,550,24,1,1,NA,NA,1,0,0,0,0,0,0,0,0
127460356,Centralizzato,"Solari, Washington",Vercelli - Wagner,45.4674,9.159,10,470,21,1,1,NA,NA,1,0,0,0,0,0,0,0,0
127459994,Centralizzato,"Cenisio, Sarpi, Isola",Isola,45.4889,9.1913,10,520,20,1,1,NA,NA,1,0,0,0,0,0,0,0,0
127272351,Centralizzato,"Città Studi, Susa",Città Studi,45.4859,9.2256,10,420,12,1,1,NA,NA,1,0,0,0,0,0,0,0,0
124313421,Centralizzato,"Bisceglie, Baggio, Olmi",Quarto Cagnino,45.4757,9.1099,10,340,12,1,1,NA,NA,1,0,0,0,0,0,0,0,0
126296447,Centralizzato,"Precotto, Turro",Villa San Giovanni,45.5189,9.2214,10,450,17,1,1,NA,NA,1,0,0,0,0,0,0,0,0
125874463,Centralizzato,"Udine, Lambrate",Udine,45.4929,9.2393,10,370,11,1,1,NA,NA,1,0,0,0,0,0,0,0,0
126335209,Centralizzato,"Uptown, Cascina Merlata, Viale Certosa",Certosa,45.494,9.153,10,400,17,1,1,NA,NA,1,0,0,0,0,0,0,0,0
125392771,Centralizzato,"Udine, Lambrate",Udine,45.4929,9.2393,10,380,13,1,1,NA,NA,1,0,0,0,0,0,0,0,0
126040005,Autonomo,"Maggiolina, Istria",Cascina dei Pomi,45.4985,9.2086,10,500,13,1,1,NA,NA,1,0,0,0,0,0,0,0,0
126440099,Autonomo,"Porta Vittoria, Lodi",Martini - Insubria,45.4558,9.2199,10,428,16,1,1,NA,NA,1,0,0,0,0,0,0,0,0
125390839,Autonomo,"Maggiolina, Istria",Cascina dei Pomi,45.4994,9.2131,10,375,17,1,1,NA,NA,1,0,0,0,0,0,0,0,0
122575014,Centralizzato,"Famagosta, Barona",Barona,45.4421,9.1539,10,575,11,1,1,NA,NA,1,0,0,0,0,0,0,0,0
126726167,Centralizzato,"Centrale, Repubblica",Repubblica,45.4772,9.2009,10,560,10,1,1,NA,NA,1,0,0,0,0,0,0,0,0
126628911,Centralizzato,"Fiera, Sempione, City Life, Portello",Sempione,45.4808,9.1601,10,400,12,1,1,NA,NA,1,0,0,0,0,0,0,0,0
125532099,Centralizzato,"Bisceglie, Baggio, Olmi",Quarto Cagnino,45.4705,9.1118,10,330,12,1,1,NA,NA,1,0,0,0,0,0,0,0,0
122574720,Autonomo,"Precotto, Turro",Precotto,45.5131,9.2286,10,520,13,1,1,NA,NA,1,0,0,0,0,0,0,0,0
123496511,Centralizzato,"Abbiategrasso, Chiesa Rossa",Pezzotti - Meda,45.441,9.1861,10,550,25,1,1,NA,NA,1,0,0,0,1,0,0,0,0
126037309,Centralizzato,"Affori, Bovisa",Bovisa,45.5014,9.1628,10,570,9,1,1,NA,NA,1,0,0,0,0,0,0,0,0
123791083,Centralizzato,"Uptown, Cascina Merlata, Viale Certosa",Ghisolfa - Mac Mahon,45.4921,9.1625,10,529,15,1,1,NA,NA,1,0,0,0,0,0,0,0,0
124967219,Centralizzato,"Bisceglie, Baggio, Olmi",Quarto Cagnino,45.4719,9.1129,10,350,13,1,1,NA,NA,1,0,0,0,0,0,0,0,0
126440165,Centralizzato,"Quadronno, Palestro, Guastalla",Quadronno - Crocetta,45.4542,9.1987,10,380,20,1,1,NA,NA,1,0,0,0,0,0,0,0,0
126037933,Centralizzato,"Città Studi, Susa",Città Studi,45.4821,9.2367,10,440,16,1,1,NA,NA,1,0,0,0,0,0,0,0,0
124484943,Centralizzato,"Udine, Lambrate",Udine,45.4929,9.2393,10,380,13,1,1,NA,NA,1,0,0,0,0,0,0,0,0
126116285,Centralizzato,"Quadronno, Palestro, Guastalla",Quadronno - Crocetta,45.4558,9.2023,10,540,11,1,1,NA,NA,1,0,0,0,0,0,0,0,0
126936601,Centralizzato,"Precotto, Turro",Villa San Giovanni,45.5189,9.2214,10,440,16,1,1,NA,NA,1,0,0,0,0,0,0,0,0
125727227,Centralizzato,"Bisceglie, Baggio, Olmi",Quarto Cagnino,45.4714,9.1116,10,330,8,1,1,NA,NA,1,0,0,0,0,0,0,0,0
125508029,Centralizzato,"San Siro, Trenno",San Siro,45.4686,9.1454,10,550,16,1,1,NA,NA,1,0,0,0,0,0,0,0,0
125612379,Centralizzato,"Solari, Washington",Vercelli - Wagner,45.4694,9.1563,10,450,14,1,1,NA,NA,1,0,0,0,0,0,0,0,0
127301331,Centralizzato,"Bicocca, Niguarda",Ca' Granda,45.5075,9.1947,10,535,16,1,1,NA,NA,1,0,0,0,0,0,0,0,0
126035613,Centralizzato,"Abbiategrasso, Chiesa Rossa",Cermenate - Abbiategrasso,45.4349,9.1771,10,480,20,1,1,NA,NA,1,0,0,0,0,0,0,0,0
127042597,Centralizzato,"Solari, Washington",Dezza,45.4591,9.1594,10,420,17,1,1,NA,NA,1,0,0,0,0,0,0,0,0
109845551,Centralizzato,"Bande Nere, Inganni",Primaticcio,45.4545,9.1316,10,350,15,1,1,NA,NA,1,0,0,0,0,0,0,0,0
125485385,Assente,"Abbiategrasso, Chiesa Rossa",Cermenate - Abbiategrasso,45.4367,9.178,0,550,70,3,1,2,0,0,1,0,1,0,0,0,0,0
127187263,Centralizzato,"Bicocca, Niguarda",Bignami - Ponale,45.5228,9.2088,44,400,103,4,1,4,1,1,1,0,0,0,0,0,0,0
127187821,Autonomo,"Città Studi, Susa",Città Studi,45.484,9.22647,8,400,25,2,1,1,0,0,0,0,0,0,0,0,0,0
127414605,Autonomo,"Famagosta, Barona",Tre Castelli - Faenza,45.4371,9.12349,13,545,150,5,2,1,0,0,0,0,0,0,0,0,0,0
127187259,Centralizzato,"Bicocca, Niguarda",Bignami - Ponale,45.5228,9.2088,42,500,103,4,1,4,1,1,1,0,0,0,0,0,0,0
127296377,Centralizzato,"San Siro, Trenno",Gallaratese,45.5039,9.10403,9,550,20,NA,NA,6,0,0,1,0,1,0,0,0,0,1
123123651,Autonomo,"Famagosta, Barona",Giambellino,45.4468,9.1272,9,400,19,1,1,NA,NA,1,0,0,0,0,0,0,0,0
125249437,Centralizzato,"Precotto, Turro",Villa San Giovanni,45.5189,9.2214,9,330,15,1,1,NA,NA,1,0,0,0,0,0,0,0,0
127646620,Autonomo,"Porta Vittoria, Lodi",Bologna - Sulmona,45.4449,9.22756,21,465,124,6,2,1,1,0,0,0,0,0,0,0,0,0
126628909,Centralizzato,"Bande Nere, Inganni",Gambara,45.4667,9.1389,9,250,16,1,1,NA,NA,1,0,0,0,0,0,0,0,0
126040437,Centralizzato,"Famagosta, Barona",Barona,45.4421,9.1539,9,450,15,1,1,NA,NA,1,0,0,0,0,0,0,0,0
126040383,Centralizzato,"Famagosta, Barona",Barona,45.4421,9.1539,9,430,15,1,1,NA,NA,1,0,0,0,0,0,0,0,0
126042093,Autonomo,"Affori, Bovisa",Affori,45.5152,9.1693,9,550,22,1,1,NA,NA,1,0,0,0,0,0,0,0,0
124198077,Autonomo,"Uptown, Cascina Merlata, Viale Certosa",Certosa,45.4969,9.152,9,550,12,1,1,NA,NA,1,0,0,0,0,0,0,0,0
127352409,Centralizzato,"Bande Nere, Inganni",Gambara,45.4667,9.1389,9,350,16,1,1,NA,NA,1,0,0,0,0,0,0,0,0
127303565,Autonomo,Forlanini,Viale Ungheria - Mecenate,45.4555,9.24407,22,585,63,4,1,1,1,0,0,0,0,0,0,0,0,0
120133434,Centralizzato,"Cimiano, Crescenzago, Adriano",Crescenzago,45.5058,9.2471,9,350,25,1,1,NA,NA,1,0,0,0,0,0,0,0,0
126628907,Centralizzato,"Precotto, Turro",Gorla,45.5053,9.2237,9,350,13,1,1,NA,NA,1,0,0,0,0,0,0,0,0
125058101,Centralizzato,"Solari, Washington",Dezza,45.4605,9.159,9,380,12,1,1,NA,NA,1,0,0,0,0,0,0,0,0
127570108,Autonomo,"Pasteur, Rovereto",Rovereto,45.4936,9.21396,21,575,108,6,2,1,0,0,0,0,0,0,0,0,0,0
125846611,Centralizzato,"Affori, Bovisa",Dergano,45.4975,9.1802,9,355,25,1,1,NA,NA,1,0,0,0,0,0,0,0,0
127091477,Centralizzato,"Quadronno, Palestro, Guastalla",Quadronno - Crocetta,45.4542,9.1987,9,380,20,1,1,NA,NA,1,0,0,0,0,0,0,0,0
125820441,Centralizzato,"Affori, Bovisa",Dergano,45.4975,9.1802,9,355,25,1,1,NA,NA,1,0,0,0,0,0,0,0,0
126242283,Centralizzato,"Quadronno, Palestro, Guastalla",Quadronno - Crocetta,45.4542,9.1987,9,380,17,1,1,NA,NA,1,0,0,0,0,0,0,0,0
88806159,Centralizzato,"Porta Romana, Cadore, Montenero",Porta Romana - Medaglie d'Oro,45.4496,9.20405,10,550,20,NA,NA,2,0,1,0,0,1,0,1,0,0,0
126367645,Centralizzato,"Solari, Washington",Washington,45.4605,9.152,9,400,11,1,1,NA,NA,1,0,0,0,0,0,0,0,0
127570498,Autonomo,"Pasteur, Rovereto",Rovereto,45.4936,9.21396,21,575,108,6,2,1,0,0,0,0,0,0,0,0,0,0
126037303,Autonomo,"Bicocca, Niguarda",Greco - Segnano,45.5082,9.2047,9,520,15,1,1,NA,NA,1,0,0,0,1,0,0,0,0
125058115,Centralizzato,"Precotto, Turro",Gorla,45.5053,9.2237,9,390,17,1,1,NA,NA,1,0,0,0,0,0,0,0,0
123287961,Centralizzato,"Abbiategrasso, Chiesa Rossa",Pezzotti - Meda,45.441,9.1861,10,550,25,1,1,NA,NA,1,0,0,0,1,0,0,0,0
126792005,Centralizzato,"Quadronno, Palestro, Guastalla",Quadronno - Crocetta,45.4542,9.1987,9,420,20,1,1,NA,NA,1,0,0,0,0,0,0,0,0
126040489,Centralizzato,"Uptown, Cascina Merlata, Viale Certosa",Certosa,45.4972,9.1533,9,585,11,1,1,NA,NA,1,0,0,0,0,0,0,0,0
118262075,Centralizzato,"Pasteur, Rovereto",Pasteur,45.4909,9.2113,9,340,18,1,1,NA,NA,1,0,0,0,1,0,0,0,0
127647000,Autonomo,"Porta Vittoria, Lodi",Bologna - Sulmona,45.4449,9.22756,22,450,124,6,2,1,1,0,0,0,0,0,0,0,0,0
125261501,Centralizzato,"Città Studi, Susa",Casoretto,45.4874,9.23366,30,550,14,1,1,4,1,1,1,0,0,0,0,0,0,0
124540509,Centralizzato,"Città Studi, Susa",Casoretto,45.4874,9.23366,18,540,20,1,1,4,1,1,0,0,0,1,0,1,0,0
127237019,Centralizzato,"Uptown, Cascina Merlata, Viale Certosa",Musocco,45.5042,9.12358,15,500,68,2,1,1,1,1,0,0,0,0,0,0,0,0
127646628,Autonomo,"Porta Vittoria, Lodi",Bologna - Sulmona,45.4449,9.22756,22,450,124,6,2,1,1,0,0,0,0,0,0,0,0,0
119571715,Autonomo,"Udine, Lambrate",Lambrate,45.4813,9.24246,6,500,NA,5,2,3,0,0,1,0,1,0,0,0,0,0
122575204,Centralizzato,"Pasteur, Rovereto",Pasteur,45.4909,9.2113,8,460,22,1,1,NA,NA,1,0,0,0,1,0,0,0,0
125820681,Autonomo,"Affori, Bovisa",Affori,45.5152,9.1693,8,550,22,1,1,NA,NA,1,0,0,0,0,0,0,0,0
123975797,Autonomo,"Cimiano, Crescenzago, Adriano",Crescenzago,45.5051,9.2386,8,490,24,1,1,NA,NA,0,0,0,0,0,0,0,0,0
127326249,Assente,"Bisceglie, Baggio, Olmi",Quarto Cagnino,45.4719,9.114,5,550,150,6,2,3,0,0,0,0,0,0,0,0,0,0
126040493,Centralizzato,"Uptown, Cascina Merlata, Viale Certosa",Certosa,45.4963,9.1516,8,580,10,1,1,NA,NA,1,0,0,0,0,0,0,0,0
127490262,Assente,"Cimiano, Crescenzago, Adriano",Cimiano,45.5007,9.22923,5,530,110,5,1,4,0,0,0,0,0,0,0,0,0,0
126040499,Centralizzato,"Uptown, Cascina Merlata, Viale Certosa",Certosa,45.4963,9.1516,8,400,10,1,1,NA,NA,1,0,0,0,0,0,0,0,0
125249449,Centralizzato,"Maggiolina, Istria",Cascina dei Pomi,45.4925,9.2078,8,250,16,1,1,NA,NA,1,0,0,0,0,0,0,0,0
122574360,Centralizzato,"Uptown, Cascina Merlata, Viale Certosa",Certosa,45.4976,9.1508,8,440,9,1,1,NA,NA,1,0,0,0,0,0,0,0,0
125874457,Centralizzato,"San Siro, Trenno",San Siro,45.4745,9.132,8,420,10,1,1,NA,NA,1,0,0,0,0,0,0,0,0
119895384,Centralizzato,"Famagosta, Barona",Cantalupa - San Paolo,45.4268,9.1683,8,390,18,1,1,NA,NA,1,0,0,0,0,0,0,0,0
126040497,Centralizzato,"Uptown, Cascina Merlata, Viale Certosa",Certosa,45.4963,9.1516,8,400,10,1,1,NA,NA,1,0,0,0,0,0,0,0,0
124565481,Autonomo,"Udine, Lambrate",Lambrate,45.4823,9.2398,8,570,16,1,1,NA,NA,1,0,0,0,0,0,0,0,0
126040447,Centralizzato,"Famagosta, Barona",Famagosta,45.4399,9.1736,8,475,30,1,1,NA,NA,1,0,0,0,1,0,0,0,0
114543593,Centralizzato,"Cimiano, Crescenzago, Adriano",Crescenzago,45.5058,9.2471,8,350,25,1,1,NA,NA,1,0,0,0,0,0,0,0,0
123468207,Centralizzato,"Cimiano, Crescenzago, Adriano",Crescenzago,45.5058,9.2471,8,350,25,1,1,NA,NA,1,0,0,0,0,0,0,0,0
126040473,Centralizzato,"Famagosta, Barona",Famagosta,45.4404,9.175,8,450,18,1,1,NA,NA,1,0,0,0,0,0,0,0,0
127385003,Autonomo,"Centrale, Repubblica",Morgagni,45.4736,9.21399,4,520,135,6,2,3,1,0,0,0,0,0,0,0,0,0
126131507,Centralizzato,"Città Studi, Susa",Argonne - Corsica,45.4675,9.23153,11,540,13,1,2,4,1,1,1,0,0,0,0,0,0,0
127541456,Assente,"Affori, Bovisa",Bovisasca,45.5144,9.15212,14,550,80,3,1,1,0,0,0,0,0,0,0,0,0,0
127384395,Autonomo,"Abbiategrasso, Chiesa Rossa",Pezzotti - Meda,45.4433,9.17651,4,525,127,5,1,1,1,0,0,0,0,0,0,0,0,0
118095151,Centralizzato,"Centrale, Repubblica",Buenos Aires,45.483,9.2148,8,380,35,1,1,NA,NA,1,0,0,0,0,0,0,0,0
127042593,Centralizzato,"Quadronno, Palestro, Guastalla",Guastalla,45.4588,9.2006,8,440,12,1,1,NA,NA,1,0,0,0,0,0,0,0,0
126040405,Centralizzato,"Famagosta, Barona",Famagosta,45.4404,9.175,8,450,18,1,1,NA,NA,1,0,0,0,0,0,0,0,0
127384389,Autonomo,"Centrale, Repubblica",Morgagni,45.4736,9.21399,4,520,135,6,2,3,1,0,0,0,0,0,0,0,0,0
126041469,Centralizzato,"Abbiategrasso, Chiesa Rossa",Chiesa Rossa,45.4231,9.1799,8,500,13,1,1,NA,NA,1,0,0,0,0,0,0,0,0
126041453,Centralizzato,"Abbiategrasso, Chiesa Rossa",Gratosoglio,45.4146,9.1699,8,500,12,1,1,NA,NA,1,0,0,0,0,0,0,0,0
127462660,Autonomo,"Uptown, Cascina Merlata, Viale Certosa",Certosa,45.4945,9.14426,4,565,70,4,1,1,1,0,0,0,0,0,0,0,0,0
126036949,Autonomo,"Affori, Bovisa",Bovisa,45.5035,9.162,8,450,12,1,1,NA,NA,1,0,0,0,1,0,0,0,0
123802111,Centralizzato,"Uptown, Cascina Merlata, Viale Certosa",Certosa,45.4911,9.1523,10,500,14,1,1,NA,NA,1,0,0,0,1,0,0,0,0
127355427,Assente,"Bisceglie, Baggio, Olmi",Bisceglie,45.4568,9.11138,14,550,120,5,2,1,0,0,0,0,0,0,0,0,0,0
127414553,Autonomo,"Porta Vittoria, Lodi",Bologna - Sulmona,45.4449,9.22756,31,490,119,6,2,4,1,0,0,0,0,0,0,1,0,0
127490312,Autonomo,"Cimiano, Crescenzago, Adriano",Quartiere Adriano,45.5151,9.23604,24,535,15,4,2,3,0,0,0,0,0,0,0,0,0,0
125874391,Centralizzato,"Pasteur, Rovereto",Pasteur,45.4927,9.2199,10,400,20,1,1,NA,NA,1,0,0,0,1,0,0,0,0
125727157,Centralizzato,"Bande Nere, Inganni",Inganni,45.456,9.1199,10,580,10,1,1,NA,NA,1,0,0,0,0,0,0,0,0
126469597,Centralizzato,"Bande Nere, Inganni",Gambara,45.462,9.1447,10,570,10,1,1,NA,NA,1,0,0,0,0,0,0,0,0
125391743,Centralizzato,"Porta Vittoria, Lodi",Bologna - Sulmona,45.4447,9.2279,10,540,11,1,1,NA,NA,1,0,0,0,0,0,0,0,0
127412021,Centralizzato,"Maggiolina, Istria",Istria,45.4995,9.1961,7,450,22,1,1,NA,NA,1,0,0,0,0,0,0,0,0
125391349,Centralizzato,"Corvetto, Rogoredo",Corvetto,45.4399,9.2071,10,500,11,1,1,NA,NA,1,0,0,0,0,0,0,0,0
125874393,Centralizzato,"Pasteur, Rovereto",Pasteur,45.4927,9.2199,10,400,20,1,1,NA,NA,1,0,0,0,1,0,0,0,0
125391133,Autonomo,"Precotto, Turro",Turro,45.5016,9.2254,10,540,10,1,1,NA,NA,1,0,0,0,0,0,0,0,0
125392439,Centralizzato,"Uptown, Cascina Merlata, Viale Certosa",Certosa,45.4988,9.1411,10,530,12,1,1,NA,NA,1,0,0,0,0,0,0,0,0
125909491,Centralizzato,"Maggiolina, Istria",Maggiolina,45.4981,9.2028,10,525,10,1,1,NA,NA,1,0,0,0,0,0,0,0,0
123802639,Centralizzato,"Uptown, Cascina Merlata, Viale Certosa",Certosa,45.4972,9.1533,10,355,16,1,1,NA,NA,1,0,0,0,0,0,0,0,0
125846821,Centralizzato,"Bande Nere, Inganni",Gambara,45.462,9.1447,10,560,17,1,1,NA,NA,1,0,0,0,0,0,0,0,0
126040013,Centralizzato,"Pasteur, Rovereto",Pasteur,45.4899,9.2127,10,500,13,1,1,NA,NA,1,0,0,0,1,0,0,0,0
125392307,Centralizzato,"Porta Vittoria, Lodi",Bologna - Sulmona,45.4447,9.2279,10,560,13,1,1,NA,NA,1,0,0,0,0,0,0,0,0
125391359,Autonomo,"Affori, Bovisa",Affori,45.518,9.1733,10,530,17,1,1,NA,NA,1,0,0,0,0,0,0,0,0
126936497,Autonomo,"Fiera, Sempione, City Life, Portello",Monte Rosa - Lotto,45.4752,9.145,10,570,11,1,1,NA,NA,1,0,0,0,0,0,0,0,0
125846871,Centralizzato,"San Siro, Trenno",San Siro,45.4719,9.1255,10,465,13,1,1,NA,NA,1,0,0,0,0,0,0,0,0
125495425,Centralizzato,"Pasteur, Rovereto",Pasteur,45.4874,9.2137,10,575,16,1,1,NA,NA,1,0,0,0,0,0,0,0,0
126726055,Centralizzato,"Centrale, Repubblica",Buenos Aires,45.4848,9.2109,10,565,10,1,1,NA,NA,1,0,0,0,0,0,0,0,0
126726053,Centralizzato,"Centrale, Repubblica",Buenos Aires,45.4848,9.2109,10,550,10,1,1,NA,NA,1,0,0,0,0,0,0,0,0
126040017,Centralizzato,"Pasteur, Rovereto",Pasteur,45.4899,9.2127,10,500,13,1,1,NA,NA,1,0,0,0,1,0,0,0,0
125392761,Centralizzato,"San Siro, Trenno",San Siro,45.4748,9.1252,10,500,18,1,1,NA,NA,1,0,0,0,0,0,0,0,0
125846973,Centralizzato,"Bisceglie, Baggio, Olmi",Quarto Cagnino,45.4723,9.1114,10,540,12,1,1,NA,NA,1,0,0,0,0,0,0,0,0
125392345,Assente,"Fiera, Sempione, City Life, Portello",Monte Rosa - Lotto,45.4845,9.1436,10,540,10,1,1,NA,NA,1,0,0,0,0,0,0,0,0
125391833,Assente,"Fiera, Sempione, City Life, Portello",Monte Rosa - Lotto,45.4845,9.1436,10,585,16,1,1,NA,NA,1,0,0,0,0,0,0,0,0
126511711,Centralizzato,"Bisceglie, Baggio, Olmi",Quarto Cagnino,45.4762,9.11,7,520,10,1,1,NA,NA,1,0,0,0,0,0,0,0,0
127381565,Centralizzato,"Porta Venezia, Indipendenza",Porta Venezia,45.4748,9.2107,10,550,13,1,1,NA,NA,1,0,0,0,0,0,0,0,0
125392781,Centralizzato,"Affori, Bovisa",Bovisa,45.5038,9.1616,10,345,15,1,1,NA,NA,1,0,0,0,0,0,0,0,0
125392533,Centralizzato,"San Siro, Trenno",San Siro,45.4748,9.1252,10,500,19,1,1,NA,NA,1,0,0,0,0,0,0,0,0
126037807,Autonomo,"Uptown, Cascina Merlata, Viale Certosa",Certosa,45.4969,9.1492,7,470,12,1,1,NA,NA,1,0,0,0,0,0,0,0,0
126726121,Centralizzato,Forlanini,Quartiere Forlanini,45.4565,9.249,10,495,11,1,1,NA,NA,1,0,0,0,0,0,0,0,0
126052389,Centralizzato,"San Siro, Trenno",San Siro,45.4779,9.14221,11,390,15,1,1,2,1,1,1,0,0,0,0,0,0,0
126726075,Autonomo,"Fiera, Sempione, City Life, Portello",Monte Rosa - Lotto,45.4752,9.145,10,570,16,1,1,NA,NA,1,0,0,0,0,0,0,0,0
127118759,Centralizzato,"Bande Nere, Inganni",Lorenteggio,45.4528,9.1394,10,575,10,1,1,NA,NA,1,0,0,0,0,0,0,0,0
126726071,Autonomo,"Fiera, Sempione, City Life, Portello",Monte Rosa - Lotto,45.4752,9.145,10,570,14,1,1,NA,NA,1,0,0,0,0,0,0,0,0
126041235,Centralizzato,"Bande Nere, Inganni",Lorenteggio,45.4535,9.1379,10,555,11,1,1,NA,NA,1,0,0,0,0,0,0,0,0
125418717,Centralizzato,"Uptown, Cascina Merlata, Viale Certosa",Certosa,45.4988,9.1411,10,560,12,1,1,NA,NA,1,0,0,0,0,0,0,0,0
125277877,Centralizzato,"Bisceglie, Baggio, Olmi",Quarto Cagnino,45.4749,9.1095,7,330,14,1,1,NA,NA,1,0,0,0,0,0,0,0,0
125846609,Centralizzato,"Pasteur, Rovereto",Pasteur,45.4927,9.2199,10,400,20,1,1,NA,NA,1,0,0,0,1,0,0,0,0
125909425,Autonomo,"Uptown, Cascina Merlata, Viale Certosa",Musocco,45.5085,9.1288,10,350,18,1,1,NA,NA,1,0,0,0,0,0,0,0,0
125320159,Autonomo,"Precotto, Turro",Villa San Giovanni,45.5202,9.2287,10,500,12,1,1,NA,NA,1,0,0,0,0,0,0,0,0
125598975,Centralizzato,"Uptown, Cascina Merlata, Viale Certosa",Certosa,45.4988,9.1411,10,550,21,1,1,NA,NA,1,0,0,0,0,0,0,0,0
127412025,Centralizzato,"Maggiolina, Istria",Istria,45.4995,9.1961,7,450,22,1,1,NA,NA,1,0,0,0,0,0,0,0,0
126040495,Centralizzato,"Uptown, Cascina Merlata, Viale Certosa",Certosa,45.4963,9.1516,7,490,10,1,1,NA,NA,1,0,0,0,0,0,0,0,0
123123617,Autonomo,"Pasteur, Rovereto",Pasteur,45.4899,9.2127,10,500,13,1,1,NA,NA,1,0,0,0,0,0,0,0,0
126040077,Centralizzato,"Pasteur, Rovereto",Pasteur,45.4899,9.2127,10,500,13,1,1,NA,NA,1,0,0,0,1,0,0,0,0
125392631,Centralizzato,"Corvetto, Rogoredo",Corvetto,45.4391,9.2117,10,585,18,1,1,NA,NA,1,0,0,0,0,0,0,0,0
126413335,Centralizzato,"Porta Vittoria, Lodi",Molise - Cuoco,45.4562,9.224,10,530,14,1,1,NA,NA,1,0,0,0,0,0,0,0,0
123809285,Centralizzato,"Abbiategrasso, Chiesa Rossa",Cermenate - Abbiategrasso,45.4332,9.1791,7,500,9,1,1,NA,NA,1,0,0,0,0,0,0,0,0
126936495,Autonomo,"Fiera, Sempione, City Life, Portello",Monte Rosa - Lotto,45.4752,9.145,10,585,12,1,1,NA,NA,1,0,0,0,0,0,0,0,0
125390933,Centralizzato,"Uptown, Cascina Merlata, Viale Certosa",Certosa,45.4988,9.1411,10,470,10,1,1,NA,NA,1,0,0,0,0,0,0,0,0
125391185,Centralizzato,"San Siro, Trenno",San Siro,45.4719,9.1255,10,490,15,1,1,NA,NA,1,0,0,0,0,0,0,0,0
127197743,Centralizzato,"Bande Nere, Inganni",Gambara,45.4667,9.1389,7,500,13,1,1,NA,NA,1,0,0,0,0,0,0,0,0
126037815,Autonomo,"Uptown, Cascina Merlata, Viale Certosa",Certosa,45.4969,9.1492,7,330,15,1,1,NA,NA,1,0,0,0,0,0,0,0,0
125391985,Autonomo,"Abbiategrasso, Chiesa Rossa",Gratosoglio,45.4154,9.1813,10,535,12,1,1,NA,NA,1,0,0,0,0,0,0,0,0
126040015,Centralizzato,"Pasteur, Rovereto",Pasteur,45.4899,9.2127,10,500,13,1,1,NA,NA,1,0,0,0,1,0,0,0,0
125391469,Centralizzato,"Porta Vittoria, Lodi",Molise - Cuoco,45.4562,9.224,10,515,15,1,1,NA,NA,1,0,0,0,0,0,0,0,0
125391151,Centralizzato,"Bande Nere, Inganni",Bande Nere,45.4592,9.1319,10,575,18,1,1,NA,NA,1,0,0,0,0,0,0,0,0
125598787,Autonomo,"Uptown, Cascina Merlata, Viale Certosa",Musocco,45.5085,9.1288,10,380,18,1,1,NA,NA,1,0,0,0,0,0,0,0,0
126040095,Autonomo,"Pasteur, Rovereto",Pasteur,45.4899,9.2127,10,400,13,1,1,NA,NA,1,0,0,0,0,0,0,0,0
125846877,Centralizzato,"San Siro, Trenno",San Siro,45.4719,9.1255,10,565,17,1,1,NA,NA,1,0,0,0,0,0,0,0,0
125622421,Centralizzato,"Maggiolina, Istria",Cascina dei Pomi,45.4924,9.2078,10,500,13,1,1,NA,NA,1,0,0,0,0,0,0,0,0
125391589,Centralizzato,"Città Studi, Susa",Città Studi,45.4755,9.22,10,585,NA,1,1,NA,NA,1,0,0,0,0,0,0,0,0
125392297,Centralizzato,"San Siro, Trenno",San Siro,45.4719,9.1255,10,480,15,1,1,NA,NA,1,0,0,0,0,0,0,0,0
126791905,Centralizzato,"San Siro, Trenno",Gallaratese,45.4851,9.1194,10,510,16,1,1,NA,NA,1,0,0,0,0,0,0,0,0
126726069,Autonomo,"Fiera, Sempione, City Life, Portello",Monte Rosa - Lotto,45.4752,9.145,10,570,21,1,1,NA,NA,1,0,0,0,0,0,0,0,0
126726127,Centralizzato,Forlanini,Quartiere Forlanini,45.4565,9.249,10,495,13,1,1,NA,NA,1,0,0,0,0,0,0,0,0
123123623,Autonomo,"Precotto, Turro",Villa San Giovanni,45.5202,9.2287,10,500,12,1,1,NA,NA,1,0,0,0,0,0,0,0,0
125391599,Centralizzato,"Cenisio, Sarpi, Isola",Zara,45.4954,9.1889,10,575,15,1,1,NA,NA,1,0,0,0,0,0,0,0,0
126469629,Centralizzato,"Solari, Washington",Washington,45.4605,9.152,7,400,11,1,1,NA,NA,1,0,0,0,0,0,0,0,0
125391415,Centralizzato,"Maggiolina, Istria",Maggiolina,45.4955,9.2037,10,540,11,1,1,NA,NA,1,0,0,0,0,0,0,0,0
126726051,Autonomo,"Fiera, Sempione, City Life, Portello",Monte Rosa - Lotto,45.4752,9.145,10,545,12,1,1,NA,NA,1,0,0,0,0,0,0,0,0
126726063,Centralizzato,Forlanini,Quartiere Forlanini,45.4565,9.249,10,515,19,1,1,NA,NA,1,0,0,0,0,0,0,0,0
126167047,Centralizzato,"Centrale, Repubblica",Buenos Aires,45.4789,9.2032,10,545,15,1,1,NA,NA,1,0,0,0,0,0,0,0,0
126269419,Centralizzato,"Maggiolina, Istria",Maggiolina,45.496,9.2054,10,545,20,1,1,NA,NA,1,0,0,0,0,0,0,0,0
125391607,Centralizzato,"Città Studi, Susa",Città Studi,45.4755,9.22,10,585,NA,1,1,NA,NA,1,0,0,0,0,0,0,0,0
125391959,Centralizzato,"Centrale, Repubblica",Buenos Aires,45.4789,9.2032,10,545,15,1,1,NA,NA,1,0,0,0,0,0,0,0,0
127646582,Autonomo,"Bicocca, Niguarda",Bicocca,45.5164,9.20888,5,490,50,3,1,2,0,0,0,0,0,0,0,0,0,0
125391863,Centralizzato,"Maggiolina, Istria",Maggiolina,45.4965,9.2057,10,565,23,1,1,NA,NA,1,0,0,0,0,0,0,0,0
127229145,Centralizzato,"Cenisio, Sarpi, Isola",Isola,45.4917,9.1957,10,535,12,1,1,NA,NA,1,0,0,0,0,0,0,0,0
126037775,Centralizzato,"Uptown, Cascina Merlata, Viale Certosa",Certosa,45.4969,9.1492,7,350,15,1,1,NA,NA,1,0,0,0,0,0,0,0,0
126726135,Autonomo,"Fiera, Sempione, City Life, Portello",Monte Rosa - Lotto,45.4752,9.145,10,570,17,1,1,NA,NA,1,0,0,0,0,0,0,0,0
125953401,Centralizzato,"Solari, Washington",Solari,45.4522,9.1578,10,555,24,1,1,NA,NA,1,0,0,0,0,0,0,0,0
126040511,Centralizzato,"Uptown, Cascina Merlata, Viale Certosa",Certosa,45.4972,9.1533,10,460,16,1,1,NA,NA,1,0,0,0,0,0,0,0,0
127351465,Centralizzato,"San Siro, Trenno",Gallaratese,45.4952,9.12786,15,500,14,1,2,2,1,1,1,0,0,0,0,0,0,0
126413373,Centralizzato,"Maggiolina, Istria",Maggiolina,45.4955,9.2037,10,530,13,1,1,NA,NA,1,0,0,0,0,0,0,0,0
126469609,Centralizzato,"Bande Nere, Inganni",Gambara,45.4629,9.1425,10,550,9,1,1,NA,NA,1,0,0,0,0,0,0,0,0
125391521,Centralizzato,"Porta Venezia, Indipendenza",Porta Venezia,45.4783,9.2032,10,585,13,1,1,NA,NA,1,0,0,0,0,0,0,0,0
125390875,Centralizzato,"Bande Nere, Inganni",Gambara,45.462,9.1447,10,570,9,1,1,NA,NA,1,0,0,0,0,0,0,0,0
126040051,Autonomo,"Bande Nere, Inganni",Gambara,45.4664,9.1393,10,550,15,1,1,NA,NA,1,0,0,0,0,0,0,0,0
126269423,Autonomo,"Affori, Bovisa",Affori,45.518,9.1733,10,535,18,1,1,NA,NA,1,0,0,0,0,0,0,0,0
125475375,Centralizzato,"Bande Nere, Inganni",Lorenteggio,45.4528,9.1394,10,480,9,1,1,NA,NA,1,0,0,0,0,0,0,0,0
125392177,Centralizzato,"Maggiolina, Istria",Maggiolina,45.4981,9.2028,10,530,10,1,1,NA,NA,1,0,0,0,0,0,0,0,0
125993223,Centralizzato,"Solari, Washington",Washington,45.4605,9.152,7,400,11,1,1,NA,NA,1,0,0,0,0,0,0,0,0
126469617,Autonomo,"Abbiategrasso, Chiesa Rossa",Gratosoglio,45.4193,9.1788,10,495,13,1,1,NA,NA,1,0,0,0,0,0,0,0,0
120133440,Centralizzato,"Cimiano, Crescenzago, Adriano",Crescenzago,45.5058,9.2471,7,350,25,1,1,NA,NA,1,0,0,0,0,0,0,0,0
125391725,Centralizzato,"San Siro, Trenno",San Siro,45.4672,9.144,10,560,10,1,1,NA,NA,1,0,0,0,0,0,0,0,0
127179971,Assente,"Bicocca, Niguarda",Niguarda,45.5159,9.1922,7,575,13,NA,1,4,0,0,0,0,0,0,0,0,0,0
125622445,Centralizzato,"Centrale, Repubblica",Centrale,45.4848,9.2077,10,585,13,1,1,NA,NA,1,0,0,0,0,0,0,0,0
126080013,Centralizzato,"Corvetto, Rogoredo",Corvetto,45.4373,9.2156,10,545,15,1,1,NA,NA,1,0,0,0,1,0,0,0,0
125392237,Centralizzato,"Uptown, Cascina Merlata, Viale Certosa",Certosa,45.4988,9.1411,10,570,18,1,1,NA,NA,1,0,0,0,0,0,0,0,0
125598837,Centralizzato,"Maggiolina, Istria",Maggiolina,45.4981,9.2028,10,520,16,1,1,NA,NA,1,0,0,0,0,0,0,0,0
125846765,Centralizzato,"Corvetto, Rogoredo",Corvetto,45.4373,9.2156,10,520,15,1,1,NA,NA,1,0,0,0,1,0,0,0,0
125953379,Centralizzato,"Corvetto, Rogoredo",Corvetto,45.4399,9.2071,10,540,13,1,1,NA,NA,1,0,0,0,0,0,0,0,0
125391507,Centralizzato,"Bande Nere, Inganni",Gambara,45.4629,9.1425,10,550,10,1,1,NA,NA,1,0,0,0,0,0,0,0,0
126936491,Autonomo,"Fiera, Sempione, City Life, Portello",Monte Rosa - Lotto,45.4752,9.145,10,570,11,1,1,NA,NA,1,0,0,0,0,0,0,0,0
127010017,Centralizzato,"Pasteur, Rovereto",Pasteur,45.4907,9.2125,10,535,12,1,1,NA,NA,1,0,0,0,0,0,0,0,0
127381561,Centralizzato,"Porta Venezia, Indipendenza",Porta Venezia,45.4748,9.2107,10,550,13,1,1,NA,NA,1,0,0,0,0,0,0,0,0
125392779,Centralizzato,"Affori, Bovisa",Bovisa,45.5038,9.1616,10,345,15,1,1,NA,NA,1,0,0,0,0,0,0,0,0
127138791,Centralizzato,"Uptown, Cascina Merlata, Viale Certosa",Certosa,45.4988,9.1411,10,545,16,1,1,NA,NA,1,0,0,0,0,0,0,0,0
125746805,Assente,"Napoli, Soderini",Piazza Napoli,45.4535,9.1521,12,550,70,2,1,10,0,0,0,0,1,0,1,0,0,0
125988627,Autonomo,"Porta Vittoria, Lodi",Lodi - Brenta,45.4465,9.21371,11,352,85,3,2,1,0,1,0,0,0,0,0,0,0,0
121157720,Centralizzato,"Città Studi, Susa",Città Studi,45.4846,9.23543,9,500,14,1,NA,3,1,1,0,0,0,0,0,0,0,0
126101853,Centralizzato,"Città Studi, Susa",Città Studi,45.4834,9.22892,5,400,25,2,1,3,0,0,0,0,0,1,0,0,0,0
126813579,Centralizzato,"Udine, Lambrate",Udine,45.4878,9.23723,8,550,15,1,1,4,1,1,0,0,0,0,0,0,0,0
127420135,Centralizzato,"Bicocca, Niguarda",Bignami - Ponale,45.5275,9.2099,10,525,17,4,2,2,1,1,0,0,0,0,0,0,0,0
126753887,Centralizzato,"Cimiano, Crescenzago, Adriano",Ponte Nuovo,45.5054,9.2386,3,500,110,3,1,0.5,0,0,0,1,1,0,1,0,0,0
127418883,Assente,"Bicocca, Niguarda",Bignami - Ponale,45.5253,9.20832,16,400,17,3,2,4,1,0,0,0,0,0,0,0,0,0
125685003,Centralizzato,"Udine, Lambrate",Ortica,45.4702,9.2439,6,550,17,1,1,NA,NA,1,0,0,0,0,0,0,0,0
126038647,Centralizzato,"Città Studi, Susa",Città Studi,45.4696,9.2235,6,490,20,1,1,NA,NA,1,0,0,0,1,0,0,0,0
127460008,Autonomo,"Bisceglie, Baggio, Olmi",Baggio,45.4592,9.0974,6,390,23,1,1,NA,NA,1,0,0,0,0,0,0,0,0
123802211,Centralizzato,"Cimiano, Crescenzago, Adriano",Crescenzago,45.5051,9.2463,6,350,25,1,1,NA,NA,1,0,0,0,0,0,0,0,0
123022159,Centralizzato,Navigli,Bocconi,45.4486,9.1881,6,550,12,1,1,NA,NA,1,0,0,0,0,0,0,0,0
127355519,Autonomo,"Bande Nere, Inganni",Gambara,45.4667,9.1389,7,500,80,5,1,1,0,0,0,0,0,0,0,0,0,0
120133436,Centralizzato,"Cimiano, Crescenzago, Adriano",Crescenzago,45.5058,9.2471,6,350,25,1,1,NA,NA,1,0,0,0,0,0,0,0,0
122640040,Centralizzato,"Abbiategrasso, Chiesa Rossa",Cermenate - Abbiategrasso,45.4318,9.18117,10,520,35,1,1,5,1,1,0,0,0,0,0,0,0,0
127541462,Assente,"Cimiano, Crescenzago, Adriano",Ponte Nuovo,45.5057,9.23841,4,515,107,4,1,1,0,0,0,0,0,0,0,0,0,0
117791671,Assente,"Bicocca, Niguarda",Bignami - Ponale,45.5224,9.2053,25,550,140,5,2,4,0,0,1,0,1,1,0,1,0,1
127179603,Assente,"Uptown, Cascina Merlata, Viale Certosa",Certosa,45.491,9.1524,20,450,18,3,1,2,0,0,1,0,1,0,1,0,0,0
122064696,Assente,"Ponte Lambro, Santa Giulia",Santa Giulia,45.4338,9.2399,36,340,120,4,1,5,0,0,1,0,1,1,0,0,0,0
127253929,Assente,"Cimiano, Crescenzago, Adriano",Ponte Nuovo,45.5067,9.2387,12,300,78,4,1,3,0,0,1,0,1,0,0,0,0,0
126456621,Centralizzato,"Città Studi, Susa",Argonne - Corsica,45.4664,9.2318,27,440,100,4,1,1,0,1,1,0,1,0,0,0,0,0
123997231,Assente,"Famagosta, Barona",Tre Castelli - Faenza,45.4407,9.1289,34,500,76,2,1,4,0,0,1,0,1,1,1,0,0,1
127061731,Assente,"Porta Vittoria, Lodi",Molise - Cuoco,45.4514,9.2262,21,500,160,6,1,2,0,0,1,0,1,1,0,1,0,1
127359579,Assente,"Famagosta, Barona",Tre Castelli - Faenza,45.4398,9.1469,24,500,61,3,1,2,0,0,1,0,1,1,1,0,0,0
127586598,Assente,"San Siro, Trenno",Gallaratese,45.4937,9.1141,18,470,14,3,1,3,0,0,1,0,1,1,0,0,0,1
126730757,Assente,"Cimiano, Crescenzago, Adriano",Cimiano,45.4986,9.2293,18,550,95,3,1,6,0,0,1,0,1,1,0,0,0,1
126456667,Assente,"Città Studi, Susa",Argonne - Corsica,45.4661,9.2317,20,500,90,4,1,1,0,0,1,0,1,0,0,0,0,0
124528913,Assente,"Cimiano, Crescenzago, Adriano",Ponte Nuovo,45.5079,9.2392,20,370,20,5,2,1,0,0,1,0,1,1,1,0,1,1
126116003,Assente,"Affori, Bovisa",Bovisa,45.5,9.1505,18,550,20,2,1,3,0,0,0,0,1,0,0,0,0,0
127593152,Assente,"Città Studi, Susa",Casoretto,45.4863,9.2336,20,550,140,4,3,1,0,0,1,0,1,0,1,0,0,0
118695065,Assente,"Abbiategrasso, Chiesa Rossa",Chiesa Rossa,45.4282,9.1723,16,500,112,4,2,4,0,0,1,0,1,0,0,0,0,0
127591456,Assente,"Udine, Lambrate",Udine,45.4909,9.2324,19,475,79,3,1,2,0,0,0,0,1,0,1,0,0,0
122832812,Assente,"Bande Nere, Inganni",Primaticcio,45.4578,9.1237,23,450,133,4,1,2,0,0,1,0,1,1,1,1,1,1
126450637,Assente,"Famagosta, Barona",Giambellino,45.4436,9.1304,25,550,100,3,1,2,0,0,1,0,1,0,0,0,0,1
125137173,Assente,"Bicocca, Niguarda",Ca' Granda,45.5067,9.1918,19,550,20,2,1,1,0,0,1,0,1,0,1,1,0,0
127254555,Assente,"Cimiano, Crescenzago, Adriano",Ponte Nuovo,45.5067,9.2387,12,350,78,4,1,3,0,0,1,0,1,0,0,0,0,0
124165571,Assente,"Affori, Bovisa",Bovisa,45.503,9.1646,15,550,75,3,1,3,0,0,1,0,1,0,1,0,0,0
123419827,Assente,"Bicocca, Niguarda",Ca' Granda,45.5067,9.1918,28,520,20,2,2,1,0,0,1,0,1,0,1,0,0,0
127330531,Assente,"Famagosta, Barona",Giambellino,45.4499,9.1376,23,450,85,3,1,1,0,0,1,0,1,1,1,1,0,1
119249381,Assente,"Città Studi, Susa",Casoretto,45.4886,9.2297,20,520,14,4,2,7,0,0,1,0,1,0,0,0,0,1
127453238,Assente,"Bicocca, Niguarda",Ca' Granda,45.5067,9.1918,23,540,20,5,2,1,0,0,0,0,1,0,1,1,1,0
122819098,Centralizzato,"Cimiano, Crescenzago, Adriano",Cimiano,45.4966,9.23509,17,550,12,1,2,2,1,1,1,0,0,0,0,0,0,0
126037809,Autonomo,"Uptown, Cascina Merlata, Viale Certosa",Certosa,45.4969,9.1492,6,440,12,1,1,NA,NA,1,0,0,0,0,0,0,0,0
123022149,Centralizzato,Navigli,Bocconi,45.4486,9.1881,6,550,12,1,1,NA,NA,1,0,0,0,0,0,0,0,0
127494554,Assente,"Cenisio, Sarpi, Isola",Zara,45.4932,9.1936,9,500,70,1,NA,0,0,0,0,0,1,1,1,0,0,1
125392267,Centralizzato,"Bande Nere, Inganni",Lorenteggio,45.4528,9.1394,9,580,10,1,1,NA,NA,1,0,0,0,0,0,0,0,0
126038653,Autonomo,"Bisceglie, Baggio, Olmi",Baggio,45.4592,9.0974,6,390,23,1,1,NA,NA,1,0,0,0,0,0,0,0,0
127201229,Autonomo,"Bande Nere, Inganni",Gambara,45.4667,9.1389,7,500,80,5,1,1,0,0,0,0,0,0,0,0,0,0
126041455,Centralizzato,"Abbiategrasso, Chiesa Rossa",Gratosoglio,45.4061,9.1733,6,450,12,1,1,NA,NA,1,0,0,0,0,0,0,0,0
126041921,Autonomo,"Affori, Bovisa",Bovisa,45.5038,9.1653,6,580,12,1,1,NA,NA,1,0,0,0,0,0,0,0,0
126848799,Centralizzato,"Bisceglie, Baggio, Olmi",Quarto Cagnino,45.474,9.1108,6,320,12,1,1,NA,NA,1,0,0,0,0,0,0,0,0
126041477,Centralizzato,"Abbiategrasso, Chiesa Rossa",Gratosoglio,45.4061,9.1733,6,450,11,1,1,NA,NA,1,0,0,0,0,0,0,0,0
126242255,Centralizzato,"Pasteur, Rovereto",Pasteur,45.4874,9.2137,9,550,10,1,1,NA,NA,1,0,0,0,0,0,0,0,0
126041985,Autonomo,"Affori, Bovisa",Bovisa,45.5038,9.1653,6,580,9,1,1,NA,NA,1,0,0,0,0,0,0,0,0
126041473,Centralizzato,"Abbiategrasso, Chiesa Rossa",Cermenate - Abbiategrasso,45.4332,9.1791,6,500,9,1,1,NA,NA,1,0,0,0,0,0,0,0,0
125847101,Centralizzato,"Città Studi, Susa",Plebisciti - Susa,45.4659,9.2176,6,500,13,1,1,NA,NA,1,0,0,0,0,0,0,0,0
126038677,Centralizzato,"Città Studi, Susa",Città Studi,45.4693,9.2233,6,490,20,1,1,NA,NA,1,0,0,0,1,0,0,0,0
126041675,Centralizzato,"Famagosta, Barona",Giambellino,45.4502,9.1405,6,470,14,1,1,NA,NA,1,0,0,0,0,0,0,0,0
124229679,Centralizzato,"Bande Nere, Inganni",Bande Nere,45.4568,9.1316,6,250,18,1,1,NA,NA,1,0,0,0,0,0,0,0,0
127303471,Assente,"Pasteur, Rovereto",Pasteur,45.4909,9.21135,15,470,130,6,2,3,0,0,0,0,0,0,0,0,0,0
122828178,Autonomo,"Città Studi, Susa",Casoretto,45.4871,9.23331,20,500,100,NA,NA,0,0,1,0,0,0,0,0,0,0,0
127628164,Centralizzato,"Affori, Bovisa",Bovisa,45.5015,9.16651,9,500,15,1,1,3,1,1,1,0,0,0,0,0,0,0
127317359,Assente,"Precotto, Turro",Villa San Giovanni,45.5175,9.22541,21,550,15,3,2,6,0,0,0,0,0,0,0,0,0,0
127356117,Assente,"Bisceglie, Baggio, Olmi",Bisceglie,45.4568,9.11138,14,550,120,5,2,1,0,0,0,0,0,0,0,0,0,0
127308615,Assente,"Affori, Bovisa",Bovisa,45.5045,9.1611,1,500,16,4,2,1,0,0,0,0,1,1,0,0,0,0
126041755,Centralizzato,"Affori, Bovisa",Affori,45.5209,9.1532,5,550,14,1,1,NA,NA,1,0,0,0,0,0,0,0,0
126041485,Centralizzato,"Abbiategrasso, Chiesa Rossa",Cermenate - Abbiategrasso,45.4332,9.1791,5,450,9,1,1,NA,NA,1,0,0,0,0,0,0,0,0
126037803,Autonomo,"Bicocca, Niguarda",Bicocca,45.5163,9.2089,5,490,18,1,1,NA,NA,1,0,0,0,0,0,0,0,0
125277873,Centralizzato,"Precotto, Turro",Villa San Giovanni,45.5189,9.2214,5,330,15,1,1,NA,NA,1,0,0,0,0,0,0,0,0
127095893,Centralizzato,"Udine, Lambrate",Udine,45.4908,9.23699,43,550,16,1,NA,0.5,1,1,0,0,0,1,0,0,0,0
126042507,Autonomo,"Cimiano, Crescenzago, Adriano",Ponte Nuovo,45.5103,9.2463,5,340,5,1,1,NA,NA,0,0,0,0,1,0,0,0,0
126037791,Autonomo,"Cimiano, Crescenzago, Adriano",Crescenzago,45.502,9.2463,5,390,15,1,1,NA,NA,1,0,0,0,0,0,0,0,0
126041947,Autonomo,"Affori, Bovisa",Bovisa,45.5038,9.1653,5,530,9,1,1,NA,NA,1,0,0,0,0,0,0,0,0
127347375,Assente,"Fiera, Sempione, City Life, Portello",Monte Rosa - Lotto,45.4798,9.1431,1,550,22,1,1,2,0,0,1,0,1,1,1,1,1,1
125727229,Centralizzato,"Precotto, Turro",Villa San Giovanni,45.5189,9.2214,5,470,15,1,1,NA,NA,1,0,0,0,0,0,0,0,0
123802769,Centralizzato,"Affori, Bovisa",Affori,45.5209,9.1532,5,580,14,1,1,NA,NA,1,0,0,0,0,0,0,0,0
126037789,Autonomo,"Cimiano, Crescenzago, Adriano",Crescenzago,45.502,9.2463,5,310,15,1,1,NA,NA,1,0,0,0,0,0,0,0,0
127187823,Centralizzato,"Bicocca, Niguarda",Bignami - Ponale,45.5236,9.21415,4,400,25,4,1,2,0,0,0,0,0,1,0,0,0,0
126818883,Autonomo,"Abbiategrasso, Chiesa Rossa",Pezzotti - Meda,45.4386,9.1819,7,545,19,1,1,NA,NA,1,0,0,0,0,0,0,0,0
125391211,Centralizzato,"Napoli, Soderini",Tripoli - Soderini,45.4547,9.1478,7,580,13,1,1,NA,NA,1,0,0,0,0,0,0,0,0
125879169,Centralizzato,"Affori, Bovisa",Dergano,45.5038,9.17434,3,470,8,2,1,0.5,0,0,1,1,1,0,1,1,0,0
126036867,Centralizzato,"Bande Nere, Inganni",Lorenteggio,45.4539,9.1401,4,430,15,1,1,NA,NA,1,0,0,0,0,0,0,0,0
127460354,Centralizzato,"Bisceglie, Baggio, Olmi",Quarto Cagnino,45.474,9.1108,4,330,13,1,1,NA,NA,1,0,0,0,0,0,0,0,0
125953381,Centralizzato,"Maggiolina, Istria",Cascina dei Pomi,45.4924,9.2078,6,485,13,1,1,NA,NA,1,0,0,0,0,0,0,0,0
125773319,Centralizzato,"Maggiolina, Istria",Maggiolina,45.496,9.2054,6,540,16,1,1,NA,NA,1,0,0,0,0,0,0,0,0
125320105,Centralizzato,"Cenisio, Sarpi, Isola",Cenisio,45.4879,9.1646,4,437,20,1,1,NA,NA,1,0,0,0,0,0,0,0,0
123802743,Centralizzato,"Affori, Bovisa",Affori,45.5209,9.1532,4,500,10,1,1,NA,NA,1,0,0,0,0,0,0,0,0
125351547,Autonomo,"Affori, Bovisa",Dergano,45.5023,9.1732,4,450,13,1,1,NA,NA,1,0,0,0,1,0,0,0,0
125391115,Centralizzato,"Maggiolina, Istria",Maggiolina,45.496,9.2054,6,530,14,1,1,NA,NA,1,0,0,0,0,0,0,0,0
127459984,Centralizzato,"Bande Nere, Inganni",Lorenteggio,45.4539,9.1401,4,420,15,1,1,NA,NA,1,0,0,0,0,0,0,0,0
127459976,Centralizzato,"Bande Nere, Inganni",Lorenteggio,45.4539,9.1401,4,430,15,1,1,NA,NA,1,0,0,0,0,0,0,0,0
127459978,Centralizzato,"Bande Nere, Inganni",Lorenteggio,45.4539,9.1401,4,460,15,1,1,NA,NA,1,0,0,0,0,0,0,0,0
127459986,Centralizzato,"Bande Nere, Inganni",Lorenteggio,45.4539,9.1401,4,420,15,1,1,NA,NA,1,0,0,0,0,0,0,0,0
126036885,Centralizzato,"Bande Nere, Inganni",Lorenteggio,45.4539,9.1401,4,420,15,1,1,NA,NA,1,0,0,0,0,0,0,0,0
125675741,Centralizzato,"Centrale, Repubblica",Centrale,45.4869,9.21414,20,500,20,NA,NA,3,1,1,0,0,0,1,0,0,0,0
125392227,Centralizzato,"Maggiolina, Istria",Maggiolina,45.4958,9.204,6,530,11,1,1,NA,NA,1,0,0,0,0,0,0,0,0
126423255,Centralizzato,"Famagosta, Barona",Barona,45.4409,9.15633,9,550,19,2,1,NA,NA,1,0,0,0,0,0,0,0,0
125846663,Centralizzato,"Bisceglie, Baggio, Olmi",Quarto Cagnino,45.4723,9.1114,5,560,15,1,1,NA,NA,1,0,0,0,0,0,0,0,0
125391623,Centralizzato,"Maggiolina, Istria",Cascina dei Pomi,45.5006,9.2093,5,495,14,1,1,NA,NA,1,0,0,0,0,0,0,0,0
127462704,Autonomo,"Affori, Bovisa",Dergano,45.5023,9.1706,1,585,60,3,1,1,0,0,0,0,0,0,0,0,0,0
125846915,Centralizzato,"Corvetto, Rogoredo",Corvetto,45.4373,9.2156,5,510,9,1,1,NA,NA,1,0,0,0,1,0,0,0,0
127191051,Assente,"Ponte Lambro, Santa Giulia",Santa Giulia,45.4318,9.2425,8,500,100,3,NA,3,0,0,0,0,0,1,0,0,0,0
127384791,Assente,"Bisceglie, Baggio, Olmi",Bisceglie,45.4568,9.11138,2,500,15,1,1,1,0,0,0,0,0,0,0,0,0,0
127095891,Centralizzato,"Udine, Lambrate",Udine,45.4901,9.2372,24,500,12,1,NA,0,1,1,0,0,0,1,0,0,0,0
127417309,Centralizzato,"Bande Nere, Inganni",Inganni,45.4566,9.11707,14,450,20,1,NA,4,0,0,0,0,0,1,0,0,0,0
127279327,Centralizzato,"Cimiano, Crescenzago, Adriano",Cimiano,45.5009,9.24161,12,550,15,1,NA,1,1,1,0,0,0,0,0,0,0,0
126189151,Autonomo,"Bicocca, Niguarda",Niguarda,45.5239,9.19028,4,375,80,3,NA,1,0,1,0,0,1,0,0,0,0,0
127565424,Centralizzato,"Città Studi, Susa",Città Studi,45.481,9.23367,3,450,55,2,1,0.5,0,0,0,1,1,0,0,0,0,1
126559331,Assente,"Corvetto, Rogoredo",Corvetto,45.4371,9.21161,5,500,9,NA,NA,4,1,1,1,0,0,0,0,0,0,0
127438874,Autonomo,"Genova, Ticinese",Ticinese,45.4522,9.18312,1,550,12,1,1,2,1,0,0,0,0,0,0,0,0,0
127563350,Assente,"Bande Nere, Inganni",Piazzale Siena,45.4662,9.1336,5,500,90,3,2,4,0,0,1,0,0,0,0,0,0,0
126021615,Centralizzato,"Abbiategrasso, Chiesa Rossa",Pezzotti - Meda,45.4381,9.17593,23,550,20,1,1,9,1,1,1,0,0,0,0,0,0,0
127343507,Assente,"Città Studi, Susa",Città Studi,45.4759,9.22115,1,500,20,1,NA,0,0,0,0,0,0,0,0,0,0,0
127604580,Autonomo,"Bisceglie, Baggio, Olmi",Baggio,45.4613,9.09547,7,500,50,2,1,3,0,0,0,0,1,0,0,1,0,1
127502310,Centralizzato,"San Siro, Trenno",Trenno,45.4909,9.10065,18,525,17,2,1,2,0,0,0,1,1,0,0,0,0,1
127499104,Centralizzato,"Bicocca, Niguarda",Ca' Granda,45.5072,9.20068,13,570,NA,4,3,1,0,0,0,1,1,0,1,0,0,1
127469900,Centralizzato,"Cimiano, Crescenzago, Adriano",Ponte Nuovo,45.5074,9.23703,5,480,10,3,1,2,0,0,0,0,1,0,0,0,1,1
100993771,Centralizzato,"Bicocca, Niguarda",Prato Centenaro,45.5112,9.19811,11,550,20,3,1,0.5,0,0,1,0,1,0,1,0,0,1
80714937,Autonomo,"Pasteur, Rovereto",Rovereto,45.4974,9.22027,7,350,100,3,2,3,0,1,1,0,1,0,0,0,0,0
120585168,Centralizzato,"Famagosta, Barona",Giambellino,45.4447,9.12829,15,450,30,4,2,4,0,0,1,0,1,0,0,0,0,1
122885166,Centralizzato,"Fiera, Sempione, City Life, Portello",Sempione,45.481,9.16274,8,480,20,6,3,2,0,0,0,1,1,0,1,0,0,1
82321064,Centralizzato,"Affori, Bovisa",Bovisa,45.5016,9.16223,14,480,16,5,2,0.5,0,1,0,0,1,0,0,0,1,0
95512126,Autonomo,"Ripamonti, Vigentino",Ripamonti - Fondazione Prada,45.4431,9.203,11,490,130,4,2,4,0,0,1,0,1,0,1,1,0,1
118725713,Centralizzato,"Ponte Lambro, Santa Giulia",Santa Giulia,45.4325,9.24502,18,500,NA,3,1,2,0,0,0,0,1,0,0,0,0,0
87901588,Centralizzato,"Cenisio, Sarpi, Isola",Farini,45.4951,9.17657,16,410,18,3,1,1,0,1,1,1,1,0,0,0,0,0
123634801,Centralizzato,"Affori, Bovisa",Roserio,45.5184,9.13194,20,500,NA,5,1,0.5,0,0,0,0,1,0,0,0,0,0
95456568,Autonomo,"Ripamonti, Vigentino",Ripamonti - Fondazione Prada,45.4432,9.20335,10,490,130,6,2,4,0,0,1,0,1,0,1,1,0,1
120109436,Autonomo,"Precotto, Turro",Villa San Giovanni,45.5192,9.22894,8,570,70,3,1,1,0,0,0,1,1,0,1,0,1,1
90249133,Autonomo,"Centrale, Repubblica",Centrale,45.4908,9.20381,7,449,NA,3,4,0,0,1,0,0,1,0,1,0,0,1
127371809,Centralizzato,"Città Studi, Susa",Città Studi,45.4693,9.22333,16,450,20,3,2,4,0,0,0,0,1,0,0,0,0,1
82612471,Centralizzato,"San Siro, Trenno",Gallaratese,45.4988,9.10906,10,500,14,3,1,8,0,1,1,1,1,0,0,0,1,0
120818004,Autonomo,"Bisceglie, Baggio, Olmi",Baggio,45.4614,9.09042,17,570,85,4,2,0.5,0,0,0,0,1,0,0,0,0,1
125836161,Autonomo,"Affori, Bovisa",Bovisa,45.5003,9.15213,20,570,26,5,1,4,0,0,0,1,1,0,0,1,0,1
119029523,Centralizzato,"Cimiano, Crescenzago, Adriano",Cimiano,45.5016,9.23613,11,400,40,2,1,0.5,0,0,0,0,1,0,1,0,0,1
126745837,Centralizzato,"Città Studi, Susa",Città Studi,45.4824,9.22646,18,420,19,5,2,6,0,0,1,1,1,0,1,1,0,1
109758737,Assente,"Affori, Bovisa",Bovisa,45.5042,9.16794,6,460,50,2,1,1,0,0,0,0,0,0,0,1,0,0
83710775,Centralizzato,"Maggiolina, Istria",Cascina dei Pomi,45.4985,9.2086,13,450,31,4,2,4,0,1,1,1,1,0,1,0,1,0
125998681,Centralizzato,"Abbiategrasso, Chiesa Rossa",Pezzotti - Meda,45.4404,9.18168,10,550,13,3,1,1,0,0,0,0,1,0,1,1,1,1
125580715,Autonomo,"Abbiategrasso, Chiesa Rossa",Gratosoglio,45.4146,9.17183,17,500,NA,4,1,1,0,0,0,0,0,0,0,0,0,1
126969345,Centralizzato,"Corvetto, Rogoredo",Corvetto,45.4403,9.22787,16,550,15,2,1,6,0,0,0,1,1,0,1,1,1,0
122978474,Autonomo,"Affori, Bovisa",Bovisa,45.5008,9.16741,16,450,65,2,1,1,0,0,1,0,1,0,1,0,0,0
126794977,Centralizzato,"San Siro, Trenno",Gallaratese,45.4954,9.12342,13,500,20,3,1,1,0,0,1,1,1,0,0,0,1,1
115307651,Centralizzato,"Uptown, Cascina Merlata, Viale Certosa",Certosa,45.4939,9.14677,11,370,20,4,2,0.5,0,0,1,1,1,0,0,0,0,0
106048209,Autonomo,"Solari, Washington",Washington,45.4561,9.15245,9,570,20,3,2,1,0,0,1,0,1,0,0,1,1,0
86235048,Assente,"Genova, Ticinese",Ticinese,45.4528,9.18308,4,386,NA,3,1,5,0,1,1,0,0,0,0,0,0,0
119580587,Centralizzato,"San Siro, Trenno",Gallaratese,45.5029,9.09484,8,550,120,3,1,0,0,0,1,0,1,0,0,0,1,1
99621004,Autonomo,"Affori, Bovisa",Comasina,45.5284,9.16238,9,390,65,4,1,2,0,0,1,1,1,0,1,1,0,0
114503307,Centralizzato,"Ripamonti, Vigentino",Ripamonti - Fondazione Prada,45.4391,9.19871,5,480,60,4,1,1,0,0,1,0,1,0,0,0,0,1
126049061,Autonomo,"Maggiolina, Istria",Maggiolina,45.492,9.19538,6,565,100,4,2,0.5,0,0,0,0,1,0,0,0,0,0
122818248,Centralizzato,"Udine, Lambrate",Quartiere Feltre,45.4895,9.24741,9,560,15,4,1,5,0,0,1,1,1,0,0,0,1,0
121964574,Centralizzato,"Bicocca, Niguarda",Greco - Segnano,45.5019,9.21216,7,560,14,3,1,4,0,0,0,1,1,0,1,0,0,0
113019905,Centralizzato,"Famagosta, Barona",Tre Castelli - Faenza,45.4451,9.14419,8,550,9,4,1,2,0,0,0,0,1,0,1,0,1,0
109811647,Centralizzato,"Udine, Lambrate",Quartiere Feltre,45.4879,9.24113,12,582,18,5,2,2,0,0,1,1,1,0,1,0,1,1
124030691,Centralizzato,"Bande Nere, Inganni",Piazzale Siena,45.4648,9.13611,6,500,25,2,1,7,0,0,1,1,1,0,1,0,0,1
126428023,Autonomo,"Centrale, Repubblica",Repubblica,45.4786,9.20274,10,442,20,NA,1,2,0,0,0,1,1,0,1,0,0,0
126894999,Centralizzato,"Cimiano, Crescenzago, Adriano",Cimiano,45.4954,9.23745,17,400,60,NA,NA,7,0,0,0,0,1,0,0,0,0,0
121571992,Centralizzato,"Affori, Bovisa",Roserio,45.52,9.14201,17,550,13,6,2,4,0,0,1,1,1,0,1,0,1,1
88718715,Centralizzato,"Famagosta, Barona",Cantalupa - San Paolo,45.4338,9.1721,5,540,18,2,1,13,0,1,1,1,1,0,1,0,0,0
123892671,Autonomo,Navigli,Ascanio Sforza,45.4486,9.17749,9,550,56,4,1,4,0,0,1,1,1,0,0,0,0,1
101254241,Centralizzato,"Bisceglie, Baggio, Olmi",Quarto Cagnino,45.471,9.11217,11,500,11,NA,NA,3,0,0,0,0,1,0,0,0,0,1
112381549,Centralizzato,"Bicocca, Niguarda",Bicocca,45.5168,9.20376,6,400,80,5,1,0.5,0,0,0,0,1,0,1,0,1,0
126074177,Centralizzato,"Città Studi, Susa",Casoretto,45.487,9.22635,10,500,25,3,1,1,0,0,0,1,1,0,0,0,0,0
109104489,Centralizzato,"Bisceglie, Baggio, Olmi",Quarto Cagnino,45.4727,9.11254,11,500,10,5,2,7,0,0,0,1,1,0,0,0,0,1
124683303,Centralizzato,"Affori, Bovisa",Vialba,45.5124,9.13418,10,550,NA,6,2,5,0,0,0,1,1,0,1,0,1,0
116724053,Centralizzato,"Maggiolina, Istria",Maggiolina,45.4929,9.20463,14,500,NA,6,1,0.5,0,0,0,1,1,0,1,0,0,0
126343893,Centralizzato,"Corvetto, Rogoredo",Corvetto,45.4344,9.22449,7,550,50,2,1,1,0,0,1,0,1,0,1,0,1,1
126898269,Centralizzato,"Famagosta, Barona",Tre Castelli - Faenza,45.4396,9.15137,11,440,NA,3,1,1,0,0,0,1,1,0,1,0,0,1
127280207,Centralizzato,"Bicocca, Niguarda",Bruzzano,45.5255,9.1711,5,450,NA,4,1,0,0,0,0,0,1,0,0,0,0,1
116849565,Autonomo,"Uptown, Cascina Merlata, Viale Certosa",Certosa,45.4904,9.1492,9,500,300,6,4,-1,0,0,0,0,1,0,0,0,1,0
124318131,Assente,"Abbiategrasso, Chiesa Rossa",Gratosoglio,45.4185,9.17841,10,550,46,2,1,2,0,0,1,1,1,0,1,0,1,1
126295433,Centralizzato,"Abbiategrasso, Chiesa Rossa",Cermenate - Abbiategrasso,45.4355,9.18362,18,500,65,3,1,1,0,0,1,0,1,0,1,0,0,1
113373827,Centralizzato,"Fiera, Sempione, City Life, Portello",Sempione,45.4803,9.16117,9,510,NA,2,1,2,0,0,1,1,1,0,1,0,0,0
125688483,Centralizzato,"Porta Vittoria, Lodi",Bologna - Sulmona,45.4429,9.22392,9,550,64,2,1,3,0,0,0,1,1,0,1,0,0,1
81479003,Autonomo,"Affori, Bovisa",Bovisa,45.5055,9.16244,14,570,NA,6,2,3,0,1,1,1,1,0,0,0,0,1
116401519,Centralizzato,"Cimiano, Crescenzago, Adriano",Cimiano,45.5002,9.24078,20,550,65,3,1,3,0,0,1,1,1,0,0,0,1,0
110466055,Autonomo,"Abbiategrasso, Chiesa Rossa",Pezzotti - Meda,45.4397,9.17874,19,550,15,3,1,-1,0,0,0,0,1,0,1,0,0,1
126599269,Centralizzato,"Precotto, Turro",Precotto,45.5107,9.21892,6,480,120,5,3,0.5,0,0,0,1,1,0,1,0,1,1
122218332,Centralizzato,"Affori, Bovisa",Quarto Oggiaro,45.5118,9.14767,10,550,16,3,1,4,0,0,1,1,1,0,1,0,0,1
125907617,Autonomo,"Bisceglie, Baggio, Olmi",Baggio,45.4581,9.08968,19,500,93,3,1,3,0,0,1,1,1,0,1,0,1,0
121287732,Autonomo,"Affori, Bovisa",Vialba,45.5129,9.12973,8,400,120,6,2,7,0,0,1,1,1,0,1,0,0,1
121211958,Centralizzato,"Bande Nere, Inganni",Bande Nere,45.4573,9.13499,20,550,150,6,2,6,0,0,1,1,1,0,1,1,1,1
124167657,Centralizzato,"Affori, Bovisa",Dergano,45.5043,9.18859,18,500,14,3,1,4,0,0,0,0,1,0,1,0,1,1
118927655,Centralizzato,"San Siro, Trenno",Gallaratese,45.4967,9.10974,8,435,70,4,1,5,0,0,1,1,1,0,0,0,1,0
122433752,Centralizzato,"Città Studi, Susa",Città Studi,45.4824,9.23767,20,550,60,3,2,2,0,0,1,1,1,0,0,0,0,0
121829178,Centralizzato,"Abbiategrasso, Chiesa Rossa",Chiesa Rossa,45.4296,9.17729,18,300,65,4,1,0,0,0,0,0,1,0,0,0,1,0
124603249,Autonomo,"Bisceglie, Baggio, Olmi",Baggio,45.4694,9.0898,15,580,25,3,2,1,0,0,1,0,1,0,0,0,0,1
109549879,Centralizzato,"Bisceglie, Baggio, Olmi",Quarto Cagnino,45.4708,9.11124,16,550,25,5,2,7,0,0,1,1,1,0,0,0,1,1
67375657,Autonomo,"Uptown, Cascina Merlata, Viale Certosa",Certosa,45.4904,9.1492,20,350,20,6,4,1,0,1,1,0,1,0,0,1,1,0
89353405,Centralizzato,"Corvetto, Rogoredo",Corvetto,45.4424,9.22371,15,450,12,3,2,2,0,1,0,1,1,0,0,0,0,1
110438145,Centralizzato,"Bicocca, Niguarda",Bicocca,45.5134,9.20501,5,550,110,4,2,7,0,0,1,0,1,0,1,1,0,0
109525035,Centralizzato,"Città Studi, Susa",Città Studi,45.4751,9.22435,8,500,22,3,1,0.5,0,0,0,1,1,0,1,0,0,0
88431541,Assente,"San Siro, Trenno",Gallaratese,45.4961,9.12288,7,550,NA,2,2,9,0,1,1,1,1,0,1,0,1,1
127228145,Centralizzato,"Cimiano, Crescenzago, Adriano",Cimiano,45.4987,9.23435,7,500,20,2,1,0.5,0,0,0,0,1,0,0,0,0,1
109758767,Assente,"Famagosta, Barona",Cantalupa - San Paolo,45.433,9.16201,6,500,NA,NA,NA,5,0,0,1,0,0,0,0,0,0,0
125809795,Centralizzato,"Porta Vittoria, Lodi",Bologna - Sulmona,45.4458,9.22639,8,550,13,3,1,0.5,0,0,0,1,1,0,1,0,1,1
53015529,Autonomo,"Affori, Bovisa",Bovisa,45.4996,9.16712,5,400,25,5,2,0.5,0,1,1,1,1,0,1,0,0,0
127380593,Centralizzato,"Città Studi, Susa",Città Studi,45.4735,9.23518,12,415,80,3,2,9,0,0,1,1,1,0,1,0,0,1
123749467,Centralizzato,"Pasteur, Rovereto",Parco Trotter,45.4918,9.2271,7,550,15,3,1,3,0,0,0,1,1,0,1,0,0,1
125608085,Centralizzato,"Bicocca, Niguarda",Bicocca,45.5138,9.21255,7,480,23,3,2,4,0,0,1,0,1,0,0,0,0,1
126412239,Autonomo,"Fiera, Sempione, City Life, Portello",Monte Rosa - Lotto,45.4847,9.14391,11,450,87,2,2,0,0,0,0,1,1,0,1,0,0,1
125999089,Autonomo,"Ponte Lambro, Santa Giulia",Santa Giulia,45.4312,9.24337,15,550,NA,3,1,3,0,0,0,0,0,0,0,0,0,0
119380037,Centralizzato,"Cenisio, Sarpi, Isola",Farini,45.4968,9.17249,11,500,12,3,2,5,0,0,1,0,1,0,1,0,0,1
127353751,Autonomo,"San Siro, Trenno",Gallaratese,45.4896,9.11936,12,550,15,2,1,-3,0,0,0,1,1,0,0,0,0,1
126057379,Centralizzato,"Affori, Bovisa",Dergano,45.5052,9.17834,12,500,NA,3,1,0.5,0,0,0,1,1,0,1,0,1,0
126954475,Assente,"Abbiategrasso, Chiesa Rossa",Cermenate - Abbiategrasso,45.435,9.17917,7,500,70,2,1,2,0,0,1,1,0,0,1,0,0,0
126971761,Autonomo,"Precotto, Turro",Villa San Giovanni,45.5172,9.22459,16,373,NA,2,1,1,0,0,1,1,1,0,1,0,0,1
123494755,Autonomo,"Porta Venezia, Indipendenza",Piave - Tricolore,45.4665,9.20827,10,566,80,5,2,7,0,0,0,1,0,0,1,0,0,0
124490693,Centralizzato,"Città Studi, Susa",Città Studi,45.4795,9.23553,15,400,65,5,1,0.5,0,0,0,1,1,0,0,0,0,0
118189835,Centralizzato,"Famagosta, Barona",Tre Castelli - Faenza,45.4391,9.14106,14,500,120,4,2,1,0,0,0,1,1,0,0,0,0,0
118249935,Assente,"Uptown, Cascina Merlata, Viale Certosa",Ghisolfa - Mac Mahon,45.4933,9.16145,7,550,15,5,2,1,0,0,0,0,1,0,0,0,1,1
121776928,Assente,"Cenisio, Sarpi, Isola",Farini,45.4941,9.18208,13,412,100,4,2,2,0,0,0,0,1,0,0,0,1,1
120893986,Centralizzato,"Famagosta, Barona",Tre Castelli - Faenza,45.4376,9.12323,10,430,12,3,1,3,0,0,1,1,1,0,1,1,0,1
122679240,Centralizzato,"Precotto, Turro",Gorla,45.5042,9.22763,11,380,NA,2,2,12,0,0,1,1,1,0,1,0,0,0
113793741,Autonomo,"Famagosta, Barona",Cantalupa - San Paolo,45.437,9.17248,16,450,30,4,1,4,0,0,1,1,1,0,1,0,0,0
118901451,Centralizzato,"Centrale, Repubblica",Centrale,45.4863,9.20941,12,415,40,3,1,5,0,0,1,0,1,0,1,1,0,0
125999737,Centralizzato,"Precotto, Turro",Villa San Giovanni,45.5231,9.22429,16,500,15,3,2,-1,0,0,0,0,1,0,0,0,0,1
121380748,Centralizzato,"Fiera, Sempione, City Life, Portello",De Angeli,45.4664,9.14773,19,500,100,5,2,2,0,0,1,1,1,0,1,0,0,1
126286153,Centralizzato,"Città Studi, Susa",Città Studi,45.4812,9.22526,20,475,25,4,1,3,0,0,0,1,1,0,1,0,0,0
119919404,Centralizzato,"Bicocca, Niguarda",Ca' Granda,45.5067,9.19176,8,580,20,4,1,1,0,0,1,0,1,0,1,0,0,0
123538247,Autonomo,"Affori, Bovisa",Vialba,45.5138,9.12806,10,400,125,4,2,4,0,0,1,1,1,0,0,0,1,1
115171911,Centralizzato,"Affori, Bovisa",Bovisa,45.4969,9.15425,11,500,16,4,2,9,0,0,0,1,1,0,1,0,0,1
127053337,Autonomo,"Affori, Bovisa",Quarto Oggiaro,45.5088,9.13917,12,450,NA,1,1,8,0,0,0,1,1,0,0,0,0,1
121537374,Autonomo,"Porta Romana, Cadore, Montenero",Cadore,45.4582,9.21405,14,530,NA,2,1,2,0,0,1,1,1,0,1,0,0,1
124054031,Centralizzato,"Affori, Bovisa",Bovisa,45.5007,9.15066,12,400,55,2,1,2,0,0,0,1,1,0,1,0,0,1
119401479,Centralizzato,"Affori, Bovisa",Dergano,45.5002,9.18006,11,535,70,4,1,2,0,0,0,0,1,0,1,0,0,0
120197612,Centralizzato,"Maggiolina, Istria",Cascina dei Pomi,45.4987,9.21069,11,550,16,1,2,7,0,0,1,1,1,0,1,0,0,1
102205410,Autonomo,"Famagosta, Barona",Cantalupa - San Paolo,45.4347,9.14726,13,550,18,4,2,2,0,0,0,1,1,0,0,0,1,1
117794261,Centralizzato,"Bicocca, Niguarda",Niguarda,45.5164,9.20168,9,570,13,4,2,5,0,0,0,1,1,0,1,0,1,1
94411886,Centralizzato,"Bicocca, Niguarda",Bignami - Ponale,45.5203,9.21135,20,330,20,5,2,4,0,0,0,1,0,0,0,0,0,1
114083245,Centralizzato,"Bicocca, Niguarda",Bruzzano,45.5271,9.16896,13,365,22,1,1,4,0,0,1,1,1,0,1,0,1,0
122725060,Centralizzato,"Cimiano, Crescenzago, Adriano",Cimiano,45.4965,9.23947,6,350,25,3,1,2,0,0,1,1,1,0,0,0,0,0
82534470,Centralizzato,"Bicocca, Niguarda",Bicocca,45.5172,9.20829,8,480,65,2,1,2,0,1,1,1,1,0,1,0,0,0
126654035,Centralizzato,"Uptown, Cascina Merlata, Viale Certosa",Certosa,45.4959,9.15062,12,490,14,5,2,4,0,0,0,0,1,0,1,0,0,0
118875565,Centralizzato,"Bande Nere, Inganni",Piazzale Siena,45.4663,9.12812,9,510,65,3,1,6,0,0,0,0,1,0,0,0,0,1
117186785,Centralizzato,"Bande Nere, Inganni",Lorenteggio,45.4522,9.1379,14,400,17,3,1,6,0,0,1,1,1,0,1,0,1,1
123725859,Centralizzato,Navigli,Bocconi,45.4501,9.19179,9,360,75,2,1,1,0,0,1,0,1,0,1,0,0,0
121539394,Autonomo,"San Siro, Trenno",San Siro,45.4757,9.14235,9,550,100,5,1,1,0,0,1,0,1,0,1,0,0,0
120158480,Centralizzato,"Città Studi, Susa",Città Studi,45.4804,9.23406,15,500,60,2,1,3,0,0,1,1,1,0,1,0,0,1
88939301,Centralizzato,"Affori, Bovisa",Affori,45.5147,9.15845,9,550,16,6,1,1,0,1,1,0,1,0,1,0,1,1
126205639,Centralizzato,Navigli,Navigli - Darsena,45.4442,9.17411,9,500,NA,2,1,1,0,0,0,0,1,0,0,1,0,0
119393475,Centralizzato,"Fiera, Sempione, City Life, Portello",Monte Rosa - Lotto,45.4775,9.14837,7,350,35,2,1,3,0,0,1,1,1,0,1,0,0,0
124594029,Assente,"Bicocca, Niguarda",Bicocca,45.5106,9.21426,11,300,20,6,3,0,0,0,0,0,1,0,1,0,1,0
126572431,Centralizzato,"Maggiolina, Istria",Cascina dei Pomi,45.4938,9.20788,10,500,NA,2,1,3,0,0,0,0,1,0,1,0,0,0
127310231,Centralizzato,"Udine, Lambrate",Udine,45.4916,9.23796,9,400,65,2,1,0.5,0,0,0,0,1,0,0,0,0,0
118106445,Autonomo,"Affori, Bovisa",Quarto Oggiaro,45.5089,9.13052,17,550,12,3,1,2,0,0,1,0,1,0,0,0,0,0
125045803,Centralizzato,"Città Studi, Susa",Città Studi,45.483,9.22491,10,490,18,3,1,2,0,0,0,1,1,0,1,0,0,1
121803448,Autonomo,"Uptown, Cascina Merlata, Viale Certosa",Certosa,45.4904,9.1492,11,400,300,6,4,0.5,0,0,0,1,1,0,0,0,1,0
126643803,Centralizzato,Forlanini,Quartiere Forlanini,45.46,9.24366,8,550,19,3,1,1,0,0,0,1,1,0,1,0,0,1
89629467,Autonomo,"Porta Venezia, Indipendenza",Porta Venezia,45.4761,9.20425,9,500,NA,3,1,2,0,1,0,1,1,0,1,0,0,1
109445105,Autonomo,"Abbiategrasso, Chiesa Rossa",Cermenate - Abbiategrasso,45.4373,9.17914,7,400,16,3,2,1,0,0,1,1,1,0,0,1,1,1
122200000,Centralizzato,"Bande Nere, Inganni",Lorenteggio,45.4503,9.12638,11,460,NA,3,1,0.5,0,0,0,1,1,0,1,0,1,0
124478183,Centralizzato,"Città Studi, Susa",Città Studi,45.4797,9.23557,13,400,70,3,1,0.5,0,0,0,0,1,0,0,0,0,0
113213023,Centralizzato,"Abbiategrasso, Chiesa Rossa",Chiesa Rossa,45.4256,9.17279,12,550,16,4,1,2,0,0,0,0,1,0,0,0,0,0
114730709,Autonomo,"Città Studi, Susa",Casoretto,45.4865,9.22453,10,490,NA,4,1,4,0,0,0,0,1,0,0,0,0,0
127388787,Centralizzato,"Città Studi, Susa",Argonne - Corsica,45.4671,9.23415,8,500,14,4,1,5,0,0,0,1,1,0,0,0,0,0
127253831,Centralizzato,"Abbiategrasso, Chiesa Rossa",Chiesa Rossa,45.4347,9.1869,9,550,15,1,1,7,0,0,0,1,1,0,1,0,1,1
47139495,Centralizzato,"Bande Nere, Inganni",Lorenteggio,45.4521,9.13795,9,500,65,1,1,1,0,1,1,1,1,0,1,0,0,1
122063816,Centralizzato,"Affori, Bovisa",Bovisa,45.5004,9.16463,20,430,70,2,1,4,0,0,0,1,1,0,1,0,0,1
91997598,Autonomo,"Famagosta, Barona",Tre Castelli - Faenza,45.4376,9.15204,10,550,80,4,2,0.5,0,0,1,0,1,0,1,0,0,0
121517412,Autonomo,"Bisceglie, Baggio, Olmi",Bisceglie,45.4476,9.09858,10,450,35,3,2,11,0,0,1,1,1,0,1,1,1,0
127243843,Centralizzato,"Città Studi, Susa",Città Studi,45.4826,9.22106,8,450,65,2,1,4,0,0,1,1,1,0,0,0,0,0
126219895,Centralizzato,"Affori, Bovisa",Bovisa,45.5015,9.14497,5,450,2,2,1,6,0,0,1,1,1,0,1,0,0,0
109360393,Centralizzato,"Bicocca, Niguarda",Ca' Granda,45.508,9.20203,8,550,60,2,1,1,0,0,0,1,1,0,1,0,0,0
125658581,Centralizzato,"Famagosta, Barona",Famagosta,45.4373,9.16113,8,580,90,3,1,4,0,0,1,1,1,0,1,1,1,0
110104595,Autonomo,"Città Studi, Susa",Città Studi,45.486,9.23066,8,550,72,3,1,4,0,0,1,1,1,0,0,0,0,0
126214567,Centralizzato,"Abbiategrasso, Chiesa Rossa",Chiesa Rossa,45.4286,9.17399,8,420,40,5,2,1,0,0,0,1,1,0,0,0,0,1
112739665,Centralizzato,"Città Studi, Susa",Città Studi,45.4828,9.23117,9,550,80,3,1,0.5,0,0,0,1,1,0,1,0,1,0
124325221,Centralizzato,"Famagosta, Barona",Tre Castelli - Faenza,45.4452,9.1448,7,370,30,6,1,5,0,0,1,0,1,0,1,0,0,0
118548803,Centralizzato,"Uptown, Cascina Merlata, Viale Certosa",Certosa,45.4971,9.15228,9,550,80,3,1,4,0,0,1,0,1,0,1,0,0,1
84958316,Centralizzato,Navigli,Navigli - Darsena,45.4477,9.17674,7,450,18,2,1,1,0,1,1,0,1,0,1,0,0,0
82288188,Centralizzato,"Affori, Bovisa",Bovisa,45.4995,9.16699,7,570,120,6,2,0.5,0,1,1,1,1,0,1,0,0,0
126563145,Centralizzato,"Uptown, Cascina Merlata, Viale Certosa",Ghisolfa - Mac Mahon,45.4897,9.15397,20,450,16,5,1,5,0,0,1,0,1,0,1,0,0,1
123655155,Autonomo,"Abbiategrasso, Chiesa Rossa",Gratosoglio,45.4194,9.17832,10,370,150,5,2,1,0,0,0,0,0,0,0,1,0,0
116162403,Centralizzato,"Bicocca, Niguarda",Prato Centenaro,45.5085,9.20452,14,550,15,3,1,4,0,0,0,1,1,0,1,0,0,1
114385903,Centralizzato,"Affori, Bovisa",Bovisa,45.5003,9.14972,6,450,40,2,1,3,0,0,0,0,1,0,0,1,0,1
122822740,Centralizzato,"Affori, Bovisa",Vialba,45.5132,9.13691,12,500,20,6,3,0,0,0,0,0,1,0,1,0,0,1
127228685,Autonomo,Centro,Carrobbio,45.4609,9.18542,8,495,42,2,1,1,0,0,0,1,1,0,0,0,0,0
103053536,Centralizzato,"Ponte Lambro, Santa Giulia",Ponte Lambro,45.4416,9.26245,12,550,60,NA,1,3,0,0,1,1,1,0,0,0,1,0
126675073,Centralizzato,"Arco della Pace, Arena, Pagano",Vincenzo Monti,45.4686,9.17394,7,500,100,3,1,3,0,0,0,0,1,0,1,0,0,1
126787649,Autonomo,Forlanini,Viale Ungheria - Mecenate,45.4533,9.23966,7,510,125,4,2,2,0,0,1,1,1,0,0,0,0,0
109214477,Centralizzato,"Corvetto, Rogoredo",Corvetto,45.4366,9.22625,6,580,NA,5,2,2,0,0,0,1,1,0,1,0,1,0
109599971,Centralizzato,"Bicocca, Niguarda",Prato Centenaro,45.5075,9.19671,7,550,14,5,2,5,0,0,1,1,1,0,1,1,1,1
109516625,Autonomo,"Bicocca, Niguarda",Niguarda,45.5184,9.19341,12,530,120,2,NA,2,0,0,0,1,0,0,0,0,0,0
120535122,Autonomo,"Famagosta, Barona",Tre Castelli - Faenza,45.4365,9.12382,7,580,10,4,2,1,0,0,0,1,1,0,1,0,0,0
83231707,Centralizzato,"Abbiategrasso, Chiesa Rossa",Chiesa Rossa,45.4267,9.17239,6,580,16,3,1,2,0,1,1,1,1,0,0,0,1,0
126856559,Centralizzato,"Bicocca, Niguarda",Prato Centenaro,45.5097,9.19804,1,500,12,3,1,6,0,0,0,1,1,0,0,0,0,0
118112405,Autonomo,"Porta Romana, Cadore, Montenero",Porta Romana - Medaglie d'Oro,45.4488,9.20387,7,575,50,2,1,1,0,0,1,1,1,0,1,0,0,0
122896562,Centralizzato,"Porta Vittoria, Lodi",Bologna - Sulmona,45.441,9.22802,7,490,15,3,1,5,0,0,1,1,1,0,1,0,0,0
118102729,Centralizzato,"Famagosta, Barona",Barona,45.4439,9.15591,10,580,20,3,2,1,0,0,0,1,1,0,1,0,1,1
125817507,Centralizzato,"Città Studi, Susa",Città Studi,45.4792,9.21762,7,500,90,3,1,-1,0,0,0,0,1,0,1,0,0,1
126486879,Centralizzato,"Bicocca, Niguarda",Niguarda,45.5155,9.18865,7,550,17,3,1,8,0,0,1,1,1,0,1,0,0,0
127587658,Assente,"Precotto, Turro",Villa San Giovanni,45.5218,9.2271,34,500,16,3,1,8,0,0,1,0,1,1,1,0,1,1
81230281,Assente,"Maggiolina, Istria",Cascina dei Pomi,45.4997,9.2121,22,400,140,4,2,1,0,0,1,0,1,1,1,0,1,0
127390271,Centralizzato,"Maggiolina, Istria",Istria,45.5004,9.1969,20,470,106,4,1,3,1,1,1,0,1,0,1,0,0,0
126221189,Centralizzato,"Affori, Bovisa",Affori,45.5152,9.1766,9,500,15,3,1,7,1,1,1,0,1,0,0,0,0,0
77029554,Assente,"Bicocca, Niguarda",Greco - Segnano,45.5019,9.2122,14,380,80,3,NA,2,0,0,1,0,1,0,1,0,0,0
126493547,Assente,"Maggiolina, Istria",Maggiolina,45.495,9.2042,7,530,90,4,2,0.5,0,0,0,0,0,0,0,0,0,1
127390485,Centralizzato,"Maggiolina, Istria",Istria,45.5004,9.1969,19,470,106,4,1,3,1,1,1,0,1,0,1,0,0,0
126997475,Centralizzato,"Uptown, Cascina Merlata, Viale Certosa",Musocco,45.5067,9.1282,23,450,20,4,2,8,0,0,1,0,1,1,1,1,1,1
127390259,Centralizzato,"Maggiolina, Istria",Istria,45.5004,9.1969,13,470,106,4,1,3,1,1,1,0,1,0,1,0,0,0
126614107,Assente,"Corvetto, Rogoredo",Corvetto,45.4368,9.2148,18,550,75,4,1,4,0,0,1,0,1,0,1,0,1,0
126866455,Assente,"Bicocca, Niguarda",Prato Centenaro,45.5091,9.2041,18,500,15,5,2,6,0,0,1,0,1,0,1,0,0,0
123949765,Assente,"Napoli, Soderini",Tripoli - Soderini,45.4577,9.1467,19,500,79,2,1,2,0,0,1,0,1,1,0,0,0,0
127254787,Assente,"Cimiano, Crescenzago, Adriano",Ponte Nuovo,45.5067,9.2387,11,380,78,4,1,3,0,0,1,0,1,0,0,0,0,0
123345801,Assente,"Abbiategrasso, Chiesa Rossa",Chiesa Rossa,45.4258,9.1761,16,450,85,3,1,5,0,0,0,0,0,0,0,0,0,0
124776273,Assente,"Abbiategrasso, Chiesa Rossa",Chiesa Rossa,45.429,9.1773,6,520,75,2,1,0,0,0,0,0,0,0,0,0,0,0
127408711,Assente,"Abbiategrasso, Chiesa Rossa",Chiesa Rossa,45.429,9.1773,6,450,80,3,1,1,0,0,1,0,0,0,0,0,0,0
126010589,Assente,"Abbiategrasso, Chiesa Rossa",Gratosoglio,45.4151,9.1739,25,370,125,5,2,4,0,0,0,0,0,0,0,0,0,0
127374297,Assente,"Abbiategrasso, Chiesa Rossa",Chiesa Rossa,45.4287,9.1743,17,450,80,3,1,1,0,0,1,0,0,0,0,0,0,0
124415777,Assente,"Abbiategrasso, Chiesa Rossa",Chiesa Rossa,45.4258,9.1761,16,450,85,3,1,5,0,0,0,0,0,0,0,0,0,0
127137159,Assente,"San Siro, Trenno",Gallaratese,45.4934,9.1134,20,480,20,4,1,2,0,0,1,0,1,0,0,0,0,0
121165624,Assente,"Cimiano, Crescenzago, Adriano",Cimiano,45.4988,9.239,22,500,130,5,2,6,0,0,1,0,1,1,1,0,0,1
126262117,Assente,"Cimiano, Crescenzago, Adriano",Crescenzago,45.5074,9.245,14,500,65,2,1,4,0,0,0,0,0,0,0,0,0,0
126964969,Centralizzato,"Maggiolina, Istria",Cascina dei Pomi,45.4985,9.2086,17,430,150,5,2,7,1,1,1,0,1,0,1,0,1,1
97194482,Assente,"Abbiategrasso, Chiesa Rossa",Chiesa Rossa,45.4305,9.1819,18,550,77,3,1,2,0,0,1,0,1,0,1,0,0,0
122543610,Centralizzato,"Città Studi, Susa",Città Studi,45.4828,9.23117,13,550,80,3,1,0.5,0,0,0,1,1,0,1,0,1,0
127379493,Centralizzato,"Pasteur, Rovereto",Rovereto,45.4962,9.2202,8,585,NA,1,1,2,0,0,0,1,1,0,1,0,0,0
125892799,Centralizzato,"Famagosta, Barona",Cantalupa - San Paolo,45.4357,9.14564,8,520,NA,3,2,3,0,0,1,1,0,0,0,1,0,1
124417535,Centralizzato,"Bicocca, Niguarda",Prato Centenaro,45.5112,9.20186,9,460,60,1,1,0.5,0,0,0,1,1,0,1,0,1,0
125990307,Centralizzato,"Cimiano, Crescenzago, Adriano",Cimiano,45.4982,9.23524,6,550,13,2,1,0.5,0,0,0,1,1,0,1,0,0,0
110753269,Autonomo,"Abbiategrasso, Chiesa Rossa",Pezzotti - Meda,45.44,9.18192,8,450,40,1,1,3,0,0,0,1,1,0,0,0,0,0
112213393,Centralizzato,"Famagosta, Barona",Barona,45.4414,9.15144,8,440,75,3,1,1,0,0,1,0,1,0,1,0,0,0
127147927,Centralizzato,"Famagosta, Barona",Tre Castelli - Faenza,45.4403,9.13739,5,520,15,4,2,7,0,0,0,1,1,0,0,0,0,0
127442474,Assente,"San Siro, Trenno",San Carlo,45.4629,9.11271,8,550,NA,5,1,1,0,0,1,1,1,0,0,0,0,0
122609684,Autonomo,"Affori, Bovisa",Vialba,45.5132,9.12889,7,460,20,4,2,4,0,0,1,1,1,0,0,0,1,1
121539528,Centralizzato,"San Siro, Trenno",San Siro,45.4757,9.14235,9,550,22,2,1,1,0,0,1,0,0,0,0,0,0,0
117088733,Centralizzato,"Famagosta, Barona",Cantalupa - San Paolo,45.4285,9.16055,6,450,NA,4,2,3,0,0,1,1,1,0,0,0,0,0
122785072,Centralizzato,"Fiera, Sempione, City Life, Portello",Portello - Parco Vittoria,45.4864,9.15324,8,550,20,5,2,1,0,0,1,1,1,0,1,0,1,1
105494445,Centralizzato,"Bande Nere, Inganni",Inganni,45.4541,9.12075,19,400,12,4,2,3,0,0,0,1,1,0,1,0,0,1
119605331,Centralizzato,"Città Studi, Susa",Casoretto,45.4878,9.23329,7,400,15,3,2,4,0,0,0,1,1,0,0,0,0,1
121369662,Autonomo,"Uptown, Cascina Merlata, Viale Certosa",Certosa,45.4981,9.14943,7,500,20,6,2,2,0,0,0,0,1,0,0,0,0,1
123402419,Assente,"Famagosta, Barona",Cantalupa - San Paolo,45.4351,9.17146,0,400,NA,5,1,2,0,0,0,1,1,0,1,0,0,0
107727705,Autonomo,"Genova, Ticinese",Ticinese,45.4552,9.18049,15,500,45,2,1,2,0,0,0,1,1,0,0,0,0,0
122947676,Autonomo,"Affori, Bovisa",Vialba,45.5138,9.12806,6,400,120,4,2,4,0,0,1,1,1,0,0,0,1,1
111541755,Autonomo,"Ripamonti, Vigentino",Quintosole - Chiaravalle,45.417,9.23991,4,450,30,3,1,1,0,0,1,1,0,0,0,0,0,0
120379272,Centralizzato,"Cimiano, Crescenzago, Adriano",Cimiano,45.4958,9.23867,5,480,45,1,1,4,0,0,1,0,1,0,0,0,0,0
123973013,Centralizzato,"Uptown, Cascina Merlata, Viale Certosa",Musocco,45.502,9.1257,6,340,20,4,2,0.5,0,0,0,1,1,0,0,0,0,0
125406279,Centralizzato,"Affori, Bovisa",Bovisa,45.5026,9.16536,6,470,20,5,1,2,0,0,0,1,1,0,1,0,0,0
127410541,Autonomo,"Cimiano, Crescenzago, Adriano",Cimiano,45.4996,9.2344,6,550,60,3,1,4,0,0,0,1,1,0,0,0,0,0
116602981,Centralizzato,"Città Studi, Susa",Città Studi,45.4848,9.22919,6,380,22,3,1,6,0,0,1,1,1,0,1,0,1,0
127403097,Autonomo,"San Siro, Trenno",Gallaratese,45.4924,9.11264,8,530,10,1,1,1,0,0,0,1,1,0,0,0,0,0
123675669,Centralizzato,"Bicocca, Niguarda",Bignami - Ponale,45.5169,9.21444,6,500,90,3,2,5,0,0,0,1,1,0,0,0,0,0
119490005,Autonomo,"Uptown, Cascina Merlata, Viale Certosa",Certosa,45.5066,9.13313,5,250,13,2,1,1,0,0,1,0,0,0,0,0,0,0
122293994,Centralizzato,"Città Studi, Susa",Città Studi,45.4716,9.22983,8,450,NA,2,1,5,0,0,1,1,1,0,0,0,0,0
124393161,Autonomo,"Abbiategrasso, Chiesa Rossa",Gratosoglio,45.4194,9.17832,7,370,120,5,2,1,0,0,0,1,1,0,0,0,0,0
127148087,Centralizzato,Navigli,Navigli - Darsena,45.4442,9.17406,7,500,60,2,1,1,0,0,0,0,1,0,0,1,0,0
126759149,Centralizzato,"Genova, Ticinese",Corso Genova,45.4576,9.17781,10,500,20,NA,NA,4,0,0,1,0,1,0,0,0,0,1
121619778,Centralizzato,"Città Studi, Susa",Città Studi,45.4783,9.22261,11,550,80,3,1,0.5,0,0,0,1,1,0,1,0,1,0
126991939,Centralizzato,"San Siro, Trenno",San Carlo,45.4618,9.10854,9,450,NA,1,NA,1,0,0,0,0,1,0,1,0,0,0
123711223,Centralizzato,"Bande Nere, Inganni",Inganni,45.4566,9.11706,7,460,NA,2,1,2,0,0,0,1,1,0,1,0,0,0
123722583,Centralizzato,"Porta Romana, Cadore, Montenero",Cadore,45.4582,9.21109,7,475,22,3,1,1,0,0,0,1,1,0,0,0,0,0
114859333,Centralizzato,"Centrale, Repubblica",Buenos Aires,45.4826,9.21092,7,440,15,5,2,2,0,0,1,0,1,0,1,0,0,0
126734717,Assente,"Affori, Bovisa",Dergano,45.5022,9.18186,0,450,15,4,2,2,0,0,0,0,1,0,0,0,1,1
115724237,Centralizzato,"San Siro, Trenno",Gallaratese,45.4958,9.10815,5,480,13,5,3,1,0,0,0,0,1,0,0,0,0,0
123118663,Centralizzato,"Città Studi, Susa",Città Studi,45.4846,9.22106,9,500,140,4,2,2,0,0,1,0,1,0,1,0,0,0
100903053,Centralizzato,"Abbiategrasso, Chiesa Rossa",Cermenate - Abbiategrasso,45.4315,9.17976,18,500,15,6,1,0.5,0,0,1,0,1,0,1,0,1,1
120599868,Autonomo,"Udine, Lambrate",Ortica,45.4705,9.24604,9,350,20,2,1,0,0,0,0,0,1,0,1,0,0,0
126606087,Centralizzato,"Uptown, Cascina Merlata, Viale Certosa",Certosa,45.5011,9.13493,9,450,80,2,1,4,0,0,0,1,1,0,0,0,0,0
112829933,Centralizzato,"Famagosta, Barona",Cantalupa - San Paolo,45.4366,9.17395,9,473,25,4,1,3,0,0,1,0,0,0,1,0,0,0
119089335,Autonomo,"Città Studi, Susa",Città Studi,45.4765,9.2182,5,500,75,5,2,1,0,0,0,0,1,0,0,1,0,1
123509415,Centralizzato,"Cimiano, Crescenzago, Adriano",Ponte Nuovo,45.507,9.24003,5,450,15,2,1,0.5,0,0,0,0,1,0,1,0,0,1
124460907,Centralizzato,"Famagosta, Barona",Cantalupa - San Paolo,45.4366,9.17376,5,400,60,2,1,3,0,0,1,1,1,0,1,1,0,0
119787654,Autonomo,"Città Studi, Susa",Città Studi,45.4852,9.22101,6,312,NA,3,1,1,0,0,0,0,1,0,0,0,0,1
119367401,Centralizzato,"San Siro, Trenno",San Siro,45.4695,9.14088,5,350,50,2,1,3,0,0,1,0,1,0,0,0,0,0
124461351,Centralizzato,"Famagosta, Barona",Cantalupa - San Paolo,45.4366,9.17376,5,400,60,2,1,3,0,0,1,1,1,0,1,1,0,0
122104438,Centralizzato,"Abbiategrasso, Chiesa Rossa",Pezzotti - Meda,45.4454,9.18708,7,460,15,3,1,0.5,0,0,0,0,1,0,1,0,1,1
122075240,Centralizzato,"Famagosta, Barona",Giambellino,45.445,9.1307,4,500,NA,2,1,3,0,0,0,0,1,0,0,0,0,0
121664302,Centralizzato,"Cimiano, Crescenzago, Adriano",Crescenzago,45.5088,9.24658,5,400,72,3,1,2,0,0,0,1,1,0,1,0,0,1
126599561,Centralizzato,"Città Studi, Susa",Casoretto,45.4874,9.22645,5,580,NA,4,2,4,0,0,0,0,1,0,1,0,0,0
117314017,Centralizzato,"Bande Nere, Inganni",Inganni,45.4566,9.11706,6,420,20,3,1,4,0,0,1,1,1,0,0,0,1,0
126816571,Autonomo,"Affori, Bovisa",Dergano,45.5025,9.17522,5,470,50,3,1,0,0,0,0,0,0,0,0,0,1,0
122873562,Autonomo,"Abbiategrasso, Chiesa Rossa",Gratosoglio,45.4181,9.18084,6,580,130,4,2,3,0,0,0,0,1,0,1,1,0,0
123402407,Autonomo,"Fiera, Sempione, City Life, Portello",Sempione,45.4826,9.1657,7,434,80,2,1,2,0,0,0,0,1,0,0,0,0,1
123219171,Centralizzato,"Bicocca, Niguarda",Prato Centenaro,45.5092,9.19972,7,460,NA,3,1,1,0,0,0,0,1,0,1,0,0,0
124886127,Autonomo,"Uptown, Cascina Merlata, Viale Certosa",Musocco,45.501,9.12249,4,425,20,6,2,3,0,0,0,1,1,0,0,0,0,0
118068085,Autonomo,"Bisceglie, Baggio, Olmi",Muggiano,45.4485,9.06886,6,300,83,5,1,1,0,0,0,0,1,0,0,0,1,0
120632878,Centralizzato,"Bande Nere, Inganni",Primaticcio,45.4532,9.12769,7,350,70,3,1,7,0,0,1,0,1,0,1,1,1,0
71179694,Autonomo,"Uptown, Cascina Merlata, Viale Certosa",Certosa,45.4984,9.14951,7,500,20,6,2,2,0,1,0,1,1,0,0,0,1,1
125737357,Autonomo,"Pasteur, Rovereto",Pasteur,45.4909,9.21567,4,540,20,6,2,-1,0,0,0,0,1,0,0,0,0,1
121267870,Centralizzato,"Abbiategrasso, Chiesa Rossa",Chiesa Rossa,45.4276,9.17233,5,500,16,3,1,2,0,0,1,1,1,0,0,0,0,0
80804223,Centralizzato,"Città Studi, Susa",Città Studi,45.4847,9.22845,6,500,NA,2,1,1,0,1,1,1,1,0,1,0,0,0
110968877,Centralizzato,"Porta Vittoria, Lodi",Lodi - Brenta,45.4429,9.21837,5,550,115,4,2,3,0,0,0,1,1,0,1,0,0,1
126377051,Centralizzato,Forlanini,Viale Ungheria - Mecenate,45.452,9.24912,3,550,15,3,1,4,0,0,1,0,1,0,1,0,1,1
104475391,Centralizzato,"Precotto, Turro",Villa San Giovanni,45.5176,9.22501,0,460,25,3,1,4,0,0,0,1,1,0,1,0,0,1
126756263,Centralizzato,"Bicocca, Niguarda",Ca' Granda,45.5071,9.19793,4,500,16,2,1,2,0,0,0,1,1,0,1,1,0,1
123018137,Centralizzato,"Città Studi, Susa",Plebisciti - Susa,45.4654,9.22696,2,500,20,4,2,4,0,0,0,1,1,0,1,0,0,1
121838206,Centralizzato,"Bande Nere, Inganni",Inganni,45.4611,9.12018,6,500,NA,6,1,2,0,0,0,1,1,0,0,0,0,0
124792883,Centralizzato,"Bisceglie, Baggio, Olmi",Baggio,45.4598,9.10508,9,500,95,3,2,7,0,0,0,1,1,0,1,1,1,1
109494441,Centralizzato,"Porta Vittoria, Lodi",Lodi - Brenta,45.4519,9.21598,6,540,NA,3,1,3,0,0,1,1,1,0,1,0,0,1
127074545,Centralizzato,"Affori, Bovisa",Affori,45.5156,9.15866,5,350,30,2,1,3,0,0,0,0,1,0,0,0,0,1
123165879,Centralizzato,"Corvetto, Rogoredo",Corvetto,45.4419,9.21989,6,490,NA,4,2,3,0,0,0,0,1,0,1,0,0,1
124103559,Centralizzato,"Affori, Bovisa",Comasina,45.5285,9.16273,9,400,9,4,1,2,0,0,1,1,1,0,1,0,1,0
123286597,Centralizzato,"Famagosta, Barona",Cantalupa - San Paolo,45.4297,9.15577,4,460,60,3,1,8,0,0,1,1,1,0,0,0,1,0
120707152,Autonomo,"Famagosta, Barona",Cantalupa - San Paolo,45.4233,9.16505,4,550,NA,4,1,0.5,0,0,0,0,1,0,0,0,1,0
120793472,Autonomo,"Bicocca, Niguarda",Ca' Granda,45.5079,9.19324,5,360,100,5,2,5,0,0,0,1,1,0,0,1,1,0
127398061,Centralizzato,"Abbiategrasso, Chiesa Rossa",Cermenate - Abbiategrasso,45.4347,9.18062,8,450,16,NA,1,1,0,0,1,0,1,0,0,0,0,0
111598061,Centralizzato,"Abbiategrasso, Chiesa Rossa",Pezzotti - Meda,45.4427,9.18464,6,450,120,3,1,5,0,0,0,0,1,0,1,0,1,0
123549673,Centralizzato,Navigli,Corso San Gottardo,45.4481,9.18614,7,550,10,3,1,0.5,0,0,0,1,1,0,1,0,0,1
74313540,Centralizzato,"Città Studi, Susa",Città Studi,45.4696,9.23131,4,550,9,3,2,3,0,1,0,0,1,0,1,0,1,1
123362667,Centralizzato,Navigli,Bocconi,45.4477,9.19635,3,450,20,2,1,0.5,0,0,0,1,1,0,1,0,0,0
114162103,Centralizzato,"Abbiategrasso, Chiesa Rossa",Gratosoglio,45.4183,9.17454,7,550,105,6,2,2,0,0,1,0,1,0,0,0,1,0
125818427,Centralizzato,Forlanini,Viale Ungheria - Mecenate,45.4501,9.25225,5,550,110,4,2,6,0,0,1,0,1,0,1,1,0,1
114965657,Autonomo,"Cimiano, Crescenzago, Adriano",Ponte Nuovo,45.5103,9.24628,5,400,30,2,1,0,0,0,0,0,1,0,0,0,0,0
125141911,Centralizzato,"Corvetto, Rogoredo",Corvetto,45.4369,9.21679,7,500,110,1,1,2,0,0,0,1,1,0,1,0,0,1
116287491,Centralizzato,"Abbiategrasso, Chiesa Rossa",Pezzotti - Meda,45.4383,9.18519,3,400,65,2,1,1,0,0,0,0,1,0,1,1,0,1
126801383,Autonomo,"San Siro, Trenno",San Siro,45.4685,9.13565,3,450,70,4,1,0.5,0,0,0,0,1,0,0,1,0,0
123390395,Autonomo,"Affori, Bovisa",Bovisa,45.5022,9.1648,4,450,100,2,1,6,0,0,0,1,1,0,0,0,0,1
126140017,Autonomo,"Bicocca, Niguarda",Greco - Segnano,45.5045,9.20895,9,450,NA,5,2,2,0,0,0,1,1,0,0,0,0,0
116028405,Centralizzato,"Fiera, Sempione, City Life, Portello",Portello - Parco Vittoria,45.4888,9.15381,2,550,65,2,1,0.5,0,0,0,0,1,0,0,0,0,0
110090391,Autonomo,"Affori, Bovisa",Bovisa,45.5014,9.16238,4,475,50,2,1,3,0,0,1,0,1,0,0,0,0,1
58589374,Centralizzato,"Città Studi, Susa",Argonne - Corsica,45.4637,9.23379,4,380,NA,3,1,0.5,0,1,0,0,1,1,0,0,0,1
125979747,Centralizzato,"Bicocca, Niguarda",Ca' Granda,45.5073,9.19469,7,425,NA,6,2,12,0,0,0,1,1,0,0,0,0,1
67288837,Centralizzato,"Porta Romana, Cadore, Montenero",Cadore,45.4554,9.21588,3,550,NA,1,1,1,0,1,0,1,1,0,1,0,0,0
124324371,Centralizzato,"San Siro, Trenno",Gallaratese,45.5039,9.09595,8,515,70,NA,NA,8,0,0,1,0,1,0,0,0,0,0
126201993,Centralizzato,"Ponte Lambro, Santa Giulia",Santa Giulia,45.4318,9.24681,4,100,20,3,1,3,0,0,1,0,1,0,0,0,0,0
118757295,Centralizzato,"Cimiano, Crescenzago, Adriano",Cimiano,45.4993,9.2392,7,500,14,2,1,2,0,0,1,1,1,0,0,0,0,0
112930325,Centralizzato,"Bande Nere, Inganni",Lorenteggio,45.4547,9.14042,3,500,18,3,1,7,0,0,0,1,1,0,1,0,0,0
113422723,Autonomo,"Affori, Bovisa",Bovisasca,45.5173,9.15345,0,550,30,2,1,0.5,0,0,0,0,1,0,0,0,1,0
124106337,Centralizzato,"Affori, Bovisa",Comasina,45.5285,9.16276,7,400,9,4,1,2,0,0,0,1,1,0,1,0,1,0
116871417,Centralizzato,"Abbiategrasso, Chiesa Rossa",Chiesa Rossa,45.4284,9.17472,8,420,90,6,2,0.5,0,0,0,1,1,0,0,0,0,1
120929250,Centralizzato,"Città Studi, Susa",Casoretto,45.4863,9.21838,3,550,60,5,2,4,0,0,0,1,1,0,1,0,0,1
126736323,Centralizzato,"Affori, Bovisa",Dergano,45.503,9.177,3,305,70,2,1,0.5,0,0,0,1,1,0,0,0,0,0
121104910,Centralizzato,"Città Studi, Susa",Città Studi,45.481,9.23388,10,400,NA,NA,NA,1,0,0,1,0,0,0,0,0,0,0
122171096,Autonomo,"Bande Nere, Inganni",Gambara,45.4649,9.14017,7,390,15,2,1,1,0,0,1,0,0,0,0,0,0,0
124331743,Centralizzato,"Bicocca, Niguarda",Prato Centenaro,45.5085,9.19575,3,550,80,4,2,1,0,0,1,1,1,0,1,0,0,0
124380267,Centralizzato,"Cenisio, Sarpi, Isola",Paolo Sarpi,45.4829,9.18079,3,425,120,5,1,4,0,0,1,1,1,0,1,1,0,1
124379999,Centralizzato,"Cenisio, Sarpi, Isola",Paolo Sarpi,45.4829,9.18079,3,425,120,5,1,4,0,0,1,1,1,0,1,1,0,1
121985214,Centralizzato,"San Siro, Trenno",Gallaratese,45.5048,9.10235,3,550,95,1,1,1,0,0,0,0,1,0,0,1,1,1
114173275,Centralizzato,Forlanini,Viale Ungheria - Mecenate,45.446,9.24718,8,530,70,3,1,1,0,0,1,0,1,0,1,0,0,0
126723595,Centralizzato,"Affori, Bovisa",Bovisa,45.5024,9.16506,6,375,75,2,1,2,0,0,1,1,1,0,0,0,0,1
115666369,Assente,"Pasteur, Rovereto",Parco Trotter,45.4904,9.22464,10,550,NA,NA,1,3,0,0,0,1,0,0,0,0,0,0
126944793,Autonomo,"Abbiategrasso, Chiesa Rossa",Chiesa Rossa,45.4259,9.17738,4,550,25,4,2,5,0,0,1,1,1,0,1,0,1,0
126267993,Centralizzato,"Bicocca, Niguarda",Niguarda,45.5169,9.18878,1,380,9,3,1,3,0,0,0,1,1,0,1,0,0,0
113531715,Centralizzato,"San Siro, Trenno",San Siro,45.4699,9.14024,5,450,20,2,1,2,0,0,1,1,1,0,0,0,0,0
126625267,Centralizzato,"San Siro, Trenno",Figino,45.4925,9.0731,2,400,70,2,1,4,0,0,0,1,1,0,0,0,0,1
127165295,Centralizzato,"Affori, Bovisa",Affori,45.5148,9.17544,4,475,20,3,1,7,0,0,0,1,1,0,1,0,0,1
125125125,Centralizzato,"Cenisio, Sarpi, Isola",Zara,45.4949,9.19064,7,334,180,5,2,4,0,0,1,1,1,0,1,0,0,0
127194409,Assente,"Genova, Ticinese",Ticinese,45.4532,9.18601,7,500,NA,NA,NA,1,0,0,1,1,0,0,0,0,0,0
74804404,Assente,"Abbiategrasso, Chiesa Rossa",Chiesa Rossa,45.4282,9.17231,6,450,20,3,1,5,0,1,0,1,1,0,0,1,1,0
121185140,Centralizzato,"Bisceglie, Baggio, Olmi",Quarto Cagnino,45.4718,9.11023,5,350,40,1,1,1,0,0,0,0,1,0,0,0,0,0
80237119,Assente,"Cenisio, Sarpi, Isola",Isola,45.4894,9.20059,5,550,NA,3,1,7,0,1,0,1,0,0,0,0,0,0
125967287,Centralizzato,Centro,Missori,45.458,9.18953,2,400,20,3,1,0.5,0,0,0,1,1,0,1,0,1,1
113946769,Autonomo,"San Siro, Trenno",San Siro,45.4695,9.14413,6,450,60,NA,NA,-1,0,0,1,0,0,0,0,0,0,0
125662661,Centralizzato,"Corvetto, Rogoredo",Corvetto,45.4338,9.22253,1,450,85,4,1,2,0,0,0,1,1,0,1,0,0,0
125806271,Centralizzato,"Porta Vittoria, Lodi",Porta Vittoria,45.4621,9.23176,6,320,125,NA,NA,4,0,0,1,1,1,0,0,0,0,1
123035061,Autonomo,"Pasteur, Rovereto",Pasteur,45.493,9.21953,5,450,NA,NA,NA,4,0,0,1,0,1,0,0,0,0,0
115150233,Centralizzato,"Bicocca, Niguarda",Bicocca,45.518,9.20878,3,550,20,2,1,2,0,0,0,0,1,0,1,0,1,0
121403820,Centralizzato,"San Siro, Trenno",Gallaratese,45.5014,9.11513,9,550,60,2,NA,9,0,0,1,0,1,0,1,0,0,0
110479623,Centralizzato,"Centrale, Repubblica",Centrale,45.4899,9.20501,0,400,NA,3,1,4,0,0,1,1,1,0,1,0,0,0
111106349,Centralizzato,"Bisceglie, Baggio, Olmi",Bisceglie,45.4563,9.10895,1,550,16,4,2,8,0,0,1,0,1,0,0,0,0,1
80044257,Assente,"Cimiano, Crescenzago, Adriano",Crescenzago,45.5077,9.24503,0,410,NA,1,1,2,0,1,0,1,1,0,1,0,1,0
111775127,Centralizzato,"Abbiategrasso, Chiesa Rossa",Cermenate - Abbiategrasso,45.4361,9.18113,2,450,82,2,1,2,0,0,1,0,1,0,0,0,0,0
120774648,Centralizzato,"Affori, Bovisa",Vialba,45.5161,9.12617,5,380,120,4,1,2,0,0,1,0,1,0,1,0,1,0
119667494,Autonomo,"Cimiano, Crescenzago, Adriano",Quartiere Adriano,45.5169,9.24743,1,450,6,2,2,5,0,0,0,1,1,0,1,1,0,1
109784415,Centralizzato,"Bicocca, Niguarda",Prato Centenaro,45.5097,9.20069,1,550,16,3,1,3,0,0,1,0,1,0,1,0,1,1
123010485,Centralizzato,"Cimiano, Crescenzago, Adriano",Crescenzago,45.502,9.24633,0,440,55,2,1,3,0,0,1,0,1,0,0,0,0,0
119578481,Centralizzato,"Cimiano, Crescenzago, Adriano",Cimiano,45.504,9.23936,4,550,20,NA,1,1,0,0,1,0,1,0,0,0,0,0
120655942,Autonomo,"Bicocca, Niguarda",Greco - Segnano,45.5019,9.21216,4,550,90,2,2,0,0,0,0,0,1,0,0,0,0,1
125817195,Centralizzato,"Cimiano, Crescenzago, Adriano",Cimiano,45.4992,9.24008,0,550,15,6,2,5,0,0,0,0,0,0,0,0,1,1
120311460,Centralizzato,"San Siro, Trenno",Gallaratese,45.4975,9.12094,0,550,85,4,1,3,0,0,1,0,1,0,1,0,0,0
121043418,Centralizzato,"Maggiolina, Istria",Maggiolina,45.5024,9.19852,6,500,NA,3,3,2,0,0,1,1,1,0,1,0,0,0
121350994,Centralizzato,"Bicocca, Niguarda",Bicocca,45.5144,9.2074,8,570,NA,NA,NA,6,0,0,1,1,1,0,0,0,0,0
127209677,Autonomo,"Città Studi, Susa",Città Studi,45.4858,9.23571,9,550,75,2,1,4,0,0,1,0,1,0,0,0,0,0
126180165,Centralizzato,Navigli,Bocconi,45.4487,9.19416,2,450,25,6,1,-1,0,0,0,0,1,0,0,0,1,1
117742615,Centralizzato,"Città Studi, Susa",Casoretto,45.4872,9.23212,0,440,120,4,1,5,0,0,0,1,1,0,0,1,1,0
108991059,Centralizzato,"Maggiolina, Istria",Cascina dei Pomi,45.4954,9.20956,0,400,16,3,1,0,0,0,0,1,0,0,0,0,0,0
126194161,Centralizzato,"Città Studi, Susa",Città Studi,45.4719,9.22992,0,550,20,5,1,2,0,0,1,1,1,0,0,1,0,1
126798581,Centralizzato,"Uptown, Cascina Merlata, Viale Certosa",Certosa,45.4968,9.15195,1,445,50,NA,NA,2,0,0,0,0,0,0,0,0,0,0
111266757,Centralizzato,"Corvetto, Rogoredo",Corvetto,45.4395,9.21639,0,500,15,6,1,5,0,0,0,0,1,0,1,0,0,0
118598113,Autonomo,"Affori, Bovisa",Affori,45.5097,9.1689,0,350,26,1,2,1,0,0,1,0,1,0,0,1,1,0
86569322,Assente,"Pasteur, Rovereto",Pasteur,45.4869,9.21785,2,550,NA,3,1,1,0,1,0,1,1,0,0,0,0,0
122504286,Autonomo,"Ponte Lambro, Santa Giulia",Santa Giulia,45.432,9.24192,6,500,15,NA,NA,1,0,0,0,0,1,0,0,0,0,1
121686718,Assente,"Ripamonti, Vigentino",Ripamonti - Fondazione Prada,45.4429,9.21012,4,385,70,NA,NA,6,0,0,0,0,0,0,0,0,0,0
92030160,Centralizzato,"Uptown, Cascina Merlata, Viale Certosa",Certosa,45.4947,9.1461,0,450,100,2,1,0,0,0,1,1,1,0,0,1,1,1
117246207,Assente,"Abbiategrasso, Chiesa Rossa",Cermenate - Abbiategrasso,45.4372,9.18213,0,390,200,4,2,2,0,0,1,0,1,0,0,1,0,0
124327547,Autonomo,"Udine, Lambrate",Rubattino,45.4811,9.24213,0,500,25,6,2,5,0,0,1,0,1,0,1,0,1,0
127214795,Centralizzato,"Genova, Ticinese",Ticinese,45.4537,9.17828,3,375,65,NA,NA,1,0,0,1,0,1,0,1,0,0,0
127507150,Assente,"Città Studi, Susa",Casoretto,45.4893,9.23007,2,350,NA,2,1,3,0,0,0,1,1,0,0,0,0,0
111953139,Centralizzato,"Città Studi, Susa",Città Studi,45.4726,9.23276,3,425,89,4,1,0.5,0,0,0,0,1,0,1,0,0,0
119111899,Assente,"San Siro, Trenno",San Siro,45.4699,9.1415,3,350,50,NA,NA,3,0,0,1,1,0,0,0,0,0,0
125284169,Assente,"Affori, Bovisa",Dergano,45.5037,9.17888,6,370,NA,NA,NA,0.5,0,0,0,0,0,0,0,0,0,0
126202949,Autonomo,"Cenisio, Sarpi, Isola",Farini,45.4968,9.17654,4,500,20,NA,NA,3,0,0,0,0,1,0,0,0,0,0
94313852,Autonomo,"San Siro, Trenno",Gallaratese,45.492,9.12341,0,390,100,5,1,3,0,0,1,1,1,0,1,1,0,1
121735696,Centralizzato,"Bicocca, Niguarda",Bignami - Ponale,45.5256,9.21044,2,530,50,5,2,6,0,0,0,0,1,0,0,0,0,0
120182300,Centralizzato,"San Siro, Trenno",Gallaratese,45.4973,9.12217,0,550,20,4,1,2,0,0,1,0,1,0,1,0,1,0
123020689,Autonomo,"Uptown, Cascina Merlata, Viale Certosa",Musocco,45.5019,9.12481,0,500,25,2,1,2,0,0,1,0,1,0,0,1,0,0
119240531,Autonomo,"Precotto, Turro",Precotto,45.5124,9.22749,3,500,18,NA,1,3,0,0,0,0,1,0,0,0,0,0
98971298,Autonomo,"Arco della Pace, Arena, Pagano",Pagano,45.4713,9.16559,0,550,110,6,1,3,0,0,0,0,1,0,1,0,0,0
104124299,Autonomo,Centro,Duomo,45.4607,9.15964,0,450,18,5,2,0,0,0,0,0,1,0,1,0,0,1
111636083,Centralizzato,"Abbiategrasso, Chiesa Rossa",Chiesa Rossa,45.4234,9.17582,1,550,20,4,2,4,0,0,1,0,1,0,1,0,0,0
115865621,Autonomo,"Abbiategrasso, Chiesa Rossa",Pezzotti - Meda,45.4409,9.18089,4,500,22,NA,NA,3,0,0,1,0,1,0,0,0,1,0
108587321,Centralizzato,"Pasteur, Rovereto",Pasteur,45.4913,9.21197,0,500,20,4,1,7,0,0,1,0,1,0,1,0,0,0
113908739,Centralizzato,"Città Studi, Susa",Città Studi,45.4725,9.23042,0,350,90,3,1,5,0,0,1,0,1,0,0,0,0,0
46862117,Centralizzato,"Affori, Bovisa",Dergano,45.5071,9.17912,1,230,35,2,1,2,0,1,1,1,1,0,1,0,0,0
119067247,Centralizzato,"Porta Vittoria, Lodi",Martini - Insubria,45.4508,9.21935,1,500,55,2,1,5,0,0,0,1,1,0,0,0,0,0
88197871,Assente,"Famagosta, Barona",Cantalupa - San Paolo,45.4316,9.15352,0,450,NA,NA,NA,NA,NA,1,0,0,0,0,0,0,0,0
112755667,Autonomo,"Solari, Washington",Vercelli - Wagner,45.4658,9.15972,0,500,10,4,1,3,0,0,0,0,1,0,1,0,1,0
122913344,Autonomo,"Abbiategrasso, Chiesa Rossa",Cermenate - Abbiategrasso,45.4368,9.17801,0,450,20,1,1,2,0,0,0,0,1,0,1,0,0,0
110844339,Centralizzato,"Famagosta, Barona",Tre Castelli - Faenza,45.4394,9.137,2,400,10,2,2,5,0,0,1,1,1,0,0,1,0,0
114104535,Centralizzato,"Solari, Washington",Vercelli - Wagner,45.4674,9.15382,1,480,45,1,1,3,0,0,1,0,1,0,1,0,0,0
85962444,Assente,"Bicocca, Niguarda",Greco - Segnano,45.503,9.20942,3,470,NA,NA,NA,NA,NA,1,0,0,0,0,0,0,0,0
101105667,Centralizzato,"Bicocca, Niguarda",Prato Centenaro,45.5088,9.19171,0,500,16,3,1,2,0,0,0,0,0,0,0,0,0,0
110708785,Centralizzato,"Città Studi, Susa",Argonne - Corsica,45.4684,9.22914,0,580,NA,NA,NA,4,0,0,0,1,1,0,0,1,0,1
118148325,Centralizzato,"Bisceglie, Baggio, Olmi",Bisceglie,45.4591,9.11597,0,550,110,NA,2,6,0,0,0,0,0,0,0,0,1,0
118721975,Centralizzato,"Affori, Bovisa",Dergano,45.5036,9.17668,0,500,70,2,1,2,0,0,1,1,1,0,1,0,1,0
120746708,Centralizzato,"Ponte Lambro, Santa Giulia",Santa Giulia,45.4332,9.2473,1,400,18,NA,NA,1,0,0,1,1,0,0,0,1,0,0
127564338,Centralizzato,"Bicocca, Niguarda",Prato Centenaro,45.5097,9.20294,2,480,20,4,1,0.5,0,0,0,0,1,0,1,0,0,1
87161916,Assente,"Città Studi, Susa",Casoretto,45.4899,9.23146,0,325,NA,NA,NA,NA,NA,1,0,0,0,0,0,0,0,0
127554614,Centralizzato,"Centrale, Repubblica",Centrale,45.484,9.20728,10,550,NA,4,2,2,0,0,1,1,1,0,1,0,0,1
127669422,Centralizzato,"Centrale, Repubblica",Centrale,45.4889,9.20951,0,550,70,2,1,3,0,0,0,1,1,0,0,0,0,1
127667132,Centralizzato,"Porta Romana, Cadore, Montenero",Porta Romana - Medaglie d'Oro,45.4514,9.20584,5,380,45,3,2,1,0,0,1,1,1,0,0,0,0,1
127666114,Centralizzato,"Porta Venezia, Indipendenza",Indipendenza,45.4656,9.21681,4,500,150,6,2,2,0,0,0,1,1,0,1,1,0,1
127614044,Centralizzato,"Città Studi, Susa",Città Studi,45.4836,9.22522,3,430,150,6,1,1,0,0,1,0,1,0,0,1,0,1
127601384,Centralizzato,"Cimiano, Crescenzago, Adriano",Crescenzago,45.5053,9.24023,7,560,12,6,2,-1,0,0,0,0,1,0,0,0,0,0
127536450,Centralizzato,Forlanini,Quartiere Forlanini,45.4577,9.24716,14,500,12,4,2,3,0,0,0,1,1,0,1,0,0,1
127534652,Centralizzato,"Napoli, Soderini",Tripoli - Soderini,45.455,9.15176,4,375,22,4,1,0.5,0,0,0,1,1,0,1,0,1,1
127529458,Centralizzato,"Cenisio, Sarpi, Isola",Farini,45.4967,9.18838,0,550,20,5,2,0.5,0,0,0,1,1,0,0,0,0,1
127517522,Centralizzato,"Affori, Bovisa",Dergano,45.503,9.18852,3,560,26,4,1,3,0,0,0,0,1,0,1,0,0,0
127508958,Centralizzato,"Affori, Bovisa",Affori,45.5195,9.16974,4,500,NA,2,1,1,0,0,0,1,1,0,1,0,0,0
127496784,Autonomo,"Abbiategrasso, Chiesa Rossa",Chiesa Rossa,45.4263,9.17831,20,550,16,6,2,7,0,0,0,1,1,0,1,0,1,0
127486324,Centralizzato,"Precotto, Turro",Turro,45.5032,9.22095,10,520,NA,5,2,1,0,0,0,0,1,0,0,0,0,0
127430536,Centralizzato,"Città Studi, Susa",Città Studi,45.4818,9.23267,12,350,100,5,1,1,0,0,1,1,1,0,1,0,1,0
127426064,Autonomo,Navigli,Bocconi,45.45,9.19169,3,360,10,NA,NA,2,0,0,0,0,1,0,1,0,0,0
109697885,Centralizzato,"Bande Nere, Inganni",Piazzale Siena,45.4664,9.12723,5,550,130,4,2,2,0,0,1,1,1,0,1,0,1,0
126620999,Assente,"Cenisio, Sarpi, Isola",Farini,45.496,9.1695,18,500,12,3,1,3,0,0,0,0,1,0,0,0,0,1
112664205,Assente,"Bicocca, Niguarda",Niguarda,45.5171,9.1994,22,545,135,4,2,1,0,0,1,0,1,0,0,1,1,0
120951688,Assente,"Affori, Bovisa",Bovisa,45.4988,9.1679,16,525,92,4,2,1,0,0,0,0,1,0,0,0,0,0
127519124,Assente,"Uptown, Cascina Merlata, Viale Certosa",Certosa,45.4953,9.1513,15,450,12,4,1,4,0,0,1,0,1,1,1,0,0,0
126092821,Assente,"Bicocca, Niguarda",Ca' Granda,45.5062,9.2014,23,500,150,4,2,4,0,0,1,0,1,1,1,0,1,1
126837165,Assente,"Bicocca, Niguarda",Niguarda,45.5158,9.1887,7,550,17,3,1,8,0,0,1,0,1,0,1,0,0,0
126371235,Assente,"Udine, Lambrate",Udine,45.4908,9.2327,19,500,90,4,1,4,0,0,1,0,1,1,0,0,0,0
127520460,Assente,"Corvetto, Rogoredo",Corvetto,45.4393,9.2127,16,430,130,5,2,2,0,0,0,0,1,0,0,1,0,0
127374201,Assente,"Famagosta, Barona",Tre Castelli - Faenza,45.4398,9.1469,23,450,61,3,1,2,0,0,0,0,1,1,1,0,0,0
125718669,Assente,"Cimiano, Crescenzago, Adriano",Crescenzago,45.5044,9.2398,10,500,150,5,3,5,0,0,1,0,1,1,0,0,0,1
122717152,Assente,"Bicocca, Niguarda",Niguarda,45.517,9.1992,8,575,135,4,2,1,0,0,1,0,1,0,0,0,0,1
126386259,Centralizzato,"Bicocca, Niguarda",Ca' Granda,45.5052,9.1993,13,565,9,6,2,3,1,1,1,0,0,1,0,0,0,0
119068037,Assente,"Famagosta, Barona",Giambellino,45.4482,9.1441,16,500,100,3,1,3,0,0,1,0,1,0,1,0,1,0
127362911,Centralizzato,"San Siro, Trenno",San Siro,45.4752,9.1432,20,585,100,1,1,5,1,1,1,0,1,1,0,0,0,1
126386267,Centralizzato,"Cimiano, Crescenzago, Adriano",Cimiano,45.5024,9.23587,14,585,15,4,1,2,1,1,1,0,0,1,0,0,0,0
82006096,Assente,Centro,Carrobbio,45.459,9.1843,18,450,30,4,2,0.5,0,0,0,0,1,1,1,0,0,1
117550139,Assente,"Maggiolina, Istria",Istria,45.5035,9.1951,13,585,NA,5,1,0.5,0,0,0,0,1,1,0,0,0,1
97243928,Assente,"Abbiategrasso, Chiesa Rossa",Chiesa Rossa,45.4305,9.1819,25,420,77,3,1,2,0,0,1,0,1,0,1,0,0,0
127545574,Assente,"Abbiategrasso, Chiesa Rossa",Cermenate - Abbiategrasso,45.4308,9.1779,8,550,100,5,1,7,0,0,1,0,1,0,0,0,0,0
126580855,Assente,"Napoli, Soderini",Tripoli - Soderini,45.4546,9.1478,50,500,160,5,2,5,0,0,1,0,1,1,1,0,1,1
123649081,Assente,"Cimiano, Crescenzago, Adriano",Cimiano,45.5019,9.2374,28,450,95,3,1,2,0,0,1,0,1,0,0,0,0,1
126582691,Assente,"Porta Romana, Cadore, Montenero",Porta Romana - Medaglie d'Oro,45.4544,9.2062,35,500,120,3,1,2,0,0,1,0,1,1,0,0,0,1
125526603,Assente,"Udine, Lambrate",Lambrate,45.4732,9.2506,26,500,20,3,1,2,0,0,0,0,1,0,0,0,0,0
88641345,Assente,"Abbiategrasso, Chiesa Rossa",Chiesa Rossa,45.4311,9.1823,10,500,55,1,1,1,0,0,1,0,1,0,1,0,1,0
126585651,Assente,"Abbiategrasso, Chiesa Rossa",Gratosoglio,45.41,9.1739,17,400,90,3,1,1,0,0,0,0,0,0,0,0,0,0
100766783,Assente,"Napoli, Soderini",Tripoli - Soderini,45.4568,9.1509,24,500,12,4,2,1,0,0,1,0,1,1,0,1,1,1
127553316,Assente,"Precotto, Turro",Gorla,45.5045,9.2245,13,550,97,3,1,1,0,0,1,0,1,0,0,0,0,1
127099419,Assente,"Bicocca, Niguarda",Greco - Segnano,45.5093,9.2081,8,430,80,3,1,1,0,0,0,0,1,1,0,1,0,1
126992305,Assente,"Famagosta, Barona",Tre Castelli - Faenza,45.4389,9.1489,10,420,133,4,2,7,0,0,1,0,1,1,1,0,0,1
127148835,Assente,"Bicocca, Niguarda",Prato Centenaro,45.5081,9.2043,23,550,110,3,1,7,0,0,1,0,1,1,1,1,1,0
126635723,Assente,"Città Studi, Susa",Città Studi,45.4752,9.2184,12,550,100,6,2,3,0,0,1,0,1,0,0,0,0,1
127517348,Assente,"Città Studi, Susa",Città Studi,45.4837,9.2288,21,400,90,4,1,0.5,0,0,0,0,1,1,0,0,1,1
127553494,Assente,"Precotto, Turro",Gorla,45.5045,9.2245,13,550,97,3,1,1,0,0,1,0,1,0,0,0,0,1
126918433,Assente,"Bicocca, Niguarda",Prato Centenaro,45.5088,9.1917,17,550,15,3,1,2,0,0,0,0,1,0,1,0,0,0
124019899,Assente,"Abbiategrasso, Chiesa Rossa",Chiesa Rossa,45.4294,9.1744,16,450,90,3,1,1,0,0,0,0,0,0,0,0,0,0
127506864,Assente,"Bisceglie, Baggio, Olmi",Bisceglie,45.4579,9.1055,6,560,15,2,1,0.5,0,0,0,0,1,1,0,0,0,1
127297409,Assente,"Precotto, Turro",Turro,45.4996,9.2201,18,520,15,3,2,1,0,0,1,0,1,1,0,0,0,1
124773055,Assente,"Ripamonti, Vigentino",Vigentino - Fatima,45.4253,9.2029,25,450,16,3,1,3,0,0,0,0,1,0,0,0,0,0
127611852,Assente,"Fiera, Sempione, City Life, Portello",Monte Rosa - Lotto,45.4813,9.1466,37,500,12,4,2,0.5,0,0,0,0,1,1,1,0,0,1
127306223,Assente,"Precotto, Turro",Turro,45.4996,9.2201,18,520,15,3,2,1,0,0,1,0,1,1,0,0,0,1
126224393,Centralizzato,"Bicocca, Niguarda",Bignami - Ponale,45.5271,9.2108,9,550,12,1,2,3,1,1,0,0,1,0,0,0,0,0
121313432,Assente,"Città Studi, Susa",Casoretto,45.4904,9.2253,45,515,100,3,1,2,0,0,1,0,0,0,0,0,0,0
123104261,Assente,"Famagosta, Barona",Giambellino,45.4448,9.1286,11,580,12,4,1,6,0,0,0,0,0,0,0,0,0,0
123744565,Assente,"Affori, Bovisa",Dergano,45.5043,9.1886,42,480,85,3,1,3,0,0,1,0,1,1,1,0,1,1
126931855,Assente,"Abbiategrasso, Chiesa Rossa",Chiesa Rossa,45.4255,9.1766,16,500,65,3,1,1,0,0,1,0,1,1,0,0,0,1
127529334,Assente,"Affori, Bovisa",Affori,45.5184,9.1645,9,500,22,3,1,2,0,0,1,0,1,0,0,0,0,0
122340598,Assente,"Cimiano, Crescenzago, Adriano",Crescenzago,45.5029,9.2456,6,450,70,3,1,4,0,0,1,0,1,1,0,0,0,1
124344465,Assente,"Napoli, Soderini",Piazza Napoli,45.4511,9.1539,22,550,65,3,1,1,0,0,1,0,1,0,1,0,0,0
112952107,Assente,"Centrale, Repubblica",Centrale,45.4834,9.2051,14,450,15,4,1,4,0,0,1,0,1,0,1,0,0,0
126541091,Assente,"San Siro, Trenno",San Carlo,45.4605,9.1077,13,500,75,3,2,1,0,0,1,0,1,0,0,0,0,0
122313818,Assente,Navigli,Corso San Gottardo,45.4508,9.1861,31,590,196,6,2,5,0,0,0,0,1,0,0,0,0,0
125282299,Assente,"Udine, Lambrate",Lambrate,45.4821,9.239,20,600,60,2,1,1,0,0,1,0,1,1,0,1,0,1
127581310,Assente,"Uptown, Cascina Merlata, Viale Certosa",Ghisolfa - Mac Mahon,45.493,9.1572,13,620,79,4,1,5,0,0,0,0,1,0,0,0,0,0
126636491,Assente,Navigli,Navigli - Darsena,45.4469,9.159,12,590,204,6,2,5,0,0,1,0,1,0,0,0,0,0
126805389,Assente,"Pasteur, Rovereto",Parco Trotter,45.4909,9.2246,34,590,72,4,1,1,0,0,0,0,1,1,1,0,1,0
127540570,Assente,"Uptown, Cascina Merlata, Viale Certosa",Certosa,45.4967,9.1518,29,700,65,3,1,2,0,0,0,0,1,1,1,0,0,0
127209807,Assente,"Pasteur, Rovereto",Pasteur,45.4892,9.2122,22,650,103,4,1,3,0,0,1,0,1,0,0,0,0,0
126273839,Assente,"San Siro, Trenno",Monte Stella,45.4855,9.1439,24,590,81,4,1,7,0,0,1,0,1,0,0,0,0,0
127216991,Assente,"Città Studi, Susa",Casoretto,45.4885,9.2265,17,590,155,6,2,6,0,0,1,0,1,0,0,1,0,0
127242765,Assente,"Ripamonti, Vigentino",Ripamonti - Fondazione Prada,45.4438,9.2101,13,590,80,4,1,3,0,0,0,0,1,0,0,0,0,0
123344905,Assente,"Udine, Lambrate",Ortica,45.469,9.2463,12,598,85,4,2,1,0,0,1,0,1,1,1,0,0,1
127387537,Assente,"Solari, Washington",Washington,45.4618,9.1516,14,620,99,4,1,2,0,0,0,0,1,0,0,0,0,0
124541193,Assente,"Udine, Lambrate",Ortica,45.4692,9.2462,8,598,NA,4,3,4,0,0,1,0,1,1,1,1,0,1
126065329,Assente,"Udine, Lambrate",Udine,45.4908,9.237,17,700,140,4,2,5,0,0,1,0,1,1,1,1,1,1
123705547,Assente,"Udine, Lambrate",Udine,45.4908,9.237,7,700,120,3,2,4,0,0,1,0,1,1,0,0,0,1
122375986,Centralizzato,"Famagosta, Barona",Barona,45.4414,9.1583,10,625,22,1,1,NA,NA,1,0,0,0,0,0,0,0,0
127069891,Assente,"San Siro, Trenno",San Siro,45.4692,9.1436,22,600,14,4,2,1,0,0,1,0,1,1,1,0,0,1
127658490,Assente,"Pasteur, Rovereto",Pasteur,45.4905,9.2178,48,670,80,3,1,2,0,0,1,0,1,1,1,0,0,1
126807801,Assente,"Città Studi, Susa",Città Studi,45.486,9.2168,47,670,80,3,1,2,0,0,1,0,1,1,1,0,0,1
127553380,Assente,"Bicocca, Niguarda",Bignami - Ponale,45.5252,9.2101,26,700,130,6,2,5,0,0,1,0,1,1,0,0,0,0
127540580,Assente,"Uptown, Cascina Merlata, Viale Certosa",Certosa,45.4954,9.1516,22,700,60,3,1,2,0,0,0,0,1,1,1,0,1,0
127540624,Assente,"Bicocca, Niguarda",Bignami - Ponale,45.5265,9.2094,48,700,125,NA,3,3,0,0,1,0,1,1,0,0,0,1
125858751,Assente,Navigli,Bocconi,45.451,9.1874,48,600,16,4,1,2,0,0,1,0,1,1,0,0,0,1
122661114,Assente,"Porta Vittoria, Lodi",Bologna - Sulmona,45.4409,9.227,11,600,85,3,1,7,0,0,1,0,1,0,1,0,0,1
126062955,Assente,"Cimiano, Crescenzago, Adriano",Quartiere Adriano,45.5163,9.2448,16,600,160,4,2,4,0,0,1,0,1,0,1,1,0,1
114647975,Assente,"Famagosta, Barona",Tre Castelli - Faenza,45.4404,9.1377,7,610,90,4,1,5,0,0,1,0,1,1,0,0,0,1
127554306,Centralizzato,"Città Studi, Susa",Argonne - Corsica,45.4629,9.23323,19,600,20,4,1,3,1,1,1,0,0,0,0,0,0,0
127554996,Assente,"San Siro, Trenno",San Siro,45.4736,9.1438,15,700,90,3,1,1,0,0,1,0,1,0,1,1,0,1
124895169,Assente,"San Siro, Trenno",Monte Stella,45.4879,9.1388,18,630,120,4,2,7,0,0,1,0,1,0,1,0,0,0
126714265,Assente,"Abbiategrasso, Chiesa Rossa",Pezzotti - Meda,45.4393,9.187,14,625,74,3,1,4,0,0,1,0,1,1,1,0,0,0
127289513,Assente,"Porta Vittoria, Lodi",Lodi - Brenta,45.4484,9.2207,20,600,18,3,1,1,0,0,1,0,1,0,0,0,0,1
127136987,Assente,"Maggiolina, Istria",Maggiolina,45.4958,9.2075,24,630,12,3,1,6,0,0,1,0,1,1,1,0,0,1
127296165,Centralizzato,"Bisceglie, Baggio, Olmi",Bisceglie,45.4579,9.10549,9,660,16,3,1,0.5,0,0,0,1,1,0,1,0,1,1
126779791,Assente,"Affori, Bovisa",Bovisa,45.5034,9.1615,25,600,73,3,1,2,0,0,0,0,1,0,0,0,0,1
127220589,Assente,"San Siro, Trenno",Gallaratese,45.5005,9.1051,31,630,96,4,1,2,0,0,1,0,1,0,0,0,0,0
126917383,Autonomo,"Quadronno, Palestro, Guastalla",Quadronno - Crocetta,45.4542,9.1986,43,660,91,4,1,6,0,0,1,0,0,0,0,0,0,0
126916635,Autonomo,"Città Studi, Susa",Città Studi,45.4753,9.22085,28,630,15,6,2,1,1,0,0,0,0,0,0,0,0,0
126916035,Autonomo,"Città Studi, Susa",Città Studi,45.4809,9.23376,82,650,170,6,2,4,1,0,0,0,0,0,0,0,0,0
126984905,Autonomo,"Centrale, Repubblica",Centrale,45.4905,9.20305,25,630,119,5,2,1,0,0,0,0,0,0,0,0,0,0
126984915,Autonomo,"Solari, Washington",Dezza,45.4575,9.1592,26,650,67,4,1,1,1,0,0,0,0,0,0,0,0,0
126917133,Autonomo,"Cenisio, Sarpi, Isola",Isola,45.4901,9.19945,53,630,15,6,3,6,1,0,0,0,0,0,0,0,0,0
126917769,Autonomo,"Porta Vittoria, Lodi",Martini - Insubria,45.4583,9.22348,73,615,217,6,3,8,1,0,0,0,0,0,0,0,0,0
126984917,Autonomo,"Bande Nere, Inganni",Gambara,45.4633,9.14358,27,620,91,5,1,2,1,0,0,0,0,0,0,0,0,0
126938227,Autonomo,"Quadronno, Palestro, Guastalla",Quadronno - Crocetta,45.4542,9.19862,12,590,144,5,2,1,0,0,1,0,0,0,0,0,0,0
126917115,Autonomo,"Solari, Washington",Vercelli - Wagner,45.4663,9.16153,72,675,137,6,2,2,1,0,0,0,0,0,0,0,0,0
126915525,Autonomo,"Cimiano, Crescenzago, Adriano",Crescenzago,45.5053,9.24038,22,665,90,4,1,4,0,0,1,0,0,0,0,0,0,0
126916615,Autonomo,"Bande Nere, Inganni",Gambara,45.4628,9.14359,31,630,82,4,1,2,1,0,0,0,0,0,0,0,0,0
126917665,Autonomo,"Città Studi, Susa",Città Studi,45.4843,9.21853,12,655,172,6,3,2,1,0,0,0,0,0,0,0,0,0
126917655,Autonomo,"Cenisio, Sarpi, Isola",Isola,45.4901,9.19945,42,630,15,6,3,6,1,0,0,0,0,0,0,0,0,0
126917723,Autonomo,"Bande Nere, Inganni",Lorenteggio,45.4538,9.13827,39,685,190,6,3,9,1,0,0,0,0,0,0,0,0,0
126917517,Autonomo,"Solari, Washington",Vercelli - Wagner,45.4653,9.16221,32,665,15,4,2,2,1,0,0,0,0,0,0,0,0,0
126917515,Autonomo,"Porta Venezia, Indipendenza",Piave - Tricolore,45.4708,9.20835,35,645,161,6,3,2,1,0,0,0,0,0,0,0,0,0
126917483,Autonomo,"Bicocca, Niguarda",Ca' Granda,45.5051,9.20137,73,605,124,5,1,1,0,0,0,0,0,0,0,0,0,0
126916641,Autonomo,"Corvetto, Rogoredo",Corvetto,45.4372,9.21509,37,615,151,6,3,2,1,0,0,0,0,0,0,0,0,0
126915529,Autonomo,"Maggiolina, Istria",Maggiolina,45.4997,9.20184,22,675,100,5,1,1,0,0,1,0,0,0,0,0,0,0
126917623,Autonomo,"Ripamonti, Vigentino",Ripamonti - Fondazione Prada,45.4441,9.21026,35,615,15,5,2,8,1,0,0,0,0,0,0,0,0,0
126917163,Autonomo,"Quadronno, Palestro, Guastalla",Quadronno - Crocetta,45.4555,9.20183,15,590,164,6,2,4,0,0,0,0,0,0,0,0,0,0
126916985,Autonomo,"Bicocca, Niguarda",Ca' Granda,45.5058,9.20256,22,635,15,3,2,2,1,0,0,0,0,0,0,0,0,0
126916187,Autonomo,"Bande Nere, Inganni",Bande Nere,45.4597,9.13124,10,600,105,5,2,1,0,0,0,0,0,0,0,0,0,0
126917635,Autonomo,"Genova, Ticinese",San Vittore,45.4602,9.1703,17,630,15,5,2,1,1,0,0,0,0,0,0,0,0,0
126917267,Autonomo,"Cenisio, Sarpi, Isola",Isola,45.4901,9.19945,31,630,15,6,3,6,1,0,0,0,0,0,0,0,0,0
126916463,Autonomo,"Bande Nere, Inganni",Gambara,45.4633,9.14358,30,665,89,4,1,2,1,0,0,0,0,0,0,0,0,0
126917629,Autonomo,"Solari, Washington",Washington,45.4621,9.1525,35,695,127,5,1,5,1,0,0,0,0,0,0,0,0,0
126917333,Autonomo,"Centrale, Repubblica",Melchiorre Gioia,45.486,9.19897,37,620,15,5,2,10,1,0,0,0,0,0,0,0,0,0
126917271,Autonomo,"Bande Nere, Inganni",Primaticcio,45.457,9.1275,17,690,15,5,2,2,0,0,0,0,0,0,0,0,0,0
126917055,Autonomo,"Affori, Bovisa",Affori,45.5173,9.17352,48,600,113,6,2,1,1,0,0,0,0,0,0,0,0,0
126917043,Autonomo,"Centrale, Repubblica",Morgagni,45.4778,9.21042,27,635,206,6,3,1,1,0,0,0,0,0,0,0,0,0
126915541,Autonomo,"Affori, Bovisa",Affori,45.513,9.17477,33,695,110,6,2,7,0,0,1,0,0,0,0,0,0,0
126917823,Autonomo,"Bande Nere, Inganni",Bande Nere,45.4597,9.13124,13,685,171,6,3,2,0,0,0,0,0,0,0,0,0,0
126916663,Autonomo,"Città Studi, Susa",Città Studi,45.4724,9.2349,31,630,127,5,2,2,1,0,0,0,0,0,0,0,0,0
126917091,Autonomo,"Porta Romana, Cadore, Montenero",Porta Romana - Medaglie d'Oro,45.4527,9.20376,13,685,15,6,2,1,1,0,0,0,0,0,0,0,0,0
126916769,Autonomo,"Maggiolina, Istria",Maggiolina,45.4958,9.20232,67,600,141,6,2,8,1,0,0,0,0,0,0,0,0,0
126917689,Autonomo,"Città Studi, Susa",Città Studi,45.4843,9.21853,12,670,172,6,3,2,1,0,0,0,0,0,0,0,0,0
126917377,Autonomo,"Famagosta, Barona",Giambellino,45.4501,9.14046,22,595,118,5,2,6,1,0,0,0,0,0,0,0,0,0
126916895,Autonomo,"Centrale, Repubblica",Morgagni,45.4734,9.21442,36,685,127,4,1,5,1,0,0,0,0,0,0,0,0,0
126917767,Autonomo,"Porta Vittoria, Lodi",Lodi - Brenta,45.4426,9.21396,87,625,173,6,2,3,0,0,0,0,0,0,0,0,0,0
126917709,Autonomo,"Bisceglie, Baggio, Olmi",Quarto Cagnino,45.4725,9.11141,25,645,150,6,2,3,0,0,0,0,0,0,0,0,0,0
126917685,Autonomo,"Città Studi, Susa",Città Studi,45.4843,9.21853,12,655,172,6,3,2,1,0,0,0,0,0,0,0,0,0
126917453,Autonomo,"Solari, Washington",Vercelli - Wagner,45.4663,9.16153,25,685,130,5,2,1,1,0,0,0,0,0,0,0,0,0
127018495,Autonomo,Navigli,Corso San Gottardo,45.4521,9.18266,73,590,230,6,3,1,1,0,0,0,0,0,0,0,0,0
126917565,Autonomo,"Abbiategrasso, Chiesa Rossa",Pezzotti - Meda,45.4387,9.18289,16,630,80,4,1,4,0,0,0,0,0,0,0,0,0,0
126917117,Autonomo,"Città Studi, Susa",Casoretto,45.4889,9.22939,25,590,161,6,2,3,0,0,0,0,0,0,0,0,0,0
126917023,Autonomo,"Bande Nere, Inganni",Lorenteggio,45.4523,9.13914,21,635,131,6,2,8,1,0,0,0,0,0,0,0,0,0
126916959,Autonomo,"Corvetto, Rogoredo",Corvetto,45.4371,9.21564,37,615,151,6,3,4,1,0,0,0,0,0,0,0,0,0
123366843,Assente,"Affori, Bovisa",Bovisa,45.5024,9.1651,10,600,100,3,2,4,0,0,1,0,1,1,1,1,0,0
126958597,Autonomo,Navigli,Ascanio Sforza,45.4521,9.17892,18,675,138,5,2,1,1,0,0,0,0,0,0,0,0,0
126917061,Autonomo,"Bande Nere, Inganni",Bande Nere,45.4597,9.13124,15,685,171,6,3,4,0,0,0,0,0,0,0,0,0,0
126917757,Autonomo,"Bande Nere, Inganni",Bande Nere,45.4597,9.13124,13,655,171,6,3,2,0,0,0,0,0,0,0,0,0,0
126917667,Autonomo,"Affori, Bovisa",Dergano,45.5012,9.18211,35,685,15,6,4,1,0,0,0,0,0,0,0,0,0,0
126916685,Autonomo,"Maggiolina, Istria",Maggiolina,45.4958,9.20232,67,600,141,6,2,8,1,0,0,0,0,0,0,0,0,0
126916673,Autonomo,"Centrale, Repubblica",Centrale,45.4869,9.21353,34,680,121,5,2,5,1,0,0,0,0,0,0,0,0,0
126915533,Autonomo,"Maggiolina, Istria",Cascina dei Pomi,45.4994,9.21297,24,610,140,6,2,2,0,0,1,0,0,0,0,0,0,0
126917369,Autonomo,"Affori, Bovisa",Affori,45.5222,9.16838,41,600,121,6,2,2,1,0,0,0,0,0,0,0,0,0
126917337,Autonomo,"Udine, Lambrate",Udine,45.4901,9.23447,19,615,15,5,2,2,1,0,0,0,0,0,0,0,0,0
126917259,Autonomo,"Città Studi, Susa",Plebisciti - Susa,45.471,9.21759,35,630,104,4,1,1,1,0,0,0,0,0,0,0,0,0
126917003,Autonomo,"Centrale, Repubblica",Repubblica,45.4795,9.19969,16,610,152,6,2,4,0,0,0,0,0,0,0,0,0,0
126916949,Autonomo,"Cenisio, Sarpi, Isola",Isola,45.4897,9.18932,31,675,15,5,3,6,0,0,0,0,0,0,0,0,0,0
126917747,Autonomo,"Bande Nere, Inganni",Lorenteggio,45.4541,9.13777,22,590,81,4,1,1,1,0,0,0,0,0,0,0,0,0
126915527,Autonomo,"Cimiano, Crescenzago, Adriano",Crescenzago,45.5038,9.24052,19,630,140,6,2,1,0,0,1,0,0,0,0,0,0,0
112965541,Assente,"Cimiano, Crescenzago, Adriano",Cimiano,45.4978,9.2348,15,600,82,3,1,6,0,0,1,0,1,1,1,0,0,1
126917571,Autonomo,"San Siro, Trenno",Monte Stella,45.4855,9.13976,15,640,100,5,1,3,0,0,0,0,0,0,0,0,0,0
126917481,Autonomo,"Bande Nere, Inganni",Gambara,45.4623,9.14434,27,615,59,4,1,5,0,0,0,0,0,0,0,0,0,0
126917433,Autonomo,"Corvetto, Rogoredo",Corvetto,45.4371,9.21564,37,615,151,6,3,5,1,0,0,0,0,0,0,0,0,0
126917017,Autonomo,"Quadronno, Palestro, Guastalla",Guastalla,45.463,9.20011,17,615,160,6,2,3,0,0,0,0,0,0,0,0,0,0
126915535,Autonomo,"Maggiolina, Istria",Cascina dei Pomi,45.4994,9.21297,20,660,140,6,2,2,0,0,1,0,0,0,0,0,0,0
126916819,Autonomo,"Uptown, Cascina Merlata, Viale Certosa",Certosa,45.4906,9.15181,24,600,98,5,2,1,1,0,0,0,0,0,0,0,0,0
126916777,Autonomo,"Centrale, Repubblica",Buenos Aires,45.4842,9.2155,50,700,235,6,4,3,1,0,0,0,0,0,0,0,0,0
124776613,Centralizzato,"Ripamonti, Vigentino",Vigentino - Fatima,45.4266,9.2032,15,630,65,2,1,3,0,1,0,0,0,1,0,0,0,0
126915511,Autonomo,"Affori, Bovisa",Bovisa,45.5038,9.1657,28,685,100,6,1,1,0,0,1,0,0,0,0,0,0,0
126917381,Autonomo,"Centrale, Repubblica",Buenos Aires,45.4841,9.21355,28,690,113,5,2,1,1,0,0,0,0,0,0,0,0,0
126917031,Autonomo,"Solari, Washington",Dezza,45.4575,9.1592,18,630,67,4,1,1,1,0,0,0,0,0,0,0,0,0
126915629,Autonomo,"Cenisio, Sarpi, Isola",Isola,45.4889,9.18815,32,595,127,5,1,4,1,0,0,0,0,0,0,0,0,0
126917733,Autonomo,"Bande Nere, Inganni",Lorenteggio,45.4517,9.14007,46,665,87,5,1,7,1,0,0,0,0,0,0,0,0,0
126915733,Autonomo,"Porta Romana, Cadore, Montenero",Montenero,45.4613,9.20963,35,605,87,5,1,2,0,0,0,0,0,0,0,0,0,0
126915547,Autonomo,"San Siro, Trenno",Gallaratese,45.4902,9.11939,17,630,100,5,1,1,0,0,1,0,0,0,0,0,0,0
126916507,Autonomo,"Bande Nere, Inganni",Gambara,45.4628,9.14359,29,650,82,4,1,2,1,0,0,0,0,0,0,0,0,0
126917415,Autonomo,"Bande Nere, Inganni",Lorenteggio,45.4534,9.14086,42,630,106,5,2,1,0,0,0,0,0,0,0,0,0,0
126917367,Autonomo,"Città Studi, Susa",Città Studi,45.4829,9.22631,17,670,161,6,2,7,0,0,0,0,0,0,0,0,0,0
126916887,Autonomo,"Porta Venezia, Indipendenza",Indipendenza,45.4706,9.21677,30,660,127,5,1,1,0,0,0,0,0,0,0,0,0,0
126917139,Autonomo,"Corvetto, Rogoredo",Corvetto,45.4371,9.21564,37,610,151,6,3,5,1,0,0,0,0,0,0,0,0,0
126916915,Autonomo,"Cenisio, Sarpi, Isola",Zara,45.4917,9.19063,28,635,210,6,2,1,1,0,0,0,0,0,0,0,0,0
126916869,Autonomo,"Città Studi, Susa",Casoretto,45.4862,9.22744,28,680,91,5,2,4,1,0,0,0,0,0,0,0,0,0
126916593,Autonomo,"Affori, Bovisa",Affori,45.5174,9.17351,36,635,55,3,1,1,1,0,0,0,0,0,0,0,0,0
126916555,Autonomo,"Porta Venezia, Indipendenza",Porta Venezia,45.4773,9.20508,15,625,174,6,3,4,1,0,0,0,0,0,0,0,0,0
126917669,Autonomo,"Pasteur, Rovereto",Pasteur,45.4889,9.21775,26,670,109,5,2,5,1,0,0,0,0,0,0,0,0,0
126917455,Autonomo,"Porta Venezia, Indipendenza",Piave - Tricolore,45.4664,9.2089,12,685,133,6,2,1,1,0,0,0,0,0,0,0,0,0
126917039,Autonomo,"Solari, Washington",Frua,45.4653,9.14888,44,650,148,6,3,8,1,0,0,0,0,0,0,0,0,0
126916051,Autonomo,"Affori, Bovisa",Bovisa,45.5038,9.1657,30,680,100,6,1,1,0,0,1,0,0,0,0,0,0,0
126984911,Autonomo,"Bande Nere, Inganni",Gambara,45.463,9.14258,25,630,75,4,1,2,1,0,0,0,0,0,0,0,0,0
126917461,Autonomo,"Bande Nere, Inganni",Lorenteggio,45.4531,9.1364,77,655,149,5,2,7,1,0,0,0,0,0,0,1,0,0
126917545,Autonomo,"Solari, Washington",Vercelli - Wagner,45.4663,9.16153,23,690,130,5,2,1,1,0,0,0,0,0,0,0,0,0
126917105,Autonomo,"Solari, Washington",Washington,45.4562,9.1534,33,605,103,5,1,1,1,0,0,0,0,0,0,0,0,0
126916891,Autonomo,"Bande Nere, Inganni",Gambara,45.4623,9.14434,30,630,59,4,1,5,0,0,0,0,0,0,0,0,0,0
126916661,Autonomo,"San Siro, Trenno",San Siro,45.4707,9.12737,12,690,15,5,2,5,0,0,0,0,0,0,0,0,0,0
126917679,Autonomo,"Centrale, Repubblica",Centrale,45.4837,9.20015,16,595,15,5,2,3,1,0,0,0,0,0,0,0,0,0
126916351,Autonomo,"Porta Romana, Cadore, Montenero",Porta Romana - Medaglie d'Oro,45.4512,9.19951,31,620,138,5,2,4,1,0,0,0,0,0,0,0,0,0
126915561,Autonomo,"Abbiategrasso, Chiesa Rossa",Pezzotti - Meda,45.438,9.18104,17,665,150,6,2,1,0,0,1,0,0,0,0,0,0,0
126915463,Autonomo,"Famagosta, Barona",Giambellino,45.4496,9.14954,18,690,160,6,2,1,0,0,0,0,0,0,0,0,0,0
127012723,Autonomo,"Bande Nere, Inganni",Bande Nere,45.4597,9.13124,22,655,171,6,3,2,0,0,0,0,0,0,0,0,0,0
127012709,Autonomo,"Solari, Washington",Frua,45.4651,9.14874,37,665,104,5,2,3,1,0,0,0,0,0,0,0,0,0
126917799,Autonomo,"Napoli, Soderini",Tripoli - Soderini,45.4545,9.14926,80,700,209,6,3,7,1,0,0,0,0,0,0,0,0,0
126917737,Autonomo,"Bande Nere, Inganni",Lorenteggio,45.4525,9.14113,21,590,74,5,1,2,1,0,0,0,0,0,0,0,0,0
126917731,Autonomo,"Bande Nere, Inganni",Lorenteggio,45.4526,9.1396,53,680,88,5,1,1,1,0,0,0,0,0,0,1,0,0
126916645,Autonomo,"Bande Nere, Inganni",Bande Nere,45.4594,9.13161,14,675,203,6,3,3,0,0,0,0,0,0,0,0,0,0
126917423,Autonomo,"Bicocca, Niguarda",Ca' Granda,45.5068,9.19976,24,595,15,4,2,3,0,0,0,0,0,0,0,0,0,0
126917037,Autonomo,"Corvetto, Rogoredo",Corvetto,45.437,9.21553,35,590,75,4,1,1,1,0,0,0,0,0,0,0,0,0
126917843,Autonomo,"Bande Nere, Inganni",Lorenteggio,45.4541,9.13777,11,690,81,4,1,1,1,0,0,0,0,0,0,0,0,0
126917675,Autonomo,"Maggiolina, Istria",Cascina dei Pomi,45.4926,9.20803,30,675,105,4,1,2,1,0,0,0,0,0,0,0,0,0
126916667,Autonomo,"Affori, Bovisa",Affori,45.5174,9.17352,41,635,55,3,1,2,1,0,0,0,0,0,0,0,0,0
126915531,Autonomo,"Maggiolina, Istria",Maggiolina,45.4997,9.20184,22,695,100,5,1,1,0,0,1,0,0,0,0,0,0,0
126915521,Autonomo,"San Siro, Trenno",San Siro,45.4765,9.13943,23,675,150,6,2,3,0,0,1,0,0,0,0,0,0,0
126917007,Autonomo,"Città Studi, Susa",Città Studi,45.4846,9.23541,18,590,166,6,2,7,0,0,1,0,0,0,0,0,0,0
126917849,Autonomo,"San Siro, Trenno",San Siro,45.4743,9.12369,40,660,124,5,2,1,1,0,0,0,0,0,0,0,0,0
126917449,Autonomo,"Porta Venezia, Indipendenza",Piave - Tricolore,45.4708,9.20835,20,635,161,6,3,2,1,0,0,0,0,0,0,0,0,0
127012701,Autonomo,"Centrale, Repubblica",Buenos Aires,45.4813,9.21128,10,700,104,5,1,1,0,0,0,0,0,0,0,0,0,0
126917725,Autonomo,"Bande Nere, Inganni",Lorenteggio,45.4543,9.14068,18,655,125,6,2,1,0,0,0,0,0,0,0,0,0,0
126917617,Autonomo,"Bande Nere, Inganni",Gambara,45.463,9.14251,27,615,15,3,1,3,1,0,0,0,0,0,0,0,0,0
126917199,Autonomo,"Garibaldi, Moscova, Porta Nuova",Porta Nuova,45.4799,9.19407,64,630,161,6,3,3,1,0,0,0,0,0,0,0,0,0
126917057,Autonomo,"Ripamonti, Vigentino",Ripamonti - Fondazione Prada,45.4425,9.18863,87,610,445,6,4,1,0,0,0,0,0,0,0,0,0,0
126916617,Autonomo,"Città Studi, Susa",Argonne - Corsica,45.4676,9.22762,38,645,15,4,2,5,1,0,0,0,0,0,0,0,0,0
126917547,Autonomo,"Bande Nere, Inganni",Lorenteggio,45.4525,9.14113,19,685,74,5,1,6,1,0,0,0,0,0,0,0,0,0
126917395,Autonomo,"Affori, Bovisa",Affori,45.5131,9.17526,18,630,115,5,2,1,0,0,0,0,0,0,0,0,0,0
126917321,Autonomo,"Solari, Washington",Frua,45.4653,9.14888,41,610,148,6,3,2,1,0,0,0,0,0,0,0,0,0
126917141,Autonomo,"Solari, Washington",Frua,45.4653,9.14888,55,610,148,6,3,2,1,0,0,0,0,0,0,0,0,0
127018501,Autonomo,"Porta Vittoria, Lodi",Lodi - Brenta,45.4426,9.21396,45,695,173,6,2,3,0,0,0,0,0,0,0,0,0,0
126917633,Autonomo,"Città Studi, Susa",Città Studi,45.4724,9.2349,58,650,127,5,2,2,1,0,0,0,0,0,0,0,0,0
126917871,Autonomo,"Bande Nere, Inganni",Lorenteggio,45.4543,9.13826,57,635,196,6,3,9,1,0,0,0,0,0,0,0,0,0
126917137,Autonomo,"San Siro, Trenno",San Siro,45.4749,9.12364,27,680,156,6,2,5,1,0,0,0,0,0,0,0,0,0
126916947,Autonomo,"Affori, Bovisa",Bovisasca,45.5171,9.15399,25,600,94,5,2,1,0,0,0,0,0,0,0,0,0,0
126916829,Autonomo,"Corvetto, Rogoredo",Corvetto,45.4387,9.21317,25,650,70,3,1,1,0,0,0,0,0,0,0,0,0,0
127478236,Centralizzato,"Porta Vittoria, Lodi",Lodi - Brenta,45.4485,9.2208,18,700,72,3,1,1,1,1,0,0,1,0,1,0,0,0
126239801,Centralizzato,"Ponte Lambro, Santa Giulia",Santa Giulia,45.4321,9.24531,7,600,80,3,1,5,0,0,1,1,1,0,0,0,0,1
126916379,Autonomo,"Quadronno, Palestro, Guastalla",Guastalla,45.4621,9.2045,39,600,121,5,1,2,1,0,0,0,0,0,0,0,0,0
126592875,Assente,"Cimiano, Crescenzago, Adriano",Crescenzago,45.5042,9.2404,9,650,20,3,1,4,0,0,1,0,1,0,1,0,0,0
126432307,Assente,"Famagosta, Barona",Famagosta,45.4406,9.1704,21,650,80,3,1,2,0,0,0,0,1,0,1,1,0,0
125967055,Autonomo,"Bisceglie, Baggio, Olmi",Baggio,45.4588,9.10053,4,600,18,6,2,0,0,0,0,1,1,0,1,1,1,1
121414784,Assente,"Precotto, Turro",Turro,45.4992,9.2204,8,700,13,3,2,7,0,0,1,0,1,0,0,0,0,0
121565698,Assente,"Bande Nere, Inganni",Bande Nere,45.4609,9.1314,12,600,90,3,2,0.5,0,0,0,0,1,0,0,0,0,0
126916845,Autonomo,"Pasteur, Rovereto",Pasteur,45.4874,9.21404,9,615,15,6,2,4,0,0,0,0,0,0,0,0,0,0
127484098,Assente,"Corvetto, Rogoredo",Corvetto,45.4363,9.2155,7,680,120,5,2,1,0,0,0,0,0,0,0,0,0,0
114342433,Assente,"Udine, Lambrate",Udine,45.4879,9.2373,16,650,15,3,1,1,0,0,1,0,1,0,1,0,0,0
116113271,Assente,"Affori, Bovisa",Bovisa,45.5026,9.1653,10,695,180,6,4,1,0,0,1,0,1,0,1,0,0,1
126917809,Autonomo,"Bande Nere, Inganni",Bande Nere,45.4628,9.13388,18,690,70,4,1,3,1,0,0,0,0,0,0,0,0,0
126917863,Autonomo,"Bande Nere, Inganni",Bande Nere,45.4597,9.13124,9,700,171,6,3,4,0,0,0,0,0,0,0,0,0,0
126716987,Assente,"Bicocca, Niguarda",Ca' Granda,45.5081,9.1925,11,600,130,6,2,9,0,0,0,0,1,0,0,0,0,0
126916657,Autonomo,"Centrale, Repubblica",Repubblica,45.4793,9.20206,9,630,15,4,2,3,0,0,0,0,0,0,0,0,0,0
126917361,Autonomo,"Maggiolina, Istria",Maggiolina,45.4985,9.20299,22,595,121,6,2,1,1,0,0,0,0,0,0,0,0,0
127012707,Autonomo,"Centrale, Repubblica",Buenos Aires,45.4848,9.21089,22,590,200,6,2,5,0,0,0,0,0,0,0,0,0,0
122922916,Assente,"Cimiano, Crescenzago, Adriano",Cimiano,45.4988,9.239,23,700,130,5,2,6,0,0,1,0,1,1,1,0,0,1
126917403,Autonomo,"Centrale, Repubblica",Buenos Aires,45.4795,9.21552,53,690,161,6,3,4,0,0,0,0,0,0,0,1,0,0
127476730,Centralizzato,"Maggiolina, Istria",Istria,45.4995,9.1961,13,600,90,4,1,4,0,1,0,0,1,0,1,0,0,1
124364409,Assente,"Centrale, Repubblica",Centrale,45.4865,9.2009,24,650,120,5,2,5,0,0,1,0,1,1,0,0,0,1
125691147,Assente,"Affori, Bovisa",Comasina,45.5238,9.1612,13,650,80,NA,1,0.5,0,0,0,0,1,0,1,0,0,0
126916917,Autonomo,"San Siro, Trenno",San Siro,45.4777,9.14164,8,630,15,6,3,1,0,0,0,0,0,0,0,0,0,0
126917659,Autonomo,"Centrale, Repubblica",Centrale,45.4911,9.20441,8,685,253,6,2,1,1,0,0,0,0,0,0,0,0,0
127154205,Assente,"Abbiategrasso, Chiesa Rossa",Pezzotti - Meda,45.4387,9.1844,15,690,67,2,1,1,0,0,1,0,1,1,1,0,0,1
125661303,Assente,"Quadronno, Palestro, Guastalla",Guastalla,45.4629,9.2003,11,700,10,5,2,3,0,0,0,0,1,1,1,0,0,0
94333562,Assente,"Uptown, Cascina Merlata, Viale Certosa",Certosa,45.4942,9.1444,21,650,110,4,1,-1,0,0,0,0,0,0,1,0,0,0
108875413,Assente,"Corvetto, Rogoredo",Corvetto,45.4409,9.222,11,650,80,3,1,4,0,0,1,0,1,1,0,0,0,1
126917585,Autonomo,"Cenisio, Sarpi, Isola",Zara,45.4949,9.19043,9,625,15,3,1,2,0,0,0,0,0,0,0,0,0,0
106119073,Assente,"Bande Nere, Inganni",Bande Nere,45.4613,9.1331,16,600,85,3,1,3,0,0,1,0,1,0,1,0,1,0
126837581,Assente,"Abbiategrasso, Chiesa Rossa",Cermenate - Abbiategrasso,45.4372,9.183,8,675,60,3,1,8,0,0,1,0,1,1,0,0,0,1
126917567,Autonomo,Navigli,Navigli - Darsena,45.4464,9.16077,7,650,88,4,1,1,1,0,0,0,0,0,0,0,0,0
118875265,Assente,"Affori, Bovisa",Dergano,45.4975,9.1831,9,600,230,6,3,8,0,0,1,0,1,1,0,0,0,0
125922555,Assente,"Famagosta, Barona",Cantalupa - San Paolo,45.4365,9.1719,14,630,45,2,1,0.5,0,0,0,0,1,0,1,0,0,0
126916219,Autonomo,"Città Studi, Susa",Città Studi,45.4847,9.2173,7,645,102,5,2,1,1,0,0,0,0,0,0,0,0,0
126917589,Autonomo,"Famagosta, Barona",Tre Castelli - Faenza,45.442,9.13738,7,590,90,4,2,3,0,0,0,0,0,0,0,0,0,0
126131483,Assente,"Famagosta, Barona",Tre Castelli - Faenza,45.4441,9.1432,20,650,60,2,1,2,0,0,0,0,1,1,0,0,0,1
126916871,Autonomo,"Bande Nere, Inganni",Gambara,45.4622,9.14405,15,645,81,4,1,1,1,0,0,0,0,0,0,0,0,0
126917637,Autonomo,"Solari, Washington",Frua,45.4653,9.14888,38,630,148,6,3,2,1,0,0,0,0,0,0,0,0,0
126270107,Centralizzato,"Bicocca, Niguarda",Bignami - Ponale,45.5271,9.2108,14,600,16,1,2,3,1,0,0,0,0,0,0,0,0,0
127550346,Centralizzato,"Famagosta, Barona",Famagosta,45.4406,9.1704,23,650,15,2,1,1,0,0,1,0,1,0,1,0,0,0
125711397,Assente,"Fiera, Sempione, City Life, Portello",Monte Rosa - Lotto,45.4755,9.1454,7,700,150,6,3,1,0,0,0,0,1,1,0,0,0,1
126537035,Centralizzato,"Bande Nere, Inganni",Piazzale Siena,45.4652,9.13552,11,600,15,6,2,2,0,0,1,1,1,0,0,0,0,1
126182797,Assente,"Cimiano, Crescenzago, Adriano",Crescenzago,45.5082,9.2462,28,650,132,4,2,2,0,0,1,0,1,0,1,0,0,1
126916115,Autonomo,"Arco della Pace, Arena, Pagano",Arco della Pace,45.4776,9.16864,12,640,200,6,2,3,0,0,0,0,0,0,0,0,0,0
127158513,Centralizzato,"Città Studi, Susa",Città Studi,45.4723,9.22738,13,610,9,6,3,2,0,0,0,1,1,0,1,0,0,1
127157725,Assente,"Quadronno, Palestro, Guastalla",Guastalla,45.4629,9.1999,15,599,160,5,2,3,0,0,0,0,1,0,0,0,0,0
105804609,Assente,Forlanini,Quartiere Forlanini,45.4584,9.2451,15,650,120,4,2,1,0,0,1,0,1,1,0,0,0,1
126917045,Autonomo,"Maggiolina, Istria",Maggiolina,45.4962,9.20583,10,635,15,5,2,5,1,0,0,0,0,0,0,0,0,0
125405199,Assente,"Affori, Bovisa",Comasina,45.529,9.1629,8,650,85,NA,1,2,0,0,1,0,1,0,1,0,0,0
126570803,Centralizzato,"Famagosta, Barona",Cantalupa - San Paolo,45.435,9.17327,10,700,15,3,2,2,0,0,1,1,1,0,1,0,1,1
107610887,Assente,"Precotto, Turro",Villa San Giovanni,45.5175,9.2254,12,700,75,3,2,6,0,0,1,0,1,1,1,0,0,1
125433543,Assente,"Abbiategrasso, Chiesa Rossa",Pezzotti - Meda,45.4407,9.1805,17,700,126,4,1,4,0,0,0,0,1,0,1,0,0,0
125433639,Assente,"Abbiategrasso, Chiesa Rossa",Pezzotti - Meda,45.4407,9.1805,19,700,126,4,1,4,0,0,0,0,1,0,1,0,0,0
126727421,Centralizzato,"Pasteur, Rovereto",Pasteur,45.4901,9.2177,15,600,110,4,1,2,1,1,1,0,0,0,0,0,0,0
126916675,Autonomo,"Città Studi, Susa",Casoretto,45.4868,9.22375,5,670,15,3,1,3,1,0,0,0,0,0,0,0,0,0
126916807,Autonomo,"Maggiolina, Istria",Maggiolina,45.4953,9.19646,12,640,103,4,2,2,0,0,0,0,0,0,0,0,0,0
127038981,Assente,"Città Studi, Susa",Città Studi,45.483,9.21802,8,700,80,1,1,4,0,0,0,0,0,0,0,0,0,0
126917143,Autonomo,"Centrale, Repubblica",Buenos Aires,45.4836,9.21537,5,675,112,5,2,2,0,0,0,0,0,0,0,0,0,0
127333511,Assente,"Ripamonti, Vigentino",Vigentino - Fatima,45.4257,9.2021,12,600,16,3,1,3,0,0,0,0,1,0,0,0,0,0
122343350,Assente,"Maggiolina, Istria",Maggiolina,45.4995,9.1985,7,600,120,5,1,1,0,0,1,0,1,0,0,0,0,0
124736489,Assente,"Udine, Lambrate",Lambrate,45.4829,9.2414,18,650,100,4,1,1,0,0,0,0,0,0,0,0,0,0
127306593,Assente,"Bicocca, Niguarda",Prato Centenaro,45.5096,9.202,24,700,80,3,1,1,0,0,1,0,1,1,1,0,1,1
125840677,Centralizzato,"Udine, Lambrate",Quartiere Feltre,45.489,9.242,19,640,100,5,2,7,1,1,1,0,1,1,0,0,0,1
127136167,Centralizzato,"Ripamonti, Vigentino",Vigentino - Fatima,45.4346,9.20381,10,670,NA,4,1,0,0,0,0,0,1,0,0,0,1,1
119920598,Autonomo,"San Siro, Trenno",San Siro,45.4679,9.14356,19,600,65,3,1,1,0,0,0,0,1,0,0,0,0,0
124764233,Assente,"Ripamonti, Vigentino",Ripamonti - Fondazione Prada,45.4407,9.1997,3,650,65,3,1,3,0,0,0,0,1,0,1,0,0,0
125433197,Assente,"Abbiategrasso, Chiesa Rossa",Pezzotti - Meda,45.4407,9.1805,17,700,126,4,1,4,0,0,0,0,1,0,1,0,0,0
126360827,Assente,"Maggiolina, Istria",Maggiolina,45.4951,9.2014,20,600,110,4,2,4,0,0,0,0,1,0,1,0,0,0
114183563,Assente,"Maggiolina, Istria",Cascina dei Pomi,45.4922,9.2083,11,650,105,4,3,0.5,0,0,0,0,1,1,0,0,0,1
125356003,Centralizzato,"Affori, Bovisa",Bovisa,45.4986,9.16526,10,600,100,3,1,3,0,0,1,1,1,0,1,0,0,1
126916703,Autonomo,"Città Studi, Susa",Città Studi,45.4813,9.21741,27,680,116,5,2,2,1,0,0,0,0,0,0,0,0,0
114370569,Assente,"Cenisio, Sarpi, Isola",Zara,45.4904,9.1894,8,600,20,2,1,5,0,0,1,0,0,0,0,0,0,0
126956367,Centralizzato,"Bisceglie, Baggio, Olmi",Bisceglie,45.4575,9.10465,20,600,70,2,1,1,0,0,0,1,1,0,1,0,1,0
124537541,Centralizzato,"Bande Nere, Inganni",Bande Nere,45.4604,9.13254,14,600,90,3,1,5,0,0,1,1,1,0,1,0,1,0
80664697,Centralizzato,"Precotto, Turro",Turro,45.5015,9.22068,12,650,90,3,1,0.5,0,1,0,1,1,0,0,0,1,0
126190037,Assente,"Udine, Lambrate",Udine,45.4879,9.2373,9,680,70,3,1,1,0,0,1,0,1,0,1,0,0,0
126838329,Assente,"Bicocca, Niguarda",Niguarda,45.5154,9.191,6,600,100,6,2,3,0,0,1,0,1,0,0,0,0,0
121666442,Assente,"Famagosta, Barona",Cantalupa - San Paolo,45.4307,9.169,15,650,89,4,2,6,0,0,1,0,1,0,0,1,0,1
116226137,Assente,"Maggiolina, Istria",Istria,45.5027,9.1975,11,700,80,3,1,4,0,0,1,0,1,0,1,0,1,0
126858429,Assente,"Bicocca, Niguarda",Prato Centenaro,45.5109,9.2005,18,600,70,1,1,5,0,0,0,0,1,1,1,0,1,0
127104439,Assente,"Corvetto, Rogoredo",Corvetto,45.4393,9.2261,9,650,130,4,2,5,0,0,1,0,1,1,1,0,0,1
125718335,Assente,"Città Studi, Susa",Città Studi,45.4861,9.219,26,700,60,2,1,2,0,0,1,0,1,1,1,0,0,1
113384565,Assente,"Affori, Bovisa",Comasina,45.5269,9.166,13,650,15,3,2,6,0,0,1,0,1,0,1,0,0,0
125539107,Assente,Navigli,Corso San Gottardo,45.4469,9.1806,23,680,90,4,1,1,0,0,0,0,1,0,0,0,0,0
127540574,Assente,"Uptown, Cascina Merlata, Viale Certosa",Certosa,45.4967,9.1518,23,700,60,3,1,2,0,0,0,0,1,1,1,0,1,0
127556714,Assente,"Bande Nere, Inganni",Gambara,45.4644,9.1422,32,690,100,4,2,0.5,0,0,0,0,1,1,0,0,0,0
126568395,Centralizzato,"Abbiategrasso, Chiesa Rossa",Cermenate - Abbiategrasso,45.4362,9.18012,11,700,70,NA,NA,5,0,0,1,0,1,0,0,0,0,1
126133025,Assente,Navigli,Corso San Gottardo,45.4515,9.1821,13,600,15,4,2,2,0,0,1,0,1,0,1,0,0,0
118406887,Centralizzato,"Affori, Bovisa",Bovisa,45.5006,9.1665,15,610,110,5,2,1,0,0,1,1,1,0,1,0,0,1
125986615,Centralizzato,"Udine, Lambrate",Udine,45.4913,9.2374,20,670,25,5,2,5,0,0,0,1,1,0,1,0,1,0
120854130,Assente,"Bicocca, Niguarda",Ca' Granda,45.505,9.2015,17,600,142,3,2,5,0,0,1,0,1,1,1,0,0,1
110920539,Autonomo,"Uptown, Cascina Merlata, Viale Certosa",Musocco,45.501,9.12926,20,700,140,5,4,2,0,0,1,0,1,0,0,1,1,1
126372035,Centralizzato,"Centrale, Repubblica",Morgagni,45.4785,9.21222,3,600,15,5,2,2,0,0,1,1,1,0,0,0,0,0
122991570,Centralizzato,"San Siro, Trenno",Gallaratese,45.5035,9.09609,20,700,108,3,3,6,0,0,1,1,1,0,0,0,0,0
126033041,Centralizzato,"Bicocca, Niguarda",Greco - Segnano,45.5026,9.2102,19,650,20,1,1,2,1,0,0,0,1,1,0,0,0,0
93760550,Centralizzato,"Pasteur, Rovereto",Pasteur,45.491,9.21689,8,700,25,2,1,3,0,0,1,1,1,0,1,0,0,0
127152971,Centralizzato,"Corvetto, Rogoredo",Corvetto,45.4379,9.2137,5,650,16,3,1,1,0,0,1,0,1,0,0,0,0,1
120995876,Autonomo,"Città Studi, Susa",Casoretto,45.4886,9.23323,43,600,155,NA,NA,1,0,1,0,0,0,1,0,0,0,0
120407848,Autonomo,"Città Studi, Susa",Casoretto,45.4886,9.23323,48,600,155,NA,NA,2,0,1,0,0,0,1,0,0,0,0
127614336,Autonomo,"Famagosta, Barona",Cantalupa - San Paolo,45.4273,9.16983,20,650,16,2,1,0,0,0,0,0,1,0,0,0,0,0
127502142,Autonomo,"Cimiano, Crescenzago, Adriano",Ponte Nuovo,45.5107,9.23214,12,700,60,2,1,2,0,0,0,0,0,0,0,0,0,0
126384921,Assente,"Centrale, Repubblica",Buenos Aires,45.4852,9.2155,29,650,120,5,4,4,0,0,1,0,1,1,1,0,0,0
126956067,Centralizzato,"Bisceglie, Baggio, Olmi",Bisceglie,45.4575,9.10491,20,600,70,2,1,1,0,0,0,1,1,0,1,0,1,0
126921113,Assente,"Abbiategrasso, Chiesa Rossa",Cermenate - Abbiategrasso,45.4362,9.1814,12,600,20,3,1,1,0,0,0,0,1,1,0,0,0,0
126021613,Autonomo,"Ripamonti, Vigentino",Ripamonti - Fondazione Prada,45.4413,9.19221,23,700,22,1,1,1,0,1,0,0,0,0,0,0,0,0
126916693,Autonomo,"Abbiategrasso, Chiesa Rossa",Gratosoglio,45.4173,9.17974,32,595,136,6,3,3,0,0,0,0,0,0,0,0,0,0
126476399,Assente,"Precotto, Turro",Turro,45.5005,9.2212,33,700,20,3,1,4,0,0,1,0,0,1,0,0,0,0
122929046,Centralizzato,"Bicocca, Niguarda",Ca' Granda,45.5052,9.19737,6,650,24,5,1,1,0,0,0,1,1,0,0,1,0,1
125670025,Assente,"Bicocca, Niguarda",Niguarda,45.5177,9.1935,22,650,14,3,1,3,0,0,1,0,1,0,0,1,0,0
126310029,Centralizzato,"Arco della Pace, Arena, Pagano",Arena,45.4783,9.18053,18,610,14,1,3,3,1,1,1,0,0,1,0,0,0,0
127295955,Centralizzato,"Città Studi, Susa",Casoretto,45.4863,9.23361,10,700,20,3,2,6,0,0,1,1,1,0,1,0,0,1
127400907,Assente,"Porta Vittoria, Lodi",Martini - Insubria,45.4506,9.22,9,625,15,NA,NA,4,0,0,1,0,1,0,0,0,0,0
126958595,Autonomo,"Bande Nere, Inganni",Bande Nere,45.4597,9.13124,7,700,171,6,3,3,0,0,0,0,0,0,0,0,0,0
127103035,Autonomo,"Pasteur, Rovereto",Pasteur,45.4902,9.22038,18,675,18,4,1,3,0,0,0,1,1,0,0,0,0,1
114265387,Assente,"Precotto, Turro",Gorla,45.504,9.2219,10,700,33,2,NA,5,0,0,1,0,1,0,1,0,0,0
126951027,Autonomo,"Città Studi, Susa",Città Studi,45.4813,9.21732,8,590,86,4,1,3,1,0,0,0,0,0,0,0,0,0
127160285,Centralizzato,"Città Studi, Susa",Città Studi,45.4821,9.22378,8,700,20,4,1,3,0,0,1,1,1,0,1,0,0,0
124195993,Centralizzato,"Affori, Bovisa",Comasina,45.5257,9.16673,8,620,30,4,1,4,0,0,0,1,1,0,1,0,0,1
110970033,Assente,"Città Studi, Susa",Città Studi,45.47,9.229,8,700,90,3,1,2,0,0,1,0,1,1,0,0,0,0
127484216,Assente,"Città Studi, Susa",Città Studi,45.469,9.2261,4,690,9,1,1,1,0,0,0,0,1,0,1,1,0,1
127514028,Autonomo,"Pasteur, Rovereto",Pasteur,45.4913,9.21277,16,625,115,5,2,3,1,0,0,0,0,0,0,0,0,0
127462746,Autonomo,"Bande Nere, Inganni",Gambara,45.4666,9.13984,28,670,15,5,2,5,1,0,0,0,0,0,0,0,0,0
127384313,Autonomo,"Cimiano, Crescenzago, Adriano",Crescenzago,45.5038,9.24052,19,630,140,6,2,1,0,0,1,0,0,0,0,0,0,0
127201251,Autonomo,"Centrale, Repubblica",Buenos Aires,45.4827,9.21566,18,685,92,4,2,4,1,0,0,0,0,0,0,0,0,0
127602604,Autonomo,"Ripamonti, Vigentino",Ripamonti - Fondazione Prada,45.4441,9.21026,20,615,15,5,2,8,1,0,0,0,0,0,0,0,0,0
127602164,Autonomo,"San Siro, Trenno",Gallaratese,45.4902,9.11939,17,630,100,5,1,1,0,0,1,0,0,0,0,0,0,0
127569768,Autonomo,"Affori, Bovisa",Dergano,45.5046,9.18644,12,630,67,2,1,1,0,0,0,0,0,0,0,0,0,0
127541548,Autonomo,"Centrale, Repubblica",Centrale,45.4905,9.20305,25,630,119,5,2,1,0,0,0,0,0,0,0,0,0,0
127514030,Autonomo,"Ripamonti, Vigentino",Ripamonti - Fondazione Prada,45.4425,9.18863,45,595,445,6,4,1,0,0,0,0,0,0,0,0,0,0
127513784,Autonomo,"Solari, Washington",Vercelli - Wagner,45.4674,9.15891,18,640,175,6,2,7,0,0,1,0,0,0,0,0,0,0
127462800,Autonomo,"Solari, Washington",Vercelli - Wagner,45.4663,9.16153,22,690,130,5,2,1,1,0,0,0,0,0,0,0,0,0
127414853,Autonomo,"Bicocca, Niguarda",Ca' Granda,45.5074,9.19424,21,680,90,6,2,1,0,0,0,0,0,0,0,0,0,0
127326275,Autonomo,"Centrale, Repubblica",Centrale,45.4811,9.20398,26,615,138,6,2,3,0,0,0,0,0,0,0,0,0,0
127121123,Autonomo,"Maggiolina, Istria",Maggiolina,45.4915,9.19756,26,590,15,6,3,2,1,0,0,0,0,0,0,0,0,0
127602366,Autonomo,"Centrale, Repubblica",Buenos Aires,45.4827,9.21566,18,685,92,4,2,4,1,0,0,0,0,0,0,0,0,0
127541690,Autonomo,"Bande Nere, Inganni",Lorenteggio,45.4517,9.14007,26,665,87,5,1,7,1,0,0,0,0,0,0,0,0,0
127541396,Autonomo,"Porta Venezia, Indipendenza",Porta Venezia,45.4773,9.20508,15,625,174,6,3,4,1,0,0,0,0,0,0,0,0,0
127504632,Autonomo,"Bande Nere, Inganni",Gambara,45.4623,9.14434,27,615,59,4,1,5,0,0,0,0,0,0,0,0,0,0
127602346,Autonomo,"Bande Nere, Inganni",Lorenteggio,45.4547,9.14028,23,685,79,5,1,1,0,0,0,0,0,0,0,0,0,0
127541588,Autonomo,"Uptown, Cascina Merlata, Viale Certosa",Certosa,45.4945,9.14426,14,600,82,4,1,3,1,0,0,0,0,0,0,0,0,0
127490416,Autonomo,"Solari, Washington",Vercelli - Wagner,45.4658,9.16159,14,665,140,6,2,1,1,0,0,0,0,0,0,0,0,0
127462658,Autonomo,"Abbiategrasso, Chiesa Rossa",Pezzotti - Meda,45.4434,9.17731,14,645,75,4,1,1,0,0,0,0,0,0,0,0,0,0
127355609,Autonomo,"Affori, Bovisa",Dergano,45.5012,9.18211,35,685,15,6,4,1,0,0,0,0,0,0,0,0,0,0
127317247,Autonomo,"Maggiolina, Istria",Maggiolina,45.4997,9.20184,22,695,100,5,1,1,0,0,1,0,0,0,0,0,0,0
127037491,Assente,"Affori, Bovisa",Bovisa,45.5,9.1649,25,620,65,2,1,8,0,0,0,0,1,1,0,0,0,1
127304009,Autonomo,"Bande Nere, Inganni",Bande Nere,45.4597,9.13124,10,600,105,5,2,1,0,0,0,0,0,0,0,0,0,0
127602338,Autonomo,"Ripamonti, Vigentino",Ripamonti - Fondazione Prada,45.4441,9.21026,20,615,15,5,2,8,1,0,0,0,0,0,0,0,0,0
127570032,Autonomo,"Solari, Washington",Dezza,45.4575,9.1592,18,630,67,4,1,1,1,0,0,0,0,0,0,0,0,0
127541532,Autonomo,"Solari, Washington",Vercelli - Wagner,45.4663,9.16153,41,675,137,6,2,2,1,0,0,0,0,0,0,0,0,0
127513724,Autonomo,"Porta Venezia, Indipendenza",Indipendenza,45.4706,9.21677,17,660,127,5,1,1,0,0,0,0,0,0,0,0,0,0
127356093,Autonomo,"Uptown, Cascina Merlata, Viale Certosa",Ghisolfa - Mac Mahon,45.4925,9.16275,40,610,250,6,3,1,0,0,0,0,0,0,0,0,0,0
127141351,Autonomo,"Maggiolina, Istria",Cascina dei Pomi,45.4926,9.20803,32,670,81,4,1,1,1,0,0,0,0,0,0,0,0,0
127570250,Autonomo,"Bande Nere, Inganni",Inganni,45.4474,9.12519,16,645,96,2,1,1,0,0,0,0,0,0,0,0,0,0
127513922,Autonomo,"Bande Nere, Inganni",Lorenteggio,45.4517,9.14007,26,665,87,5,1,7,1,0,0,0,0,0,0,0,0,0
127355703,Autonomo,"Maggiolina, Istria",Maggiolina,45.5017,9.19935,16,680,140,6,2,1,0,0,0,0,0,0,0,0,0,0
127141335,Autonomo,"Genova, Ticinese",Corso Genova,45.4582,9.17012,24,645,157,6,2,4,0,0,1,0,0,0,0,0,0,0
127317709,Autonomo,"Bande Nere, Inganni",Lorenteggio,45.4523,9.13914,20,700,88,5,1,6,1,0,0,0,0,0,0,0,0,0
127569782,Autonomo,Forlanini,Quartiere Forlanini,45.4618,9.24356,22,690,65,4,1,1,0,0,1,0,0,0,0,0,0,0
127504536,Autonomo,"Porta Venezia, Indipendenza",Indipendenza,45.4706,9.21677,18,645,127,5,1,1,0,0,0,0,0,0,0,0,0,0
127385139,Autonomo,"Solari, Washington",Vercelli - Wagner,45.4658,9.16159,14,665,140,6,2,1,1,0,0,0,0,0,0,0,0,0
127384569,Autonomo,"Bande Nere, Inganni",Inganni,45.4474,9.12519,20,620,96,2,1,1,0,0,0,0,0,0,0,0,0,0
127355579,Autonomo,"Solari, Washington",Solari,45.4529,9.15615,24,640,138,6,2,1,1,0,0,0,0,0,0,0,0,0
127303699,Autonomo,"Famagosta, Barona",Barona,45.4422,9.15399,11,650,80,5,2,1,0,0,0,0,0,0,0,0,0,0
127504688,Autonomo,"Famagosta, Barona",Barona,45.4421,9.154,13,625,15,4,2,1,0,0,0,0,0,0,0,0,0,0
127355515,Autonomo,"Bande Nere, Inganni",Primaticcio,45.457,9.1275,10,690,15,5,2,2,0,0,0,0,0,0,0,0,0,0
127326467,Autonomo,"Abbiategrasso, Chiesa Rossa",Cermenate - Abbiategrasso,45.4343,9.18072,30,600,15,5,2,1,0,0,0,0,0,0,0,0,0,0
127326335,Autonomo,"Udine, Lambrate",Udine,45.4901,9.23447,19,615,15,5,2,2,1,0,0,0,0,0,0,0,0,0
127317493,Autonomo,"Abbiategrasso, Chiesa Rossa",Pezzotti - Meda,45.4387,9.18289,34,620,90,4,1,1,0,0,0,0,0,0,0,0,0,0
127141333,Autonomo,"Quadronno, Palestro, Guastalla",Quadronno - Crocetta,45.4555,9.20183,16,600,197,6,2,1,0,0,0,0,0,0,0,0,0,0
127646784,Autonomo,"Ripamonti, Vigentino",Ripamonti - Fondazione Prada,45.4441,9.21026,21,595,15,5,2,8,1,0,0,0,0,0,0,0,0,0
127602418,Autonomo,"Bande Nere, Inganni",Inganni,45.4474,9.12519,17,700,96,2,1,1,0,0,0,0,0,0,0,0,0,0
127513942,Autonomo,"Affori, Bovisa",Bovisa,45.5015,9.16316,17,700,55,4,1,1,0,0,0,0,0,0,0,0,0,0
127414835,Autonomo,"Maggiolina, Istria",Cascina dei Pomi,45.4926,9.20803,19,675,105,4,1,2,1,0,0,0,0,0,0,0,0,0
127303363,Autonomo,"Cimiano, Crescenzago, Adriano",Crescenzago,45.5053,9.24038,22,665,90,4,1,4,0,0,1,0,0,0,0,0,0,0
127275119,Autonomo,"Porta Venezia, Indipendenza",Piave - Tricolore,45.4708,9.20835,20,635,161,6,3,2,1,0,0,0,0,0,0,0,0,0
127275099,Autonomo,"Bande Nere, Inganni",Lorenteggio,45.4529,9.13928,31,600,74,4,1,3,1,0,0,0,0,0,0,0,0,0
127169335,Autonomo,"Centrale, Repubblica",Buenos Aires,45.4852,9.21602,23,600,369,6,4,4,0,0,1,0,0,0,0,0,0,0
127570082,Autonomo,"Bande Nere, Inganni",Gambara,45.463,9.14258,25,630,75,4,1,2,1,0,0,0,0,0,0,0,0,0
127513716,Autonomo,"Bicocca, Niguarda",Greco - Segnano,45.5082,9.2047,12,700,110,2,1,1,0,0,0,0,0,0,0,0,0,0
127414505,Autonomo,"Cimiano, Crescenzago, Adriano",Crescenzago,45.5038,9.24052,20,660,140,6,2,1,0,0,1,0,0,0,0,0,0,0
127384605,Autonomo,"Maggiolina, Istria",Maggiolina,45.4915,9.19756,26,590,15,6,3,2,1,0,0,0,0,0,0,0,0,0
127326349,Autonomo,"Centrale, Repubblica",Buenos Aires,45.4841,9.21355,28,690,113,5,2,1,1,0,0,0,0,0,0,0,0,0
127201249,Autonomo,"Abbiategrasso, Chiesa Rossa",Cermenate - Abbiategrasso,45.436,9.18437,25,605,138,5,2,1,1,0,0,0,0,0,0,0,0,0
127303977,Autonomo,"Cenisio, Sarpi, Isola",Paolo Sarpi,45.4804,9.18014,13,685,166,6,2,4,1,0,0,0,0,0,0,0,0,0
127490490,Autonomo,"Bicocca, Niguarda",Ca' Granda,45.5074,9.19424,21,645,90,6,2,1,0,0,0,0,0,0,0,0,0,0
127462950,Autonomo,"Centrale, Repubblica",Buenos Aires,45.4848,9.21089,28,590,200,6,2,5,0,0,0,0,0,0,0,0,0,0
127384745,Autonomo,"Bande Nere, Inganni",Lorenteggio,45.4541,9.13777,11,690,81,4,1,1,1,0,0,0,0,0,0,0,0,0
127355619,Autonomo,Navigli,Navigli - Darsena,45.4446,9.17288,12,690,110,6,2,1,0,0,0,0,0,0,0,0,0,0
127326157,Autonomo,"Abbiategrasso, Chiesa Rossa",Pezzotti - Meda,45.438,9.18104,17,665,150,6,2,1,0,0,1,0,0,0,0,0,0,0
127646660,Autonomo,"Corvetto, Rogoredo",Corvetto,45.4372,9.21509,37,615,151,6,3,2,1,0,0,0,0,0,0,0,0,0
127384649,Autonomo,"Bande Nere, Inganni",Gambara,45.4633,9.14358,30,665,89,4,1,2,1,0,0,0,0,0,0,0,0,0
127384391,Autonomo,"Bande Nere, Inganni",Gambara,45.4623,9.14434,23,595,77,5,1,2,0,0,0,0,0,0,0,0,0,0
127232205,Autonomo,"Porta Venezia, Indipendenza",Piave - Tricolore,45.4708,9.20835,20,645,161,6,3,2,1,0,0,0,0,0,0,0,0,0
127169339,Autonomo,"Fiera, Sempione, City Life, Portello",De Angeli,45.4682,9.14607,14,665,15,3,1,2,1,0,0,0,0,0,0,0,0,0
127132857,Autonomo,"Fiera, Sempione, City Life, Portello",Amendola - Buonarroti,45.4702,9.14972,11,620,166,6,3,1,1,0,0,0,0,0,0,0,0,0
127569744,Autonomo,"Bisceglie, Baggio, Olmi",Quarto Cagnino,45.4759,9.11018,18,590,130,6,2,5,0,0,0,0,0,0,0,0,0,0
127355335,Autonomo,"Famagosta, Barona",Giambellino,45.4468,9.12707,11,640,79,3,1,1,0,0,0,0,0,0,0,1,0,0
127303689,Autonomo,"Cenisio, Sarpi, Isola",Isola,45.4901,9.19945,29,630,15,6,3,6,1,0,0,0,0,0,0,0,0,0
127356277,Autonomo,"Solari, Washington",Dezza,45.4591,9.15941,11,590,241,6,3,1,0,0,1,0,0,0,0,0,0,0
127602410,Autonomo,"Città Studi, Susa",Città Studi,45.4843,9.21853,12,655,172,6,3,2,1,0,0,0,0,0,0,0,0,0
127513810,Autonomo,"Maggiolina, Istria",Cascina dei Pomi,45.4926,9.20803,36,650,196,6,2,6,1,0,0,0,0,0,0,0,0,0
127490488,Autonomo,"San Siro, Trenno",Gallaratese,45.4969,9.11996,18,635,90,5,2,1,0,0,0,0,0,0,0,0,0,0
127462772,Autonomo,"Corvetto, Rogoredo",Corvetto,45.4371,9.21564,37,615,151,6,3,5,1,0,0,0,0,0,0,0,0,0
127462682,Autonomo,"Corvetto, Rogoredo",Corvetto,45.4371,9.21564,37,615,151,6,3,4,1,0,0,0,0,0,0,0,0,0
127384547,Autonomo,"Città Studi, Susa",Argonne - Corsica,45.4676,9.22762,38,645,15,4,2,5,1,0,0,0,0,0,0,0,0,0
127275301,Autonomo,"Solari, Washington",Vercelli - Wagner,45.4674,9.15891,18,640,175,6,2,7,0,0,1,0,0,0,0,0,0,0
127132853,Autonomo,"Bande Nere, Inganni",Lorenteggio,45.4526,9.1396,28,685,81,5,1,2,1,0,0,0,0,0,0,0,0,0
127602444,Autonomo,"Bande Nere, Inganni",Lorenteggio,45.4538,9.13827,24,685,190,6,3,9,1,0,0,0,0,0,0,0,0,0
127541560,Autonomo,"Quadronno, Palestro, Guastalla",Quadronno - Crocetta,45.4542,9.19862,12,590,144,5,2,1,0,0,1,0,0,0,0,0,0,0
127513734,Autonomo,"Cenisio, Sarpi, Isola",Isola,45.4897,9.18932,31,675,15,5,3,6,0,0,0,0,0,0,0,0,0,0
127414867,Autonomo,"Bande Nere, Inganni",Lorenteggio,45.4526,9.1396,30,680,88,5,1,1,1,0,0,0,0,0,0,1,0,0
127414821,Autonomo,"Pasteur, Rovereto",Pasteur,45.4898,9.21369,23,595,212,6,3,1,1,0,0,0,0,0,0,0,0,0
127569772,Autonomo,"Affori, Bovisa",Dergano,45.5046,9.18644,12,695,67,2,1,1,0,0,0,0,0,0,0,0,0,0
127647022,Autonomo,"Precotto, Turro",Villa San Giovanni,45.5189,9.2214,13,670,131,6,2,1,0,0,0,0,0,0,0,0,0,0
127414829,Autonomo,"Famagosta, Barona",Barona,45.4421,9.154,11,595,70,5,2,1,0,0,0,0,0,0,0,0,0,0
127326331,Autonomo,"Cenisio, Sarpi, Isola",Paolo Sarpi,45.4804,9.18014,13,685,166,6,2,4,1,0,0,0,0,0,0,0,0,0
127303945,Autonomo,"Bande Nere, Inganni",Gambara,45.4623,9.14434,23,595,77,5,1,2,0,0,0,0,0,0,0,0,0,0
127141347,Autonomo,"Bande Nere, Inganni",Lorenteggio,45.4519,9.14075,17,700,99,5,1,1,1,0,0,0,0,0,0,0,0,0
127647034,Autonomo,"Bicocca, Niguarda",Greco - Segnano,45.5029,9.21219,27,660,150,6,2,4,0,0,0,0,0,0,0,0,0,0
127647016,Autonomo,"Ripamonti, Vigentino",Ripamonti - Fondazione Prada,45.4441,9.21026,21,595,15,5,2,8,1,0,0,0,0,0,0,0,0,0
127602362,Autonomo,"Centrale, Repubblica",Repubblica,45.4795,9.19969,22,690,178,6,2,1,0,0,1,0,0,0,0,0,0,0
127570140,Autonomo,"Bande Nere, Inganni",Lorenteggio,45.4525,9.14113,19,685,74,5,1,6,1,0,0,0,0,0,0,0,0,0
127541574,Autonomo,"Bande Nere, Inganni",Lorenteggio,45.4543,9.13826,22,675,196,6,3,9,1,0,0,0,0,0,0,0,0,0
127490430,Autonomo,"Affori, Bovisa",Bovisa,45.5015,9.16316,16,700,55,4,1,1,0,0,0,0,0,0,0,0,0,0
127414517,Autonomo,"Maggiolina, Istria",Cascina dei Pomi,45.4994,9.21297,20,660,140,6,2,2,0,0,1,0,0,0,0,0,0,0
127541686,Autonomo,"Bande Nere, Inganni",Lorenteggio,45.4543,9.14068,18,655,125,6,2,1,0,0,0,0,0,0,0,0,0,0
127541644,Autonomo,"Bande Nere, Inganni",Bande Nere,45.4594,9.13161,16,685,203,6,3,1,0,0,0,0,0,0,0,0,0,0
127490528,Autonomo,"Napoli, Soderini",Tripoli - Soderini,45.4545,9.14926,44,700,209,6,3,7,1,0,0,0,0,0,0,0,0,0
127490500,Autonomo,"Abbiategrasso, Chiesa Rossa",Pezzotti - Meda,45.4408,9.18048,19,700,48,2,1,1,0,0,0,0,0,0,0,0,0,0
127415035,Autonomo,"Maggiolina, Istria",Maggiolina,45.4915,9.19756,25,590,15,6,3,2,1,0,0,0,0,0,0,0,0,0
127384797,Autonomo,"Centrale, Repubblica",Buenos Aires,45.4848,9.21089,27,590,200,6,2,5,0,0,0,0,0,0,0,0,0,0
127384593,Autonomo,"Città Studi, Susa",Casoretto,45.4889,9.22939,18,590,161,6,2,3,0,0,0,0,0,0,0,0,0,0
127317545,Autonomo,"Genova, Ticinese",Corso Genova,45.4585,9.17445,72,640,210,6,4,4,0,0,0,0,0,0,0,0,0,0
127317491,Autonomo,"Città Studi, Susa",Città Studi,45.4829,9.22631,17,670,161,6,2,7,0,0,0,0,0,0,0,0,0,0
127275039,Autonomo,"Centrale, Repubblica",Morgagni,45.4734,9.21442,36,685,127,4,1,5,1,0,0,0,0,0,0,0,0,0
127169327,Autonomo,"Abbiategrasso, Chiesa Rossa",Pezzotti - Meda,45.4412,9.18542,11,685,150,6,2,1,0,0,0,0,0,0,0,0,0,0
127602332,Autonomo,"Affori, Bovisa",Affori,45.5222,9.16838,41,600,121,6,2,2,1,0,0,0,0,0,0,0,0,0
127490484,Autonomo,"Abbiategrasso, Chiesa Rossa",Cermenate - Abbiategrasso,45.4343,9.18072,30,600,15,5,2,1,0,0,0,0,0,0,0,0,0,0
127490394,Autonomo,"Porta Venezia, Indipendenza",Piave - Tricolore,45.4708,9.20835,20,645,161,6,3,2,1,0,0,0,0,0,0,0,0,0
127414551,Autonomo,"Maggiolina, Istria",Maggiolina,45.4915,9.19756,25,590,15,6,3,2,1,0,0,0,0,0,0,0,0,0
127384713,Autonomo,"Famagosta, Barona",Barona,45.4421,9.154,13,645,15,4,2,1,0,0,0,0,0,0,0,0,0,0
127303605,Autonomo,"Città Studi, Susa",Città Studi,45.4829,9.22631,17,630,161,6,2,7,0,0,0,0,0,0,0,0,0,0
127169323,Autonomo,"Bande Nere, Inganni",Lorenteggio,45.4529,9.13928,31,600,74,4,1,3,1,0,0,0,0,0,0,0,0,0
127132873,Autonomo,"Bande Nere, Inganni",Lorenteggio,45.4508,9.13621,29,690,161,6,2,1,1,0,0,0,0,0,0,0,0,0
127121137,Autonomo,"Bande Nere, Inganni",Lorenteggio,45.4529,9.13805,13,605,60,4,1,1,1,0,0,0,0,0,0,0,0,0
127094279,Autonomo,"Abbiategrasso, Chiesa Rossa",Pezzotti - Meda,45.4387,9.18289,34,620,90,4,1,1,0,0,0,0,0,0,0,0,0,0
127304011,Autonomo,"Fiera, Sempione, City Life, Portello",Monte Rosa - Lotto,45.4852,9.14473,29,675,133,5,2,1,1,0,0,0,0,0,0,0,0,0
127201235,Autonomo,"Bande Nere, Inganni",Gambara,45.4666,9.13984,28,670,15,5,2,5,1,0,0,0,0,0,0,0,0,0
127541632,Autonomo,"Solari, Washington",Washington,45.4621,9.1525,21,695,127,5,1,5,1,0,0,0,0,0,0,0,0,0
127513818,Autonomo,"Bande Nere, Inganni",Lorenteggio,45.4531,9.1364,44,655,149,5,2,7,1,0,0,0,0,0,0,1,0,0
127462838,Autonomo,"Pasteur, Rovereto",Pasteur,45.4889,9.21775,16,670,109,5,2,5,1,0,0,0,0,0,0,0,0,0
127462738,Autonomo,"Solari, Washington",Frua,45.4651,9.14874,33,665,104,5,2,3,1,0,0,0,0,0,0,0,0,0
127356397,Autonomo,"Bande Nere, Inganni",Lorenteggio,45.453,9.14127,24,665,130,6,2,1,0,0,0,0,0,0,0,0,0,0
127304015,Autonomo,"Bande Nere, Inganni",Lorenteggio,45.4519,9.1395,26,635,67,4,1,4,1,0,0,0,0,0,0,0,0,0
127602344,Autonomo,"Abbiategrasso, Chiesa Rossa",Cermenate - Abbiategrasso,45.436,9.18437,25,605,138,5,2,1,1,0,0,0,0,0,0,0,0,0
127570488,Autonomo,"Pasteur, Rovereto",Rovereto,45.4936,9.21396,22,595,108,6,2,1,0,0,0,0,0,0,0,0,0,0
127570084,Autonomo,"Bande Nere, Inganni",Gambara,45.463,9.14251,31,630,15,3,1,3,1,0,0,0,0,0,0,0,0,0
127490340,Autonomo,"Corvetto, Rogoredo",Corvetto,45.4404,9.21408,31,630,81,4,1,5,1,0,0,0,0,0,0,0,0,0
127462714,Autonomo,"Bande Nere, Inganni",Gambara,45.463,9.14251,22,630,99,4,1,2,1,0,0,0,0,0,0,0,0,0
127326343,Autonomo,"Centrale, Repubblica",Buenos Aires,45.4848,9.21089,22,590,200,6,2,5,0,0,0,0,0,0,0,0,0,0
127108137,Autonomo,"Solari, Washington",Solari,45.4529,9.15615,24,640,138,6,2,1,1,0,0,0,0,0,0,0,0,0
127602292,Autonomo,"Quadronno, Palestro, Guastalla",Quadronno - Crocetta,45.4558,9.2023,16,590,171,6,3,2,0,0,0,0,0,0,0,0,0,0
127384635,Autonomo,"Quadronno, Palestro, Guastalla",Quadronno - Crocetta,45.4555,9.20183,20,590,127,6,2,3,0,0,1,0,0,0,0,0,0,0
127384627,Autonomo,"Porta Vittoria, Lodi",Bologna - Sulmona,45.4438,9.22454,25,640,56,3,1,3,1,0,0,0,0,0,0,0,0,0
127355539,Autonomo,"Solari, Washington",Dezza,45.4591,9.15941,11,590,241,6,3,1,0,0,1,0,0,0,0,0,0,0
127317603,Autonomo,"Porta Vittoria, Lodi",Lodi - Brenta,45.4426,9.21396,48,625,173,6,2,3,0,0,0,0,0,0,0,0,0,0
127647030,Autonomo,"Maggiolina, Istria",Cascina dei Pomi,45.4926,9.20803,11,670,115,4,1,1,1,0,0,0,0,0,0,0,0,0
127490386,Autonomo,"Solari, Washington",Solari,45.4529,9.15615,21,640,138,6,2,1,1,0,0,0,0,0,0,0,0,0
127385131,Autonomo,"Porta Vittoria, Lodi",Bologna - Sulmona,45.4438,9.22454,25,640,56,3,1,3,1,0,0,0,0,0,0,0,0,0
127355507,Autonomo,"Porta Vittoria, Lodi",Lodi - Brenta,45.4426,9.21396,42,695,173,6,2,3,0,0,0,0,0,0,0,0,0,0
127317599,Autonomo,"Bande Nere, Inganni",Lorenteggio,45.4541,9.13777,14,590,81,4,1,1,1,0,0,0,0,0,0,0,0,0
127274875,Autonomo,"Bicocca, Niguarda",Niguarda,45.5163,9.18931,19,695,90,4,1,2,0,0,1,0,0,0,0,0,0,0
127602616,Autonomo,"Precotto, Turro",Gorla,45.5053,9.22374,17,660,100,6,2,1,0,0,0,0,0,0,0,0,0,0
127570510,Autonomo,"Porta Vittoria, Lodi",Martini - Insubria,45.4502,9.22166,18,595,97,4,1,2,1,0,0,0,0,0,0,0,0,0
127462754,Autonomo,"Solari, Washington",Frua,45.4651,9.14875,44,650,150,6,3,6,1,0,0,0,0,0,0,0,0,0
127326295,Autonomo,"Bande Nere, Inganni",Lorenteggio,45.4523,9.13914,21,635,131,6,2,8,1,0,0,0,0,0,0,0,0,0
127317477,Autonomo,"Affori, Bovisa",Affori,45.5174,9.17352,34,645,55,3,1,2,1,0,0,0,0,0,0,0,0,0
127303655,Autonomo,"San Siro, Trenno",Monte Stella,45.4855,9.13976,15,640,100,5,1,3,0,0,0,0,0,0,0,0,0,0
127646844,Autonomo,"Città Studi, Susa",Città Studi,45.4843,9.21853,12,655,172,6,3,2,1,0,0,0,0,0,0,0,0,0
127646842,Autonomo,"Bande Nere, Inganni",Lorenteggio,45.452,9.1413,21,670,126,6,2,5,1,0,0,0,0,0,0,0,0,0
127602326,Autonomo,"Affori, Bovisa",Affori,45.5174,9.17351,35,635,55,3,1,1,1,0,0,0,0,0,0,0,0,0
127541796,Autonomo,"Fiera, Sempione, City Life, Portello",Monte Rosa - Lotto,45.4813,9.14488,29,685,138,5,1,3,1,0,0,0,0,0,0,0,0,0
127504424,Autonomo,"Affori, Bovisa",Bovisa,45.5038,9.1657,28,685,100,6,1,1,0,0,1,0,0,0,0,0,0,0
127303587,Autonomo,"Bande Nere, Inganni",Lorenteggio,45.4525,9.14113,18,690,65,4,1,3,1,0,0,0,0,0,0,0,0,0
127303503,Autonomo,"Centrale, Repubblica",Centrale,45.4869,9.21353,22,680,121,5,2,5,1,0,0,0,0,0,0,0,0,0
127646810,Autonomo,"Famagosta, Barona",Barona,45.4422,9.15399,11,650,80,5,2,1,0,0,0,0,0,0,0,0,0,0
127646790,Autonomo,"Porta Venezia, Indipendenza",Piave - Tricolore,45.4708,9.20835,20,645,161,6,3,2,1,0,0,0,0,0,0,0,0,0
127384599,Autonomo,"Affori, Bovisa",Dergano,45.5012,9.18211,33,685,15,6,4,1,0,0,0,0,0,0,0,0,0,0
127356275,Autonomo,"Quadronno, Palestro, Guastalla",Quadronno - Crocetta,45.4555,9.20183,20,590,127,6,2,3,0,0,1,0,0,0,0,0,0,0
127355625,Autonomo,"Uptown, Cascina Merlata, Viale Certosa",Certosa,45.4972,9.15326,12,630,78,4,1,1,0,0,0,0,0,0,0,1,0,0
127355451,Autonomo,"Città Studi, Susa",Città Studi,45.4753,9.22085,28,630,15,6,2,1,1,0,0,0,0,0,0,0,0,0
127275167,Autonomo,"Città Studi, Susa",Città Studi,45.4724,9.2349,34,650,127,5,2,2,1,0,0,0,0,0,0,0,0,0
127232199,Autonomo,"Centrale, Repubblica",Buenos Aires,45.4835,9.21649,32,595,184,6,2,3,1,0,0,0,0,0,0,0,0,0
127201247,Autonomo,"Solari, Washington",Vercelli - Wagner,45.4692,9.15634,24,600,164,6,2,1,0,0,0,0,0,0,0,0,0,0
127646852,Autonomo,"Bicocca, Niguarda",Greco - Segnano,45.5029,9.21219,27,660,150,6,2,4,0,0,0,0,0,0,0,0,0,0
127646788,Autonomo,"Precotto, Turro",Villa San Giovanni,45.5189,9.2214,13,670,131,6,2,1,0,0,0,0,0,0,0,0,0,0
127541872,Autonomo,"Bande Nere, Inganni",Lorenteggio,45.4543,9.13826,22,675,196,6,3,9,1,0,0,0,0,0,0,0,0,0
127513802,Autonomo,"Quadronno, Palestro, Guastalla",Quadronno - Crocetta,45.4555,9.20183,21,610,127,6,2,3,0,0,1,0,0,0,0,0,0,0
127414607,Autonomo,"Cenisio, Sarpi, Isola",Paolo Sarpi,45.4804,9.18014,13,605,166,6,2,4,1,0,0,0,0,0,0,0,0,0
127317521,Autonomo,"Fiera, Sempione, City Life, Portello",Monte Rosa - Lotto,45.4852,9.14473,29,675,133,5,2,1,1,0,0,0,0,0,0,0,0,0
127646846,Autonomo,"Famagosta, Barona",Famagosta,45.4419,9.17361,14,680,15,3,1,1,0,0,0,0,0,0,0,0,0,0
127513744,Autonomo,"Bisceglie, Baggio, Olmi",Baggio,45.4579,9.09394,15,670,67,3,1,1,0,0,0,0,0,0,0,0,0,0
127462742,Autonomo,"Precotto, Turro",Precotto,45.5122,9.22567,14,595,15,2,1,1,0,0,0,0,0,0,0,0,0,0
127356347,Autonomo,"Cenisio, Sarpi, Isola",Farini,45.4933,9.18333,51,640,15,1,1,1,0,0,0,0,0,0,0,0,0,0
127275105,Autonomo,"Centrale, Repubblica",Buenos Aires,45.4852,9.21602,23,600,369,6,4,4,0,0,1,0,0,0,0,0,0,0
127462722,Autonomo,"Abbiategrasso, Chiesa Rossa",Pezzotti - Meda,45.4433,9.17651,15,620,105,4,2,6,0,0,0,0,0,0,0,0,0,0
127384553,Autonomo,"Affori, Bovisa",Affori,45.5174,9.17352,41,635,55,3,1,2,1,0,0,0,0,0,0,0,0,0
127355405,Autonomo,"Porta Romana, Cadore, Montenero",Porta Romana - Medaglie d'Oro,45.4512,9.19951,31,620,138,5,2,4,1,0,0,0,0,0,0,0,0,0
127326397,Autonomo,"Ripamonti, Vigentino",Ripamonti - Fondazione Prada,45.4441,9.21026,21,615,15,5,2,8,1,0,0,0,0,0,0,0,0,0
127303647,Autonomo,"Abbiategrasso, Chiesa Rossa",Pezzotti - Meda,45.4387,9.18289,16,630,80,4,1,4,0,0,0,0,0,0,0,0,0,0
127504692,Autonomo,"Affori, Bovisa",Bovisa,45.4969,9.15571,12,610,110,2,1,1,0,0,0,0,0,0,0,0,0,0
127504684,Autonomo,"Porta Romana, Cadore, Montenero",Cadore,45.4579,9.21471,20,650,15,4,2,1,0,0,0,0,0,0,0,0,0,0
127462918,Autonomo,"Bicocca, Niguarda",Ca' Granda,45.5074,9.19424,21,685,90,6,2,1,0,0,0,0,0,0,0,0,0,0
127462536,Autonomo,"Bisceglie, Baggio, Olmi",Quarto Cagnino,45.4758,9.11014,18,620,130,6,2,6,0,0,0,0,0,0,0,0,0,0
127415055,Autonomo,"San Siro, Trenno",San Siro,45.4687,9.14515,36,665,161,5,2,2,1,0,0,0,0,0,0,0,0,0
127414637,Autonomo,"Corvetto, Rogoredo",Corvetto,45.4387,9.21317,25,650,70,3,1,1,0,0,0,0,0,0,0,0,0,0
127384747,Autonomo,"San Siro, Trenno",San Siro,45.4743,9.12369,40,660,124,5,2,1,1,0,0,0,0,0,0,0,0,0
127356309,Autonomo,"Bande Nere, Inganni",Lorenteggio,45.4517,9.14007,26,665,87,5,1,7,1,0,0,0,0,0,0,0,0,0
127326321,Autonomo,"Cenisio, Sarpi, Isola",Isola,45.4901,9.19945,31,630,15,6,3,6,1,0,0,0,0,0,0,0,0,0
127541704,Autonomo,"Bande Nere, Inganni",Lorenteggio,45.4519,9.14075,17,685,99,5,1,1,1,0,0,0,0,0,0,0,0,0
127415061,Autonomo,"Famagosta, Barona",Giambellino,45.4501,9.14046,23,655,138,5,2,5,1,0,0,0,0,0,0,0,0,0
127355485,Autonomo,"Città Studi, Susa",Città Studi,45.4846,9.23541,18,590,166,6,2,7,0,0,1,0,0,0,0,0,0,0
127317501,Autonomo,"Centrale, Repubblica",Buenos Aires,45.4835,9.21649,32,595,184,6,2,3,1,0,0,0,0,0,0,0,0,0
127317325,Autonomo,Navigli,Corso San Gottardo,45.4521,9.18266,40,590,230,6,3,1,1,0,0,0,0,0,0,0,0,0
127051079,Autonomo,"Affori, Bovisa",Dergano,45.5012,9.18211,33,685,15,6,4,1,0,0,0,0,0,0,0,0,0,0
127303919,Autonomo,Forlanini,Quartiere Forlanini,45.4618,9.24356,22,690,65,4,1,1,0,0,1,0,0,0,0,0,0,0
127541520,Autonomo,"Centrale, Repubblica",Repubblica,45.4795,9.19969,16,610,152,6,2,4,0,0,0,0,0,0,0,0,0,0
78373025,Centralizzato,"Affori, Bovisa",Bovisa,45.5004,9.16463,16,700,16,5,2,2,0,1,1,1,1,0,1,0,0,1
127240543,Assente,"Famagosta, Barona",Cantalupa - San Paolo,45.4348,9.1734,17,660,67,3,1,6,0,0,1,0,1,1,1,0,0,0
127021531,Assente,"Abbiategrasso, Chiesa Rossa",Gratosoglio,45.4183,9.1745,11,600,129,5,2,7,0,0,1,0,1,0,0,0,0,0
126638347,Assente,"Bicocca, Niguarda",Niguarda,45.5135,9.1918,38,600,72,3,1,2,0,0,0,0,1,0,0,0,0,0
127360655,Assente,"Porta Vittoria, Lodi",Lodi - Brenta,45.4434,9.2169,17,670,80,4,1,4,0,0,0,0,1,0,1,0,0,1
121763084,Assente,"Precotto, Turro",Villa San Giovanni,45.5199,9.2237,25,650,23,3,1,5,0,0,1,0,1,0,1,1,1,0
127285351,Assente,"Solari, Washington",Frua,45.4639,9.1495,13,620,16,5,2,0.5,0,0,1,0,1,0,1,0,0,1
125157563,Assente,"Città Studi, Susa",Città Studi,45.4691,9.2303,20,600,70,3,1,0,0,0,1,0,1,0,0,0,0,0
127125411,Assente,"Porta Romana, Cadore, Montenero",Cadore,45.4558,9.2109,25,700,20,4,1,2,0,0,1,0,0,1,1,0,0,1
125803955,Centralizzato,"Città Studi, Susa",Città Studi,45.4801,9.2333,17,600,88,3,1,2,1,1,1,0,1,0,1,0,0,0
125019221,Assente,"Città Studi, Susa",Città Studi,45.48,9.2329,23,600,101,3,2,0.5,0,0,1,0,1,1,1,0,0,1
127657704,Assente,"Solari, Washington",Dezza,45.4581,9.1598,25,690,112,4,2,2,0,0,0,0,1,1,0,0,0,0
114694537,Assente,"Corvetto, Rogoredo",Corvetto,45.4433,9.2238,17,700,40,3,1,2,0,0,1,0,1,1,0,0,0,1
127413297,Autonomo,"Uptown, Cascina Merlata, Viale Certosa",Certosa,45.5018,9.1353,11,650,13,1,1,4,1,1,0,0,0,0,0,0,0,0
127470372,Assente,"Pasteur, Rovereto",Parco Trotter,45.493,9.2286,12,600,20,3,1,2,0,0,0,0,1,1,1,0,0,1
126932001,Centralizzato,"Centrale, Repubblica",Morgagni,45.4774,9.2156,39,670,20,3,3,0,1,1,0,0,0,1,0,0,0,0
127413295,Autonomo,"Uptown, Cascina Merlata, Viale Certosa",Certosa,45.5018,9.13526,10,700,15,1,1,4,0,1,0,0,0,0,0,0,0,0
126994869,Assente,"Abbiategrasso, Chiesa Rossa",Pezzotti - Meda,45.445,9.1857,9,600,82,4,2,3,0,0,1,0,1,0,1,0,1,1
121477976,Assente,Navigli,Corso San Gottardo,45.4513,9.1852,17,685,85,3,1,2,0,0,1,0,1,0,1,0,0,0
126192243,Assente,"Bicocca, Niguarda",Niguarda,45.5147,9.1908,25,660,67,3,1,5,0,0,0,0,1,1,0,0,0,1
126994335,Assente,"Abbiategrasso, Chiesa Rossa",Pezzotti - Meda,45.445,9.1857,9,600,82,4,2,3,0,0,1,0,1,1,1,0,0,1
127283261,Assente,"Bicocca, Niguarda",Ca' Granda,45.5078,9.1995,38,600,15,3,1,2,0,0,1,0,1,1,0,0,0,1
126897597,Assente,"Udine, Lambrate",Lambrate,45.4863,9.2434,15,650,20,3,1,2,0,0,1,0,0,0,0,1,0,0
124441465,Assente,"Affori, Bovisa",Comasina,45.5249,9.1603,18,600,20,3,1,0.5,0,0,0,0,1,0,0,0,0,0
123842539,Assente,"Famagosta, Barona",Tre Castelli - Faenza,45.441,9.1487,30,650,80,1,1,2,0,0,0,0,1,0,0,0,0,0
127514034,Autonomo,"Quadronno, Palestro, Guastalla",Quadronno - Crocetta,45.4555,9.20183,21,610,127,6,2,3,0,0,1,0,0,0,0,0,0,0
127513666,Autonomo,"Solari, Washington",Frua,45.4651,9.14874,39,650,148,6,3,2,1,0,0,0,0,0,0,0,0,0
127356451,Autonomo,"Cenisio, Sarpi, Isola",Farini,45.4933,9.18333,48,630,15,1,1,1,0,0,0,0,0,0,0,0,0,0
127326351,Autonomo,"Bande Nere, Inganni",Lorenteggio,45.4519,9.14075,17,700,99,5,1,1,1,0,0,0,0,0,0,0,0,0
127303981,Autonomo,"Affori, Bovisa",Affori,45.5174,9.17352,34,645,55,3,1,2,1,0,0,0,0,0,0,0,0,0
127303563,Autonomo,"Città Studi, Susa",Plebisciti - Susa,45.471,9.21759,22,630,104,4,1,1,1,0,0,0,0,0,0,0,0,0
127541706,Autonomo,"Bande Nere, Inganni",Bande Nere,45.4597,9.13124,13,685,171,6,3,2,0,0,0,0,0,0,0,0,0,0
127414887,Autonomo,"Bande Nere, Inganni",Lorenteggio,45.4523,9.13914,20,680,131,6,2,8,1,0,0,0,0,0,0,0,0,0
127414703,Autonomo,"Genova, Ticinese",Corso Genova,45.4582,9.17012,24,645,157,6,2,4,0,0,1,0,0,0,0,0,0,0
127326145,Autonomo,"Maggiolina, Istria",Cascina dei Pomi,45.4994,9.21297,24,610,140,6,2,2,0,0,1,0,0,0,0,0,0,0
127570124,Autonomo,"Porta Vittoria, Lodi",Martini - Insubria,45.4502,9.22166,18,595,97,4,1,2,1,0,0,0,0,0,0,0,0,0
127570064,Autonomo,"Centrale, Repubblica",Melchiorre Gioia,45.486,9.19897,34,620,15,5,2,10,1,0,0,0,0,0,0,0,0,0
127414733,Autonomo,"Famagosta, Barona",Giambellino,45.4501,9.14046,22,595,118,5,2,6,1,0,0,0,0,0,0,0,0,0
127414687,Autonomo,"Corvetto, Rogoredo",Corvetto,45.4371,9.21564,37,610,151,6,3,5,1,0,0,0,0,0,0,0,0,0
127356317,Autonomo,"Maggiolina, Istria",Maggiolina,45.5017,9.19935,16,680,140,6,2,1,0,0,0,0,0,0,0,0,0,0
127326345,Autonomo,"Bisceglie, Baggio, Olmi",Quarto Cagnino,45.4726,9.11261,10,600,130,6,2,7,0,0,0,0,0,0,0,0,0,0
127570042,Autonomo,"San Siro, Trenno",San Siro,45.4749,9.12364,27,680,156,6,2,5,1,0,0,0,0,0,0,0,0,0
127541540,Autonomo,"Bande Nere, Inganni",Bande Nere,45.4597,9.13124,10,600,105,5,2,1,0,0,0,0,0,0,0,0,0,0
127513728,Autonomo,"Bande Nere, Inganni",Gambara,45.4623,9.14434,30,630,59,4,1,5,0,0,0,0,0,0,0,0,0,0
127415073,Autonomo,"Pasteur, Rovereto",Pasteur,45.4898,9.21369,23,595,212,6,3,1,1,0,0,0,0,0,0,0,0,0
127415037,Autonomo,"Cenisio, Sarpi, Isola",Paolo Sarpi,45.4804,9.18014,13,605,166,6,2,4,1,0,0,0,0,0,0,0,0,0
127141341,Autonomo,"Bande Nere, Inganni",Lorenteggio,45.4525,9.14113,18,690,65,4,1,3,1,0,0,0,0,0,0,0,0,0
127602408,Autonomo,"Abbiategrasso, Chiesa Rossa",Cermenate - Abbiategrasso,45.4343,9.18072,30,600,15,5,2,1,0,0,0,0,0,0,0,0,0,0
127513794,Autonomo,"Bande Nere, Inganni",Lorenteggio,45.452,9.1413,21,625,126,6,2,5,1,0,0,0,0,0,0,0,0,0
127462702,Autonomo,"Affori, Bovisa",Affori,45.5173,9.17352,28,600,113,6,2,1,1,0,0,0,0,0,0,0,0,0
127602394,Autonomo,"Precotto, Turro",Gorla,45.5053,9.22374,17,660,100,6,2,1,0,0,0,0,0,0,0,0,0,0
127356361,Autonomo,"Bande Nere, Inganni",Gambara,45.4666,9.13984,28,695,15,5,2,5,1,0,0,0,0,0,0,0,0,0
127326427,Autonomo,Navigli,Navigli - Darsena,45.4446,9.17288,13,695,110,6,2,1,0,0,0,0,0,0,0,0,0,0
127275179,Autonomo,"Precotto, Turro",Turro,45.5034,9.22352,22,610,65,4,1,7,0,0,0,0,0,0,0,0,0,0
127490024,Autonomo,Navigli,Navigli - Darsena,45.4446,9.17288,18,600,110,6,2,1,0,0,0,0,0,0,0,0,0,0
127304013,Autonomo,"Porta Venezia, Indipendenza",Piave - Tricolore,45.4708,9.20835,20,645,161,6,3,2,1,0,0,0,0,0,0,0,0,0
127274871,Autonomo,"Bicocca, Niguarda",Greco - Segnano,45.5096,9.20782,25,700,72,3,1,1,0,0,0,0,0,0,0,0,0,0
127602354,Autonomo,"Porta Venezia, Indipendenza",Piave - Tricolore,45.4664,9.2089,12,685,133,6,2,1,1,0,0,0,0,0,0,0,0,0
127602294,Autonomo,"Centrale, Repubblica",Buenos Aires,45.4813,9.21128,10,700,104,5,1,1,0,0,0,0,0,0,0,0,0,0
127513768,Autonomo,"Ripamonti, Vigentino",Ripamonti - Fondazione Prada,45.4425,9.18863,45,595,445,6,4,1,0,0,0,0,0,0,0,0,0,0
127462874,Autonomo,"Bande Nere, Inganni",Lorenteggio,45.4525,9.14113,21,590,74,5,1,2,1,0,0,0,0,0,0,0,0,0
127275053,Autonomo,"Corvetto, Rogoredo",Corvetto,45.437,9.21553,32,590,75,4,1,1,1,0,0,0,0,0,0,0,0,0
127646718,Autonomo,"Quadronno, Palestro, Guastalla",Quadronno - Crocetta,45.4555,9.20183,16,600,197,6,2,1,0,0,0,0,0,0,0,0,0,0
127541584,Autonomo,"Solari, Washington",Dezza,45.4575,9.1592,17,650,67,4,1,1,1,0,0,0,0,0,0,0,0,0
127384707,Autonomo,"Porta Venezia, Indipendenza",Piave - Tricolore,45.4708,9.20835,20,645,161,6,3,2,1,0,0,0,0,0,0,0,0,0
127317495,Autonomo,"Cenisio, Sarpi, Isola",Paolo Sarpi,45.4804,9.18014,13,685,166,6,2,4,1,0,0,0,0,0,0,0,0,0
127646806,Autonomo,"Ripamonti, Vigentino",Ripamonti - Fondazione Prada,45.4433,9.2107,15,630,92,4,2,4,1,0,0,0,0,0,0,1,0,0
127570480,Autonomo,"Affori, Bovisa",Affori,45.5174,9.17353,32,645,55,3,1,1,1,0,0,0,0,0,0,0,0,0
127232189,Autonomo,"Precotto, Turro",Precotto,45.5122,9.22567,14,595,15,2,1,1,0,0,0,0,0,0,0,0,0,0
127141361,Autonomo,"Solari, Washington",Frua,45.4653,9.14888,43,670,148,6,3,8,1,0,0,0,0,0,0,0,0,0
127570114,Autonomo,Navigli,Ascanio Sforza,45.4521,9.17892,18,675,138,5,2,1,1,0,0,0,0,0,0,0,0,0
127570016,Autonomo,"Affori, Bovisa",Affori,45.5174,9.17353,32,645,55,3,1,1,1,0,0,0,0,0,0,0,0,0
127541484,Autonomo,"Maggiolina, Istria",Maggiolina,45.4958,9.20232,67,600,141,6,2,8,1,0,0,0,0,0,0,0,0,0
127504576,Autonomo,"Garibaldi, Moscova, Porta Nuova",Porta Nuova,45.4799,9.19407,35,630,161,6,3,3,1,0,0,0,0,0,0,0,0,0
127504560,Autonomo,"Affori, Bovisa",Bovisasca,45.5171,9.15399,25,600,94,5,2,1,0,0,0,0,0,0,0,0,0,0
127356273,Autonomo,"Bande Nere, Inganni",Gambara,45.463,9.14251,31,630,15,3,1,3,1,0,0,0,0,0,0,0,0,0
127326169,Autonomo,"Cenisio, Sarpi, Isola",Isola,45.4889,9.18815,32,595,127,5,1,4,1,0,0,0,0,0,0,0,0,0
127317583,Autonomo,"Bisceglie, Baggio, Olmi",Quarto Cagnino,45.4725,9.11141,25,645,150,6,2,3,0,0,0,0,0,0,0,0,0,0
127303599,Autonomo,"Ripamonti, Vigentino",Ripamonti - Fondazione Prada,45.4441,9.21026,21,595,15,5,2,8,1,0,0,0,0,0,0,0,0,0
127094281,Autonomo,"Abbiategrasso, Chiesa Rossa",Pezzotti - Meda,45.4387,9.18289,20,620,90,4,1,1,0,0,0,0,0,0,0,0,0,0
127646758,Autonomo,"San Siro, Trenno",San Siro,45.4687,9.14515,36,665,161,5,2,2,1,0,0,0,0,0,0,0,0,0
127646658,Autonomo,"Bande Nere, Inganni",Gambara,45.4628,9.14359,25,630,82,4,1,2,1,0,0,0,0,0,0,0,0,0
127490380,Autonomo,"Bicocca, Niguarda",Ca' Granda,45.5068,9.19976,24,595,15,4,2,3,0,0,0,0,0,0,0,0,0,0
127303613,Autonomo,"Abbiategrasso, Chiesa Rossa",Pezzotti - Meda,45.4387,9.18289,20,620,90,4,1,1,0,0,0,0,0,0,0,0,0,0
127275069,Autonomo,"Cenisio, Sarpi, Isola",Isola,45.4901,9.19945,31,630,15,6,3,6,1,0,0,0,0,0,0,0,0,0
127570038,Autonomo,"Bande Nere, Inganni",Lorenteggio,45.4526,9.1396,28,685,81,5,1,2,1,0,0,0,0,0,0,0,0,0
127541772,Autonomo,"Centrale, Repubblica",Buenos Aires,45.4848,9.21089,27,590,200,6,2,5,0,0,0,0,0,0,0,0,0,0
127504748,Autonomo,"Cenisio, Sarpi, Isola",Farini,45.4933,9.18333,48,630,15,1,1,1,0,0,0,0,0,0,0,0,0,0
127463060,Autonomo,"Ripamonti, Vigentino",Ripamonti - Fondazione Prada,45.4433,9.2107,15,630,92,4,2,4,1,0,0,0,0,0,0,1,0,0
127384717,Autonomo,"Famagosta, Barona",Barona,45.4421,9.154,11,645,15,4,2,1,0,0,0,0,0,0,0,0,0,0
127317715,Autonomo,"Corvetto, Rogoredo",Corvetto,45.437,9.21553,35,615,75,4,1,1,1,0,0,0,0,0,0,0,0,0
127317615,Autonomo,"Bande Nere, Inganni",Lorenteggio,45.4543,9.13826,32,635,196,6,3,9,1,0,0,0,0,0,0,0,0,0
127275183,Autonomo,"Famagosta, Barona",Famagosta,45.4419,9.17361,12,680,15,3,1,1,0,0,0,0,0,0,0,0,0,0
127541556,Autonomo,"Solari, Washington",Frua,45.4653,9.14888,41,610,148,6,3,2,1,0,0,0,0,0,0,0,0,0
127462830,Autonomo,"Bande Nere, Inganni",Gambara,45.463,9.14251,24,615,15,3,1,3,1,0,0,0,0,0,0,0,0,0
127462676,Autonomo,"Cimiano, Crescenzago, Adriano",Quartiere Adriano,45.5151,9.23604,18,615,15,4,2,3,0,0,0,0,0,0,0,0,0,0
127414507,Autonomo,"Affori, Bovisa",Bovisa,45.5038,9.1657,30,680,100,6,1,1,0,0,1,0,0,0,0,0,0,0
127384625,Autonomo,"Bande Nere, Inganni",Lorenteggio,45.4529,9.13805,13,605,60,4,1,1,1,0,0,0,0,0,0,0,0,0
127602446,Autonomo,"Bande Nere, Inganni",Bande Nere,45.4597,9.13124,13,655,171,6,3,2,0,0,0,0,0,0,0,0,0,0
127570484,Autonomo,"Quadronno, Palestro, Guastalla",Quadronno - Crocetta,45.4558,9.2023,22,600,171,6,3,5,0,0,0,0,0,0,0,0,0,0
127570030,Autonomo,"Centrale, Repubblica",Morgagni,45.4778,9.21042,15,635,206,6,3,1,1,0,0,0,0,0,0,0,0,0
127490370,Autonomo,"Affori, Bovisa",Affori,45.5131,9.17526,18,630,115,5,2,1,0,0,0,0,0,0,0,0,0,0
127602348,Autonomo,"Bande Nere, Inganni",Gambara,45.4628,9.14359,23,650,82,4,1,2,1,0,0,0,0,0,0,0,0,0
127384633,Autonomo,"Città Studi, Susa",Casoretto,45.4864,9.21877,19,615,115,5,1,2,1,0,0,0,0,0,0,0,0,0
127317559,Autonomo,"Centrale, Repubblica",Centrale,45.4837,9.20015,16,595,15,5,2,3,1,0,0,0,0,0,0,0,0,0
127646732,Autonomo,"Solari, Washington",Frua,45.4651,9.14874,34,640,104,5,2,3,1,0,0,0,0,0,0,0,0,0
127602614,Autonomo,"Centrale, Repubblica",Repubblica,45.4795,9.19969,22,690,178,6,2,1,0,0,1,0,0,0,0,0,0,0
127602606,Autonomo,"Bande Nere, Inganni",Lorenteggio,45.4547,9.14028,23,685,79,5,1,1,0,0,0,0,0,0,0,0,0,0
127602248,Autonomo,"Città Studi, Susa",Città Studi,45.4724,9.2349,31,630,127,5,2,2,1,0,0,0,0,0,0,0,0,0
127462656,Autonomo,"Maggiolina, Istria",Maggiolina,45.4958,9.20232,67,600,141,6,2,8,1,0,0,0,0,0,0,0,0,0
127414865,Autonomo,"Bande Nere, Inganni",Lorenteggio,45.4519,9.1395,26,635,67,4,1,4,1,0,0,0,0,0,0,0,0,0
127414761,Autonomo,"Solari, Washington",Vercelli - Wagner,45.4663,9.16153,24,685,130,5,2,1,1,0,0,0,0,0,0,0,0,0
127355489,Autonomo,"Quadronno, Palestro, Guastalla",Guastalla,45.463,9.20011,17,615,160,6,2,3,0,0,0,0,0,0,0,0,0,0
127355339,Autonomo,"Affori, Bovisa",Affori,45.513,9.17477,33,695,110,6,2,7,0,0,1,0,0,0,0,0,0,0
127646598,Autonomo,"Ripamonti, Vigentino",Ripamonti - Fondazione Prada,45.4377,9.196,23,630,15,3,1,1,0,0,1,0,0,0,0,0,0,0
127570048,Autonomo,"Quadronno, Palestro, Guastalla",Quadronno - Crocetta,45.4555,9.20183,15,590,164,6,2,4,0,0,0,0,0,0,0,0,0,0
127570044,Autonomo,"Corvetto, Rogoredo",Corvetto,45.437,9.21553,35,615,75,4,1,1,1,0,0,0,0,0,0,0,0,0
127541480,Autonomo,"Pasteur, Rovereto",Pasteur,45.4913,9.21277,16,625,115,5,2,3,1,0,0,0,0,0,0,0,0,0
127490314,Autonomo,"Porta Romana, Cadore, Montenero",Porta Romana - Medaglie d'Oro,45.4527,9.20376,13,685,15,6,2,1,1,0,0,0,0,0,0,0,0,0
127462726,Autonomo,"Città Studi, Susa",Città Studi,45.4809,9.23376,45,650,170,6,2,4,1,0,0,0,0,0,0,0,0,0
127462694,Autonomo,"Centrale, Repubblica",Morgagni,45.4734,9.21442,16,680,161,5,2,2,1,0,0,0,0,0,0,0,0,0
127355581,Autonomo,"Solari, Washington",Frua,45.4653,9.14888,26,650,112,5,2,8,1,0,0,0,0,0,0,0,0,0
127274877,Autonomo,"Maggiolina, Istria",Maggiolina,45.4997,9.20184,22,675,100,5,1,1,0,0,1,0,0,0,0,0,0,0
127570156,Autonomo,"Fiera, Sempione, City Life, Portello",Monte Rosa - Lotto,45.4852,9.14473,29,675,133,5,2,1,1,0,0,0,0,0,0,0,0,0
127541878,Autonomo,"Uptown, Cascina Merlata, Viale Certosa",Certosa,45.4945,9.14426,14,600,82,4,1,3,1,0,0,0,0,0,0,0,0,0
127490460,Autonomo,"Genova, Ticinese",San Vittore,45.4602,9.1703,17,630,15,5,2,1,1,0,0,0,0,0,0,0,0,0
127232185,Autonomo,"Bande Nere, Inganni",Lorenteggio,45.452,9.1413,21,625,126,6,2,5,1,0,0,0,0,0,0,0,0,0
127602174,Autonomo,"Affori, Bovisa",Vialba,45.5136,9.13541,20,640,70,5,2,4,0,0,1,0,0,0,0,0,0,0
127541892,Autonomo,"Fiera, Sempione, City Life, Portello",Monte Rosa - Lotto,45.4813,9.14488,29,685,138,5,1,3,1,0,0,0,0,0,0,0,0,0
127513892,Autonomo,"San Siro, Trenno",Gallaratese,45.4969,9.11996,19,635,90,5,2,1,0,0,0,0,0,0,0,0,0,0
127414669,Autonomo,"Ripamonti, Vigentino",Ripamonti - Fondazione Prada,45.4425,9.18863,49,610,445,6,4,1,0,0,0,0,0,0,0,0,0,0
127356383,Autonomo,"Uptown, Cascina Merlata, Viale Certosa",Ghisolfa - Mac Mahon,45.4925,9.16275,40,610,250,6,3,1,0,0,0,0,0,0,0,0,0,0
127355465,Autonomo,"Centrale, Repubblica",Buenos Aires,45.4842,9.2155,50,700,235,6,4,3,1,0,0,0,0,0,0,0,0,0
127303969,Autonomo,"Solari, Washington",Frua,45.4651,9.14874,34,640,104,5,2,3,1,0,0,0,0,0,0,0,0,0
127646834,Autonomo,"Maggiolina, Istria",Cascina dei Pomi,45.4926,9.20803,11,670,115,4,1,1,1,0,0,0,0,0,0,0,0,0
127646752,Autonomo,"Pasteur, Rovereto",Rovereto,45.4936,9.21396,22,595,108,6,2,1,0,0,0,0,0,0,0,0,0,0
127570078,Autonomo,"Abbiategrasso, Chiesa Rossa",Pezzotti - Meda,45.4412,9.18542,11,685,150,6,2,1,0,0,0,0,0,0,0,0,0,0
127513616,Autonomo,"San Siro, Trenno",San Siro,45.4765,9.13943,23,675,150,6,2,3,0,0,1,0,0,0,0,0,0,0
127414661,Autonomo,"Bicocca, Niguarda",Ca' Granda,45.5058,9.20256,15,635,15,3,2,2,1,0,0,0,0,0,0,0,0,0
127274881,Autonomo,"Bicocca, Niguarda",Niguarda,45.5223,9.19246,12,630,200,6,3,7,0,0,1,0,0,0,0,0,0,0
127602378,Autonomo,"Porta Venezia, Indipendenza",Piave - Tricolore,45.4708,9.20835,19,645,161,6,3,2,1,0,0,0,0,0,0,0,0,0
127602358,Autonomo,"Bande Nere, Inganni",Lorenteggio,45.4508,9.13621,29,690,161,6,2,1,1,0,0,0,0,0,0,0,0,0
127504766,Autonomo,"Centrale, Repubblica",Buenos Aires,45.4848,9.21089,22,590,200,6,2,5,0,0,0,0,0,0,0,0,0,0
127462910,Autonomo,"Fiera, Sempione, City Life, Portello",Amendola - Buonarroti,45.4731,9.14965,10,690,200,6,2,7,0,0,0,0,0,0,0,1,0,0
127414903,Autonomo,"Bande Nere, Inganni",Lorenteggio,45.4523,9.13914,21,630,131,6,2,8,1,0,0,0,0,0,0,0,0,0
127275125,Autonomo,"Solari, Washington",Vercelli - Wagner,45.4653,9.16221,32,665,15,4,2,2,1,0,0,0,0,0,0,0,0,0
127275109,Autonomo,"Solari, Washington",Vercelli - Wagner,45.4692,9.15634,24,600,164,6,2,1,0,0,0,0,0,0,0,0,0,0
127232181,Autonomo,"Abbiategrasso, Chiesa Rossa",Pezzotti - Meda,45.4433,9.17651,15,620,105,4,2,6,0,0,0,0,0,0,0,0,0,0
127108697,Autonomo,"Bande Nere, Inganni",Lorenteggio,45.4523,9.13914,20,680,131,6,2,8,1,0,0,0,0,0,0,0,0,0
127646878,Autonomo,"Porta Vittoria, Lodi",Martini - Insubria,45.4583,9.22348,41,615,217,6,3,8,1,0,0,0,0,0,0,0,0,0
127602340,Autonomo,"Fiera, Sempione, City Life, Portello",De Angeli,45.4682,9.14607,14,665,15,3,1,2,1,0,0,0,0,0,0,0,0,0
127504672,Autonomo,"Bande Nere, Inganni",Bande Nere,45.4597,9.13124,10,600,105,5,2,1,0,0,0,0,0,0,0,0,0,0
127504438,Autonomo,"Affori, Bovisa",Bovisa,45.5015,9.16316,16,700,55,4,1,1,0,0,0,0,0,0,0,0,0,0
127462926,Autonomo,"Cenisio, Sarpi, Isola",Farini,45.4933,9.18333,51,640,15,1,1,1,0,0,0,0,0,0,0,0,0,0
127462712,Autonomo,"Bande Nere, Inganni",Lorenteggio,45.4523,9.13914,20,700,88,5,1,6,1,0,0,0,0,0,0,0,0,0
127414753,Autonomo,"Famagosta, Barona",Giambellino,45.4501,9.14046,23,655,138,5,2,5,1,0,0,0,0,0,0,0,0,0
127275217,Autonomo,"Bande Nere, Inganni",Bande Nere,45.4597,9.13124,13,655,171,6,3,2,0,0,0,0,0,0,0,0,0,0
127132869,Autonomo,"Città Studi, Susa",Casoretto,45.4864,9.21877,19,615,115,5,1,2,1,0,0,0,0,0,0,0,0,0
127121139,Autonomo,"Maggiolina, Istria",Cascina dei Pomi,45.4926,9.20803,36,650,196,6,2,6,1,0,0,0,0,0,0,0,0,0
127602140,Autonomo,"Famagosta, Barona",Giambellino,45.4496,9.14954,14,690,160,6,2,1,0,0,0,0,0,0,0,0,0,0
127570126,Autonomo,"Bicocca, Niguarda",Ca' Granda,45.5051,9.20137,40,605,124,5,1,1,0,0,0,0,0,0,0,0,0,0
127570024,Autonomo,"Città Studi, Susa",Casoretto,45.4862,9.22744,28,680,91,5,2,4,1,0,0,0,0,0,0,0,0,0
127513760,Autonomo,"Solari, Washington",Frua,45.4653,9.14888,42,610,148,6,3,2,1,0,0,0,0,0,0,0,0,0
127504630,Autonomo,"Bande Nere, Inganni",Gambara,45.4633,9.14358,27,620,91,5,1,2,1,0,0,0,0,0,0,0,0,0
127384659,Autonomo,"Solari, Washington",Frua,45.4653,9.14888,43,670,148,6,3,8,1,0,0,0,0,0,0,0,0,0
127303559,Autonomo,"Bande Nere, Inganni",Gambara,45.4668,9.13907,23,675,15,2,1,1,0,0,0,0,0,0,0,0,0,0
127141349,Autonomo,"Ripamonti, Vigentino",Ripamonti - Fondazione Prada,45.4441,9.21026,21,595,15,5,2,8,1,0,0,0,0,0,0,0,0,0
126704843,Assente,"Cenisio, Sarpi, Isola",Zara,45.4905,9.1896,11,700,15,1,1,1,0,0,0,0,1,0,1,0,1,0
127414643,Autonomo,"Cimiano, Crescenzago, Adriano",Quartiere Adriano,45.5151,9.23604,17,620,15,4,2,3,0,0,0,0,0,0,0,0,0,0
127317721,Autonomo,"Genova, Ticinese",Corso Genova,45.4585,9.17445,72,640,210,6,4,4,0,0,0,0,0,0,0,0,0,0
127414913,Autonomo,"Bande Nere, Inganni",Lorenteggio,45.453,9.14127,24,665,130,6,2,1,0,0,0,0,0,0,0,0,0,0
127384571,Autonomo,"Uptown, Cascina Merlata, Viale Certosa",Certosa,45.4906,9.15181,24,600,98,5,2,1,1,0,0,0,0,0,0,0,0,0
127356387,Autonomo,"Fiera, Sempione, City Life, Portello",Amendola - Buonarroti,45.4731,9.14965,10,690,200,6,2,7,0,0,0,0,0,0,0,1,0,0
127355597,Autonomo,"Famagosta, Barona",Barona,45.4422,9.15399,17,610,80,5,2,1,0,0,0,0,0,0,0,0,0,0
127275029,Autonomo,"Cenisio, Sarpi, Isola",Paolo Sarpi,45.4804,9.18014,21,685,166,6,2,4,1,0,0,0,0,0,0,0,0,0
127570190,Autonomo,"Famagosta, Barona",Famagosta,45.4405,9.17508,10,670,70,4,1,1,0,0,0,0,0,0,0,1,0,0
127591734,Assente,"Ripamonti, Vigentino",Vigentino - Fatima,45.4319,9.203,20,600,90,4,1,1,0,0,1,0,1,0,1,0,0,0
127513668,Autonomo,"Quadronno, Palestro, Guastalla",Guastalla,45.4621,9.2045,28,600,121,5,1,2,1,0,0,0,0,0,0,0,0,0
115199185,Assente,"Abbiategrasso, Chiesa Rossa",Chiesa Rossa,45.4312,9.1811,9,600,80,3,1,3,0,0,1,0,1,0,0,0,0,0
127419323,Assente,"Città Studi, Susa",Città Studi,45.4742,9.2317,14,650,18,3,1,3,0,0,1,0,0,0,0,0,0,0
127303485,Autonomo,"Famagosta, Barona",Giambellino,45.4402,9.11918,29,700,150,5,2,14,0,0,0,0,0,0,0,0,0,0
127462700,Autonomo,"Bande Nere, Inganni",Bande Nere,45.4597,9.13124,9,685,171,6,3,4,0,0,0,0,0,0,0,0,0,0
127356259,Autonomo,"Bande Nere, Inganni",Bande Nere,45.4597,9.13124,9,685,171,6,3,4,0,0,0,0,0,0,0,0,0,0
127317489,Autonomo,"Maggiolina, Istria",Maggiolina,45.4985,9.20299,22,595,121,6,2,1,1,0,0,0,0,0,0,0,0,0
127646756,Autonomo,"Bande Nere, Inganni",Gambara,45.4633,9.14358,28,630,82,4,1,3,1,0,0,0,0,0,0,0,0,0
127490530,Autonomo,"Bande Nere, Inganni",Bande Nere,45.4597,9.13124,9,700,171,6,3,4,0,0,0,0,0,0,0,0,0,0
127570006,Autonomo,"Bande Nere, Inganni",Bande Nere,45.4597,9.13124,9,685,171,6,3,4,0,0,0,0,0,0,0,0,0,0
126568173,Assente,"Bande Nere, Inganni",Bande Nere,45.4616,9.13372,8,600,14,4,1,4,0,0,0,1,1,0,1,0,0,1
127602448,Autonomo,"Bande Nere, Inganni",Bande Nere,45.4628,9.13388,9,690,70,4,1,3,1,0,0,0,0,0,0,0,0,0
127647012,Autonomo,"Bande Nere, Inganni",Gambara,45.4633,9.14358,28,630,82,4,1,3,1,0,0,0,0,0,0,0,0,0
127569784,Autonomo,"Napoli, Soderini",Tripoli - Soderini,45.4552,9.15182,10,590,110,4,2,1,0,0,0,0,0,0,0,0,0,0
127414635,Autonomo,"Pasteur, Rovereto",Pasteur,45.4874,9.21404,9,615,15,6,2,4,0,0,0,0,0,0,0,0,0,0
127496834,Centralizzato,"San Siro, Trenno",Monte Stella,45.4866,9.14229,11,600,25,2,1,7,0,0,0,1,1,0,1,0,0,0
127356465,Autonomo,"Centrale, Repubblica",Buenos Aires,45.4848,9.21089,27,590,200,6,2,5,0,0,0,0,0,0,0,0,0,0
127356461,Autonomo,"Centrale, Repubblica",Buenos Aires,45.4848,9.21089,28,590,200,6,2,5,0,0,0,0,0,0,0,0,0,0
127356445,Autonomo,"Centrale, Repubblica",Buenos Aires,45.4848,9.21089,22,590,200,6,2,5,0,0,0,0,0,0,0,0,0,0
127356447,Autonomo,"Centrale, Repubblica",Buenos Aires,45.4848,9.21089,27,590,200,6,2,5,0,0,0,0,0,0,0,0,0,0
121398048,Assente,"Famagosta, Barona",Cantalupa - San Paolo,45.4354,9.1727,12,700,20,3,1,5,0,0,1,0,1,0,1,0,0,1
107379801,Centralizzato,"Udine, Lambrate",Lambrate,45.4858,9.24334,6,650,NA,2,1,0,0,0,0,1,1,0,0,0,1,0
127317505,Autonomo,"Centrale, Repubblica",Buenos Aires,45.4795,9.21552,30,690,161,6,3,4,0,0,0,0,0,0,0,1,0,0
127275303,Autonomo,"Bande Nere, Inganni",Gambara,45.4633,9.14358,27,650,82,4,1,3,1,0,0,0,0,0,0,0,0,0
127490352,Autonomo,"Bande Nere, Inganni",Gambara,45.4633,9.14358,27,650,82,4,1,3,1,0,0,0,0,0,0,0,0,0
114622153,Centralizzato,"Porta Romana, Cadore, Montenero",Cadore,45.4587,9.21315,6,600,12,3,1,5,0,0,0,0,1,0,1,0,0,1
127490316,Autonomo,"Bande Nere, Inganni",Gambara,45.4633,9.14358,27,615,82,4,1,3,1,0,0,0,0,0,0,0,0,0
127317571,Autonomo,"Famagosta, Barona",Barona,45.4421,9.154,9,595,15,4,2,1,0,0,0,0,0,0,0,0,0,0
127384309,Autonomo,"Napoli, Soderini",Tripoli - Soderini,45.4552,9.15182,13,690,110,4,2,1,0,0,0,0,0,0,0,0,0,0
127232179,Autonomo,"Bande Nere, Inganni",Gambara,45.4633,9.14358,27,615,82,4,1,3,1,0,0,0,0,0,0,0,0,0
127646848,Autonomo,"Famagosta, Barona",Barona,45.4421,9.154,9,600,15,4,2,1,0,0,0,0,0,0,0,0,0,0
127303711,Assente,"Bicocca, Niguarda",Niguarda,45.5181,9.20172,13,650,70,3,1,3,0,0,0,0,0,0,0,0,0,0
127094269,Autonomo,"Città Studi, Susa",Città Studi,45.4847,9.2173,8,645,102,5,2,1,1,0,0,0,0,0,0,0,0,0
127462782,Autonomo,"Famagosta, Barona",Barona,45.4421,9.154,8,640,70,4,1,1,0,0,0,0,0,0,0,0,0,0
127462706,Assente,"San Siro, Trenno",San Carlo,45.4619,9.10837,42,650,102,6,3,4,0,0,0,0,0,0,0,0,0,0
123312093,Assente,"Corvetto, Rogoredo",Corvetto,45.438,9.2195,15,600,133,6,2,4,0,0,1,0,1,1,1,0,0,0
127513692,Assente,"Affori, Bovisa",Quarto Oggiaro,45.5107,9.1474,34,650,120,5,2,1,0,0,0,0,0,0,0,0,0,0
127414593,Assente,"Corvetto, Rogoredo",Corvetto,45.4366,9.21627,13,645,110,5,1,7,0,0,0,0,0,0,0,0,0,0
127504554,Autonomo,"San Siro, Trenno",San Siro,45.4777,9.14164,8,630,15,6,3,1,0,0,0,0,0,0,0,0,0,0
127326315,Autonomo,"Città Studi, Susa",Città Studi,45.4847,9.2173,8,645,102,5,2,1,1,0,0,0,0,0,0,0,0,0
127541466,Assente,"Bisceglie, Baggio, Olmi",Quarto Cagnino,45.4737,9.11156,13,600,90,4,2,1,0,0,0,0,0,0,0,0,0,0
127646896,Assente,"Affori, Bovisa",Bovisa,45.5011,9.16235,24,680,60,3,1,3,0,0,0,0,0,0,0,0,0,0
127602242,Assente,"San Siro, Trenno",San Siro,45.4678,9.14547,11,630,155,6,3,2,0,0,0,0,0,0,0,0,0,0
127384715,Assente,"Affori, Bovisa",Bovisa,45.4998,9.15098,10,600,70,3,1,1,0,0,0,0,0,0,0,0,0,0
127541458,Assente,"Affori, Bovisa",Quarto Oggiaro,45.5107,9.1474,34,650,120,5,2,1,0,0,0,0,0,0,0,0,0,0
127513862,Autonomo,"Centrale, Repubblica",Centrale,45.4911,9.20441,8,685,253,6,2,1,1,0,0,0,0,0,0,0,0,0
127355431,Assente,"Affori, Bovisa",Quarto Oggiaro,45.5107,9.1474,34,650,120,5,2,1,0,0,0,0,0,0,0,0,0,0
127384527,Assente,"Affori, Bovisa",Affori,45.5209,9.15233,10,600,120,5,1,9,0,0,0,0,0,0,0,0,0,0
127513698,Assente,"Affori, Bovisa",Bovisa,45.498,9.16953,18,630,65,3,1,4,0,0,0,0,0,0,0,0,0,0
127490028,Assente,"Bicocca, Niguarda",Greco - Segnano,45.5028,9.20937,30,700,90,5,2,1,0,0,0,0,0,0,0,0,0,0
127602228,Assente,"Maggiolina, Istria",Maggiolina,45.4957,9.20606,11,630,15,4,2,3,0,0,0,0,0,0,0,0,0,0
127356155,Assente,"Cimiano, Crescenzago, Adriano",Cimiano,45.4984,9.23438,42,650,75,3,1,2,0,0,0,0,0,0,0,0,0,0
127646906,Autonomo,"Bande Nere, Inganni",Bande Nere,45.4597,9.13124,8,590,171,6,3,4,0,0,0,0,0,0,0,0,0,0
127356353,Autonomo,"Bande Nere, Inganni",Bande Nere,45.4597,9.13124,8,590,171,6,3,4,0,0,0,0,0,0,0,0,0,0
127541446,Assente,"Maggiolina, Istria",Cascina dei Pomi,45.4931,9.20657,13,700,80,3,1,1,0,0,0,0,0,0,0,0,0,0
127384587,Assente,Navigli,Corso San Gottardo,45.4463,9.18069,14,700,15,4,1,1,0,0,0,0,0,0,0,0,0,0
127384541,Assente,"Affori, Bovisa",Quarto Oggiaro,45.5107,9.1474,34,650,120,5,2,1,0,0,0,0,0,0,0,0,0,0
127317497,Assente,"San Siro, Trenno",San Siro,45.4678,9.14547,11,630,155,6,3,2,0,0,0,0,0,0,0,0,0,0
127462632,Assente,"Bande Nere, Inganni",Lorenteggio,45.4503,9.12651,15,600,90,3,1,1,0,0,0,0,0,0,0,0,0,0
125247453,Centralizzato,Forlanini,Quartiere Forlanini,45.4574,9.24891,10,650,20,3,1,0.5,0,0,0,0,1,0,1,0,1,1
127275023,Assente,"Cenisio, Sarpi, Isola",Cenisio,45.489,9.15846,24,620,100,3,1,6,0,0,0,0,0,0,0,0,0,0
127646656,Assente,"San Siro, Trenno",Monte Stella,45.4861,9.14316,12,600,15,1,1,1,0,0,0,0,0,0,0,0,0,0
127303633,Assente,"San Siro, Trenno",San Carlo,45.4621,9.11147,13,600,110,4,1,2,0,0,0,0,0,0,0,0,0,0
127109721,Centralizzato,"Fiera, Sempione, City Life, Portello",Sempione,45.4833,9.17012,5,700,NA,2,1,0.5,0,0,0,0,1,0,0,0,0,1
127134717,Centralizzato,"Fiera, Sempione, City Life, Portello",Sempione,45.4859,9.16357,6,700,15,3,1,4,0,0,1,1,1,0,1,0,0,1
127414611,Autonomo,"San Siro, Trenno",San Siro,45.4707,9.12737,7,690,15,5,2,5,0,0,0,0,0,0,0,0,0,0
127331775,Centralizzato,"Udine, Lambrate",Quartiere Feltre,45.4908,9.24271,7,650,80,3,1,3,0,0,0,1,1,0,0,0,1,1
127504686,Assente,"Affori, Bovisa",Quarto Oggiaro,45.5125,9.14925,17,590,90,4,1,4,0,0,0,0,0,0,0,0,0,0
127317295,Autonomo,"Città Studi, Susa",Città Studi,45.4847,9.2173,7,645,102,5,2,1,1,0,0,0,0,0,0,0,0,0
123704477,Assente,"Città Studi, Susa",Città Studi,45.4803,9.2244,7,700,120,4,2,4,0,0,1,0,1,1,0,0,0,1
127646934,Assente,"Famagosta, Barona",Cantalupa - San Paolo,45.4339,9.17322,15,700,75,3,1,2,0,0,0,0,0,0,0,0,0,0
127490432,Autonomo,"Famagosta, Barona",Tre Castelli - Faenza,45.442,9.13738,7,590,90,4,2,3,0,0,0,0,0,0,0,0,0,0
127602476,Autonomo,"Pasteur, Rovereto",Rovereto,45.4946,9.21499,7,595,15,6,2,2,0,0,0,0,0,0,0,0,0,0
127570144,Autonomo,Navigli,Navigli - Darsena,45.4464,9.16077,7,650,88,4,1,1,1,0,0,0,0,0,0,0,0,0
127414651,Autonomo,"Bande Nere, Inganni",Gambara,45.4622,9.14405,15,645,81,4,1,1,1,0,0,0,0,0,0,0,0,0
127313079,Centralizzato,"Affori, Bovisa",Bovisa,45.5026,9.16562,5,600,89,3,1,1,0,0,1,1,0,0,0,0,0,0
127513782,Assente,"Affori, Bovisa",Quarto Oggiaro,45.5125,9.14925,20,590,90,4,1,4,0,0,0,0,0,0,0,0,0,0
127356297,Autonomo,"Pasteur, Rovereto",Rovereto,45.4946,9.21499,7,595,15,6,2,2,0,0,0,0,0,0,0,0,0,0
127490254,Assente,"San Siro, Trenno",Gallaratese,45.4985,9.11801,9,670,15,3,1,3,0,0,0,0,0,0,0,0,0,0
127317463,Assente,"Affori, Bovisa",Affori,45.52,9.15435,9,700,88,4,1,2,0,0,0,0,0,0,0,0,0,0
127504670,Autonomo,"Solari, Washington",Frua,45.4653,9.14888,38,630,148,6,3,2,1,0,0,0,0,0,0,0,0,0
127326225,Assente,"Affori, Bovisa",Quarto Oggiaro,45.5125,9.14925,19,650,90,4,1,4,0,0,0,0,0,0,0,0,0,0
126717121,Assente,Navigli,Bocconi,45.4509,9.1918,6,680,90,4,3,2,1,0,0,0,0,0,0,0,0,0
127355443,Autonomo,"Famagosta, Barona",Tre Castelli - Faenza,45.4371,9.12349,13,650,150,5,2,1,0,0,0,0,0,0,0,0,0,0
127490022,Autonomo,"Arco della Pace, Arena, Pagano",Arco della Pace,45.4776,9.16864,12,640,200,6,2,3,0,0,0,0,0,0,0,0,0,0
126463641,Assente,"Porta Romana, Cadore, Montenero",Montenero,45.4564,9.2058,16,650,12,3,1,6,0,0,1,0,1,1,1,0,0,1
126074245,Assente,"Porta Romana, Cadore, Montenero",Porta Romana - Medaglie d'Oro,45.4479,9.2088,2,600,101,4,2,4,0,0,1,0,0,0,1,0,0,1
127490304,Autonomo,"Maggiolina, Istria",Maggiolina,45.4962,9.20583,6,635,15,5,2,5,1,0,0,0,0,0,0,0,0,0
127414803,Autonomo,"Cenisio, Sarpi, Isola",Zara,45.4949,9.19043,6,625,15,3,1,2,0,0,0,0,0,0,0,0,0,0
127414711,Autonomo,"Uptown, Cascina Merlata, Viale Certosa",Certosa,45.4945,9.14426,6,595,70,4,1,1,1,0,0,0,0,0,0,0,0,0
127326243,Assente,"Pasteur, Rovereto",Parco Trotter,45.4917,9.22427,8,700,45,2,1,1,0,0,0,0,0,0,0,0,0,0
127232183,Autonomo,"Uptown, Cascina Merlata, Viale Certosa",Certosa,45.4945,9.14426,6,595,70,4,1,1,1,0,0,0,0,0,0,0,0,0
127303513,Autonomo,"Centrale, Repubblica",Repubblica,45.4793,9.20206,6,630,15,4,2,3,0,0,0,0,0,0,0,0,0,0
125029219,Autonomo,"Centrale, Repubblica",Centrale,45.4826,9.19901,5,700,100,3,3,6,0,0,0,1,1,0,0,0,0,0
127355807,Autonomo,"Abbiategrasso, Chiesa Rossa",Cermenate - Abbiategrasso,45.4343,9.18072,38,600,15,5,2,1,0,0,0,0,0,0,0,0,0,0
127602146,Autonomo,"Abbiategrasso, Chiesa Rossa",Cermenate - Abbiategrasso,45.4339,9.17754,25,680,54,3,1,1,0,0,0,0,0,0,0,0,0,0
127646600,Autonomo,"Abbiategrasso, Chiesa Rossa",Cermenate - Abbiategrasso,45.4339,9.17754,25,680,54,3,1,1,0,0,0,0,0,0,0,0,0,0
120695518,Assente,"Città Studi, Susa",Città Studi,45.484,9.23308,26,690,110,6,2,1,0,0,0,0,0,1,0,0,0,0
127553452,Assente,"Bicocca, Niguarda",Bignami - Ponale,45.5223,9.2059,43,700,130,NA,4,1,0,0,1,0,1,1,0,0,1,0
96574408,Assente,"Affori, Bovisa",Bovisa,45.5082,9.1591,13,660,20,4,3,2,0,0,1,0,1,1,0,0,0,1
124640157,Assente,"Bicocca, Niguarda",Ca' Granda,45.507,9.1933,33,600,13,4,2,7,0,0,1,0,1,1,0,0,0,1
118949255,Centralizzato,"Centrale, Repubblica",Buenos Aires,45.485,9.21456,9,700,20,2,1,6,0,0,1,1,1,0,1,0,0,0
126490695,Centralizzato,"Affori, Bovisa",Bovisa,45.5014,9.16653,10,700,20,3,1,2,0,0,1,1,1,0,0,1,0,0
127410341,Assente,"Corvetto, Rogoredo",Corvetto,45.4379,9.2137,15,690,70,3,1,1,0,0,1,0,1,0,0,0,0,0
123137863,Assente,"Affori, Bovisa",Affori,45.5156,9.1693,7,680,80,4,4,0.5,0,0,0,0,1,0,0,0,0,1
122589606,Assente,"Cimiano, Crescenzago, Adriano",Ponte Nuovo,45.5072,9.2382,7,600,150,5,4,0.5,0,0,0,0,0,0,0,0,0,0
127392633,Assente,"Bande Nere, Inganni",Gambara,45.4644,9.1422,34,690,100,4,2,0.5,0,0,0,0,1,1,0,0,0,0
114386525,Assente,"Ponte Lambro, Santa Giulia",Santa Giulia,45.4373,9.24,43,650,85,3,2,8,0,0,0,0,1,0,0,0,1,0
127520610,Assente,"Bicocca, Niguarda",Bicocca,45.5144,9.2072,16,600,70,3,1,1,0,0,1,0,1,0,0,0,1,1
127649454,Assente,Forlanini,Viale Ungheria - Mecenate,45.4455,9.2419,34,600,90,5,2,3,0,0,1,0,1,1,1,0,0,0
127520230,Assente,"Bicocca, Niguarda",Bicocca,45.5144,9.2072,17,620,70,3,1,1,0,0,1,0,1,0,0,0,1,1
127649244,Assente,Forlanini,Viale Ungheria - Mecenate,45.4455,9.2419,36,650,90,5,2,3,0,0,1,0,1,1,1,0,0,0
126667131,Assente,"Affori, Bovisa",Affori,45.5193,9.169,13,600,90,4,1,4,0,0,1,0,1,0,0,0,1,0
126661405,Assente,"Affori, Bovisa",Bovisa,45.4996,9.1687,18,675,84,3,1,3,0,0,1,0,1,0,1,0,0,1
126530127,Assente,"Porta Venezia, Indipendenza",Indipendenza,45.4726,9.215,17,640,20,1,1,0.5,0,0,0,0,1,1,1,0,0,1
127331333,Assente,"Bicocca, Niguarda",Prato Centenaro,45.5097,9.2007,22,600,13,1,1,5,0,0,1,0,1,0,1,0,1,0
104020285,Centralizzato,"Ripamonti, Vigentino",Vigentino - Fatima,45.4366,9.1968,26,675,18,2,1,3,0,0,1,0,1,1,0,0,0,1
127612148,Assente,"Centrale, Repubblica",Buenos Aires,45.4787,9.2074,14,650,101,5,1,3,0,0,0,0,1,0,0,0,0,0
127392123,Assente,"Quadronno, Palestro, Guastalla",Quadronno - Crocetta,45.4522,9.1949,21,650,70,4,1,2,0,0,1,0,1,0,1,0,0,1
125528605,Assente,"Bicocca, Niguarda",Ca' Granda,45.5081,9.1925,13,650,16,2,2,1,0,0,0,0,1,0,0,0,0,0
127094363,Assente,"Cimiano, Crescenzago, Adriano",Ponte Nuovo,45.5067,9.2389,6,600,60,3,1,0.5,0,0,0,0,0,0,0,0,0,0
112965475,Assente,"Cimiano, Crescenzago, Adriano",Cimiano,45.4967,9.2351,14,650,82,3,1,6,0,0,1,0,1,1,1,0,0,1
125542493,Assente,"San Siro, Trenno",San Siro,45.4733,9.1198,19,630,20,2,1,1,0,0,0,0,1,0,1,1,0,0
120695514,Assente,"Città Studi, Susa",Città Studi,45.484,9.23308,21,595,130,5,2,1,0,0,0,0,0,1,0,0,0,0
126041923,Autonomo,"Maggiolina, Istria",Maggiolina,45.4983,9.1964,10,640,9,1,1,NA,NA,1,0,0,0,0,0,0,0,0
126848761,Autonomo,"Maggiolina, Istria",Maggiolina,45.494,9.1985,10,696,12,1,1,NA,NA,1,0,0,0,0,0,0,0,0
126041669,Centralizzato,"Quadronno, Palestro, Guastalla",Quadronno - Crocetta,45.4542,9.1986,10,660,15,1,1,NA,NA,1,0,0,0,0,0,0,0,0
126982213,Autonomo,"Bicocca, Niguarda",Niguarda,45.5167,9.2033,10,642,12,1,1,NA,NA,1,0,0,0,0,0,0,0,0
126042013,Autonomo,"Cimiano, Crescenzago, Adriano",Cimiano,45.5017,9.2429,10,690,9,1,1,NA,NA,1,0,0,0,0,0,0,0,0
126080043,Centralizzato,"Città Studi, Susa",Città Studi,45.4846,9.2354,10,590,18,1,1,NA,NA,1,0,0,0,0,0,0,0,0
126738975,Centralizzato,"Quadronno, Palestro, Guastalla",Quadronno - Crocetta,45.4555,9.2018,10,590,15,1,1,NA,NA,1,0,0,0,0,0,0,0,0
120523982,Centralizzato,"Udine, Lambrate",Udine,45.4941,9.2355,10,600,10,1,1,NA,NA,1,0,0,0,0,0,0,0,0
125953299,Autonomo,"Centrale, Repubblica",Morgagni,45.4779,9.211,10,696,25,1,1,NA,NA,1,0,0,0,0,0,0,0,0
126035629,Centralizzato,"Affori, Bovisa",Bovisa,45.5011,9.1624,10,680,15,1,1,NA,NA,1,0,0,0,0,0,0,0,0
121436038,Centralizzato,"Porta Vittoria, Lodi",Lodi - Brenta,45.4429,9.215,10,690,8,1,1,NA,NA,1,0,0,0,1,0,0,0,0
126038095,Centralizzato,"Porta Vittoria, Lodi",Martini - Insubria,45.4509,9.2208,10,690,10,1,1,NA,NA,1,0,0,0,1,0,0,0,0
126936403,Autonomo,"San Siro, Trenno",San Siro,45.4731,9.1205,10,642,12,1,1,NA,NA,1,0,0,0,0,0,0,0,0
126037919,Autonomo,"Arco della Pace, Arena, Pagano",Arena,45.4781,9.1743,10,690,8,1,1,NA,NA,1,0,0,0,0,0,0,0,0
118262031,Centralizzato,"Abbiategrasso, Chiesa Rossa",Gratosoglio,45.4165,9.174,10,700,14,1,1,NA,NA,1,0,0,0,1,0,0,0,0
109560047,Centralizzato,"Bisceglie, Baggio, Olmi",Quarto Cagnino,45.4708,9.1112,10,650,20,1,1,NA,NA,1,0,0,0,0,0,0,0,0
123468281,Centralizzato,"San Siro, Trenno",San Siro,45.4686,9.1454,10,600,16,1,1,NA,NA,1,0,0,0,0,0,0,0,0
123123397,Autonomo,"Città Studi, Susa",Plebisciti - Susa,45.4684,9.2216,10,690,16,1,1,NA,NA,1,0,0,0,0,0,0,0,0
126469575,Autonomo,"Bicocca, Niguarda",Bicocca,45.5146,9.2144,10,589,10,1,1,NA,NA,1,0,0,0,0,0,0,0,0
126037347,Centralizzato,"Città Studi, Susa",Città Studi,45.4691,9.2256,10,635,18,1,1,NA,NA,1,0,0,0,0,0,0,0,0
123112177,Autonomo,Forlanini,Quartiere Forlanini,45.4618,9.2436,10,640,9,1,1,NA,NA,1,0,0,0,0,0,0,0,0
126038909,Centralizzato,"Famagosta, Barona",Cantalupa - San Paolo,45.4312,9.1553,10,650,16,1,1,NA,NA,1,0,0,0,1,0,0,0,0
126038903,Centralizzato,"Famagosta, Barona",Cantalupa - San Paolo,45.4312,9.1553,10,690,23,1,1,NA,NA,1,0,0,0,1,0,0,0,0
126791883,Autonomo,"Bicocca, Niguarda",Niguarda,45.5222,9.1929,10,589,17,1,1,NA,NA,1,0,0,0,0,0,0,0,0
126041967,Autonomo,"Centrale, Repubblica",Buenos Aires,45.478,9.2053,10,600,9,1,1,NA,NA,1,0,0,0,0,0,0,0,0
123112167,Centralizzato,"Città Studi, Susa",Plebisciti - Susa,45.466,9.2235,10,690,16,1,1,NA,NA,1,0,0,0,0,0,0,0,0
127602268,Autonomo,"Maggiolina, Istria",Maggiolina,45.4953,9.19646,9,640,103,4,2,2,0,0,0,0,0,0,0,0,0,0
127272349,Centralizzato,"Solari, Washington",Vercelli - Wagner,45.4674,9.159,10,640,17,1,1,NA,NA,1,0,0,0,0,0,0,0,0
126440107,Autonomo,"Bande Nere, Inganni",Inganni,45.4584,9.1215,10,589,14,1,1,NA,NA,1,0,0,0,0,0,0,0,0
126040401,Centralizzato,"Famagosta, Barona",Barona,45.4421,9.1539,10,645,15,1,1,NA,NA,1,0,0,0,0,0,0,0,0
125953301,Autonomo,"Affori, Bovisa",Affori,45.5213,9.1539,10,642,10,1,1,NA,NA,1,0,0,0,0,0,0,0,0
125953305,Autonomo,"Famagosta, Barona",Barona,45.4398,9.1521,10,696,10,1,1,NA,NA,1,0,0,0,0,0,0,0,0
121244388,Autonomo,Forlanini,Quartiere Forlanini,45.4618,9.2436,10,690,9,1,1,NA,NA,1,0,0,0,0,0,0,0,0
124938665,Centralizzato,"Città Studi, Susa",Plebisciti - Susa,45.466,9.2235,10,690,10,1,1,NA,NA,1,0,0,0,1,0,0,0,0
126035645,Autonomo,"Bisceglie, Baggio, Olmi",Baggio,45.461,9.0818,10,590,15,1,1,NA,NA,1,0,0,0,0,0,0,0,0
126936409,Autonomo,"Bicocca, Niguarda",Bignami - Ponale,45.524,9.206,10,642,9,1,1,NA,NA,1,0,0,0,0,0,0,0,0
126511735,Autonomo,"Cenisio, Sarpi, Isola",Cenisio,45.4888,9.168,10,642,16,1,1,NA,NA,1,0,0,0,0,0,0,0,0
124313355,Autonomo,"Ripamonti, Vigentino",Ripamonti - Fondazione Prada,45.4377,9.196,10,642,10,1,1,NA,NA,1,0,0,0,0,0,0,0,0
126041943,Autonomo,"Cimiano, Crescenzago, Adriano",Cimiano,45.5017,9.2429,10,690,9,1,1,NA,NA,1,0,0,0,0,0,0,0,0
127197733,Centralizzato,"Solari, Washington",Vercelli - Wagner,45.4694,9.1563,10,600,13,1,1,NA,NA,1,0,0,0,0,0,0,0,0
125812323,Centralizzato,"Porta Vittoria, Lodi",Martini - Insubria,45.4546,9.2187,10,690,8,1,1,NA,NA,1,0,0,0,0,0,0,0,0
126040451,Centralizzato,Navigli,Navigli - Darsena,45.4445,9.1729,10,600,18,1,1,NA,NA,1,0,0,0,0,0,0,0,0
126936407,Autonomo,"Cimiano, Crescenzago, Adriano",Crescenzago,45.5038,9.2405,10,632,9,1,1,NA,NA,1,0,0,0,0,0,0,0,0
126042017,Centralizzato,"Cimiano, Crescenzago, Adriano",Cimiano,45.5017,9.2429,10,620,18,1,1,NA,NA,1,0,0,0,0,0,0,0,0
119895374,Autonomo,"Città Studi, Susa",Città Studi,45.4779,9.2172,10,600,9,1,1,NA,NA,1,0,0,0,0,0,0,0,0
126040419,Autonomo,"Famagosta, Barona",Barona,45.4421,9.1539,10,650,17,1,1,NA,NA,1,0,0,0,0,0,0,0,0
122799560,Centralizzato,"Famagosta, Barona",Giambellino,45.4496,9.1495,10,690,18,1,1,NA,NA,1,0,0,0,1,0,0,0,0
127042505,Centralizzato,"Bande Nere, Inganni",Gambara,45.4622,9.1389,10,700,4,1,1,NA,NA,0,0,0,0,0,0,0,0,0
126041941,Autonomo,"Città Studi, Susa",Città Studi,45.483,9.2182,10,700,9,1,1,NA,NA,1,0,0,0,0,0,0,0,0
126040415,Autonomo,"Famagosta, Barona",Famagosta,45.4421,9.1737,10,680,13,1,1,NA,NA,1,0,0,0,0,0,0,0,0
124565669,Autonomo,"Bande Nere, Inganni",Inganni,45.4477,9.1249,10,620,17,1,1,NA,NA,1,0,0,0,0,0,0,0,0
126242223,Centralizzato,"Abbiategrasso, Chiesa Rossa",Chiesa Rossa,45.4267,9.1788,10,690,22,1,1,NA,NA,1,0,0,0,0,0,0,0,0
126041959,Centralizzato,"Centrale, Repubblica",Repubblica,45.48,9.2006,10,650,15,1,1,NA,NA,1,0,0,0,0,0,0,0,0
126041965,Centralizzato,"Centrale, Repubblica",Repubblica,45.48,9.2006,10,620,15,1,1,NA,NA,1,0,0,0,0,0,0,0,0
126041643,Centralizzato,"Udine, Lambrate",Udine,45.4941,9.2355,10,630,10,1,1,NA,NA,1,0,0,0,0,0,0,0,0
126041957,Centralizzato,"Cimiano, Crescenzago, Adriano",Cimiano,45.5017,9.2429,10,600,18,1,1,NA,NA,1,0,0,0,0,0,0,0,0
126041685,Centralizzato,Navigli,Bocconi,45.4487,9.1879,10,670,20,1,1,NA,NA,1,0,0,0,0,0,0,0,0
119895774,Autonomo,"Arco della Pace, Arena, Pagano",Arco della Pace,45.4774,9.1685,10,690,9,1,1,NA,NA,1,0,0,0,0,0,0,0,0
126116255,Autonomo,"Maggiolina, Istria",Maggiolina,45.4997,9.2018,10,642,22,1,1,NA,NA,1,0,0,0,0,0,0,0,0
126037351,Autonomo,"Cenisio, Sarpi, Isola",Farini,45.4933,9.1826,10,600,18,1,1,NA,NA,1,0,0,0,0,0,0,0,0
126956701,Autonomo,"Abbiategrasso, Chiesa Rossa",Pezzotti - Meda,45.438,9.181,10,589,14,1,1,NA,NA,1,0,0,0,0,0,0,0,0
126042497,Centralizzato,"Uptown, Cascina Merlata, Viale Certosa",Ghisolfa - Mac Mahon,45.4921,9.1625,10,634,12,1,1,NA,NA,1,0,0,0,0,0,0,0,0
126041899,Centralizzato,"Città Studi, Susa",Città Studi,45.4763,9.217,10,650,15,1,1,NA,NA,1,0,0,0,0,0,0,0,0
126936401,Autonomo,"San Siro, Trenno",San Siro,45.4731,9.1205,10,632,8,1,1,NA,NA,1,0,0,0,0,0,0,0,0
126042493,Centralizzato,"Quadronno, Palestro, Guastalla",Guastalla,45.463,9.2,10,700,11,1,1,NA,NA,1,0,0,0,0,0,0,0,0
126041901,Centralizzato,"Città Studi, Susa",Città Studi,45.4763,9.217,10,640,10,1,1,NA,NA,1,0,0,0,0,0,0,0,0
126041881,Centralizzato,"Cimiano, Crescenzago, Adriano",Cimiano,45.5017,9.2429,10,670,18,1,1,NA,NA,1,0,0,0,0,0,0,0,0
122756574,Centralizzato,"Maggiolina, Istria",Maggiolina,45.4983,9.1964,10,600,15,1,1,NA,NA,1,0,0,0,0,0,0,0,0
126037389,Autonomo,"Affori, Bovisa",Affori,45.5089,9.1721,10,600,10,1,1,NA,NA,1,0,0,0,0,0,0,0,0
124565545,Autonomo,"Bicocca, Niguarda",Greco - Segnano,45.5082,9.2047,10,700,12,1,1,NA,NA,1,0,0,0,0,0,0,0,0
126042393,Centralizzato,"Uptown, Cascina Merlata, Viale Certosa",Certosa,45.4968,9.152,10,700,12,1,1,NA,NA,1,0,0,0,1,0,0,0,0
127197697,Autonomo,"Città Studi, Susa",Città Studi,45.4746,9.222,10,696,10,1,1,NA,NA,1,0,0,0,0,0,0,0,0
126040417,Centralizzato,Navigli,Navigli - Darsena,45.4445,9.1729,10,695,14,1,1,NA,NA,1,0,0,0,0,0,0,0,0
127326219,Assente,"San Siro, Trenno",San Siro,45.4735,9.12014,7,630,130,4,2,1,0,0,0,0,0,0,0,0,0,0
119895708,Autonomo,"Bisceglie, Baggio, Olmi",Bisceglie,45.4475,9.0988,10,700,15,1,1,NA,NA,1,0,0,0,0,0,0,0,0
126040421,Autonomo,"Famagosta, Barona",Barona,45.4421,9.1539,10,650,16,1,1,NA,NA,1,0,0,0,0,0,0,0,0
123802293,Autonomo,"Affori, Bovisa",Dergano,45.5076,9.1782,10,610,NA,1,1,NA,NA,1,0,0,0,0,0,0,0,0
126042325,Centralizzato,"Affori, Bovisa",Bovisa,45.4998,9.151,10,600,18,1,1,NA,NA,1,0,0,0,1,0,0,0,0
127019711,Centralizzato,"Cimiano, Crescenzago, Adriano",Crescenzago,45.506,9.24729,11,650,16,2,1,4,0,0,0,0,1,0,0,0,0,0
126042893,Autonomo,"Centrale, Repubblica",Buenos Aires,45.4842,9.2116,10,609,16,1,1,NA,NA,1,0,0,0,1,0,0,0,0
123790987,Centralizzato,"Città Studi, Susa",Città Studi,45.4802,9.22,10,690,9,1,1,NA,NA,1,0,0,0,1,0,0,0,0
127462652,Autonomo,"Città Studi, Susa",Casoretto,45.4868,9.22375,5,670,15,3,1,3,1,0,0,0,0,0,0,0,0,0
126038907,Centralizzato,"Famagosta, Barona",Cantalupa - San Paolo,45.4312,9.1553,10,650,16,1,1,NA,NA,1,0,0,0,1,0,0,0,0
123112161,Autonomo,"Città Studi, Susa",Plebisciti - Susa,45.4684,9.2216,10,690,16,1,1,NA,NA,1,0,0,0,0,0,0,0,0
126041917,Autonomo,"Centrale, Repubblica",Buenos Aires,45.478,9.2053,10,700,9,1,1,NA,NA,1,0,0,0,0,0,0,0,0
127229133,Autonomo,"Affori, Bovisa",Bovisa,45.5038,9.1657,10,610,10,1,1,NA,NA,1,0,0,0,0,0,0,0,0
126655917,Autonomo,"Affori, Bovisa",Affori,45.5183,9.1646,10,696,10,1,1,NA,NA,1,0,0,0,0,0,0,0,0
126040475,Centralizzato,"Affori, Bovisa",Bovisa,45.4969,9.1557,10,610,18,1,1,NA,NA,1,0,0,0,0,0,0,0,0
126041629,Centralizzato,"Città Studi, Susa",Argonne - Corsica,45.466,9.2271,10,600,12,1,1,NA,NA,1,0,0,0,0,0,0,0,0
126242341,Centralizzato,"Porta Vittoria, Lodi",Bologna - Sulmona,45.4453,9.2268,10,700,14,1,1,NA,NA,1,0,0,0,0,0,0,0,0
127352421,Centralizzato,"Quadronno, Palestro, Guastalla",Quadronno - Crocetta,45.4555,9.2018,10,590,14,1,1,NA,NA,1,0,0,0,0,0,0,0,0
123468199,Centralizzato,"Affori, Bovisa",Dergano,45.5012,9.187,10,700,13,1,1,NA,NA,1,0,0,0,0,0,0,0,0
126041877,Assente,"Centrale, Repubblica",Repubblica,45.48,9.2006,10,630,15,1,1,NA,NA,1,0,0,0,0,0,0,0,0
125110733,Centralizzato,"Ponte Lambro, Santa Giulia",Santa Giulia,45.431,9.2457,10,650,12,1,1,NA,NA,1,0,0,0,1,0,0,0,0
126037315,Centralizzato,"Affori, Bovisa",Bovisa,45.5014,9.1628,10,700,10,1,1,NA,NA,1,0,0,0,0,0,0,0,0
122574486,Centralizzato,"Affori, Bovisa",Bovisa,45.5014,9.1628,10,700,10,1,1,NA,NA,1,0,0,0,0,0,0,0,0
123802849,Centralizzato,"Affori, Bovisa",Affori,45.5209,9.1524,10,650,25,1,1,NA,NA,1,0,0,0,0,0,0,0,0
126042379,Autonomo,"Uptown, Cascina Merlata, Viale Certosa",Certosa,45.4989,9.144,10,650,6,1,1,NA,NA,1,0,0,0,1,0,0,0,0
127462616,Assente,"Affori, Bovisa",Quarto Oggiaro,45.5084,9.13422,7,600,69,2,1,1,0,0,0,0,0,0,0,0,0,0
126037317,Centralizzato,"Affori, Bovisa",Bovisa,45.5014,9.1628,10,700,10,1,1,NA,NA,1,0,0,0,0,0,0,0,0
127166657,Centralizzato,"Solari, Washington",Dezza,45.4605,9.159,10,620,15,1,1,NA,NA,1,0,0,0,0,0,0,0,0
127166573,Autonomo,"Cimiano, Crescenzago, Adriano",Crescenzago,45.5038,9.2404,10,589,11,1,1,NA,NA,1,0,0,0,0,0,0,0,0
127166653,Centralizzato,"Centrale, Repubblica",Buenos Aires,45.4852,9.216,10,600,20,1,1,NA,NA,1,0,0,0,0,0,0,0,0
127229135,Autonomo,"Bicocca, Niguarda",Bignami - Ponale,45.5272,9.2098,10,610,12,1,1,NA,NA,1,0,0,0,0,0,0,0,0
123956035,Centralizzato,"Città Studi, Susa",Città Studi,45.4746,9.222,10,690,12,1,1,NA,NA,1,0,0,0,1,0,0,0,0
126035659,Centralizzato,"Abbiategrasso, Chiesa Rossa",Gratosoglio,45.4181,9.1744,10,690,12,1,1,NA,NA,1,0,0,0,1,0,0,0,0
126040485,Autonomo,"Bande Nere, Inganni",Inganni,45.4477,9.1249,10,699,17,1,1,NA,NA,1,0,0,0,1,0,0,0,0
123790989,Centralizzato,"Città Studi, Susa",Città Studi,45.4802,9.22,10,690,10,1,1,NA,NA,1,0,0,0,1,0,0,0,0
125820449,Centralizzato,"Bicocca, Niguarda",Prato Centenaro,45.511,9.1991,10,630,18,1,1,NA,NA,1,0,0,0,0,0,0,0,0
126041945,Autonomo,"Famagosta, Barona",Cantalupa - San Paolo,45.4268,9.1683,10,640,18,1,1,NA,NA,1,0,0,0,0,0,0,0,0
126791999,Centralizzato,"Quadronno, Palestro, Guastalla",Quadronno - Crocetta,45.4558,9.2023,10,590,14,1,1,NA,NA,1,0,0,0,0,0,0,0,0
124565915,Autonomo,"Bisceglie, Baggio, Olmi",Baggio,45.461,9.0818,10,590,16,1,1,NA,NA,1,0,0,0,0,0,0,0,0
124685655,Centralizzato,"Maggiolina, Istria",Maggiolina,45.4958,9.2075,10,700,15,1,1,NA,NA,1,0,0,0,0,0,0,0,0
126038983,Centralizzato,"Maggiolina, Istria",Maggiolina,45.5016,9.1991,10,680,10,1,1,NA,NA,1,0,0,0,0,0,0,0,0
126116251,Autonomo,"Porta Vittoria, Lodi",Martini - Insubria,45.4558,9.2199,10,685,9,1,1,NA,NA,1,0,0,0,0,0,0,0,0
126936399,Autonomo,"San Siro, Trenno",San Siro,45.4731,9.1205,10,589,10,1,1,NA,NA,1,0,0,0,0,0,0,0,0
126042883,Autonomo,"Centrale, Repubblica",Buenos Aires,45.4842,9.2116,10,609,12,1,1,NA,NA,1,0,0,0,0,0,0,0,0
126041991,Centralizzato,"Cimiano, Crescenzago, Adriano",Cimiano,45.5017,9.2429,10,640,18,1,1,NA,NA,1,0,0,0,0,0,0,0,0
126242221,Centralizzato,"Famagosta, Barona",Giambellino,45.4496,9.1495,10,640,18,1,1,NA,NA,1,0,0,0,1,0,0,0,0
126038063,Centralizzato,"Porta Vittoria, Lodi",Lodi - Brenta,45.4487,9.2204,10,690,10,1,1,NA,NA,1,0,0,0,1,0,0,0,0
126040479,Centralizzato,"Affori, Bovisa",Bovisa,45.4969,9.1557,10,640,18,1,1,NA,NA,1,0,0,0,0,0,0,0,0
126042501,Centralizzato,"Uptown, Cascina Merlata, Viale Certosa",Ghisolfa - Mac Mahon,45.4921,9.1625,10,634,12,1,1,NA,NA,1,0,0,0,0,0,0,0,0
124912943,Autonomo,"Affori, Bovisa",Bovisa,45.5038,9.1657,10,589,9,1,1,NA,NA,1,0,0,0,0,0,0,0,0
126038519,Centralizzato,"Cenisio, Sarpi, Isola",Isola,45.4879,9.1914,10,650,15,1,1,NA,NA,1,0,0,0,1,0,0,0,0
122440390,Centralizzato,"Città Studi, Susa",Città Studi,45.4802,9.22,10,690,12,1,1,NA,NA,1,0,0,0,1,0,0,0,0
127229201,Centralizzato,"Abbiategrasso, Chiesa Rossa",Chiesa Rossa,45.431,9.1822,10,700,18,1,1,NA,NA,1,0,0,0,1,0,0,0,0
126042901,Autonomo,"Centrale, Repubblica",Buenos Aires,45.4842,9.2116,10,609,16,1,1,NA,NA,1,0,0,0,0,0,0,0,0
124912947,Autonomo,"Affori, Bovisa",Bovisa,45.5038,9.1657,10,632,11,1,1,NA,NA,1,0,0,0,0,0,0,0,0
124565575,Centralizzato,"Centrale, Repubblica",Buenos Aires,45.4839,9.2149,10,690,8,1,1,NA,NA,1,0,0,0,1,0,0,0,0
123790977,Autonomo,"Città Studi, Susa",Plebisciti - Susa,45.4684,9.2216,10,690,16,1,1,NA,NA,1,0,0,0,0,0,0,0,0
125110735,Centralizzato,"Ponte Lambro, Santa Giulia",Santa Giulia,45.431,9.2457,10,650,12,1,1,NA,NA,1,0,0,0,1,0,0,0,0
126080041,Centralizzato,"Quadronno, Palestro, Guastalla",Quadronno - Crocetta,45.4558,9.2023,10,590,14,1,1,NA,NA,1,0,0,0,0,0,0,0,0
126040385,Centralizzato,"Famagosta, Barona",Barona,45.4421,9.1539,10,675,20,1,1,NA,NA,1,0,0,0,0,0,0,0,0
126042233,Centralizzato,"Bande Nere, Inganni",Primaticcio,45.453,9.1265,10,690,19,1,1,NA,NA,1,0,0,0,0,0,0,0,0
127138801,Centralizzato,"Quadronno, Palestro, Guastalla",Quadronno - Crocetta,45.4555,9.2018,10,600,18,1,1,NA,NA,1,0,0,0,0,0,0,0,0
127091423,Autonomo,"Città Studi, Susa",Città Studi,45.4746,9.222,10,589,10,1,1,NA,NA,1,0,0,0,0,0,0,0,0
126600567,Centralizzato,"Bande Nere, Inganni",Lorenteggio,45.4535,9.1379,10,675,11,1,1,NA,NA,1,0,0,0,0,0,0,0,0
126040467,Centralizzato,"Bicocca, Niguarda",Ca' Granda,45.5075,9.1947,10,685,16,1,1,NA,NA,1,0,0,0,0,0,0,0,0
126041969,Centralizzato,"Centrale, Repubblica",Repubblica,45.48,9.2006,10,700,15,1,1,NA,NA,1,0,0,0,0,0,0,0,0
127381525,Autonomo,"San Siro, Trenno",Gallaratese,45.4916,9.1192,10,696,14,1,1,NA,NA,1,0,0,0,0,0,0,0,0
126818877,Autonomo,"Bicocca, Niguarda",Niguarda,45.5164,9.1895,10,642,14,1,1,NA,NA,1,0,0,0,0,0,0,0,0
122478178,Centralizzato,"Porta Vittoria, Lodi",Lodi - Brenta,45.4429,9.215,10,690,8,1,1,NA,NA,1,0,0,0,1,0,0,0,0
126042525,Centralizzato,"Affori, Bovisa",Affori,45.5209,9.1524,10,600,20,1,1,NA,NA,1,0,0,0,0,0,0,0,0
127042521,Autonomo,"Cimiano, Crescenzago, Adriano",Crescenzago,45.5053,9.2404,10,589,9,1,1,NA,NA,1,0,0,0,0,0,0,0,0
126042503,Centralizzato,"Uptown, Cascina Merlata, Viale Certosa",Ghisolfa - Mac Mahon,45.4921,9.1625,10,634,12,1,1,NA,NA,1,0,0,0,0,0,0,0,0
126440117,Autonomo,"Bicocca, Niguarda",Greco - Segnano,45.5075,9.2074,10,632,11,1,1,NA,NA,1,0,0,0,0,0,0,0,0
125390843,Autonomo,"Ripamonti, Vigentino",Vigentino - Fatima,45.4345,9.2048,10,642,10,1,1,NA,NA,1,0,0,0,0,0,0,0,0
127352411,Centralizzato,"Solari, Washington",Dezza,45.4591,9.1594,10,590,19,1,1,NA,NA,1,0,0,0,0,0,0,0,0
123802847,Autonomo,"Città Studi, Susa",Città Studi,45.4858,9.2349,10,600,11,1,1,NA,NA,1,0,0,0,0,0,0,0,0
126511727,Autonomo,"Affori, Bovisa",Affori,45.519,9.1656,10,589,9,1,1,NA,NA,1,0,0,0,0,0,0,0,0
126511737,Autonomo,"San Siro, Trenno",San Siro,45.4766,9.1394,10,589,11,1,1,NA,NA,1,0,0,0,0,0,0,0,0
126041883,Centralizzato,"Centrale, Repubblica",Repubblica,45.48,9.2006,10,620,15,1,1,NA,NA,1,0,0,0,0,0,0,0,0
126511733,Autonomo,"Città Studi, Susa",Città Studi,45.486,9.2323,10,675,11,1,1,NA,NA,1,0,0,0,0,0,0,0,0
127130845,Centralizzato,"Genova, Ticinese",Corso Genova,45.4582,9.1701,10,650,14,1,1,NA,NA,1,0,0,0,0,0,0,0,0
126818879,Autonomo,"San Siro, Trenno",Gallaratese,45.4916,9.1192,10,632,14,1,1,NA,NA,1,0,0,0,0,0,0,0,0
127229197,Centralizzato,"Abbiategrasso, Chiesa Rossa",Pezzotti - Meda,45.4433,9.1765,10,620,18,1,1,NA,NA,1,0,0,0,0,0,0,0,0
126036953,Centralizzato,"Maggiolina, Istria",Maggiolina,45.4958,9.2075,10,700,14,1,1,NA,NA,1,0,0,0,0,0,0,0,0
122556140,Autonomo,"Bisceglie, Baggio, Olmi",Bisceglie,45.4475,9.0988,10,600,15,1,1,NA,NA,1,0,0,0,0,0,0,0,0
125799349,Autonomo,"Bicocca, Niguarda",Bicocca,45.5164,9.2161,10,696,14,1,1,NA,NA,1,0,0,0,0,0,0,0,0
126746327,Centralizzato,"Bisceglie, Baggio, Olmi",Quarto Cagnino,45.4725,9.1114,10,645,11,1,1,NA,NA,1,0,0,0,0,0,0,0,0
126242215,Centralizzato,"Bande Nere, Inganni",Inganni,45.4574,9.121,10,700,20,1,1,NA,NA,1,0,0,0,1,0,0,0,0
126042889,Autonomo,"Centrale, Repubblica",Buenos Aires,45.4842,9.2116,10,609,16,1,1,NA,NA,1,0,0,0,1,0,0,0,0
126042079,Centralizzato,"Affori, Bovisa",Affori,45.5209,9.1524,10,650,25,1,1,NA,NA,1,0,0,0,0,0,0,0,0
122575210,Centralizzato,"Corvetto, Rogoredo",Corvetto,45.4365,9.2263,10,675,25,1,1,NA,NA,1,0,0,0,0,0,0,0,0
126040429,Centralizzato,Navigli,Navigli - Darsena,45.4445,9.1729,10,690,16,1,1,NA,NA,1,0,0,0,0,0,0,0,0
123022157,Centralizzato,Navigli,Bocconi,45.4486,9.1881,10,670,12,1,1,NA,NA,1,0,0,0,0,0,0,0,0
127197731,Centralizzato,Navigli,Navigli - Darsena,45.4445,9.1729,10,600,18,1,1,NA,NA,1,0,0,0,0,0,0,0,0
126242287,Centralizzato,"Centrale, Repubblica",Repubblica,45.4795,9.1997,10,610,16,1,1,NA,NA,1,0,0,0,0,0,0,0,0
126037881,Centralizzato,"Città Studi, Susa",Città Studi,45.4821,9.2367,10,680,14,1,1,NA,NA,1,0,0,0,0,0,0,0,0
126936599,Centralizzato,"Quadronno, Palestro, Guastalla",Quadronno - Crocetta,45.4542,9.1987,10,590,17,1,1,NA,NA,1,0,0,0,0,0,0,0,0
123790983,Autonomo,"Centrale, Repubblica",Buenos Aires,45.4811,9.2114,10,690,16,1,1,NA,NA,1,0,0,0,0,0,0,0,0
127414685,Autonomo,"Centrale, Repubblica",Buenos Aires,45.4836,9.21537,5,675,112,5,2,2,0,0,0,0,0,0,0,0,0,0
126791879,Autonomo,"Bicocca, Niguarda",Niguarda,45.5221,9.1927,10,589,10,1,1,NA,NA,1,0,0,0,0,0,0,0,0
126036945,Centralizzato,"Affori, Bovisa",Dergano,45.5012,9.187,10,700,13,1,1,NA,NA,1,0,0,0,0,0,0,0,0
124565577,Centralizzato,"Centrale, Repubblica",Buenos Aires,45.4839,9.2149,10,690,8,1,1,NA,NA,1,0,0,0,1,0,0,0,0
126041887,Assente,"Maggiolina, Istria",Maggiolina,45.4961,9.2051,10,700,20,1,1,NA,NA,1,0,0,0,0,0,0,0,0
126040477,Centralizzato,"Affori, Bovisa",Bovisa,45.4969,9.1557,10,615,18,1,1,NA,NA,1,0,0,0,0,0,0,0,0
123865663,Centralizzato,"Centrale, Repubblica",Buenos Aires,45.4811,9.2114,10,690,10,1,1,NA,NA,1,0,0,0,0,0,0,0,0
126038097,Centralizzato,"Porta Vittoria, Lodi",Martini - Insubria,45.4509,9.2208,10,690,10,1,1,NA,NA,1,0,0,0,1,0,0,0,0
126040407,Autonomo,"Famagosta, Barona",Famagosta,45.4421,9.1737,10,680,14,1,1,NA,NA,1,0,0,0,0,0,0,0,0
127504762,Assente,"Città Studi, Susa",Città Studi,45.4694,9.22335,7,700,70,3,1,1,0,0,0,0,0,0,0,0,0,0
126041885,Centralizzato,"Centrale, Repubblica",Repubblica,45.48,9.2006,10,600,15,1,1,NA,NA,1,0,0,0,0,0,0,0,0
123790981,Autonomo,"Bande Nere, Inganni",Gambara,45.4621,9.1396,10,690,14,1,1,NA,NA,1,0,0,0,0,0,0,0,0
126041949,Autonomo,"Città Studi, Susa",Città Studi,45.482,9.2202,10,670,9,1,1,NA,NA,1,0,0,0,0,0,0,0,0
126042897,Autonomo,"Centrale, Repubblica",Buenos Aires,45.4842,9.2116,10,609,16,1,1,NA,NA,1,0,0,0,1,0,0,0,0
126037821,Autonomo,"Uptown, Cascina Merlata, Viale Certosa",Certosa,45.4952,9.1496,10,640,12,1,1,NA,NA,1,0,0,0,0,0,0,0,0
125799351,Autonomo,"Udine, Lambrate",Rubattino,45.4777,9.2483,10,642,12,1,1,NA,NA,1,0,0,0,0,0,0,0,0
127459992,Autonomo,"Bicocca, Niguarda",Bicocca,45.5156,9.2142,10,642,9,1,1,NA,NA,1,0,0,0,0,0,0,0,0
126041627,Centralizzato,"Città Studi, Susa",Argonne - Corsica,45.466,9.2271,10,600,13,1,1,NA,NA,1,0,0,0,0,0,0,0,0
126127763,Assente,"Affori, Bovisa",Bovisa,45.4996,9.1687,4,600,100,NA,NA,1,0,0,0,0,1,0,0,1,0,0
127355457,Autonomo,"Abbiategrasso, Chiesa Rossa",Gratosoglio,45.4173,9.17974,29,595,136,6,3,3,0,0,0,0,0,0,0,0,0,0
125990339,Centralizzato,"Maggiolina, Istria",Cascina dei Pomi,45.4919,9.20843,2,700,130,5,2,1,0,0,0,0,1,0,0,0,0,1
127187253,Centralizzato,"Bicocca, Niguarda",Bignami - Ponale,45.5228,9.2088,39,600,103,4,1,4,1,1,1,0,0,0,0,0,0,0
126750475,Assente,"Famagosta, Barona",Famagosta,45.4362,9.15768,22,700,20,1,1,1,1,1,0,0,0,0,0,0,0,0
127057773,Centralizzato,"Bicocca, Niguarda",Bicocca,45.5141,9.21268,4,600,20,3,2,1,0,0,0,1,1,0,1,0,1,0
124895575,Centralizzato,"Maggiolina, Istria",Cascina dei Pomi,45.4925,9.20703,13,600,15,2,1,1,1,1,0,0,0,0,0,0,0,0
127303681,Assente,"Affori, Bovisa",Affori,45.52,9.15435,6,600,88,4,1,2,0,0,0,0,0,0,0,0,0,0
126038515,Centralizzato,"Cenisio, Sarpi, Isola",Isola,45.4881,9.191,9,700,15,1,1,NA,NA,1,0,0,0,1,0,0,0,0
126040483,Autonomo,"Bande Nere, Inganni",Inganni,45.4477,9.1249,9,645,17,1,1,NA,NA,1,0,0,0,0,0,0,0,0
125820329,Centralizzato,Navigli,Navigli - Darsena,45.4468,9.1614,9,650,18,1,1,NA,NA,1,0,0,0,1,0,0,0,0
125820663,Centralizzato,Navigli,Bocconi,45.4486,9.1881,9,670,12,1,1,NA,NA,1,0,0,0,0,0,0,0,0
127541454,Assente,Forlanini,Quartiere Forlanini,45.46,9.24728,6,650,140,5,2,1,0,0,0,0,0,0,0,0,0,0
127541464,Assente,"Bande Nere, Inganni",Primaticcio,45.454,9.13194,6,600,70,3,1,4,0,0,0,0,0,0,0,0,0,0
126035697,Centralizzato,Navigli,Navigli - Darsena,45.4468,9.1614,9,650,18,1,1,NA,NA,1,0,0,0,1,0,0,0,0
123802097,Centralizzato,"Bicocca, Niguarda",Greco - Segnano,45.5082,9.2047,9,650,10,1,1,NA,NA,1,0,0,0,1,0,0,0,0
127303461,Assente,"Bicocca, Niguarda",Bignami - Ponale,45.522,9.20583,11,700,120,6,2,5,0,0,0,0,0,0,0,0,0,0
126037823,Autonomo,"Uptown, Cascina Merlata, Viale Certosa",Certosa,45.4952,9.1496,9,640,12,1,1,NA,NA,1,0,0,0,0,0,0,0,0
125037283,Autonomo,"Centrale, Repubblica",Morgagni,45.4737,9.2149,9,650,13,1,1,NA,NA,1,0,0,0,1,0,0,0,0
126037393,Centralizzato,"Bicocca, Niguarda",Prato Centenaro,45.511,9.1991,9,630,18,1,1,NA,NA,1,0,0,0,0,0,0,0,0
126041987,Centralizzato,"Famagosta, Barona",Cantalupa - San Paolo,45.4268,9.1683,9,650,18,1,1,NA,NA,1,0,0,0,0,0,0,0,0
122575008,Autonomo,"Famagosta, Barona",Barona,45.4421,9.1539,9,645,13,1,1,NA,NA,1,0,0,0,0,0,0,0,0
124198097,Centralizzato,"Affori, Bovisa",Comasina,45.5248,9.1692,9,620,30,1,1,NA,NA,1,0,0,0,0,0,0,0,0
122556086,Centralizzato,"Udine, Lambrate",Udine,45.4872,9.2374,9,630,18,1,1,NA,NA,1,0,0,0,0,0,0,0,0
123790985,Centralizzato,"Città Studi, Susa",Città Studi,45.4802,9.22,9,690,10,1,1,NA,NA,1,0,0,0,1,0,0,0,0
126041907,Autonomo,"Affori, Bovisa",Bovisa,45.5038,9.1653,9,600,9,1,1,NA,NA,1,0,0,0,0,0,0,0,0
126695979,Centralizzato,"Città Studi, Susa",Città Studi,45.4826,9.2266,9,650,13,1,1,NA,NA,1,0,0,0,0,0,0,0,0
125820451,Centralizzato,"Bicocca, Niguarda",Prato Centenaro,45.511,9.1991,9,630,18,1,1,NA,NA,1,0,0,0,0,0,0,0,0
127541434,Assente,"Bicocca, Niguarda",Niguarda,45.5177,9.20003,9,650,54,3,1,1,0,0,0,0,0,0,0,0,0,0
126035635,Autonomo,"Bisceglie, Baggio, Olmi",Baggio,45.461,9.0818,9,650,15,1,1,NA,NA,1,0,0,0,0,0,0,0,0
127384311,Autonomo,"Famagosta, Barona",Famagosta,45.437,9.16054,28,690,58,3,1,2,0,0,0,0,0,0,0,0,0,0
127166651,Centralizzato,"Famagosta, Barona",Famagosta,45.4404,9.175,9,670,15,1,1,NA,NA,1,0,0,0,0,0,0,0,0
126247401,Centralizzato,"Udine, Lambrate",Quartiere Feltre,45.491,9.2454,7,620,18,1,2,9,1,1,1,0,1,0,0,0,0,0
125820331,Centralizzato,Navigli,Navigli - Darsena,45.4468,9.1614,9,650,18,1,1,NA,NA,1,0,0,0,1,0,0,0,0
127326267,Autonomo,"Città Studi, Susa",Città Studi,45.4813,9.21741,17,680,116,5,2,2,1,0,0,0,0,0,0,0,0,0
126042011,Assente,"Maggiolina, Istria",Maggiolina,45.4961,9.2051,9,690,20,1,1,NA,NA,1,0,0,0,0,0,0,0,0
125820381,Centralizzato,"Maggiolina, Istria",Maggiolina,45.4998,9.1973,9,670,22,1,1,NA,NA,1,0,0,0,0,0,0,0,0
127105249,Centralizzato,"Arco della Pace, Arena, Pagano",Arena,45.4783,9.18053,19,600,15,1,3,4,1,1,1,0,0,1,0,0,0,0
118507823,Assente,"Famagosta, Barona",Cantalupa - San Paolo,45.4319,9.1699,9,700,20,3,1,2,0,0,1,0,1,1,1,0,0,0
126547877,Centralizzato,"San Siro, Trenno",Gallaratese,45.4929,9.11101,2,600,100,5,1,1,0,0,1,0,1,0,0,0,0,0
124634433,Centralizzato,"Abbiategrasso, Chiesa Rossa",Chiesa Rossa,45.4325,9.18275,16,600,15,2,1,4,1,1,1,0,0,1,0,0,0,0
115456971,Centralizzato,"Città Studi, Susa",Casoretto,45.4886,9.23319,60,600,155,NA,NA,2,0,1,0,0,0,1,0,0,0,0
124684689,Assente,"Famagosta, Barona",Cantalupa - San Paolo,45.435,9.1733,11,650,25,2,1,0.5,0,0,0,0,0,0,0,0,0,0
126999205,Assente,"Solari, Washington",Dezza,45.4575,9.15608,17,600,30,2,2,0.5,1,0,1,0,0,1,0,0,0,0
127291813,Assente,"Precotto, Turro",Turro,45.5023,9.2213,8,600,16,NA,1,3,0,0,0,0,0,1,0,0,0,0
124767245,Assente,"Uptown, Cascina Merlata, Viale Certosa",Uptown - Mind - Cascina Merlata,45.5124,9.0986,1,650,25,2,2,10,0,0,1,0,1,1,0,1,0,1
124565477,Centralizzato,"Maggiolina, Istria",Maggiolina,45.4998,9.1973,8,650,22,1,1,NA,NA,1,0,0,0,0,0,0,0,0
127646648,Assente,"Famagosta, Barona",Cantalupa - San Paolo,45.4308,9.16089,6,700,107,4,1,2,0,0,0,0,0,0,0,0,0,0
126131439,Centralizzato,"Città Studi, Susa",Argonne - Corsica,45.4675,9.23153,13,590,19,2,2,4,1,1,1,0,0,0,0,0,0,0
123802151,Centralizzato,"Città Studi, Susa",Casoretto,45.4879,9.2223,8,680,20,1,1,NA,NA,1,0,0,0,0,0,0,0,0
126040435,Autonomo,"Famagosta, Barona",Barona,45.4421,9.1539,8,595,13,1,1,NA,NA,1,0,0,0,0,0,0,0,0
123123367,Centralizzato,"Città Studi, Susa",Casoretto,45.4879,9.2223,8,680,20,1,1,NA,NA,1,0,0,0,0,0,0,0,0
126131591,Centralizzato,"Città Studi, Susa",Argonne - Corsica,45.4675,9.23153,14,650,25,1,2,4,1,1,1,0,0,0,0,0,0,0
127274885,Autonomo,"Fiera, Sempione, City Life, Portello",Monte Rosa - Lotto,45.4765,9.15026,8,690,69,4,1,1,0,0,0,0,0,0,0,0,0,0
123928785,Centralizzato,Forlanini,Viale Ungheria - Mecenate,45.4499,9.2464,8,650,20,1,1,NA,NA,1,0,0,0,1,0,0,0,0
127317465,Assente,Navigli,Ascanio Sforza,45.4483,9.17952,6,700,68,3,1,1,0,0,0,0,0,0,0,0,0,0
126834461,Centralizzato,"Città Studi, Susa",Casoretto,45.4874,9.23366,20,650,28,1,1,4,1,1,1,0,0,0,0,1,0,0
126041997,Autonomo,"Affori, Bovisa",Bovisa,45.5038,9.1653,8,640,9,1,1,NA,NA,1,0,0,0,0,0,0,0,0
126042479,Centralizzato,"Quadronno, Palestro, Guastalla",Quadronno - Crocetta,45.4564,9.1949,8,700,18,1,1,NA,NA,1,0,0,0,0,0,0,0,0
126040439,Autonomo,"Famagosta, Barona",Barona,45.4421,9.1539,8,600,13,1,1,NA,NA,1,0,0,0,0,0,0,0,0
121747192,Assente,"Bicocca, Niguarda",Ca' Granda,45.5081,9.1925,10,650,18,2,2,1,0,0,1,0,1,1,0,0,0,0
125832337,Assente,"Solari, Washington",Dezza,45.4577,9.1561,15,620,130,4,2,7,0,0,1,0,1,1,1,0,0,1
127330227,Assente,"Città Studi, Susa",Città Studi,45.485,9.2334,21,600,120,4,1,2,0,0,1,0,1,0,0,0,0,1
126665257,Assente,"Porta Vittoria, Lodi",Bologna - Sulmona,45.4453,9.2245,18,600,84,3,1,2,0,0,1,0,1,0,0,0,0,0
124527795,Assente,"Cimiano, Crescenzago, Adriano",Ponte Nuovo,45.5079,9.2392,15,610,18,4,2,1,0,0,1,0,1,1,1,0,1,1
127223305,Assente,"Maggiolina, Istria",Cascina dei Pomi,45.4948,9.2075,15,600,15,4,2,3,0,0,1,0,1,1,1,1,1,1
127535366,Assente,"Solari, Washington",Solari,45.4568,9.1583,13,600,20,4,2,1,0,0,1,0,1,0,0,0,0,0
126972675,Assente,"Precotto, Turro",Turro,45.4995,9.2246,22,650,130,4,2,6,0,0,0,0,1,1,0,1,0,1
123337497,Assente,Navigli,Navigli - Darsena,45.4476,9.1629,18,600,150,6,3,0,0,0,0,0,1,1,1,0,1,1
116288007,Assente,"Porta Venezia, Indipendenza",Porta Venezia,45.4755,9.2091,25,700,110,4,2,4,0,0,1,0,1,0,1,0,0,0
126032523,Assente,"Città Studi, Susa",Argonne - Corsica,45.4664,9.2324,13,700,90,3,1,3,0,0,1,0,1,1,0,1,0,0
123017435,Centralizzato,"Centrale, Repubblica",Centrale,45.4864,9.2117,22,650,107,4,1,2,0,0,1,0,1,0,1,0,0,1
127254985,Assente,Navigli,Navigli - Darsena,45.4441,9.1732,9,675,74,3,1,4,0,0,1,0,1,0,1,0,0,0
104027519,Assente,"Città Studi, Susa",Città Studi,45.4704,9.2367,21,630,120,5,2,2,0,0,1,0,1,1,0,0,0,1
125017519,Centralizzato,"Abbiategrasso, Chiesa Rossa",Cermenate - Abbiategrasso,45.432,9.1753,31,680,16,3,1,2,0,0,1,0,1,1,0,1,0,1
123014815,Assente,Navigli,Corso San Gottardo,45.4461,9.1863,13,700,90,5,4,-1,0,0,0,0,1,1,0,0,0,1
126068303,Assente,"Città Studi, Susa",Città Studi,45.4831,9.2313,15,600,85,3,2,3,0,0,1,0,1,0,0,0,0,0
127669996,Assente,"Precotto, Turro",Turro,45.5035,9.2196,33,600,120,4,2,6,0,0,1,0,1,1,0,0,0,1
122815356,Assente,"Affori, Bovisa",Bovisa,45.5004,9.1693,17,620,120,5,3,-1,0,0,0,0,1,1,1,0,0,1
102573680,Assente,"San Siro, Trenno",San Siro,45.4745,9.1405,25,600,15,4,1,3,0,0,1,0,1,0,1,0,0,1
114259183,Assente,"Città Studi, Susa",Plebisciti - Susa,45.4661,9.2183,18,700,130,4,2,1,0,0,1,0,1,1,0,1,0,0
126386269,Centralizzato,"Famagosta, Barona",Famagosta,45.4376,9.16298,16,625,14,5,2,4,1,1,0,0,0,1,0,1,0,0
125844915,Centralizzato,"Pasteur, Rovereto",Pasteur,45.4897,9.21366,10,700,21,3,1,4,1,1,0,0,0,1,0,0,0,0
125883367,Assente,"Cenisio, Sarpi, Isola",Isola,45.4875,9.1877,30,650,13,4,1,2,0,0,1,0,1,1,0,0,0,0
127475610,Assente,"Porta Romana, Cadore, Montenero",Porta Romana - Medaglie d'Oro,45.4482,9.1976,42,650,18,4,2,2,0,0,1,0,1,1,0,0,0,1
127317357,Assente,"Bicocca, Niguarda",Bignami - Ponale,45.522,9.20583,12,670,120,6,2,5,0,0,0,0,0,0,0,0,0,0
124684949,Assente,"Famagosta, Barona",Cantalupa - San Paolo,45.435,9.1733,7,650,25,2,1,0.5,0,0,0,0,1,0,1,0,0,0
127326423,Autonomo,"Uptown, Cascina Merlata, Viale Certosa",Certosa,45.4989,9.14104,17,640,15,2,1,1,0,0,0,0,0,0,0,0,0,0
127169341,Autonomo,"Solari, Washington",Dezza,45.4605,9.15893,12,620,175,6,2,3,0,0,0,0,0,0,0,0,0,0
127504406,Autonomo,"Uptown, Cascina Merlata, Viale Certosa",Certosa,45.4936,9.1478,14,620,15,3,1,1,0,0,0,0,0,0,0,0,0,0
127541432,Assente,"Uptown, Cascina Merlata, Viale Certosa",Ghisolfa - Mac Mahon,45.4919,9.15756,17,650,65,3,1,1,0,0,0,0,0,0,0,0,0,0
127569766,Autonomo,"Affori, Bovisa",Dergano,45.5079,9.17857,21,610,15,3,2,3,0,0,0,0,0,0,0,0,0,0
126065777,Assente,"Affori, Bovisa",Bovisa,45.4999,9.1685,15,600,20,3,1,4,0,0,1,0,1,0,0,0,0,0
127490372,Autonomo,"Solari, Washington",Dezza,45.4605,9.15893,12,620,175,6,2,3,0,0,0,0,0,0,0,0,0,0
127274857,Autonomo,"Maggiolina, Istria",Cascina dei Pomi,45.4953,9.20834,14,620,15,2,1,1,0,0,0,0,0,0,0,0,0,0
127313471,Autonomo,"Famagosta, Barona",Cantalupa - San Paolo,45.4315,9.16951,7,650,15,4,2,2,0,0,1,1,1,0,0,0,1,1
126040029,Autonomo,"Pasteur, Rovereto",Pasteur,45.4884,9.2119,10,600,15,1,1,NA,NA,1,0,0,0,0,0,0,0,0
126041423,Centralizzato,"Bande Nere, Inganni",Lorenteggio,45.4528,9.1394,10,685,11,1,1,NA,NA,1,0,0,0,0,0,0,0,0
126379167,Centralizzato,"Cimiano, Crescenzago, Adriano",Quartiere Adriano,45.5133,9.2389,10,700,11,1,1,NA,NA,1,0,0,0,0,0,0,0,0
119817048,Centralizzato,"Abbiategrasso, Chiesa Rossa",Gratosoglio,45.4163,9.1742,10,690,15,1,1,NA,NA,1,0,0,0,1,0,0,0,0
125820661,Centralizzato,Navigli,Bocconi,45.4487,9.1879,7,670,12,1,1,NA,NA,1,0,0,0,0,0,0,0,0
125391303,Centralizzato,"San Siro, Trenno",San Siro,45.4695,9.1454,10,620,13,1,1,NA,NA,1,0,0,0,0,0,0,0,0
127381557,Centralizzato,"Bande Nere, Inganni",Bande Nere,45.4601,9.1321,10,685,13,1,1,NA,NA,1,0,0,0,0,0,0,0,0
126035673,Centralizzato,"Abbiategrasso, Chiesa Rossa",Gratosoglio,45.4163,9.1742,10,690,11,1,1,NA,NA,1,0,0,0,1,0,0,0,0
127118713,Centralizzato,"Bande Nere, Inganni",Lorenteggio,45.4528,9.1394,10,685,17,1,1,NA,NA,1,0,0,0,0,0,0,0,0
126035663,Centralizzato,"Abbiategrasso, Chiesa Rossa",Gratosoglio,45.4163,9.1742,10,690,17,1,1,NA,NA,1,0,0,0,1,0,0,0,0
127412041,Centralizzato,"Cenisio, Sarpi, Isola",Paolo Sarpi,45.4803,9.1805,10,645,14,1,1,NA,NA,1,0,0,0,0,0,0,0,0
126041395,Centralizzato,"Bande Nere, Inganni",Lorenteggio,45.4528,9.1394,10,685,11,1,1,NA,NA,1,0,0,0,0,0,0,0,0
126552349,Centralizzato,"Bande Nere, Inganni",Bande Nere,45.4566,9.1396,10,655,11,1,1,NA,NA,1,0,0,0,0,0,0,0,0
126726145,Centralizzato,"Bande Nere, Inganni",Bande Nere,45.4566,9.1396,10,615,14,1,1,NA,NA,1,0,0,0,0,0,0,0,0
126037951,Centralizzato,"Cenisio, Sarpi, Isola",Isola,45.4893,9.196,10,640,12,1,1,NA,NA,1,0,0,0,1,0,0,0,0
127412043,Centralizzato,"Famagosta, Barona",Giambellino,45.4501,9.1408,10,655,17,1,1,NA,NA,1,0,0,0,0,0,0,0,0
126041315,Centralizzato,"Bande Nere, Inganni",Lorenteggio,45.4528,9.1394,10,685,11,1,1,NA,NA,1,0,0,0,0,0,0,0,0
127130829,Centralizzato,"Bande Nere, Inganni",Lorenteggio,45.4528,9.1394,10,690,9,1,1,NA,NA,1,0,0,0,0,0,0,0,0
125953377,Centralizzato,"San Siro, Trenno",San Siro,45.4719,9.1255,10,680,12,1,1,NA,NA,1,0,0,0,0,0,0,0,0
126167009,Autonomo,"San Siro, Trenno",Gallaratese,45.4973,9.1222,10,696,12,1,1,NA,NA,1,0,0,0,0,0,0,0,0
125532079,Centralizzato,"Bande Nere, Inganni",Lorenteggio,45.4535,9.1379,10,600,9,1,1,NA,NA,1,0,0,0,0,0,0,0,0
126041257,Centralizzato,"Bande Nere, Inganni",Lorenteggio,45.4528,9.1394,10,590,11,1,1,NA,NA,1,0,0,0,0,0,0,0,0
126041239,Centralizzato,"Bande Nere, Inganni",Gambara,45.4656,9.1396,10,695,17,1,1,NA,NA,1,0,0,0,0,0,0,0,0
127010015,Autonomo,"Affori, Bovisa",Affori,45.518,9.1733,10,600,11,1,1,NA,NA,1,0,0,0,0,0,0,0,0
126041407,Centralizzato,"Bande Nere, Inganni",Lorenteggio,45.4535,9.1379,10,685,24,1,1,NA,NA,1,0,0,0,1,0,0,0,0
126041211,Centralizzato,"Porta Vittoria, Lodi",Lodi - Brenta,45.4428,9.2136,10,625,17,1,1,NA,NA,1,0,0,0,0,0,0,0,0
125820619,Assente,"Bande Nere, Inganni",Lorenteggio,45.4539,9.1401,10,685,9,1,1,NA,NA,1,0,0,0,0,0,0,0,0
126037865,Centralizzato,"Città Studi, Susa",Città Studi,45.4821,9.2367,10,690,16,1,1,NA,NA,1,0,0,0,0,0,0,0,0
126791917,Assente,"Uptown, Cascina Merlata, Viale Certosa",Certosa,45.4988,9.1411,10,595,16,1,1,NA,NA,1,0,0,0,0,0,0,0,0
126041223,Centralizzato,"Bande Nere, Inganni",Bande Nere,45.4601,9.1321,10,655,13,1,1,NA,NA,1,0,0,0,0,0,0,0,0
126041225,Centralizzato,"Porta Vittoria, Lodi",Molise - Cuoco,45.4562,9.224,10,665,17,1,1,NA,NA,1,0,0,0,0,0,0,0,0
126041255,Centralizzato,"Centrale, Repubblica",Centrale,45.4913,9.205,10,685,8,1,1,NA,NA,1,0,0,0,0,0,0,0,0
125391745,Centralizzato,"Solari, Washington",Frua,45.4649,9.1498,10,615,16,1,1,NA,NA,1,0,0,0,0,0,0,0,0
125391829,Centralizzato,Navigli,Ascanio Sforza,45.4521,9.1801,10,630,14,1,1,NA,NA,1,0,0,0,0,0,0,0,0
125320129,Centralizzato,"Bande Nere, Inganni",Lorenteggio,45.4551,9.1403,10,630,14,1,1,NA,NA,1,0,0,0,0,0,0,0,0
127412027,Centralizzato,"Fiera, Sempione, City Life, Portello",Monte Rosa - Lotto,45.4815,9.1454,10,685,16,1,1,NA,NA,1,0,0,0,0,0,0,0,0
127169337,Autonomo,"Bande Nere, Inganni",Bande Nere,45.4597,9.13124,7,675,171,6,3,3,0,0,0,0,0,0,0,0,0,0
125392129,Centralizzato,"Porta Romana, Cadore, Montenero",Porta Romana - Medaglie d'Oro,45.4548,9.2031,10,680,14,1,1,NA,NA,1,0,0,0,0,0,0,0,0
127130821,Centralizzato,"Bande Nere, Inganni",Lorenteggio,45.4528,9.1394,10,700,11,1,1,NA,NA,1,0,0,0,0,0,0,0,0
125391111,Centralizzato,"Bande Nere, Inganni",Bande Nere,45.4592,9.1319,10,675,12,1,1,NA,NA,1,0,0,0,0,0,0,0,0
126041343,Centralizzato,"Bande Nere, Inganni",Lorenteggio,45.4535,9.1379,10,635,11,1,1,NA,NA,1,0,0,0,1,0,0,0,0
126600555,Centralizzato,"Cenisio, Sarpi, Isola",Isola,45.4904,9.1995,10,615,12,1,1,NA,NA,1,0,0,0,0,0,0,0,0
123022147,Centralizzato,Navigli,Bocconi,45.4486,9.1881,7,670,12,1,1,NA,NA,1,0,0,0,0,0,0,0,0
127490328,Autonomo,"Bande Nere, Inganni",Bande Nere,45.4597,9.13124,7,700,171,6,3,3,0,0,0,0,0,0,0,0,0,0
125391881,Centralizzato,"Pasteur, Rovereto",Pasteur,45.4874,9.2137,10,595,18,1,1,NA,NA,1,0,0,0,0,0,0,0,0
125391495,Centralizzato,Navigli,Corso San Gottardo,45.4443,9.1824,10,625,9,1,1,NA,NA,1,0,0,0,0,0,0,0,0
126552363,Centralizzato,"Bande Nere, Inganni",Bande Nere,45.4566,9.1396,10,670,9,1,1,NA,NA,1,0,0,0,0,0,0,0,0
125391771,Centralizzato,"Bande Nere, Inganni",Lorenteggio,45.4528,9.1394,10,690,9,1,1,NA,NA,1,0,0,0,0,0,0,0,0
127197705,Centralizzato,"Bande Nere, Inganni",Gambara,45.4656,9.1396,10,670,9,1,1,NA,NA,1,0,0,0,0,0,0,0,0
125598983,Centralizzato,"Bande Nere, Inganni",Lorenteggio,45.4535,9.1379,10,700,14,1,1,NA,NA,1,0,0,0,0,0,0,0,0
127130837,Centralizzato,"Bande Nere, Inganni",Lorenteggio,45.4528,9.1394,10,685,11,1,1,NA,NA,1,0,0,0,0,0,0,0,0
125391911,Centralizzato,"Bande Nere, Inganni",Lorenteggio,45.4528,9.1394,10,700,11,1,1,NA,NA,1,0,0,0,0,0,0,0,0
123802597,Autonomo,"Pasteur, Rovereto",Pasteur,45.4884,9.2119,10,600,15,1,1,NA,NA,1,0,0,0,0,0,0,0,0
125846945,Centralizzato,"Bande Nere, Inganni",Gambara,45.462,9.1447,10,590,11,1,1,NA,NA,1,0,0,0,0,0,0,0,0
125846901,Centralizzato,Centro,Missori,45.458,9.1912,10,620,15,1,1,NA,NA,1,0,0,0,0,0,0,0,0
125846823,Centralizzato,"Solari, Washington",Frua,45.4649,9.1498,10,660,10,1,1,NA,NA,1,0,0,0,0,0,0,0,0
123802153,Centralizzato,"Città Studi, Susa",Casoretto,45.4879,9.2223,7,680,20,1,1,NA,NA,1,0,0,0,0,0,0,0,0
124565647,Autonomo,"Pasteur, Rovereto",Pasteur,45.4899,9.2127,10,600,13,1,1,NA,NA,1,0,0,0,0,0,0,0,0
126242209,Centralizzato,"Corvetto, Rogoredo",Corvetto,45.4391,9.2264,7,700,15,1,1,NA,NA,1,0,0,0,0,0,0,0,0
126037949,Centralizzato,"Cenisio, Sarpi, Isola",Isola,45.4893,9.196,10,640,12,1,1,NA,NA,1,0,0,0,1,0,0,0,0
127460288,Centralizzato,"Bande Nere, Inganni",Lorenteggio,45.4528,9.1394,10,665,11,1,1,NA,NA,1,0,0,0,0,0,0,0,0
127130825,Centralizzato,"Bande Nere, Inganni",Bande Nere,45.4564,9.1317,10,690,14,1,1,NA,NA,1,0,0,0,0,0,0,0,0
126041213,Centralizzato,"Solari, Washington",Washington,45.4623,9.1533,10,695,14,1,1,NA,NA,1,0,0,0,0,0,0,0,0
127460276,Assente,"Bande Nere, Inganni",Lorenteggio,45.4528,9.1394,10,695,12,1,1,NA,NA,1,0,0,0,0,0,0,0,0
126891297,Centralizzato,"Genova, Ticinese",San Vittore,45.4587,9.1691,10,650,11,1,1,NA,NA,1,0,0,0,0,0,0,0,0
126936503,Autonomo,"Fiera, Sempione, City Life, Portello",Monte Rosa - Lotto,45.4752,9.145,10,590,13,1,1,NA,NA,1,0,0,0,0,0,0,0,0
126036855,Centralizzato,"Famagosta, Barona",Barona,45.4414,9.1583,10,625,22,1,1,NA,NA,1,0,0,0,1,0,0,0,0
126040487,Centralizzato,"Uptown, Cascina Merlata, Viale Certosa",Certosa,45.4972,9.1533,10,630,14,1,1,NA,NA,1,0,0,0,0,0,0,0,0
125391939,Centralizzato,"Solari, Washington",Frua,45.4649,9.1498,10,605,10,1,1,NA,NA,1,0,0,0,0,0,0,0,0
126040025,Autonomo,"Pasteur, Rovereto",Pasteur,45.4884,9.2119,10,600,15,1,1,NA,NA,1,0,0,0,0,0,0,0,0
126791915,Assente,"Uptown, Cascina Merlata, Viale Certosa",Certosa,45.4988,9.1411,10,595,14,1,1,NA,NA,1,0,0,0,0,0,0,0,0
126041421,Centralizzato,"Bande Nere, Inganni",Lorenteggio,45.4528,9.1394,10,670,9,1,1,NA,NA,1,0,0,0,0,0,0,0,0
127010009,Centralizzato,"Solari, Washington",Frua,45.4649,9.1498,10,610,18,1,1,NA,NA,1,0,0,0,0,0,0,0,0
127301279,Centralizzato,"Bande Nere, Inganni",Gambara,45.462,9.1447,10,680,17,1,1,NA,NA,1,0,0,0,0,0,0,0,0
123123837,Centralizzato,"Affori, Bovisa",Affori,45.5209,9.1532,7,600,19,1,1,NA,NA,1,0,0,0,0,0,0,0,0
127460250,Centralizzato,"Bande Nere, Inganni",Lorenteggio,45.4528,9.1394,10,640,9,1,1,NA,NA,1,0,0,0,0,0,0,0,0
127009991,Centralizzato,"Porta Vittoria, Lodi",Lodi - Brenta,45.4428,9.2136,10,695,14,1,1,NA,NA,1,0,0,0,0,0,0,0,0
127460342,Centralizzato,"Bande Nere, Inganni",Bande Nere,45.4566,9.1396,10,595,9,1,1,NA,NA,1,0,0,0,0,0,0,0,0
126041271,Centralizzato,"Bande Nere, Inganni",Lorenteggio,45.4528,9.1394,10,635,9,1,1,NA,NA,1,0,0,0,0,0,0,0,0
126041487,Centralizzato,"Abbiategrasso, Chiesa Rossa",Cermenate - Abbiategrasso,45.4328,9.1808,7,600,11,1,1,NA,NA,1,0,0,0,0,0,0,0,0
125392253,Centralizzato,"Porta Venezia, Indipendenza",Indipendenza,45.4729,9.2147,10,615,17,1,1,NA,NA,1,0,0,0,0,0,0,0,0
125532075,Centralizzato,"Bande Nere, Inganni",Gambara,45.462,9.1447,10,660,16,1,1,NA,NA,1,0,0,0,0,0,0,0,0
125846855,Centralizzato,"Solari, Washington",Frua,45.4649,9.1498,10,610,17,1,1,NA,NA,1,0,0,0,0,0,0,0,0
126726109,Centralizzato,"Bande Nere, Inganni",Gambara,45.462,9.1447,10,640,11,1,1,NA,NA,1,0,0,0,0,0,0,0,0
125846839,Centralizzato,"Bande Nere, Inganni",Lorenteggio,45.4528,9.1394,10,635,12,1,1,NA,NA,1,0,0,0,0,0,0,0,0
126936511,Assente,"Uptown, Cascina Merlata, Viale Certosa",Ghisolfa - Mac Mahon,45.49,9.1514,10,685,10,1,1,NA,NA,1,0,0,0,0,0,0,0,0
127460238,Centralizzato,"Bande Nere, Inganni",Lorenteggio,45.4528,9.1394,10,665,12,1,1,NA,NA,1,0,0,0,0,0,0,0,0
127513798,Autonomo,"Bande Nere, Inganni",Bande Nere,45.4597,9.13124,7,675,171,6,3,3,0,0,0,0,0,0,0,0,0,0
126040073,Autonomo,"Pasteur, Rovereto",Pasteur,45.4899,9.2127,10,600,13,1,1,NA,NA,1,0,0,0,0,0,0,0,0
125586459,Centralizzato,"Uptown, Cascina Merlata, Viale Certosa",Certosa,45.4988,9.1411,10,695,12,1,1,NA,NA,1,0,0,0,0,0,0,0,0
127460110,Centralizzato,"Napoli, Soderini",Piazza Napoli,45.4539,9.1494,10,700,10,1,1,NA,NA,1,0,0,0,0,0,0,0,0
127229139,Centralizzato,"Bande Nere, Inganni",Lorenteggio,45.4528,9.1394,10,625,13,1,1,NA,NA,1,0,0,0,0,0,0,0,0
126037945,Centralizzato,"Cenisio, Sarpi, Isola",Isola,45.4893,9.196,10,690,12,1,1,NA,NA,1,0,0,0,0,0,0,0,0
126367631,Centralizzato,"Bande Nere, Inganni",Lorenteggio,45.4528,9.1394,10,655,11,1,1,NA,NA,1,0,0,0,0,0,0,0,0
126037947,Centralizzato,"Cenisio, Sarpi, Isola",Isola,45.4893,9.196,10,640,12,1,1,NA,NA,1,0,0,0,1,0,0,0,0
127460228,Centralizzato,"Bande Nere, Inganni",Lorenteggio,45.4528,9.1394,10,620,12,1,1,NA,NA,1,0,0,0,0,0,0,0,0
126037943,Centralizzato,"Porta Vittoria, Lodi",Martini - Insubria,45.4518,9.2226,10,700,12,1,1,NA,NA,1,0,0,0,1,0,0,0,0
126040071,Autonomo,"Pasteur, Rovereto",Pasteur,45.4899,9.2127,10,700,13,1,1,NA,NA,1,0,0,0,0,0,0,0,0
126041233,Centralizzato,"Bande Nere, Inganni",Bande Nere,45.4601,9.1321,10,685,14,1,1,NA,NA,1,0,0,0,0,0,0,0,0
122943286,Autonomo,"Pasteur, Rovereto",Pasteur,45.4899,9.2127,10,600,13,1,1,NA,NA,1,0,0,0,0,0,0,0,0
126037939,Centralizzato,"Porta Vittoria, Lodi",Martini - Insubria,45.4518,9.2226,10,700,12,1,1,NA,NA,1,0,0,0,1,0,0,0,0
126848787,Centralizzato,"Bande Nere, Inganni",Lorenteggio,45.4528,9.1394,10,690,9,1,1,NA,NA,1,0,0,0,0,0,0,0,0
126552351,Centralizzato,"Bande Nere, Inganni",Bande Nere,45.4566,9.1396,10,630,11,1,1,NA,NA,1,0,0,0,0,0,0,0,0
127010005,Centralizzato,"Bande Nere, Inganni",Bande Nere,45.4601,9.1321,10,655,9,1,1,NA,NA,1,0,0,0,0,0,0,0,0
125391943,Centralizzato,"Bande Nere, Inganni",Lorenteggio,45.452,9.1377,10,600,11,1,1,NA,NA,1,0,0,0,0,0,0,0,0
127130813,Centralizzato,"Solari, Washington",Vercelli - Wagner,45.4648,9.1621,10,610,14,1,1,NA,NA,1,0,0,0,0,0,0,0,0
125390931,Centralizzato,"Corvetto, Rogoredo",Corvetto,45.4391,9.2117,10,620,18,1,1,NA,NA,1,0,0,0,0,0,0,0,0
125390887,Centralizzato,"Bande Nere, Inganni",Bande Nere,45.4622,9.1349,10,635,14,1,1,NA,NA,1,0,0,0,0,0,0,0,0
126037723,Centralizzato,"Città Studi, Susa",Città Studi,45.4848,9.2227,7,680,20,1,1,NA,NA,1,0,0,0,0,0,0,0,0
125392099,Centralizzato,"Solari, Washington",Frua,45.4649,9.1498,10,610,15,1,1,NA,NA,1,0,0,0,0,0,0,0,0
126041397,Centralizzato,"Bande Nere, Inganni",Lorenteggio,45.4535,9.1379,10,690,11,1,1,NA,NA,1,0,0,0,0,0,0,0,0
126041353,Centralizzato,"Bande Nere, Inganni",Lorenteggio,45.4535,9.1379,10,590,12,1,1,NA,NA,1,0,0,0,0,0,0,0,0
126891287,Centralizzato,"Bande Nere, Inganni",Lorenteggio,45.4528,9.1394,10,700,17,1,1,NA,NA,1,0,0,0,0,0,0,0,0
126040075,Autonomo,"Pasteur, Rovereto",Pasteur,45.4899,9.2127,10,600,13,1,1,NA,NA,1,0,0,0,0,0,0,0,0
127460220,Centralizzato,"Bande Nere, Inganni",Lorenteggio,45.4535,9.1379,10,660,11,1,1,NA,NA,1,0,0,0,0,0,0,0,0
126041461,Centralizzato,"Abbiategrasso, Chiesa Rossa",Cermenate - Abbiategrasso,45.4328,9.1808,7,600,14,1,1,NA,NA,1,0,0,0,0,0,0,0,0
126936493,Autonomo,"Fiera, Sempione, City Life, Portello",Monte Rosa - Lotto,45.4752,9.145,10,590,19,1,1,NA,NA,1,0,0,0,0,0,0,0,0
126041227,Centralizzato,"San Siro, Trenno",San Siro,45.4719,9.1255,10,660,14,1,1,NA,NA,1,0,0,0,0,0,0,0,0
125718081,Autonomo,"Affori, Bovisa",Bovisasca,45.5175,9.15515,16,690,100,3,2,1,0,0,0,0,1,0,0,0,0,1
126570363,Autonomo,"Ripamonti, Vigentino",Ripamonti - Fondazione Prada,45.4413,9.19221,31,680,18,5,2,0.5,0,1,0,0,0,0,0,0,0,0
127274991,Assente,"Città Studi, Susa",Città Studi,45.4847,9.22274,11,680,300,6,2,1,0,0,0,0,0,0,0,0,0,0
126814999,Centralizzato,"Abbiategrasso, Chiesa Rossa",Cermenate - Abbiategrasso,45.4362,9.17968,7,600,65,3,1,1,1,1,1,0,0,0,0,0,0,0
127317351,Assente,"Città Studi, Susa",Città Studi,45.4847,9.22274,11,680,300,6,2,1,0,0,0,0,0,0,0,0,0,0
127355789,Assente,"Città Studi, Susa",Città Studi,45.4847,9.22274,9,680,300,6,2,1,0,0,0,0,0,0,0,0,0,0
126568813,Autonomo,"Ripamonti, Vigentino",Ripamonti - Fondazione Prada,45.4413,9.19221,30,700,22,5,2,0.5,0,1,0,0,0,0,0,0,0,0
127483486,Centralizzato,"Porta Venezia, Indipendenza",Indipendenza,45.4628,9.21672,16,700,15,2,1,1,1,1,0,0,0,1,0,0,0,0
127384367,Autonomo,"Città Studi, Susa",Città Studi,45.4813,9.21732,6,590,86,4,1,3,1,0,0,0,0,0,0,0,0,0
127419511,Centralizzato,"Bicocca, Niguarda",Bignami - Ponale,45.5253,9.20832,14,650,15,3,2,4,1,0,0,0,0,0,0,0,0,0
126570281,Autonomo,"Ripamonti, Vigentino",Ripamonti - Fondazione Prada,45.4413,9.19221,34,670,17,5,2,0.5,0,1,0,0,0,0,0,0,0,0
127142801,Centralizzato,"San Siro, Trenno",Gallaratese,45.4923,9.12188,45,700,90,2,2,NA,NA,0,0,0,0,1,0,0,0,0
127460112,Centralizzato,"Bande Nere, Inganni",Bande Nere,45.4622,9.1349,9,690,14,1,1,NA,NA,1,0,0,0,0,0,0,0,0
126037875,Centralizzato,"Bande Nere, Inganni",Lorenteggio,45.4551,9.1403,9,640,16,1,1,NA,NA,1,0,0,0,0,0,0,0,0
126042367,Centralizzato,"Fiera, Sempione, City Life, Portello",Monte Rosa - Lotto,45.4823,9.1486,6,600,16,1,1,NA,NA,1,0,0,0,0,0,0,0,0
126041683,Centralizzato,Navigli,Bocconi,45.4487,9.1879,6,670,15,1,1,NA,NA,1,0,0,0,0,0,0,0,0
126582073,Centralizzato,"Ripamonti, Vigentino",Ripamonti - Fondazione Prada,45.4413,9.19221,21,650,25,1,1,1,0,1,0,0,0,0,0,0,0,0
125820655,Centralizzato,Navigli,Bocconi,45.4487,9.1879,6,670,15,1,1,NA,NA,1,0,0,0,0,0,0,0,0
127381551,Centralizzato,"Arco della Pace, Arena, Pagano",Vincenzo Monti,45.4711,9.169,9,620,15,1,1,NA,NA,1,0,0,0,0,0,0,0,0
126552369,Centralizzato,"Bande Nere, Inganni",Bande Nere,45.4566,9.1396,9,690,8,1,1,NA,NA,1,0,0,0,0,0,0,0,0
120555246,Autonomo,"Città Studi, Susa",Città Studi,45.4822,9.2204,6,690,9,1,1,NA,NA,1,0,0,0,0,0,0,0,0
125982031,Centralizzato,"Fiera, Sempione, City Life, Portello",Monte Rosa - Lotto,45.4831,9.1434,9,625,16,1,1,NA,NA,1,0,0,0,0,0,0,0,0
124322601,Centralizzato,"Udine, Lambrate",Udine,45.4923,9.2332,6,695,9,1,1,NA,NA,1,0,0,0,1,0,0,0,0
126584129,Centralizzato,"Ripamonti, Vigentino",Ripamonti - Fondazione Prada,45.4413,9.19221,20,590,16,1,1,0,0,1,0,0,0,0,0,0,0,0
126037721,Autonomo,"Città Studi, Susa",Città Studi,45.4848,9.2227,6,680,15,1,1,NA,NA,1,0,0,0,0,0,0,0,0
126600569,Centralizzato,"Bande Nere, Inganni",Lorenteggio,45.4535,9.1379,9,600,11,1,1,NA,NA,1,0,0,0,0,0,0,0,0
126037959,Centralizzato,"Città Studi, Susa",Città Studi,45.4821,9.2367,9,680,16,1,1,NA,NA,1,0,0,0,0,0,0,0,0
127647018,Autonomo,"Città Studi, Susa",Plebisciti - Susa,45.4659,9.2176,6,665,130,6,2,1,0,0,0,0,0,0,0,0,0,0
127317533,Assente,"Pasteur, Rovereto",Pasteur,45.4909,9.21135,14,660,130,6,2,3,0,0,0,0,0,0,0,0,0,0
127646796,Autonomo,"Città Studi, Susa",Plebisciti - Susa,45.4659,9.2176,6,665,130,6,2,1,0,0,0,0,0,0,0,0,0,0
127490438,Assente,"Pasteur, Rovereto",Pasteur,45.4909,9.21135,16,660,130,6,2,3,0,0,0,0,0,0,0,0,0,0
125820605,Centralizzato,"Bande Nere, Inganni",Primaticcio,45.4558,9.1279,8,690,12,1,1,NA,NA,1,0,0,0,0,0,0,0,0
125320131,Centralizzato,"Bande Nere, Inganni",Lorenteggio,45.4551,9.1403,8,600,13,1,1,NA,NA,1,0,0,0,0,0,0,0,0
121328646,Centralizzato,"Affori, Bovisa",Comasina,45.5269,9.166,5,700,20,1,1,NA,NA,0,0,0,0,0,0,0,0,0
126035761,Centralizzato,"Città Studi, Susa",Città Studi,45.4834,9.2282,5,600,15,1,1,NA,NA,1,0,0,0,0,0,0,0,0
126037787,Autonomo,"Cimiano, Crescenzago, Adriano",Crescenzago,45.502,9.2463,5,620,15,1,1,NA,NA,1,0,0,0,0,0,0,0,0
126495809,Assente,"Cimiano, Crescenzago, Adriano",Cimiano,45.4978,9.2361,1,600,28,2,1,1,0,0,1,0,1,1,1,0,0,1
126042101,Autonomo,"Città Studi, Susa",Città Studi,45.4858,9.2349,5,700,15,1,1,NA,NA,1,0,0,0,0,0,0,0,0
126037801,Autonomo,"Bicocca, Niguarda",Bicocca,45.5163,9.2089,5,620,18,1,1,NA,NA,1,0,0,0,0,0,0,0,0
127347517,Assente,"Bande Nere, Inganni",Bande Nere,45.4614,9.1375,1,670,23,1,1,4,0,0,1,0,1,1,1,1,1,1
126037879,Centralizzato,"Bande Nere, Inganni",Lorenteggio,45.4551,9.1403,8,640,14,1,1,NA,NA,1,0,0,0,0,0,0,0,0
126037877,Centralizzato,"Bande Nere, Inganni",Lorenteggio,45.4551,9.1403,8,640,16,1,1,NA,NA,1,0,0,0,0,0,0,0,0
126037805,Autonomo,"Uptown, Cascina Merlata, Viale Certosa",Certosa,45.4969,9.1492,5,690,12,1,1,NA,NA,1,0,0,0,0,0,0,0,0
126041641,Centralizzato,"Pasteur, Rovereto",Pasteur,45.4923,9.2187,5,600,14,1,1,NA,NA,1,0,0,0,1,0,0,0,0
126037813,Autonomo,"Uptown, Cascina Merlata, Viale Certosa",Certosa,45.4969,9.1492,5,590,12,1,1,NA,NA,1,0,0,0,0,0,0,0,0
127303705,Assente,"Città Studi, Susa",Città Studi,45.4847,9.22274,7,680,300,6,2,1,0,0,0,0,0,0,0,0,0,0
119733896,Assente,"Famagosta, Barona",Famagosta,45.4371,9.1614,12,650,NA,1,1,1,0,0,1,0,1,0,1,0,1,1
127569986,Assente,"Porta Vittoria, Lodi",Porta Vittoria,45.4623,9.2333,6,650,75,3,1,1,0,0,0,0,0,0,0,0,0,0
126496321,Assente,"Porta Vittoria, Lodi",Lodi - Brenta,45.4524,9.2146,10,700,90,3,2,1,0,0,1,0,1,1,0,0,0,1
127570238,Assente,"Città Studi, Susa",Città Studi,45.4847,9.22274,7,680,20,6,3,1,0,0,0,0,0,0,0,0,0,0
125681655,Assente,"Udine, Lambrate",Quartiere Feltre,45.4889,9.2476,18,700,15,1,1,1,1,1,1,0,0,1,0,0,0,0
127355901,Assente,"Uptown, Cascina Merlata, Viale Certosa",Certosa,45.497,9.15361,7,680,70,3,1,2,0,0,0,0,0,0,0,0,0,0
127118711,Centralizzato,"Maggiolina, Istria",Cascina dei Pomi,45.4924,9.2078,7,650,10,1,1,NA,NA,1,0,0,0,0,0,0,0,0
125390951,Centralizzato,"San Siro, Trenno",San Siro,45.4719,9.1255,7,695,10,1,1,NA,NA,1,0,0,0,0,0,0,0,0
126791909,Centralizzato,"Maggiolina, Istria",Cascina dei Pomi,45.4924,9.2078,7,640,21,1,1,NA,NA,1,0,0,0,0,0,0,0,0
127138781,Centralizzato,"Maggiolina, Istria",Cascina dei Pomi,45.4924,9.2078,7,670,20,1,1,NA,NA,1,0,0,0,0,0,0,0,0
126041217,Centralizzato,"Maggiolina, Istria",Cascina dei Pomi,45.4924,9.2078,7,680,19,1,1,NA,NA,1,0,0,0,0,0,0,0,0
125392387,Centralizzato,"Uptown, Cascina Merlata, Viale Certosa",Certosa,45.4988,9.1411,7,610,15,1,1,NA,NA,1,0,0,0,0,0,0,0,0
125846659,Centralizzato,"San Siro, Trenno",San Siro,45.4773,9.1412,7,620,9,1,1,NA,NA,1,0,0,0,0,0,0,0,0
127191055,Assente,"Ponte Lambro, Santa Giulia",Santa Giulia,45.4318,9.2425,10,600,100,3,NA,3,0,0,0,0,0,1,0,0,0,0
126260941,Assente,"Fiera, Sempione, City Life, Portello",Monte Rosa - Lotto,45.4735,9.1479,2,680,150,5,3,0.5,0,0,0,0,0,0,0,0,0,1
124142161,Centralizzato,"Bande Nere, Inganni",Primaticcio,45.4562,9.1282,4,600,18,1,1,NA,NA,1,0,0,0,0,0,0,0,0
122519254,Centralizzato,"Bande Nere, Inganni",Lorenteggio,45.4539,9.1401,4,700,10,1,1,NA,NA,1,0,0,0,0,0,0,0,0
127130823,Centralizzato,"Bisceglie, Baggio, Olmi",Baggio,45.4597,9.105,6,605,11,1,1,NA,NA,1,0,0,0,0,0,0,0,0
125773327,Centralizzato,"Maggiolina, Istria",Maggiolina,45.496,9.2054,6,635,11,1,1,NA,NA,1,0,0,0,0,0,0,0,0
127516170,Autonomo,"Porta Venezia, Indipendenza",Porta Venezia,45.4759,9.20297,23,700,18,1,2,NA,NA,0,0,0,0,1,0,0,0,0
121912658,Assente,"Città Studi, Susa",Città Studi,45.4818,9.2327,12,600,20,NA,1,1,0,0,1,0,0,0,0,0,0,0
127220765,Centralizzato,"Famagosta, Barona",Famagosta,45.437,9.16026,17,690,22,1,1,0,0,0,0,0,1,0,0,0,0,0
126042999,Autonomo,"Bisceglie, Baggio, Olmi",Quarto Cagnino,45.4721,9.1115,5,650,10,1,1,NA,NA,1,0,0,0,0,0,0,0,0
125391627,Centralizzato,"Centrale, Repubblica",Buenos Aires,45.4789,9.2032,5,595,12,1,1,NA,NA,1,0,0,0,0,0,0,0,0
127352385,Centralizzato,"Bande Nere, Inganni",Bande Nere,45.4601,9.1321,5,685,13,1,1,NA,NA,1,0,0,0,0,0,0,0,0
126335219,Centralizzato,"Bande Nere, Inganni",Bande Nere,45.4601,9.1321,5,685,14,1,1,NA,NA,1,0,0,0,0,0,0,0,0
126335217,Centralizzato,"Bisceglie, Baggio, Olmi",Baggio,45.4597,9.105,5,655,14,1,1,NA,NA,1,0,0,0,0,0,0,0,0
126041229,Centralizzato,"Bande Nere, Inganni",Bande Nere,45.4601,9.1321,5,700,16,1,1,NA,NA,1,0,0,0,0,0,0,0,0
125058269,Centralizzato,"San Siro, Trenno",San Siro,45.4748,9.12882,2,620,30,4,1,2,0,0,0,0,1,0,0,0,0,1
126036859,Centralizzato,"Bande Nere, Inganni",Lorenteggio,45.4539,9.1401,3,660,9,1,1,NA,NA,1,0,0,0,0,0,0,0,0
122626708,Centralizzato,"Bande Nere, Inganni",Lorenteggio,45.4539,9.1401,3,700,10,1,1,NA,NA,1,0,0,0,0,0,0,0,0
123287965,Centralizzato,"Bande Nere, Inganni",Lorenteggio,45.4539,9.1401,3,690,12,1,1,NA,NA,1,0,0,0,0,0,0,0,0
123294511,Centralizzato,"Bande Nere, Inganni",Lorenteggio,45.4539,9.1401,3,690,10,1,1,NA,NA,1,0,0,0,0,0,0,0,0
127509670,Centralizzato,"Affori, Bovisa",Affori,45.5201,9.15376,8,650,NA,3,1,4,0,0,1,1,1,0,0,0,0,1
127459982,Centralizzato,"Bande Nere, Inganni",Lorenteggio,45.4539,9.1401,3,690,10,1,1,NA,NA,1,0,0,0,0,0,0,0,0
123123145,Centralizzato,"Bande Nere, Inganni",Primaticcio,45.4562,9.1282,3,630,18,1,1,NA,NA,1,0,0,0,0,0,0,0,0
127393583,Centralizzato,"Garibaldi, Moscova, Porta Nuova",Moscova,45.4791,9.18197,4,600,100,4,1,2,0,0,0,1,1,0,1,0,0,0
126041207,Centralizzato,"Bande Nere, Inganni",Bande Nere,45.4601,9.1321,4,590,13,1,1,NA,NA,1,0,0,0,0,0,0,0,0
110136743,Autonomo,"Maggiolina, Istria",Maggiolina,45.5029,9.1998,5,600,6,1,1,NA,NA,1,0,0,0,0,0,0,0,0
125391885,Centralizzato,Navigli,Corso San Gottardo,45.4443,9.1824,4,630,10,1,1,NA,NA,1,0,0,0,0,0,0,0,0
110136745,Autonomo,"Maggiolina, Istria",Maggiolina,45.5029,9.1998,5,600,6,1,1,NA,NA,1,0,0,0,0,0,0,0,0
124267169,Assente,"Porta Romana, Cadore, Montenero",Porta Romana - Medaglie d'Oro,45.4477,9.21,1,650,150,4,1,8,0,0,1,0,0,0,0,0,0,0
125820705,Centralizzato,"Porta Venezia, Indipendenza",Piave - Tricolore,45.4706,9.2084,2,600,15,1,1,NA,NA,1,0,0,0,1,0,0,0,0
125438371,Autonomo,"Ponte Lambro, Santa Giulia",Santa Giulia,45.4312,9.2456,2,675,10,1,1,NA,NA,1,0,0,0,0,0,0,0,0
127595550,Assente,"San Siro, Trenno",San Carlo,45.4618,9.1085,11,690,35,5,3,4,0,0,0,0,1,1,1,0,0,1
126423243,Centralizzato,"Famagosta, Barona",Barona,45.4409,9.15633,7,600,16,2,1,NA,NA,1,0,0,0,0,0,0,0,0
126041389,Centralizzato,"Pasteur, Rovereto",Rovereto,45.4947,9.2151,2,595,11,1,1,NA,NA,1,0,0,0,0,0,0,0,0
122863512,Centralizzato,"Bisceglie, Baggio, Olmi",Baggio,45.4582,9.08871,8,600,20,1,1,NA,NA,1,1,0,0,0,0,0,0,0
127166643,Centralizzato,"Bande Nere, Inganni",Bande Nere,45.4601,9.1321,1,675,12,1,1,NA,NA,1,0,0,0,0,0,0,0,0
126956707,Centralizzato,"Bande Nere, Inganni",Bande Nere,45.4601,9.1321,1,700,18,1,1,NA,NA,1,0,0,0,0,0,0,0,0
123461961,Centralizzato,"Precotto, Turro",Villa San Giovanni,45.5175,9.22541,10,650,14,3,2,6,1,1,1,0,0,0,0,0,0,0
124959537,Assente,"Ripamonti, Vigentino",Vigentino - Fatima,45.4279,9.2062,0,620,33,NA,NA,1,0,0,0,0,0,0,0,0,0,0
127128675,Assente,Centro,Duomo,45.4637,9.18817,21,700,10,NA,NA,NA,NA,0,0,0,0,0,0,0,0,0
126759887,Assente,"Corvetto, Rogoredo",Corvetto,45.4369,9.2128,0,620,25,NA,NA,1,0,0,0,0,0,0,0,0,0,0
127128673,Assente,Centro,Duomo,45.4637,9.18817,12,700,24,NA,NA,NA,NA,0,0,0,0,0,0,0,0,0
127128677,Assente,Centro,Duomo,45.4637,9.18817,8,700,13,NA,NA,NA,NA,0,0,0,0,0,0,0,0,0
126261545,Assente,Centro,Duomo,45.4637,9.18817,6,600,10,NA,NA,NA,NA,0,0,0,0,0,0,0,0,0
127617720,Centralizzato,"Famagosta, Barona",Giambellino,45.4495,9.14348,14,650,20,3,1,1,0,0,1,1,1,0,1,0,0,0
127578178,Centralizzato,"Napoli, Soderini",Tripoli - Soderini,45.4571,9.14954,16,690,NA,6,2,1,0,0,0,0,1,0,0,1,0,1
127509610,Centralizzato,"San Siro, Trenno",San Siro,45.4692,9.13259,5,600,18,5,1,6,0,0,0,1,1,0,1,0,0,1
127493634,Centralizzato,"Bicocca, Niguarda",Bignami - Ponale,45.5225,9.20801,5,600,120,6,2,1,0,0,0,1,0,0,0,0,1,1
98018788,Centralizzato,"Famagosta, Barona",Giambellino,45.4447,9.12829,17,650,14,6,2,4,0,0,0,1,1,0,0,0,0,1
117480917,Centralizzato,"Abbiategrasso, Chiesa Rossa",Cermenate - Abbiategrasso,45.4338,9.1836,16,600,35,2,1,1,0,0,1,1,1,0,0,0,0,0
87494704,Centralizzato,"San Siro, Trenno",Gallaratese,45.4945,9.10704,15,650,110,1,2,0.5,0,1,1,1,1,0,0,0,1,1
118873569,Centralizzato,Forlanini,Viale Ungheria - Mecenate,45.4461,9.24923,19,650,80,3,1,0.5,0,0,1,1,1,0,1,0,1,1
125414737,Centralizzato,"Porta Vittoria, Lodi",Bologna - Sulmona,45.4385,9.2336,10,650,18,1,1,0,0,0,0,0,0,0,0,0,1,0
113823673,Centralizzato,"Cimiano, Crescenzago, Adriano",Cimiano,45.5013,9.23701,9,610,90,3,1,6,0,0,0,0,1,0,0,1,0,0
110008693,Autonomo,"Porta Venezia, Indipendenza",Porta Venezia,45.4764,9.20591,8,700,25,2,1,4,0,0,1,1,1,0,1,0,0,0
122686974,Autonomo,"Cimiano, Crescenzago, Adriano",Cimiano,45.4954,9.23456,13,700,20,6,2,3,0,0,1,1,1,0,0,0,1,0
112067679,Centralizzato,"Porta Vittoria, Lodi",Bologna - Sulmona,45.4448,9.22829,6,600,16,3,1,0.5,0,0,0,1,1,0,1,0,0,1
126544735,Centralizzato,"Ponte Lambro, Santa Giulia",Santa Giulia,45.4315,9.24627,11,650,20,3,1,6,0,0,1,1,1,0,1,0,0,0
120489746,Autonomo,"Ponte Lambro, Santa Giulia",Santa Giulia,45.4322,9.24451,18,600,18,6,2,3,0,0,0,0,1,0,0,0,0,0
103742044,Centralizzato,,,45.4998,9.15103,19,600,18,2,1,1,0,0,1,1,1,0,0,0,0,1
121470426,Centralizzato,"San Siro, Trenno",Gallaratese,45.4943,9.11216,12,600,17,4,1,2,0,0,0,1,1,0,0,0,1,1
121984446,Assente,"Affori, Bovisa",Bovisa,45.5023,9.16252,19,670,NA,4,1,1,0,0,0,0,1,0,0,0,0,1
118616035,Assente,"Città Studi, Susa",Casoretto,45.487,9.2278,9,700,100,3,1,2,0,0,1,0,1,1,1,0,0,1
123722943,Centralizzato,"Bicocca, Niguarda",Ca' Granda,45.5052,9.1993,13,655,16,6,2,3,1,1,1,0,0,1,0,0,0,0
124988747,Assente,"Famagosta, Barona",Famagosta,45.4409,9.171,19,680,60,3,1,3,0,0,0,0,0,0,0,0,0,0
122306742,Assente,Forlanini,Viale Ungheria - Mecenate,45.4462,9.251,7,650,65,2,1,6,0,0,1,0,1,1,1,0,0,0
126613589,Assente,"Affori, Bovisa",Dergano,45.4991,9.174,14,650,85,4,2,3,0,0,0,0,1,1,0,0,0,1
126999913,Assente,"Solari, Washington",Washington,45.4612,9.1571,26,640,95,3,1,2,0,0,1,0,1,1,1,0,1,1
125528991,Assente,"Abbiategrasso, Chiesa Rossa",Chiesa Rossa,45.4325,9.1827,8,600,140,4,2,4,0,0,0,0,0,1,0,0,0,0
125429505,Assente,"San Siro, Trenno",Gallaratese,45.4914,9.1216,28,670,95,3,1,5,0,0,1,0,1,0,0,0,0,0
125271547,Assente,"Abbiategrasso, Chiesa Rossa",Chiesa Rossa,45.4338,9.1853,19,600,62,2,1,7,0,0,1,0,1,1,1,0,1,1
123100463,Assente,"Famagosta, Barona",Giambellino,45.4448,9.1286,13,630,15,4,1,6,0,0,1,0,1,0,0,0,0,0
127390673,Assente,"Città Studi, Susa",Argonne - Corsica,45.4642,9.2282,39,600,18,5,1,6,0,0,1,0,0,1,0,1,1,0
125844601,Assente,"Famagosta, Barona",Barona,45.4406,9.1508,30,600,70,3,1,2,0,0,1,0,1,1,1,0,1,1
126535985,Assente,"Precotto, Turro",Villa San Giovanni,45.5185,9.2233,10,700,137,4,2,6,0,0,1,0,1,0,0,1,1,1
127649290,Assente,"Bicocca, Niguarda",Bignami - Ponale,45.5233,9.2056,40,600,140,NA,4,7,0,0,0,0,1,1,0,0,0,0
117767391,Assente,"Cenisio, Sarpi, Isola",Farini,45.4914,9.1848,17,625,NA,3,1,1,0,0,0,0,1,0,1,0,0,1
125674219,Assente,"San Siro, Trenno",QT8,45.4832,9.1369,30,700,75,4,1,0,0,0,0,0,0,0,0,0,0,0
122617726,Assente,"Famagosta, Barona",Famagosta,45.4409,9.171,14,680,55,4,1,1,0,0,0,0,0,1,0,0,0,0
126612029,Assente,"Porta Vittoria, Lodi",Martini - Insubria,45.4551,9.2166,20,700,70,3,1,2,0,0,0,0,1,0,0,0,1,0
127342475,Assente,Navigli,Bocconi,45.4501,9.197,22,650,85,4,2,3,0,0,0,0,1,0,0,0,0,0
126668189,Assente,"Uptown, Cascina Merlata, Viale Certosa",Certosa,45.5005,9.1422,10,650,75,3,1,3,0,0,1,0,1,0,0,0,0,0
126918677,Assente,"Bicocca, Niguarda",Prato Centenaro,45.5088,9.1917,15,600,17,3,1,2,0,0,1,0,1,0,1,0,0,0
127340927,Assente,Navigli,Bocconi,45.4501,9.197,19,700,85,4,2,3,0,0,0,0,1,0,0,0,0,0
126611519,Assente,"Bicocca, Niguarda",Bignami - Ponale,45.5258,9.206,15,600,80,4,2,3,0,0,1,0,1,0,0,1,1,1
126744629,Assente,"Porta Romana, Cadore, Montenero",Cadore,45.4592,9.2131,16,600,78,3,1,2,0,0,1,0,1,0,1,0,0,1
124549525,Assente,"Porta Vittoria, Lodi",Lodi - Brenta,45.4429,9.2183,16,700,119,4,2,0,0,0,0,0,1,0,0,0,0,1
119621403,Centralizzato,"Uptown, Cascina Merlata, Viale Certosa",Ghisolfa - Mac Mahon,45.4927,9.16326,4,650,20,2,1,2,0,0,0,1,1,0,0,0,0,0
120022914,Autonomo,"Precotto, Turro",Villa San Giovanni,45.5191,9.22886,3,630,60,3,1,0.5,0,0,0,1,1,0,1,0,0,1
121990418,Centralizzato,"Napoli, Soderini",Tripoli - Soderini,45.4528,9.14212,11,700,4,2,1,4,0,0,1,1,1,0,1,0,1,0
109860009,Centralizzato,"Bicocca, Niguarda",Bignami - Ponale,45.528,9.21052,9,600,127,4,2,1,0,0,1,1,1,0,0,0,1,1
95732380,Autonomo,"Ripamonti, Vigentino",Ripamonti - Fondazione Prada,45.44,9.20594,9,600,110,5,1,1,0,0,1,0,1,0,0,0,1,0
120294248,Autonomo,"Ponte Lambro, Santa Giulia",Santa Giulia,45.4347,9.2453,12,600,14,4,2,7,0,0,0,1,1,0,0,1,1,1
127368665,Centralizzato,"Porta Vittoria, Lodi",Bologna - Sulmona,45.4448,9.22829,11,650,14,2,1,4,0,0,1,1,1,0,1,0,0,0
124473629,Centralizzato,"San Siro, Trenno",Gallaratese,45.5053,9.10043,12,600,15,3,1,1,0,0,0,1,1,0,0,0,1,1
123154073,Centralizzato,Navigli,Ascanio Sforza,45.4486,9.17749,17,600,56,2,1,4,0,0,1,1,1,0,1,1,0,1
117883375,Centralizzato,"Bisceglie, Baggio, Olmi",Bisceglie,45.4598,9.11054,18,600,13,2,1,2,0,0,1,0,1,0,0,0,0,1
116842585,Centralizzato,"Bicocca, Niguarda",Prato Centenaro,45.5102,9.20097,8,636,18,3,1,0.5,0,0,0,0,1,0,1,0,0,0
127322015,Centralizzato,"Uptown, Cascina Merlata, Viale Certosa",Certosa,45.4981,9.14943,6,599,90,3,1,3,0,0,0,1,1,0,0,0,0,1
87283946,Autonomo,"Pasteur, Rovereto",Pasteur,45.4901,9.222,8,700,20,4,2,1,0,1,0,0,1,0,0,0,0,1
122564786,Centralizzato,"Affori, Bovisa",Bovisa,45.4985,9.15157,12,630,17,2,1,0.5,0,0,1,0,1,0,1,0,1,1
123974163,Centralizzato,"Ponte Lambro, Santa Giulia",Santa Giulia,45.4319,9.24356,20,640,18,4,4,3,0,0,0,0,1,0,0,0,0,1
122543654,Autonomo,"Precotto, Turro",Villa San Giovanni,45.5167,9.22499,9,680,10,3,1,0,0,0,0,0,1,0,0,0,1,1
122978994,Autonomo,"Affori, Bovisa",Bovisa,45.5008,9.16741,14,600,65,3,1,1,0,0,1,0,1,0,1,0,0,0
95306968,Centralizzato,"Bisceglie, Baggio, Olmi",Bisceglie,45.4588,9.11125,20,650,107,4,2,12,0,0,1,1,1,0,0,0,1,1
118542991,Autonomo,"Affori, Bovisa",Bovisa,45.5035,9.16202,17,600,18,3,1,0,0,0,0,0,1,0,1,0,1,0
117816527,Centralizzato,"Bisceglie, Baggio, Olmi",Bisceglie,45.4598,9.11054,18,700,16,2,1,2,0,0,1,0,1,0,0,0,0,1
121795874,Centralizzato,"Bicocca, Niguarda",Prato Centenaro,45.5102,9.20523,11,600,10,6,3,0,0,0,0,0,1,0,1,0,0,1
80120359,Centralizzato,"Bande Nere, Inganni",Gambara,45.4644,9.14231,8,600,21,4,1,0,0,1,0,1,1,0,1,0,1,1
126077565,Autonomo,"Bande Nere, Inganni",Bande Nere,45.4584,9.13657,8,670,18,4,2,7,0,0,1,1,1,0,1,0,1,1
116562951,Centralizzato,"Uptown, Cascina Merlata, Viale Certosa",Certosa,45.4979,9.13486,10,600,120,4,2,1,0,0,1,0,1,0,1,0,0,1
125343129,Autonomo,"Abbiategrasso, Chiesa Rossa",Gratosoglio,45.4174,9.17755,7,680,NA,4,2,3,0,0,0,0,1,0,1,0,0,1
121993204,Centralizzato,"San Siro, Trenno",Gallaratese,45.5022,9.10214,7,700,10,6,1,10,0,0,0,0,1,0,0,0,0,0
97131904,Centralizzato,"Porta Vittoria, Lodi",Martini - Insubria,45.4559,9.22376,5,650,25,2,1,7,0,0,1,0,1,0,1,0,0,1
122030756,Centralizzato,"Abbiategrasso, Chiesa Rossa",Gratosoglio,45.4149,9.17182,9,590,16,6,1,2,0,0,0,1,1,0,0,0,1,0
126392229,Centralizzato,"Fiera, Sempione, City Life, Portello",Portello - Parco Vittoria,45.4938,9.14148,6,600,12,5,2,3,0,0,0,1,1,0,0,1,0,0
125688079,Centralizzato,"Abbiategrasso, Chiesa Rossa",Cermenate - Abbiategrasso,45.4343,9.18222,7,590,24,3,1,0.5,0,0,1,1,1,0,0,0,1,0
82457284,Assente,"Abbiategrasso, Chiesa Rossa",Gratosoglio,45.41,9.17369,6,660,22,2,1,8,0,1,1,1,1,0,1,0,0,1
125861099,Centralizzato,"Famagosta, Barona",Tre Castelli - Faenza,45.4407,9.13925,16,620,NA,4,2,9,0,0,0,1,1,0,0,0,0,1
121892046,Centralizzato,Navigli,Bocconi,45.451,9.18885,14,600,56,2,1,2,0,0,0,1,1,0,1,0,1,1
123342453,Autonomo,"Abbiategrasso, Chiesa Rossa",Gratosoglio,45.4182,9.17441,19,590,11,5,2,1,0,0,1,1,1,0,0,0,0,1
121198396,Centralizzato,"Porta Vittoria, Lodi",Porta Vittoria,45.4623,9.23301,5,700,20,2,1,2,0,0,1,1,1,0,1,0,0,1
111337249,Centralizzato,"Affori, Bovisa",Vialba,45.5124,9.12708,5,650,28,2,1,5,0,0,0,0,1,0,0,0,0,0
126426031,Autonomo,"Famagosta, Barona",Tre Castelli - Faenza,45.4386,9.12686,7,600,14,4,1,1,0,0,0,0,1,0,0,0,1,1
125045229,Centralizzato,"Abbiategrasso, Chiesa Rossa",Chiesa Rossa,45.4287,9.17472,12,700,12,3,1,2,0,0,0,1,1,0,0,0,0,1
99750448,Centralizzato,"Bicocca, Niguarda",Prato Centenaro,45.5104,9.19987,10,600,13,4,1,3,0,0,0,0,1,0,1,0,1,1
115935927,Centralizzato,"Famagosta, Barona",Cantalupa - San Paolo,45.4263,9.16792,12,650,100,4,2,6,0,0,1,1,1,0,0,0,0,1
113424655,Centralizzato,"Corvetto, Rogoredo",Corvetto,45.4387,9.21652,16,700,110,3,1,1,0,0,1,0,1,0,1,0,0,0
117372081,Centralizzato,"Corvetto, Rogoredo",Corvetto,45.4351,9.21943,15,600,15,4,4,4,0,0,1,1,1,0,1,0,0,1
122771028,Centralizzato,"Solari, Washington",Dezza,45.4613,9.1643,19,650,145,6,2,4,0,0,0,1,1,0,1,0,0,1
116497013,Centralizzato,"Maggiolina, Istria",Maggiolina,45.4929,9.20463,20,700,15,6,1,0.5,0,0,0,1,1,0,1,0,0,0
126277747,Centralizzato,"Affori, Bovisa",Bovisa,45.4996,9.16869,11,620,200,6,3,0.5,0,0,0,0,1,0,0,0,0,0
101253739,Centralizzato,"San Siro, Trenno",San Siro,45.4767,9.11546,18,680,21,4,2,1,0,0,1,1,1,0,1,0,1,1
113086375,Centralizzato,"San Siro, Trenno",Gallaratese,45.5021,9.10362,20,700,90,3,1,3,0,0,1,0,1,0,0,0,0,1
106851085,Centralizzato,"Abbiategrasso, Chiesa Rossa",Chiesa Rossa,45.4338,9.18528,20,650,65,2,1,3,0,0,1,0,1,0,1,0,1,1
121074858,Autonomo,"Precotto, Turro",Precotto,45.5121,9.22582,18,600,NA,6,2,0,0,0,0,0,1,0,0,0,0,0
112461843,Centralizzato,"Corvetto, Rogoredo",Corvetto,45.4366,9.22625,10,620,NA,5,2,2,0,0,0,0,1,0,1,0,1,0
102622888,Centralizzato,"Città Studi, Susa",Città Studi,45.482,9.23356,14,630,20,5,2,3,0,0,0,1,1,0,1,0,1,1
115983523,Centralizzato,"San Siro, Trenno",San Siro,45.4728,9.12417,8,650,17,6,2,4,0,0,0,1,1,0,1,0,1,1
118636495,Centralizzato,"Famagosta, Barona",Tre Castelli - Faenza,45.4409,9.13932,14,700,123,4,2,9,0,0,1,1,1,0,0,0,0,1
123455941,Autonomo,"Corvetto, Rogoredo",Rogoredo,45.4361,9.2336,17,600,90,3,2,1,0,0,1,1,1,0,0,0,0,1
104691247,Centralizzato,"Uptown, Cascina Merlata, Viale Certosa",Certosa,45.4964,9.13136,7,650,18,2,1,5,0,0,0,1,1,0,0,0,0,1
119814964,Centralizzato,"Bicocca, Niguarda",Bicocca,45.5173,9.20809,9,650,20,5,1,0,0,0,0,1,1,0,1,0,0,0
113981943,Centralizzato,"Bande Nere, Inganni",Primaticcio,45.4579,9.1291,9,700,110,6,2,1,0,0,1,1,1,0,0,1,0,0
117625095,Centralizzato,"Bicocca, Niguarda",Ca' Granda,45.5056,9.20068,14,600,10,3,1,0.5,0,0,0,1,1,0,0,0,1,1
119374675,Centralizzato,"Bande Nere, Inganni",Bande Nere,45.4593,9.13197,20,600,35,1,1,3,0,0,0,0,1,0,0,0,0,0
124633205,Centralizzato,"Corvetto, Rogoredo",Corvetto,45.4368,9.21405,13,700,100,4,1,4,0,0,1,1,1,0,1,0,0,0
116401923,Centralizzato,"Affori, Bovisa",Roserio,45.5186,9.13251,15,700,35,6,3,1,0,0,0,0,1,0,0,0,0,0
124958995,Centralizzato,"Famagosta, Barona",Giambellino,45.4512,9.1408,4,625,NA,3,1,3,0,0,0,1,1,0,1,0,0,1
92497692,Autonomo,"San Siro, Trenno",San Carlo,45.472,9.11556,10,650,20,4,2,5,0,0,1,1,1,0,0,0,1,0
118934511,Centralizzato,"Bicocca, Niguarda",Ca' Granda,45.5056,9.20068,17,600,10,5,1,0.5,0,0,0,1,1,0,0,0,1,1
86219882,Centralizzato,Forlanini,Quartiere Forlanini,45.4598,9.23903,16,700,30,2,1,4,0,1,1,0,1,0,0,0,0,0
110409603,Centralizzato,"Ripamonti, Vigentino",Ripamonti - Fondazione Prada,45.438,9.19626,10,650,NA,3,1,1,0,0,1,0,1,0,1,0,0,1
125143239,Centralizzato,"Bisceglie, Baggio, Olmi",Bisceglie,45.4577,9.10434,8,700,20,2,1,8,0,0,1,1,1,0,1,0,1,1
126384421,Centralizzato,"Città Studi, Susa",Casoretto,45.4874,9.22468,9,600,20,3,1,0.5,0,0,0,1,1,0,0,0,0,0
121665492,Autonomo,"Bicocca, Niguarda",Bicocca,45.5164,9.21612,9,600,16,6,2,3,0,0,0,1,1,0,0,0,0,1
119867182,Centralizzato,"Bande Nere, Inganni",Gambara,45.4634,9.13826,9,600,20,1,1,0,0,0,0,0,1,0,1,0,0,0
116139075,Centralizzato,"Corvetto, Rogoredo",Corvetto,45.439,9.21784,14,680,18,3,1,5,0,0,0,1,1,0,1,1,1,1
120110166,Centralizzato,"Maggiolina, Istria",Istria,45.5007,9.19375,20,600,20,4,1,1,0,0,0,1,1,0,1,0,0,0
114112387,Centralizzato,"Abbiategrasso, Chiesa Rossa",Chiesa Rossa,45.4254,9.17144,13,590,96,6,2,4,0,0,1,0,1,0,0,0,0,1
61069664,Autonomo,"Corvetto, Rogoredo",Corvetto,45.4385,9.23058,6,650,14,4,2,3,0,1,1,1,1,0,1,0,1,1
125607865,Centralizzato,"Bicocca, Niguarda",Bicocca,45.5137,9.21259,8,630,15,3,2,4,0,0,0,0,1,0,0,0,0,1
118979847,Centralizzato,"Affori, Bovisa",Affori,45.5157,9.15776,8,620,25,6,1,0,0,0,0,0,1,0,1,0,0,1
118008841,Centralizzato,"Bicocca, Niguarda",Ca' Granda,45.5087,9.20011,14,650,15,3,1,1,0,0,0,0,1,0,1,0,0,0
124594507,Centralizzato,"Precotto, Turro",Precotto,45.5109,9.22946,13,600,NA,5,1,1,0,0,1,0,1,0,0,1,1,1
122671102,Autonomo,"Ponte Lambro, Santa Giulia",Santa Giulia,45.4309,9.24573,17,700,11,3,2,1,0,0,0,0,1,0,0,0,0,1
126210959,Autonomo,"Abbiategrasso, Chiesa Rossa",Pezzotti - Meda,45.4404,9.18168,14,700,90,5,1,2,0,0,1,0,1,0,0,0,1,1
118733011,Centralizzato,"Bande Nere, Inganni",Lorenteggio,45.4527,9.13722,11,700,90,6,2,9,0,0,0,1,1,0,1,0,0,0
120774018,Centralizzato,"Bicocca, Niguarda",Prato Centenaro,45.5092,9.20418,7,690,20,NA,NA,0,0,0,0,0,1,0,1,0,0,0
123693587,Centralizzato,"Cimiano, Crescenzago, Adriano",Ponte Nuovo,45.5068,9.2372,9,680,105,6,2,3,0,0,1,0,1,0,0,0,0,0
121686728,Centralizzato,"Cimiano, Crescenzago, Adriano",Quartiere Adriano,45.5148,9.24908,15,650,13,3,1,10,0,0,0,1,1,0,1,0,0,1
127277311,Centralizzato,"Bande Nere, Inganni",Inganni,45.4557,9.11837,9,600,18,NA,NA,6,0,0,0,0,1,0,1,0,1,1
123651247,Centralizzato,"San Siro, Trenno",Gallaratese,45.4986,9.10303,20,650,20,5,1,13,0,0,0,1,1,0,0,1,0,0
126406403,Centralizzato,"Città Studi, Susa",Casoretto,45.4914,9.22614,20,600,NA,3,1,4,0,0,0,1,1,0,0,0,0,0
117984369,Centralizzato,"Uptown, Cascina Merlata, Viale Certosa",Certosa,45.4973,9.13356,19,620,15,4,2,4,0,0,0,1,1,0,0,0,0,0
126343569,Centralizzato,"Udine, Lambrate",Quartiere Feltre,45.4895,9.24337,14,590,121,4,2,2,0,0,0,1,1,0,0,0,1,0
125057079,Autonomo,"Abbiategrasso, Chiesa Rossa",Chiesa Rossa,45.4221,9.17957,20,650,100,4,2,6,0,0,1,1,1,0,0,1,0,1
123294021,Assente,"Bicocca, Niguarda",Bicocca,45.5164,9.21612,10,700,70,3,1,0.5,0,0,0,0,1,0,0,0,0,1
122830382,Centralizzato,"Fiera, Sempione, City Life, Portello",Amendola - Buonarroti,45.4692,9.15058,9,600,NA,3,2,10,0,0,0,1,0,0,0,0,0,0
118442071,Centralizzato,"Città Studi, Susa",Città Studi,45.482,9.23356,20,650,20,4,2,2,0,0,0,1,1,0,1,0,1,1
126381991,Centralizzato,"Bicocca, Niguarda",Ca' Granda,45.5067,9.19934,8,600,100,4,2,0.5,0,0,1,0,1,0,1,0,1,0
123222875,Centralizzato,"Cimiano, Crescenzago, Adriano",Crescenzago,45.5069,9.24844,20,650,80,3,1,1,0,0,1,1,1,0,0,0,1,1
126737585,Centralizzato,"Abbiategrasso, Chiesa Rossa",Chiesa Rossa,45.4311,9.18252,16,700,NA,3,1,6,0,0,1,1,1,0,1,0,0,1
117502283,Centralizzato,"Centrale, Repubblica",Morgagni,45.4767,9.2076,17,700,110,5,2,2,0,0,1,1,1,0,0,0,0,1
104428073,Centralizzato,"Ripamonti, Vigentino",Vigentino - Fatima,45.4345,9.20429,14,700,85,3,1,1,0,0,1,0,1,0,0,0,0,0
126871593,Centralizzato,"Bande Nere, Inganni",Inganni,45.4566,9.11853,12,650,65,3,1,6,0,0,1,1,1,0,0,0,0,0
125987607,Autonomo,"San Siro, Trenno",San Carlo,45.4727,9.11839,19,650,150,6,2,1,0,0,1,1,1,0,1,0,0,0
120459236,Centralizzato,"Bicocca, Niguarda",Ca' Granda,45.507,9.19236,10,650,25,6,2,1,0,0,0,0,1,0,1,0,1,0
112935881,Autonomo,"Città Studi, Susa",Città Studi,45.4742,9.23102,7,700,71,3,1,2,0,0,1,1,1,0,0,0,0,1
118611691,Centralizzato,"Porta Venezia, Indipendenza",Indipendenza,45.4651,9.21617,13,700,28,4,1,3,0,0,0,1,1,0,0,0,0,1
122765944,Centralizzato,"Bicocca, Niguarda",Bruzzano,45.5271,9.16896,11,650,25,4,1,4,0,0,1,1,1,0,1,0,0,1
125691653,Centralizzato,"Bicocca, Niguarda",Bignami - Ponale,45.5257,9.20737,9,650,68,3,1,1,0,0,1,1,1,0,1,0,1,0
119372575,Autonomo,"Famagosta, Barona",Giambellino,45.4409,9.11894,12,700,20,5,2,14,0,0,0,1,1,0,1,1,0,0
117538533,Centralizzato,Forlanini,Quartiere Forlanini,45.4561,9.24403,12,700,70,3,1,0.5,0,0,0,0,1,0,1,0,0,1
125136909,Autonomo,"Uptown, Cascina Merlata, Viale Certosa",Certosa,45.4901,9.14914,7,700,60,6,4,1,0,0,0,0,1,0,0,0,1,0
121846096,Centralizzato,"Maggiolina, Istria",Istria,45.4985,9.19353,11,690,NA,6,2,3,0,0,0,1,1,0,0,0,0,0
105240711,Centralizzato,"Maggiolina, Istria",Cascina dei Pomi,45.4995,9.21201,9,700,55,2,1,3,0,0,1,1,1,0,1,0,0,0
119221981,Centralizzato,"San Siro, Trenno",San Siro,45.4729,9.14123,9,650,18,3,1,3,0,0,1,0,1,0,1,0,1,1
117363429,Centralizzato,"Precotto, Turro",Precotto,45.5135,9.22347,7,700,145,6,2,-1,0,0,0,0,1,0,0,0,0,0
127149873,Centralizzato,"Fiera, Sempione, City Life, Portello",Monte Rosa - Lotto,45.4828,9.14604,14,700,20,6,2,1,0,0,1,1,1,0,1,0,0,1
110713295,Centralizzato,"Cenisio, Sarpi, Isola",Zara,45.4933,9.19128,3,600,NA,2,1,1,0,0,1,1,0,0,0,0,0,0
113634739,Centralizzato,"San Siro, Trenno",Gallaratese,45.4986,9.10303,16,690,25,5,1,13,0,0,0,0,1,0,0,0,0,0
111715597,Centralizzato,"Bicocca, Niguarda",Niguarda,45.5184,9.19341,7,600,25,3,1,1,0,0,0,1,1,0,1,0,0,1
121846074,Centralizzato,"Maggiolina, Istria",Istria,45.4985,9.19353,10,690,15,6,2,3,0,0,1,1,0,0,0,0,0,0
117985963,Centralizzato,"San Siro, Trenno",Gallaratese,45.5033,9.10211,10,620,100,4,1,4,0,0,1,1,1,0,0,0,0,1
121147056,Centralizzato,"San Siro, Trenno",San Siro,45.474,9.12356,20,600,NA,5,2,3,0,0,0,1,1,0,1,0,1,1
113529861,Autonomo,"Cenisio, Sarpi, Isola",Farini,45.4933,9.18448,13,700,70,4,1,1,0,0,1,0,1,0,1,0,0,1
111522035,Centralizzato,"Affori, Bovisa",Quarto Oggiaro,45.5089,9.13101,2,600,25,6,2,1,0,0,0,1,1,0,1,0,0,0
127518972,Centralizzato,"San Siro, Trenno",San Siro,45.4731,9.1316,2,700,15,2,1,5,0,0,1,1,1,0,0,1,0,0
125818987,Centralizzato,"Abbiategrasso, Chiesa Rossa",Gratosoglio,45.4172,9.17978,17,650,43,2,1,2,0,0,0,1,0,0,1,1,0,0
122824744,Centralizzato,"Precotto, Turro",Precotto,45.5097,9.22422,7,650,30,1,1,3,0,0,0,1,1,0,1,0,0,1
122887864,Centralizzato,"Affori, Bovisa",Quarto Oggiaro,45.51,9.13373,8,675,120,5,1,6,0,0,1,1,1,0,1,1,0,0
122978020,Centralizzato,"Famagosta, Barona",Tre Castelli - Faenza,45.44,9.12851,5,650,64,5,1,3,0,0,1,1,1,0,0,0,1,1
127364069,Centralizzato,"San Siro, Trenno",Gallaratese,45.5019,9.10609,6,645,14,4,1,7,0,0,1,1,1,0,0,0,1,1
98419106,Centralizzato,"Precotto, Turro",Villa San Giovanni,45.5232,9.22585,8,650,12,5,2,2,0,0,1,1,1,0,0,1,1,0
119782174,Centralizzato,"San Siro, Trenno",Gallaratese,45.4958,9.10815,7,650,20,4,2,4,0,0,0,1,1,0,0,0,0,1
116573279,Autonomo,"Città Studi, Susa",Città Studi,45.4841,9.2249,5,700,18,3,1,0,0,0,0,0,1,0,0,1,1,1
100315838,Centralizzato,"Uptown, Cascina Merlata, Viale Certosa",Certosa,45.4937,9.14796,7,590,15,3,1,4,0,0,1,1,1,0,1,0,0,0
114195951,Centralizzato,"Famagosta, Barona",Giambellino,45.4468,9.12721,7,600,95,6,1,3,0,0,0,0,1,0,1,0,0,1
127137775,Autonomo,"San Siro, Trenno",Gallaratese,45.492,9.11686,8,700,20,3,2,4,0,0,0,0,0,0,0,0,0,0
121280592,Autonomo,"Cimiano, Crescenzago, Adriano",Crescenzago,45.5079,9.24571,8,650,14,3,1,0.5,0,0,0,1,1,0,1,0,0,1
122871890,Autonomo,"Abbiategrasso, Chiesa Rossa",Gratosoglio,45.4181,9.18084,9,640,130,4,2,3,0,0,0,0,1,0,1,1,0,0
126448083,Centralizzato,"Affori, Bovisa",Bovisa,45.503,9.16767,8,650,16,3,1,5,0,0,0,1,1,0,0,0,0,1
113029795,Centralizzato,"Famagosta, Barona",Barona,45.442,9.15505,13,650,65,2,1,2,0,0,1,1,1,0,1,0,0,1
126437075,Centralizzato,"Centrale, Repubblica",Melchiorre Gioia,45.4637,9.18813,12,650,16,3,2,2,0,0,1,1,1,0,1,0,1,1
98458470,Centralizzato,"Maggiolina, Istria",Istria,45.4986,9.19245,20,670,20,2,1,1,0,0,0,0,1,0,0,0,1,0
126377483,Centralizzato,"Abbiategrasso, Chiesa Rossa",Pezzotti - Meda,45.4405,9.18328,11,600,NA,3,1,1,0,0,1,1,1,0,1,0,1,0
122561482,Centralizzato,"Centrale, Repubblica",Buenos Aires,45.4827,9.21556,9,650,120,4,1,-1,0,0,0,0,1,0,1,0,0,0
102462232,Centralizzato,"Solari, Washington",Washington,45.4629,9.15474,10,645,12,3,1,4,0,0,0,1,1,0,0,1,0,1
115138915,Autonomo,"Bicocca, Niguarda",Bruzzano,45.528,9.17347,9,600,NA,3,1,1,0,0,1,0,1,0,0,0,0,1
124537213,Centralizzato,"Affori, Bovisa",Roserio,45.5189,9.13067,7,680,85,5,1,1,0,0,0,0,1,0,0,0,0,1
118859439,Centralizzato,Forlanini,Quartiere Forlanini,45.4578,9.24834,9,650,15,2,1,1,0,0,1,1,1,0,1,1,0,0
111384025,Autonomo,"Città Studi, Susa",Casoretto,45.4887,9.2261,9,650,18,2,1,4,0,0,0,0,1,0,0,0,0,0
126227085,Autonomo,"Bicocca, Niguarda",Niguarda,45.5235,9.19371,18,650,10,3,1,1,0,0,0,1,1,0,1,1,0,1
125364605,Centralizzato,"Città Studi, Susa",Città Studi,45.4841,9.23658,8,700,15,3,1,6,0,0,0,1,1,0,0,0,0,1
124965059,Centralizzato,"Abbiategrasso, Chiesa Rossa",Pezzotti - Meda,45.439,9.18017,13,700,25,4,1,3,0,0,0,0,1,0,0,0,0,1
109669245,Centralizzato,"Famagosta, Barona",Giambellino,45.4512,9.14238,7,650,20,4,2,4,0,0,0,0,1,0,1,0,0,0
125228049,Centralizzato,"Uptown, Cascina Merlata, Viale Certosa",Certosa,45.4958,9.13185,9,625,65,2,1,4,0,0,1,1,1,0,0,0,0,1
115809543,Centralizzato,"Famagosta, Barona",Giambellino,45.4489,9.1429,18,700,NA,3,1,6,0,0,0,1,1,0,0,0,0,0
127322163,Centralizzato,"Abbiategrasso, Chiesa Rossa",Cermenate - Abbiategrasso,45.4315,9.17976,5,620,110,4,2,1,0,0,0,0,1,0,1,0,1,0
123067517,Autonomo,"Affori, Bovisa",Bovisa,45.5064,9.16008,7,650,100,6,2,4,0,0,0,0,1,0,0,0,0,1
127350389,Centralizzato,Navigli,Navigli - Darsena,45.4444,9.1667,7,700,NA,6,1,3,0,0,1,1,1,0,1,1,0,1
124809971,Centralizzato,Forlanini,Quartiere Forlanini,45.4594,9.24286,8,700,14,3,1,4,0,0,1,1,1,0,1,0,0,0
124395893,Centralizzato,"Affori, Bovisa",Affori,45.5221,9.16513,7,700,96,5,1,3,0,0,1,1,1,0,1,1,1,0
120820198,Centralizzato,"Abbiategrasso, Chiesa Rossa",Cermenate - Abbiategrasso,45.4372,9.18326,7,650,65,4,1,1,0,0,1,1,1,0,0,0,0,0
126935513,Autonomo,"Abbiategrasso, Chiesa Rossa",Cermenate - Abbiategrasso,45.4302,9.17813,7,650,67,2,1,6,0,0,0,1,1,0,0,0,0,0
122148692,Centralizzato,"Solari, Washington",Washington,45.4575,9.1516,7,600,25,2,1,1,0,0,1,1,1,0,1,0,0,0
118651467,Centralizzato,"Bicocca, Niguarda",Niguarda,45.5189,9.19509,7,650,25,5,1,4,0,0,0,1,1,0,1,0,0,0
112653409,Autonomo,"Affori, Bovisa",Bovisa,45.5026,9.15345,7,690,12,4,1,1,0,0,1,0,1,0,0,0,0,1
117673471,Centralizzato,"Bicocca, Niguarda",Niguarda,45.5177,9.19347,7,700,65,3,1,0,0,0,0,1,1,0,0,0,0,0
126016935,Centralizzato,"Bisceglie, Baggio, Olmi",Bisceglie,45.4568,9.11327,18,650,4,6,2,3,0,0,0,1,1,0,0,0,1,1
126255419,Centralizzato,"Bicocca, Niguarda",Bignami - Ponale,45.5257,9.20737,7,650,65,3,1,0.5,0,0,0,1,1,0,1,0,1,1
117728931,Autonomo,"Precotto, Turro",Gorla,45.5058,9.22885,9,700,NA,2,1,2,0,0,0,1,1,0,0,0,0,0
123484285,Assente,"Bicocca, Niguarda",Bignami - Ponale,45.523,9.20693,9,600,100,2,2,5,0,0,0,1,0,0,0,0,0,0
123629221,Autonomo,"Famagosta, Barona",Cantalupa - San Paolo,45.4315,9.16972,11,650,15,4,2,1,0,0,0,1,1,0,0,1,1,1
126874473,Centralizzato,"Uptown, Cascina Merlata, Viale Certosa",Certosa,45.4975,9.14871,8,650,NA,4,2,0,0,0,0,0,1,0,0,0,1,1
122339266,Assente,"Bicocca, Niguarda",Niguarda,45.5164,9.20168,8,650,NA,6,2,2,0,0,0,1,1,0,1,0,0,1
127492340,Centralizzato,"Affori, Bovisa",Quarto Oggiaro,45.5123,9.14833,9,650,NA,5,1,4,0,0,1,1,1,0,1,0,0,1
127137123,Autonomo,"Maggiolina, Istria",Maggiolina,45.4976,9.1968,8,650,18,3,1,3,0,0,1,0,0,0,0,0,0,0
126550671,Centralizzato,Forlanini,Quartiere Forlanini,45.4605,9.2448,20,600,65,3,1,0.5,0,0,0,0,1,0,1,0,1,0
121837240,Autonomo,"Famagosta, Barona",Cantalupa - San Paolo,45.4242,9.1574,6,650,12,2,2,7,0,0,0,0,1,0,0,0,1,1
117154543,Centralizzato,"Bicocca, Niguarda",Niguarda,45.5219,9.19513,7,650,18,4,2,2,0,0,0,1,1,0,1,0,0,1
115146861,Centralizzato,"Affori, Bovisa",Bovisa,45.4969,9.15425,8,680,150,4,2,9,0,0,1,1,1,0,1,0,1,0
127134517,Centralizzato,Navigli,Navigli - Darsena,45.4484,9.16031,6,700,12,5,1,8,0,0,1,0,1,0,1,0,0,1
124484383,Centralizzato,"Abbiategrasso, Chiesa Rossa",Chiesa Rossa,45.427,9.17364,1,650,16,2,1,4,0,0,1,1,1,0,0,0,0,1
126374163,Centralizzato,"Uptown, Cascina Merlata, Viale Certosa",Ghisolfa - Mac Mahon,45.4941,9.15777,7,650,70,3,1,3,0,0,0,0,1,0,1,0,0,1
114474883,Centralizzato,"Abbiategrasso, Chiesa Rossa",Chiesa Rossa,45.4267,9.17152,6,600,110,4,2,3,0,0,0,0,1,0,0,0,1,0
126969477,Centralizzato,"Bisceglie, Baggio, Olmi",Bisceglie,45.4577,9.10434,4,630,24,3,1,2,0,0,1,1,1,0,1,0,0,0
120457966,Centralizzato,"San Siro, Trenno",San Siro,45.4735,9.134,6,600,75,3,1,1,0,0,1,1,1,0,0,0,0,1
126194087,Centralizzato,"Solari, Washington",Solari,45.4563,9.1706,6,650,70,5,1,3,0,0,1,1,1,0,1,0,0,0
125816789,Centralizzato,"Bicocca, Niguarda",Bignami - Ponale,45.5265,9.2108,5,590,15,4,2,1,0,0,0,1,1,0,0,0,0,1
126559501,Autonomo,"Affori, Bovisa",Affori,45.5104,9.179,5,700,58,3,1,3,0,0,1,0,1,0,0,1,0,0
125580891,Centralizzato,"Abbiategrasso, Chiesa Rossa",Cermenate - Abbiategrasso,45.4363,9.18347,6,650,65,3,1,5,0,0,1,0,1,0,0,1,0,0
120644634,Centralizzato,"Città Studi, Susa",Casoretto,45.4863,9.21838,4,700,120,6,2,5,0,0,1,1,1,0,0,0,0,1
95589058,Centralizzato,"Solari, Washington",Washington,45.4629,9.15474,7,695,16,3,1,4,0,0,0,1,1,0,0,0,0,1
123624463,Centralizzato,"Garibaldi, Moscova, Porta Nuova",Garibaldi - Corso Como,45.485,9.18357,6,610,77,4,1,2,0,0,0,0,1,0,1,0,0,0
122579856,Centralizzato,"Famagosta, Barona",Tre Castelli - Faenza,45.4403,9.13885,6,650,110,5,2,1,0,0,0,1,1,0,0,0,0,1
115052767,Centralizzato,"Famagosta, Barona",Tre Castelli - Faenza,45.4408,9.12914,6,600,30,2,1,2,0,0,0,0,1,0,0,0,0,1
121242812,Centralizzato,"Centrale, Repubblica",Buenos Aires,45.4849,9.20967,6,700,11,3,1,4,0,0,0,1,1,0,1,0,0,0
125282851,Assente,"Cimiano, Crescenzago, Adriano",Cimiano,45.5022,9.2379,14,600,20,3,1,4,0,0,1,0,0,0,1,0,0,0
127341499,Assente,Navigli,Bocconi,45.4501,9.197,21,650,85,3,2,3,0,0,0,0,1,0,0,0,0,0
126823337,Assente,"Porta Romana, Cadore, Montenero",Cadore,45.4585,9.2129,38,650,110,4,2,2,0,0,0,0,1,0,0,0,0,1
127019585,Assente,"Famagosta, Barona",Tre Castelli - Faenza,45.4404,9.1391,11,700,117,5,NA,2,0,0,1,0,1,1,0,0,0,0
124736491,Autonomo,"Udine, Lambrate",Lambrate,45.4829,9.2414,26,650,100,4,1,1,1,0,1,0,0,0,1,0,0,0
124736487,Autonomo,"Udine, Lambrate",Lambrate,45.4829,9.2414,21,650,100,4,1,1,1,0,0,0,0,0,0,0,0,0
115232003,Assente,Navigli,Bocconi,45.4478,9.1898,17,700,14,1,1,4,0,0,1,0,0,1,1,0,0,0
125033853,Assente,"Città Studi, Susa",Città Studi,45.4766,9.2178,40,700,139,4,2,3,0,0,1,0,1,1,0,0,0,1
115378535,Assente,"Bicocca, Niguarda",Bignami - Ponale,45.5265,9.2049,32,650,11,4,1,2,0,0,1,0,1,0,1,0,1,0
127061347,Assente,"Centrale, Repubblica",Repubblica,45.4799,9.20081,20,620,18,6,4,1,0,0,0,0,0,0,0,0,0,0
126787111,Assente,"Centrale, Repubblica",Repubblica,45.4799,9.20081,22,600,18,6,4,1,0,0,0,0,0,0,0,0,0,0
122040750,Assente,"Famagosta, Barona",Famagosta,45.4409,9.171,4,680,58,2,1,1,0,0,0,0,0,1,0,0,0,0
127530506,Assente,"Città Studi, Susa",Città Studi,45.4697,9.2325,15,600,150,6,2,2,0,0,1,0,1,1,1,0,0,1
126449925,Centralizzato,"Famagosta, Barona",Famagosta,45.4373,9.1611,20,650,16,4,2,7,0,0,1,0,1,1,0,0,0,0
126449923,Centralizzato,"Famagosta, Barona",Famagosta,45.4373,9.1611,20,590,14,4,2,7,0,0,1,0,1,1,0,0,0,0
126717421,Assente,"Bicocca, Niguarda",Bruzzano,45.531,9.1719,16,600,40,1,1,6,0,0,0,0,1,1,0,1,0,1
121792160,Assente,"Maggiolina, Istria",Maggiolina,45.4949,9.2025,14,600,15,5,2,1,0,0,1,0,1,0,1,1,1,1
125867487,Assente,"Bicocca, Niguarda",Prato Centenaro,45.5107,9.1944,25,650,11,2,1,2,0,0,0,0,1,1,0,0,1,0
127030421,Centralizzato,"Affori, Bovisa",Dergano,45.5015,9.18078,10,700,70,2,1,0.5,0,0,0,0,1,0,0,1,0,1
125986765,Centralizzato,"Corvetto, Rogoredo",Corvetto,45.4375,9.21865,12,650,16,3,1,1,0,0,1,1,1,0,1,0,0,1
127364641,Assente,"Città Studi, Susa",Città Studi,45.4829,9.21803,10,690,18,1,1,4,0,0,0,0,0,0,0,0,0,0
109752933,Assente,"Città Studi, Susa",Argonne - Corsica,45.4625,9.2311,11,670,100,3,2,5,0,0,1,0,1,1,1,0,0,1
123384859,Assente,"Cimiano, Crescenzago, Adriano",Crescenzago,45.5084,9.2553,19,600,156,5,2,3,0,0,1,0,1,1,0,0,0,0
127525100,Assente,"Famagosta, Barona",Barona,45.4453,9.1565,28,600,35,2,1,3,0,0,1,0,1,1,0,1,1,0
114753557,Centralizzato,"San Siro, Trenno",Gallaratese,45.495,9.12842,6,600,NA,2,1,5,0,0,0,0,1,0,1,0,0,1
120438084,Autonomo,"San Siro, Trenno",Trenno,45.4941,9.10001,20,650,19,3,1,6,0,0,0,1,1,0,0,0,1,1
115080249,Centralizzato,"Napoli, Soderini",Tripoli - Soderini,45.4541,9.14878,6,600,70,2,1,2,0,0,1,1,1,0,1,0,0,1
126291095,Centralizzato,"Fiera, Sempione, City Life, Portello",Monte Rosa - Lotto,45.4847,9.14391,6,700,20,2,1,5,0,0,1,1,1,0,1,0,1,1
113934667,Autonomo,"Cimiano, Crescenzago, Adriano",Ponte Nuovo,45.5061,9.23627,6,600,10,3,2,1,0,0,0,0,1,0,0,0,0,0
121489284,Centralizzato,"Ripamonti, Vigentino",Vigentino - Fatima,45.4293,9.20054,1,650,90,3,1,2,0,0,1,1,1,0,1,0,1,0
121370004,Autonomo,"Uptown, Cascina Merlata, Viale Certosa",Certosa,45.5012,9.13554,6,650,30,2,1,0.5,0,0,0,0,1,0,0,0,1,0
119846100,Centralizzato,"Bicocca, Niguarda",Bignami - Ponale,45.5231,9.20789,6,650,90,3,1,3,0,0,0,0,1,0,1,1,0,0
119892766,Centralizzato,"Bicocca, Niguarda",Bignami - Ponale,45.5235,9.20756,4,600,90,4,1,3,0,0,0,1,1,0,0,1,0,1
103375150,Centralizzato,Centro,Duomo,45.4637,9.18813,8,650,85,3,1,4,0,0,0,1,1,0,1,0,0,0
121449896,Assente,"Bande Nere, Inganni",Lorenteggio,45.4522,9.13771,8,650,92,6,2,9,0,0,0,1,1,0,1,0,1,1
113005375,Centralizzato,"Città Studi, Susa",Città Studi,45.4846,9.21723,5,670,100,3,1,1,0,0,0,0,1,0,0,0,1,0
121611266,Autonomo,"Città Studi, Susa",Città Studi,45.4858,9.23333,6,650,80,3,1,5,0,0,0,1,1,0,0,0,0,0
112799171,Autonomo,"Affori, Bovisa",Affori,45.5122,9.16378,8,700,140,6,2,2,0,0,1,1,1,0,0,0,0,0
110925423,Centralizzato,"Porta Vittoria, Lodi",Lodi - Brenta,45.4413,9.21389,5,600,70,3,1,4,0,0,1,0,1,0,0,1,0,1
121713602,Centralizzato,"San Siro, Trenno",San Siro,45.4682,9.13819,17,700,NA,3,2,3,0,0,0,1,1,0,1,0,1,1
108917595,Centralizzato,"Udine, Lambrate",Lambrate,45.4729,9.24905,8,700,13,3,1,2,0,0,0,0,1,0,0,0,1,1
116447779,Centralizzato,"Bande Nere, Inganni",Inganni,45.4573,9.11996,9,650,25,2,1,6,0,0,1,1,1,0,0,1,0,0
123129443,Centralizzato,"Bande Nere, Inganni",Gambara,45.4615,9.14325,7,650,79,3,2,0,0,0,0,0,1,0,1,0,0,1
102970372,Centralizzato,"Bisceglie, Baggio, Olmi",Quarto Cagnino,45.472,9.11188,10,600,20,6,2,2,0,0,0,1,1,0,0,0,0,1
127006727,Centralizzato,"Precotto, Turro",Gorla,45.508,9.22498,6,610,16,3,1,5,0,0,0,1,1,0,1,0,0,0
124191013,Autonomo,"Famagosta, Barona",Famagosta,45.4396,9.16621,7,600,16,3,2,4,0,0,0,1,1,0,0,1,0,1
122231822,Centralizzato,"Ripamonti, Vigentino",Ripamonti - Fondazione Prada,45.4396,9.19979,11,700,20,6,1,2,0,0,0,1,1,0,1,0,0,1
127299733,Centralizzato,"San Siro, Trenno",Gallaratese,45.4938,9.10827,0,600,50,1,2,0.5,0,0,1,1,1,0,0,1,1,0
124549571,Centralizzato,"Abbiategrasso, Chiesa Rossa",Gratosoglio,45.4151,9.17391,5,600,15,5,2,2,0,0,0,0,1,0,0,0,0,0
121371200,Autonomo,"San Siro, Trenno",San Siro,45.472,9.12062,5,590,8,2,1,2,0,0,0,0,1,0,0,0,0,1
122571966,Centralizzato,"Bisceglie, Baggio, Olmi",Bisceglie,45.4558,9.10578,4,600,NA,4,2,7,0,0,0,1,1,0,0,0,0,0
124872679,Centralizzato,Navigli,Navigli - Darsena,45.4444,9.17593,5,700,14,3,2,1,0,0,0,0,1,0,1,0,0,0
110695973,Centralizzato,"Cenisio, Sarpi, Isola",Cenisio,45.4893,9.16782,5,680,20,5,1,4,0,0,0,1,1,0,1,0,0,0
123074223,Centralizzato,"Famagosta, Barona",Barona,45.4422,9.15435,9,700,17,3,1,0.5,0,0,0,0,1,0,0,0,0,1
121879834,Autonomo,"Pasteur, Rovereto",Pasteur,45.4909,9.21877,5,600,18,3,1,1,0,0,1,1,1,0,0,0,0,0
126723485,Autonomo,"Abbiategrasso, Chiesa Rossa",Gratosoglio,45.4173,9.17391,5,600,110,2,1,7,0,0,1,1,1,0,0,0,0,1
117346253,Centralizzato,"Città Studi, Susa",Plebisciti - Susa,45.4675,9.22335,7,650,80,2,1,1,0,0,0,0,1,0,1,1,0,1
105468977,Centralizzato,"San Siro, Trenno",San Siro,45.474,9.14305,5,690,30,2,1,5,0,0,1,0,1,0,1,0,0,0
117616871,Centralizzato,"Famagosta, Barona",Famagosta,45.4418,9.17233,5,624,60,3,1,6,0,0,0,1,1,0,1,0,0,0
110589117,Centralizzato,"Affori, Bovisa",Vialba,45.5157,9.14482,4,600,15,2,1,5,0,0,0,0,1,0,0,0,0,0
105932573,Centralizzato,"Affori, Bovisa",Quarto Oggiaro,45.5127,9.14236,11,650,16,5,1,7,0,0,0,1,1,0,1,0,0,1
118070285,Assente,"Famagosta, Barona",Famagosta,45.4374,9.16609,5,700,15,2,1,3,0,0,0,1,1,0,1,0,1,0
111047043,Centralizzato,"Udine, Lambrate",Parco Lambro,45.4921,9.24432,3,633,8,4,2,4,0,0,0,0,1,0,1,0,0,1
119355293,Centralizzato,"Uptown, Cascina Merlata, Viale Certosa",Certosa,45.4931,9.15137,6,630,13,4,1,4,0,0,0,1,1,0,0,0,0,1
110062955,Centralizzato,"Porta Vittoria, Lodi",Martini - Insubria,45.4506,9.22003,7,625,NA,3,1,4,0,0,1,0,1,0,1,0,0,0
123682543,Autonomo,"Famagosta, Barona",Tre Castelli - Faenza,45.4439,9.14226,4,600,75,4,1,0.5,0,0,0,0,1,0,0,0,1,0
125019933,Centralizzato,"Abbiategrasso, Chiesa Rossa",Pezzotti - Meda,45.438,9.18035,6,600,NA,4,2,0.5,0,0,0,1,1,0,1,0,0,0
120746852,Centralizzato,"Uptown, Cascina Merlata, Viale Certosa",Certosa,45.4957,9.14592,6,700,16,2,1,4,0,0,1,0,0,0,1,0,0,0
114725021,Centralizzato,"Fiera, Sempione, City Life, Portello",Sempione,45.4832,9.15466,7,600,14,2,1,7,0,0,0,1,1,0,1,0,1,0
125372391,Centralizzato,Forlanini,Quartiere Forlanini,45.4584,9.24199,4,600,115,3,1,1,0,0,1,1,1,0,0,0,0,0
110227025,Centralizzato,"Cimiano, Crescenzago, Adriano",Cimiano,45.4995,9.23648,13,700,80,3,1,2,0,0,1,0,1,0,0,0,0,1
126571175,Autonomo,"Città Studi, Susa",Città Studi,45.482,9.22015,9,600,240,4,2,-1,0,0,0,0,1,0,1,0,0,1
126384705,Centralizzato,"Uptown, Cascina Merlata, Viale Certosa",Certosa,45.5009,9.14524,9,650,20,NA,NA,5,0,0,1,0,1,0,1,0,0,1
114349577,Centralizzato,"Cimiano, Crescenzago, Adriano",Cimiano,45.5005,9.22975,4,690,150,5,2,2,0,0,0,0,1,0,1,0,0,1
123224761,Centralizzato,"Bicocca, Niguarda",Prato Centenaro,45.5083,9.19707,7,650,115,5,2,6,0,0,0,1,1,0,1,0,0,1
76319584,Assente,"Cenisio, Sarpi, Isola",Farini,45.497,9.18631,13,700,NA,2,1,4,0,1,1,1,1,0,0,0,0,0
119745596,Centralizzato,"Porta Vittoria, Lodi",Bologna - Sulmona,45.4436,9.22518,9,590,80,3,1,6,0,0,1,1,1,0,0,0,0,0
122300768,Autonomo,Navigli,Ascanio Sforza,45.4458,9.17736,20,700,100,3,1,4,0,0,1,0,1,0,0,0,0,0
126477313,Centralizzato,"Cimiano, Crescenzago, Adriano",Cimiano,45.4992,9.24008,11,650,15,4,1,3,0,0,0,0,1,0,1,0,1,1
122516418,Centralizzato,"Corvetto, Rogoredo",Corvetto,45.4371,9.21161,4,635,NA,3,1,4,0,0,0,1,1,0,0,0,0,0
120878016,Centralizzato,"Famagosta, Barona",Tre Castelli - Faenza,45.441,9.12969,5,600,20,2,1,1,0,0,1,1,1,0,1,0,0,0
114452857,Centralizzato,"Famagosta, Barona",Tre Castelli - Faenza,45.4402,9.13718,4,650,120,6,1,9,0,0,0,0,1,0,0,0,1,1
126207469,Autonomo,"Abbiategrasso, Chiesa Rossa",Pezzotti - Meda,45.4392,9.17863,5,600,60,1,1,3,0,0,1,1,1,0,0,0,0,0
96229014,Autonomo,"Abbiategrasso, Chiesa Rossa",Pezzotti - Meda,45.4417,9.18149,3,600,60,3,1,0,0,0,0,0,1,0,0,0,1,1
114961007,Autonomo,"Cenisio, Sarpi, Isola",Farini,45.4933,9.18448,10,700,65,2,1,1,0,0,0,0,1,0,1,0,0,1
123093123,Centralizzato,"Cenisio, Sarpi, Isola",Farini,45.4965,9.17347,8,600,20,NA,1,0.5,0,0,0,1,1,0,1,0,0,0
123748617,Centralizzato,"Pasteur, Rovereto",Parco Trotter,45.4918,9.2271,8,670,20,3,1,3,0,0,1,1,1,0,1,0,0,1
110959317,Centralizzato,"Città Studi, Susa",Argonne - Corsica,45.4651,9.22999,9,650,NA,2,1,2,0,0,0,1,1,0,1,0,0,0
119118401,Centralizzato,"San Siro, Trenno",Gallaratese,45.5009,9.10499,14,630,90,3,1,5,0,0,1,1,1,0,1,0,0,0
110214115,Centralizzato,"Bande Nere, Inganni",Piazzale Siena,45.4674,9.13237,5,650,14,3,1,7,0,0,1,1,1,0,1,0,0,0
120467896,Centralizzato,"Uptown, Cascina Merlata, Viale Certosa",Certosa,45.4962,9.15299,5,650,110,5,1,3,0,0,0,1,1,0,1,0,0,1
118170887,Autonomo,"Affori, Bovisa",Bovisa,45.4981,9.16982,16,700,NA,NA,NA,4,0,0,1,0,1,0,0,0,0,1
123460375,Centralizzato,"Precotto, Turro",Villa San Giovanni,45.5205,9.22613,5,650,NA,3,2,3,0,0,0,1,1,0,0,0,0,1
126947139,Centralizzato,"Città Studi, Susa",Città Studi,45.486,9.21681,6,600,NA,3,1,7,0,0,1,0,1,0,1,0,0,0
112082821,Centralizzato,"Uptown, Cascina Merlata, Viale Certosa",Certosa,45.4962,9.15299,5,650,NA,2,1,3,0,0,0,0,1,0,1,0,0,1
117268441,Centralizzato,"San Siro, Trenno",Monte Stella,45.4855,9.14385,5,700,18,2,1,5,0,0,1,1,1,0,1,0,1,1
88083863,Centralizzato,"Affori, Bovisa",Bovisa,45.4965,9.1552,11,700,NA,4,2,1,0,1,1,1,1,0,1,0,1,1
127241045,Centralizzato,"Affori, Bovisa",Bovisa,45.499,9.16839,5,635,25,3,1,1,0,0,1,0,1,0,1,1,0,1
118152583,Autonomo,"San Siro, Trenno",San Carlo,45.4609,9.10908,5,700,60,2,1,1,0,0,0,1,1,0,0,0,0,0
103907381,Autonomo,"San Siro, Trenno",San Carlo,45.4717,9.11595,5,600,120,5,1,5,0,0,0,1,1,0,0,0,0,0
112467449,Centralizzato,"Centrale, Repubblica",Buenos Aires,45.4849,9.20961,6,700,80,6,1,4,0,0,0,0,1,0,1,0,0,0
127573102,Centralizzato,"Cimiano, Crescenzago, Adriano",Ponte Nuovo,45.5109,9.24493,6,650,15,3,1,3,0,0,1,1,1,0,1,0,1,1
126379047,Centralizzato,"Centrale, Repubblica",Morgagni,45.4763,9.217,4,700,92,2,1,4,0,0,0,1,1,0,0,0,0,1
124352885,Centralizzato,"Napoli, Soderini",Piazza Napoli,45.4538,9.15216,4,700,20,4,1,1,0,0,1,1,1,0,1,0,1,1
122798510,Centralizzato,"Genova, Ticinese",Ticinese,45.4529,9.18618,3,700,20,4,2,4,0,0,0,0,1,0,1,0,0,0
126742239,Autonomo,"Città Studi, Susa",Città Studi,45.4684,9.22908,0,700,45,2,1,4,0,0,1,0,0,0,0,0,0,0
122047226,Centralizzato,"Affori, Bovisa",Roserio,45.5182,9.13218,5,650,20,1,2,2,0,0,1,0,1,0,0,0,1,0
125815569,Centralizzato,"Precotto, Turro",Turro,45.5011,9.22125,4,650,20,2,1,4,0,0,0,1,1,0,1,0,0,0
114211411,Centralizzato,"Precotto, Turro",Turro,45.4994,9.22084,4,680,20,4,1,3,0,0,1,1,1,0,1,0,0,0
115269371,Autonomo,"Affori, Bovisa",Quarto Oggiaro,45.5083,9.13432,7,600,69,2,1,2,0,0,1,0,1,0,0,0,0,0
99655086,Autonomo,"Porta Vittoria, Lodi",Martini - Insubria,45.451,9.21882,5,700,14,3,2,5,0,0,0,1,1,0,1,1,1,1
125416819,Centralizzato,"Ripamonti, Vigentino",Ripamonti - Fondazione Prada,45.4396,9.19548,5,600,20,3,1,1,0,0,1,1,1,0,1,0,0,0
123084677,Autonomo,"Ripamonti, Vigentino",Ripamonti - Fondazione Prada,45.4425,9.19179,6,600,120,5,2,2,0,0,0,1,1,0,1,0,0,0
104631659,Assente,"Famagosta, Barona",Famagosta,45.4368,9.16242,8,600,NA,4,1,1,0,0,0,1,1,0,0,0,0,1
101487681,Centralizzato,"Famagosta, Barona",Famagosta,45.437,9.16207,9,700,90,5,1,1,0,0,0,1,1,0,0,0,1,1
122815196,Centralizzato,"San Siro, Trenno",Gallaratese,45.5001,9.10447,6,620,110,3,1,12,0,0,0,1,1,0,0,0,0,0
114489909,Autonomo,"Maggiolina, Istria",Maggiolina,45.5013,9.19835,8,700,120,4,1,4,0,0,1,0,1,0,1,0,0,0
123983041,Centralizzato,"Cenisio, Sarpi, Isola",Zara,45.4933,9.19417,7,620,20,NA,NA,3,0,0,1,0,1,0,0,0,0,0
127252333,Autonomo,"Uptown, Cascina Merlata, Viale Certosa",Certosa,45.4954,9.1516,3,600,100,3,1,3,0,0,0,0,1,0,1,0,0,1
126258741,Centralizzato,"Ripamonti, Vigentino",Vigentino - Fatima,45.4289,9.20276,5,595,14,2,1,3,0,0,1,1,1,0,1,0,1,0
123115881,Assente,"Bande Nere, Inganni",Primaticcio,45.458,9.12962,2,650,110,6,2,1,0,0,1,1,1,0,0,0,1,0
119332581,Autonomo,"Famagosta, Barona",Tre Castelli - Faenza,45.4408,9.14487,8,700,50,3,1,2,0,0,0,0,1,0,1,1,0,0
118325819,Centralizzato,"Corvetto, Rogoredo",Corvetto,45.4387,9.22711,8,650,20,4,1,3,0,0,0,0,1,0,1,0,0,0
114654019,Centralizzato,"Bicocca, Niguarda",Niguarda,45.5148,9.18351,4,610,25,5,2,0,0,0,0,0,1,0,0,0,1,1
122176332,Centralizzato,"Pasteur, Rovereto",Pasteur,45.4892,9.21068,5,700,28,3,1,3,0,0,0,1,1,0,0,0,0,1
123523223,Centralizzato,"Cimiano, Crescenzago, Adriano",Crescenzago,45.5045,9.24087,8,690,20,2,1,7,0,0,1,0,1,0,1,0,0,1
121043186,Centralizzato,"Maggiolina, Istria",Maggiolina,45.5023,9.1984,9,700,NA,6,3,2,0,0,1,1,1,0,1,0,0,0
125098113,Autonomo,Centro,Brera,45.4698,9.18506,4,600,20,3,1,2,0,0,0,0,1,0,0,0,0,0
120958270,Centralizzato,Navigli,Navigli - Darsena,45.4444,9.17593,4,700,16,3,2,1,0,0,0,1,1,0,1,0,0,0
122678866,Centralizzato,"Affori, Bovisa",Bovisa,45.4982,9.17047,11,600,20,NA,NA,2,0,0,0,0,1,0,0,0,0,1
125779909,Autonomo,"Cenisio, Sarpi, Isola",Farini,45.4974,9.18568,3,650,30,6,2,5,0,0,0,0,1,0,1,0,0,1
120745886,Centralizzato,"Ripamonti, Vigentino",Ripamonti - Fondazione Prada,45.444,9.21477,3,600,57,2,1,3,0,0,0,1,1,0,1,0,0,0
110134027,Centralizzato,"Città Studi, Susa",Argonne - Corsica,45.4657,9.23277,3,680,16,5,1,7,0,0,1,0,1,0,1,1,0,1
126801707,Autonomo,"San Siro, Trenno",San Siro,45.4685,9.13565,3,650,20,4,1,0.5,0,0,0,0,1,0,0,1,0,0
121805560,Centralizzato,"Cimiano, Crescenzago, Adriano",Cimiano,45.4958,9.23867,12,650,15,NA,NA,1,0,0,0,0,1,0,0,0,0,0
125873209,Centralizzato,"Uptown, Cascina Merlata, Viale Certosa",Certosa,45.4941,9.13685,3,600,140,4,2,2,0,0,1,1,1,0,0,1,0,1
125101361,Assente,"Cenisio, Sarpi, Isola",Paolo Sarpi,45.4815,9.17035,7,700,25,2,1,1,0,0,1,0,0,0,0,0,0,0
118792123,Centralizzato,"Maggiolina, Istria",Cascina dei Pomi,45.4985,9.2086,2,620,16,6,3,7,0,0,1,1,1,0,0,0,1,0
114464535,Centralizzato,"Pasteur, Rovereto",Parco Trotter,45.4909,9.22456,13,700,NA,NA,NA,2,0,0,0,1,1,0,1,0,0,1
122498006,Centralizzato,"Abbiategrasso, Chiesa Rossa",Pezzotti - Meda,45.4427,9.17606,8,600,45,1,1,1,0,0,0,1,1,0,1,0,1,0
119057253,Centralizzato,"Affori, Bovisa",Comasina,45.5267,9.16543,7,650,20,6,1,1,0,0,0,1,1,0,1,0,1,0
124173747,Centralizzato,"Maggiolina, Istria",Maggiolina,45.5007,9.19881,7,610,20,3,1,3,0,0,1,0,1,0,0,0,0,0
125988715,Centralizzato,"Bicocca, Niguarda",Niguarda,45.5163,9.18996,12,650,20,5,2,2,0,0,1,0,1,0,1,0,0,1
118189265,Centralizzato,"Città Studi, Susa",Città Studi,45.4696,9.23131,6,600,68,1,1,1,0,0,1,0,1,0,1,0,0,0
122628826,Centralizzato,"Bande Nere, Inganni",Piazzale Siena,45.4652,9.12885,2,650,12,4,2,5,0,0,0,1,1,0,0,0,0,0
123860527,Centralizzato,"Famagosta, Barona",Giambellino,45.4528,9.14744,8,600,16,4,2,4,0,0,1,1,1,0,1,0,0,0
125723827,Centralizzato,"Cenisio, Sarpi, Isola",Cenisio,45.4923,9.1657,7,650,19,NA,NA,1,0,0,0,1,1,0,0,0,0,0
127125729,Centralizzato,"Affori, Bovisa",Bovisa,45.4995,9.16693,2,700,25,3,1,3,0,0,1,0,1,0,0,1,0,1
119098693,Centralizzato,"Ripamonti, Vigentino",Ripamonti - Fondazione Prada,45.444,9.19332,3,660,NA,4,1,2,0,0,0,0,1,0,1,0,0,1
127135235,Centralizzato,"San Siro, Trenno",Gallaratese,45.4974,9.1074,6,590,12,6,3,4,0,0,0,0,1,0,0,0,0,1
127074821,Centralizzato,"Bande Nere, Inganni",Piazzale Siena,45.4652,9.13212,3,690,NA,5,2,2,0,0,0,0,1,0,0,0,0,1
122163520,Autonomo,"Affori, Bovisa",Bovisasca,45.5165,9.15421,6,600,75,4,1,0,0,0,1,0,1,0,0,0,1,0
114593661,Centralizzato,"Abbiategrasso, Chiesa Rossa",Chiesa Rossa,45.4284,9.17472,7,690,50,5,2,1,0,0,1,0,1,0,0,0,0,1
126965497,Centralizzato,"Famagosta, Barona",Tre Castelli - Faenza,45.4369,9.14852,2,660,20,3,1,1,0,0,1,0,1,0,0,1,0,1
119427595,Centralizzato,"Ripamonti, Vigentino",Ripamonti - Fondazione Prada,45.439,9.19591,11,600,25,NA,NA,2,0,0,1,0,1,0,1,0,1,1
120031624,Autonomo,"Abbiategrasso, Chiesa Rossa",Pezzotti - Meda,45.4411,9.18145,1,600,60,5,1,0,0,0,0,0,1,0,0,0,1,0
120832222,Autonomo,"Bande Nere, Inganni",Piazzale Siena,45.4631,9.12859,5,650,40,4,1,1,0,0,1,0,1,0,0,0,0,1
108718781,Autonomo,"Cenisio, Sarpi, Isola",Farini,45.4962,9.17022,3,600,25,2,2,2,0,0,1,0,1,0,0,0,0,1
126547415,Centralizzato,"San Siro, Trenno",Gallaratese,45.4935,9.11154,2,600,110,5,1,1,0,0,1,0,1,0,0,0,0,0
103821869,Autonomo,"Abbiategrasso, Chiesa Rossa",Pezzotti - Meda,45.4435,9.18103,4,700,20,2,1,1,0,0,0,1,1,0,0,0,0,0
114738383,Centralizzato,"Famagosta, Barona",Cantalupa - San Paolo,45.435,9.17135,3,650,20,6,2,6,0,0,1,1,1,0,1,0,0,1
123973955,Centralizzato,"Città Studi, Susa",Città Studi,45.4815,9.23526,4,700,17,2,1,0.5,0,0,1,1,1,0,0,0,0,0
122437158,Assente,"Uptown, Cascina Merlata, Viale Certosa",Ghisolfa - Mac Mahon,45.4924,9.15484,2,680,70,2,1,3,0,0,1,0,0,0,0,0,0,0
122951384,Centralizzato,"Bicocca, Niguarda",Bignami - Ponale,45.526,9.20946,7,700,NA,NA,NA,6,0,0,1,0,0,0,0,0,0,0
113034265,Centralizzato,"Famagosta, Barona",Barona,45.4422,9.15483,7,650,12,3,1,2,0,0,1,0,1,0,1,0,0,1
125510571,Centralizzato,"Abbiategrasso, Chiesa Rossa",Pezzotti - Meda,45.4405,9.18328,5,700,9,1,1,1,0,0,1,1,1,0,0,0,0,0
122666554,Centralizzato,"Affori, Bovisa",Dergano,45.4978,9.17358,5,700,10,4,2,4,0,0,0,1,1,0,1,0,1,0
127291097,Centralizzato,"Cimiano, Crescenzago, Adriano",Crescenzago,45.5108,9.25282,5,600,65,2,1,0.5,0,0,0,0,1,0,1,0,1,1
114058705,Centralizzato,"Ripamonti, Vigentino",Vigentino - Fatima,45.4358,9.20052,9,650,29,NA,NA,3,0,0,1,0,1,0,0,0,1,1
122951460,Autonomo,"Cimiano, Crescenzago, Adriano",Quartiere Adriano,45.5136,9.23666,5,650,110,3,1,4,0,0,1,0,1,0,0,1,0,0
127159477,Centralizzato,"Bande Nere, Inganni",Inganni,45.4566,9.11853,8,650,NA,NA,1,6,0,0,1,1,1,0,0,0,0,0
123093989,Centralizzato,"Bicocca, Niguarda",Ca' Granda,45.5069,9.19956,2,680,12,6,2,4,0,0,0,0,1,0,0,0,0,0
112990193,Autonomo,"Abbiategrasso, Chiesa Rossa",Pezzotti - Meda,45.4381,9.17593,7,625,20,NA,NA,2,0,0,1,0,1,0,0,0,0,1
74625460,Autonomo,"Abbiategrasso, Chiesa Rossa",Pezzotti - Meda,45.4435,9.18103,5,650,15,2,1,1,0,1,0,0,1,0,0,0,0,0
118013885,Centralizzato,"Cimiano, Crescenzago, Adriano",Cimiano,45.501,9.24187,5,680,20,2,1,1,0,0,0,1,1,0,1,0,0,0
112427977,Centralizzato,"Maggiolina, Istria",Maggiolina,45.4964,9.20109,6,600,25,NA,NA,5,0,0,1,1,1,0,1,1,1,0
125733623,Assente,"Cimiano, Crescenzago, Adriano",Cimiano,45.5074,9.24471,2,600,60,2,1,1,0,0,1,0,1,0,1,0,0,0
124272943,Centralizzato,"Cimiano, Crescenzago, Adriano",Crescenzago,45.5097,9.25154,2,590,55,6,2,1,0,0,1,0,1,0,0,0,0,1
116193241,Centralizzato,"Bicocca, Niguarda",Ca' Granda,45.5069,9.19956,3,600,15,5,2,8,0,0,0,0,1,0,1,0,0,1
124973101,Autonomo,"Fiera, Sempione, City Life, Portello",Sempione,45.4836,9.15963,4,700,NA,6,2,4,0,0,1,1,0,0,1,0,1,0
110474025,Centralizzato,"Fiera, Sempione, City Life, Portello",Sempione,45.4868,9.15907,7,700,50,NA,NA,2,0,0,1,0,1,0,0,0,0,0
114071975,Centralizzato,"Affori, Bovisa",Dergano,45.5024,9.17503,2,600,60,2,1,2,0,0,1,1,1,0,1,0,1,0
119018715,Autonomo,"Pasteur, Rovereto",Pasteur,45.4893,9.21371,6,650,70,NA,NA,4,0,0,0,0,1,0,0,0,0,1
126267623,Centralizzato,"Cimiano, Crescenzago, Adriano",Cimiano,45.4992,9.24008,1,600,15,2,1,1,0,0,1,0,1,0,1,0,0,0
124684247,Centralizzato,"Bicocca, Niguarda",Niguarda,45.5164,9.20168,6,700,15,2,2,7,0,0,1,1,1,0,1,0,0,1
118685451,Centralizzato,"Bicocca, Niguarda",Bicocca,45.5134,9.20501,4,670,100,4,2,0,0,0,0,1,1,0,1,1,0,0
120833730,Centralizzato,"Affori, Bovisa",Affori,45.5107,9.17155,5,650,180,6,2,6,0,0,1,0,1,0,1,1,0,0
127252603,Centralizzato,"Famagosta, Barona",Barona,45.4407,9.15466,5,600,20,NA,NA,1,0,0,1,0,1,0,1,0,0,1
121762306,Centralizzato,"Napoli, Soderini",Piazza Napoli,45.4521,9.15073,6,680,15,NA,NA,3,0,0,0,0,1,0,1,0,0,1
122084980,Centralizzato,"Solari, Washington",Washington,45.4628,9.15323,1,700,15,3,1,3,0,0,0,0,0,0,0,0,0,0
114260519,Centralizzato,"Cimiano, Crescenzago, Adriano",Crescenzago,45.5042,9.24039,0,600,55,2,1,3,0,0,0,0,1,0,1,0,0,0
127105389,Centralizzato,"Ripamonti, Vigentino",Ripamonti - Fondazione Prada,45.4462,9.19283,1,650,20,2,1,1,0,0,1,1,1,0,1,0,1,1
124048519,Centralizzato,"San Siro, Trenno",Gallaratese,45.4974,9.10347,0,700,18,2,1,4,0,0,1,1,1,0,0,0,1,0
120179006,Autonomo,"Abbiategrasso, Chiesa Rossa",Pezzotti - Meda,45.4394,9.18221,0,670,30,6,1,2,0,0,1,0,1,0,0,0,1,0
124974917,Centralizzato,Forlanini,Quartiere Forlanini,45.4561,9.24403,0,700,70,5,1,0.5,0,0,1,0,1,0,1,0,0,1
113010463,Centralizzato,"Città Studi, Susa",Città Studi,45.4807,9.22637,0,639,NA,6,NA,3,0,0,0,1,1,0,1,0,0,1
122558604,Centralizzato,"Precotto, Turro",Gorla,45.5051,9.22494,2,600,16,3,1,4,0,0,0,0,1,0,0,0,0,1
125275777,Centralizzato,"Precotto, Turro",Turro,45.5067,9.2454,7,600,20,NA,1,4,0,0,0,0,1,0,1,0,0,0
126632873,Centralizzato,"Bicocca, Niguarda",Bignami - Ponale,45.5249,9.20657,8,680,20,NA,NA,1,0,0,1,0,1,0,1,0,1,0
119355357,Centralizzato,"Ripamonti, Vigentino",Vigentino - Fatima,45.4359,9.19553,1,700,NA,3,2,2,0,0,1,0,1,0,0,1,0,1
126646059,Centralizzato,"Bicocca, Niguarda",Bicocca,45.5085,9.21399,3,600,10,2,1,1,0,0,0,0,0,0,0,0,0,0
127313793,Centralizzato,"Udine, Lambrate",Lambrate,45.4862,9.24249,4,650,NA,NA,NA,8,0,0,1,0,1,0,0,0,0,0
90942158,Centralizzato,Navigli,Corso San Gottardo,45.4478,9.18616,2,650,14,5,2,1,0,1,0,1,1,0,0,0,0,0
125228053,Centralizzato,"Affori, Bovisa",Dergano,45.5036,9.18753,6,700,20,NA,NA,2,0,0,1,1,1,0,1,0,0,0
126268217,Centralizzato,"Città Studi, Susa",Città Studi,45.4757,9.22439,3,650,NA,NA,NA,2,0,0,0,0,0,0,1,0,0,0
121845372,Centralizzato,"Abbiategrasso, Chiesa Rossa",Cermenate - Abbiategrasso,45.4362,9.17906,0,650,20,2,1,1,0,0,1,1,1,0,1,0,1,0
120548886,Centralizzato,"Ripamonti, Vigentino",Ripamonti - Fondazione Prada,45.4383,9.19574,0,650,15,4,1,2,0,0,1,0,0,0,0,0,0,0
114544857,Centralizzato,"Abbiategrasso, Chiesa Rossa",Pezzotti - Meda,45.441,9.18614,0,650,175,6,3,7,0,0,1,1,1,0,1,0,1,0
86495062,Assente,"Abbiategrasso, Chiesa Rossa",Pezzotti - Meda,45.441,9.18266,6,650,NA,NA,NA,NA,NA,1,1,0,0,0,0,0,0,0
93956400,Centralizzato,"Città Studi, Susa",Città Studi,45.4693,9.22474,5,650,15,NA,NA,6,0,0,0,1,1,0,0,1,0,0
111637717,Centralizzato,"San Siro, Trenno",Gallaratese,45.5014,9.11513,4,650,5,NA,NA,5,0,0,1,0,1,0,1,0,0,0
121038370,Autonomo,"Abbiategrasso, Chiesa Rossa",Cermenate - Abbiategrasso,45.4313,9.17265,2,600,10,4,1,3,0,0,0,0,1,0,0,0,0,1
127021551,Centralizzato,"Precotto, Turro",Turro,45.5011,9.22125,0,667,90,3,1,4,0,0,1,1,1,0,1,0,0,0
122616668,Centralizzato,"Abbiategrasso, Chiesa Rossa",Cermenate - Abbiategrasso,45.4313,9.17975,0,700,NA,NA,1,3,0,0,0,0,1,0,1,0,0,0
108968973,Centralizzato,"Solari, Washington",Solari,45.4558,9.16513,0,700,10,3,1,4,0,0,0,0,1,0,1,0,0,1
118836965,Centralizzato,"Abbiategrasso, Chiesa Rossa",Chiesa Rossa,45.4292,9.17734,0,650,18,6,1,4,0,0,1,1,1,0,0,0,1,0
78813599,Assente,"Porta Venezia, Indipendenza",Indipendenza,45.4702,9.21434,3,650,NA,1,1,4,0,1,1,1,1,0,0,0,0,0
127070817,Centralizzato,"Affori, Bovisa",Affori,45.5152,9.17738,2,700,12,4,1,1,0,0,0,1,1,0,0,0,0,0
117294665,Centralizzato,"Precotto, Turro",Turro,45.5024,9.22141,0,650,95,3,1,1,0,0,1,0,1,0,1,0,0,1
111801097,Centralizzato,Navigli,Ascanio Sforza,45.4453,9.1767,1,650,20,4,1,1,0,0,0,1,0,0,0,0,0,0
99815550,Centralizzato,"Ripamonti, Vigentino",Vigentino - Fatima,45.4279,9.20618,4,600,20,NA,NA,3,0,0,1,1,0,0,0,0,0,0
122528728,Centralizzato,"Porta Vittoria, Lodi",Martini - Insubria,45.4558,9.21991,1,700,110,4,1,-4,0,0,0,0,1,0,1,0,0,1
122005106,Centralizzato,"Cenisio, Sarpi, Isola",Cenisio,45.4886,9.16901,0,600,20,4,1,2,0,0,1,0,1,0,1,0,0,0
126874399,Centralizzato,"Ripamonti, Vigentino",Vigentino - Fatima,45.4278,9.20617,0,700,NA,2,1,0.5,0,0,1,1,1,0,1,0,1,1
125585077,Centralizzato,"Affori, Bovisa",Dergano,45.5036,9.18753,0,650,80,3,1,3,0,0,1,1,1,0,1,0,1,0
86722380,Assente,"Porta Vittoria, Lodi",Lodi - Brenta,45.4499,9.21984,5,600,NA,NA,NA,NA,NA,1,1,0,0,0,0,0,0,0
122763906,Centralizzato,"Uptown, Cascina Merlata, Viale Certosa",Certosa,45.4959,9.14327,1,700,110,4,1,0,0,0,0,0,1,0,1,0,0,1
125878079,Centralizzato,"Arco della Pace, Arena, Pagano",Arco della Pace,45.476,9.16836,3,600,18,NA,NA,5,0,0,0,0,0,0,0,0,0,0
112427975,Centralizzato,"Cenisio, Sarpi, Isola",Cenisio,45.4888,9.15994,0,650,110,2,1,3,0,0,1,0,0,0,1,0,0,0
127062723,Centralizzato,"Città Studi, Susa",Città Studi,45.4716,9.2349,3,650,25,3,2,0.5,0,0,0,0,1,0,0,0,0,0
126745853,Centralizzato,"Famagosta, Barona",Famagosta,45.4439,9.18232,0,590,NA,4,1,3,0,0,1,1,1,0,1,0,0,0
126416911,Centralizzato,"Città Studi, Susa",Città Studi,45.4727,9.23239,1,670,15,NA,NA,4,0,0,0,0,1,0,0,0,0,1
122436460,Centralizzato,"Città Studi, Susa",Città Studi,45.4856,9.23495,0,700,70,3,1,4,0,0,1,1,1,0,0,0,0,1
126430495,Centralizzato,"Cenisio, Sarpi, Isola",Cenisio,45.4888,9.16924,0,600,16,5,1,2,0,0,0,1,1,0,1,0,0,0
117116301,Centralizzato,"Uptown, Cascina Merlata, Viale Certosa",Certosa,45.4932,9.15158,3,695,80,NA,NA,4,0,0,0,0,1,0,0,0,0,1
127226497,Assente,"Affori, Bovisa",Bovisa,45.5,9.1507,18,600,100,4,1,1,0,0,1,0,1,0,0,0,0,0
125068387,Assente,"Città Studi, Susa",Argonne - Corsica,45.4642,9.2282,10,600,15,4,2,0,0,0,0,0,1,0,0,0,0,0
127285851,Assente,"Napoli, Soderini",Piazza Napoli,45.4535,9.1521,11,670,85,4,1,8,0,0,1,0,1,0,1,0,0,0
127065645,Assente,"Centrale, Repubblica",Buenos Aires,45.4837,9.2127,20,600,100,4,1,1,0,0,1,0,0,0,1,0,0,0
121255752,Assente,"Uptown, Cascina Merlata, Viale Certosa",Certosa,45.5023,9.1416,13,600,130,5,2,3,0,0,0,0,1,0,0,0,0,1
114458497,Assente,"Precotto, Turro",Turro,45.5016,9.2215,41,700,80,3,1,4,0,0,1,0,1,1,0,0,0,1
118041683,Assente,"Porta Romana, Cadore, Montenero",Porta Romana - Medaglie d'Oro,45.4486,9.2088,32,700,85,3,1,4,0,0,0,0,1,1,0,0,0,1
126491775,Assente,"Abbiategrasso, Chiesa Rossa",Chiesa Rossa,45.4338,9.1853,23,590,70,3,1,4,0,0,1,0,1,1,1,0,0,1
123046745,Assente,"Udine, Lambrate",Quartiere Feltre,45.491,9.2454,13,620,90,3,1,9,0,0,1,0,1,0,0,0,0,0
125603975,Assente,"Famagosta, Barona",Giambellino,45.4509,9.1427,17,700,20,2,1,1,0,0,1,0,1,1,1,0,0,0
125717965,Assente,"Maggiolina, Istria",Maggiolina,45.4945,9.2065,17,600,85,3,1,1,0,0,1,0,1,1,1,0,0,0
122852676,Assente,"Solari, Washington",Solari,45.4523,9.1588,13,600,80,4,1,1,0,0,0,0,1,1,1,0,1,0
127598646,Assente,"Pasteur, Rovereto",Pasteur,45.4897,9.2161,21,650,90,4,1,1,0,0,1,0,1,1,1,0,0,1
125265919,Assente,"Città Studi, Susa",Argonne - Corsica,45.464,9.23,15,600,12,4,1,4,0,0,1,0,1,1,1,0,0,1
114857925,Centralizzato,"Affori, Bovisa",Bovisa,45.5037,9.16158,20,650,18,6,2,0,0,0,0,1,1,0,0,0,1,1
127437832,Assente,"Città Studi, Susa",Argonne - Corsica,45.4677,9.231,23,670,140,5,2,7,0,0,1,0,1,1,1,0,1,1
101628643,Assente,"Città Studi, Susa",Argonne - Corsica,45.4671,9.2336,28,610,90,3,1,0.5,0,0,1,0,1,1,0,0,0,1
126478863,Assente,"Porta Vittoria, Lodi",Lodi - Brenta,45.4432,9.2172,13,650,67,3,1,2,0,0,0,0,1,0,1,0,0,0
98209254,Assente,Navigli,Ascanio Sforza,45.4467,9.1788,23,700,22,4,1,3,0,0,1,0,1,0,0,0,0,1
127598570,Assente,"Pasteur, Rovereto",Pasteur,45.4897,9.2161,24,650,90,4,1,1,0,0,1,0,1,1,1,0,0,1
124895987,Assente,"Solari, Washington",Solari,45.452,9.1581,13,700,80,4,1,1,0,0,0,0,1,1,1,0,1,0
127615878,Assente,"Famagosta, Barona",Famagosta,45.437,9.1594,26,650,75,3,1,1,0,0,1,0,1,1,1,0,1,0
127101837,Assente,"Pasteur, Rovereto",Pasteur,45.4893,9.2137,11,650,90,4,1,5,0,0,1,0,1,0,0,0,0,0
127254203,Assente,"Solari, Washington",Solari,45.4556,9.1552,17,625,17,3,1,2,0,0,0,0,0,0,0,0,0,0
126418389,Assente,"Uptown, Cascina Merlata, Viale Certosa",Musocco,45.5022,9.1252,12,700,45,2,2,0,0,0,0,0,1,1,0,0,0,0
127536862,Centralizzato,"Città Studi, Susa",Città Studi,45.4712,9.22749,8,650,80,5,1,0.5,0,0,0,1,0,0,0,0,0,1
127536560,Centralizzato,Forlanini,Quartiere Forlanini,45.4577,9.24722,12,600,15,4,2,3,0,0,0,1,1,0,1,0,0,1
127528192,Autonomo,"San Siro, Trenno",San Siro,45.4752,9.14317,4,700,120,2,1,4,0,0,0,1,1,0,1,0,0,1
127508978,Centralizzato,"Famagosta, Barona",Cantalupa - San Paolo,45.436,9.17185,8,600,15,4,1,2,0,0,0,1,1,0,1,0,1,1
127486414,Assente,"Cimiano, Crescenzago, Adriano",Crescenzago,45.5036,9.24174,10,700,55,NA,NA,1,0,0,1,1,0,0,0,0,0,0
127442464,Centralizzato,"Napoli, Soderini",Piazza Napoli,45.4531,9.15014,5,650,90,4,1,1,0,0,0,1,1,0,1,0,0,1
127439140,Centralizzato,"Uptown, Cascina Merlata, Viale Certosa",Certosa,45.4941,9.15089,18,650,77,3,2,4,0,0,0,0,1,0,1,1,0,1
127422649,Centralizzato,"Precotto, Turro",Turro,45.5025,9.22142,9,590,20,1,1,1,0,0,1,1,1,0,1,0,0,1
127422503,Autonomo,"Porta Romana, Cadore, Montenero",Cadore,45.4585,9.21379,10,650,10,5,2,5,0,0,0,0,1,0,0,1,0,1
127413681,Centralizzato,"Cenisio, Sarpi, Isola",Paolo Sarpi,45.4813,9.16846,1,670,20,3,1,2,0,0,0,0,1,0,0,0,0,1
127293753,Autonomo,"Affori, Bovisa",Bovisa,45.5026,9.16325,6,650,12,4,1,1,0,0,1,1,1,0,0,0,1,1
120443142,Centralizzato,"Bicocca, Niguarda",Prato Centenaro,45.5109,9.19924,10,700,20,3,1,1,0,0,0,0,1,0,1,0,1,1
127096923,Centralizzato,"Cimiano, Crescenzago, Adriano",Cimiano,45.4926,9.23793,15,700,12,5,2,4,0,0,0,1,1,0,0,1,0,1
126991441,Centralizzato,"Bicocca, Niguarda",Prato Centenaro,45.5114,9.19744,9,600,15,3,1,0.5,0,0,1,1,1,0,1,0,0,1
124772219,Assente,Navigli,Navigli - Darsena,45.4463,9.1605,29,620,15,4,2,1,0,0,1,0,1,1,1,1,0,1
106374259,Assente,Navigli,Navigli - Darsena,45.4449,9.1743,12,630,150,5,2,5,0,0,1,0,1,1,0,0,0,1
127296909,Assente,"San Siro, Trenno",Gallaratese,45.5009,9.1018,15,700,14,4,1,12,0,0,1,0,1,0,0,0,0,0
127350927,Assente,"Abbiategrasso, Chiesa Rossa",Gratosoglio,45.4179,9.1745,16,600,120,4,2,2,0,0,1,0,1,0,0,0,0,1
126660455,Centralizzato,"Bande Nere, Inganni",Gambara,45.4642,9.13854,17,650,NA,6,2,-1,0,0,0,1,1,0,1,0,0,1
115823801,Centralizzato,"Porta Vittoria, Lodi",Lodi - Brenta,45.4433,9.21702,14,700,22,3,2,2,0,0,0,0,1,0,0,0,0,0
127561786,Assente,Navigli,Navigli - Darsena,45.4457,9.1611,30,700,67,3,1,4,0,0,1,0,1,0,0,0,0,0
127662884,Assente,"Ripamonti, Vigentino",Vigentino - Fatima,45.4345,9.2043,15,700,85,4,1,1,0,0,1,0,1,0,1,0,1,0
118246431,Assente,"Napoli, Soderini",Tripoli - Soderini,45.4572,9.1478,20,700,98,4,1,0.5,0,0,0,0,1,0,0,0,0,1
121736128,Assente,"San Siro, Trenno",Monte Stella,45.4873,9.1416,30,630,120,6,3,2,0,0,1,0,1,1,1,0,0,1
127253857,Assente,"Ripamonti, Vigentino",Vigentino - Fatima,45.4319,9.203,12,600,90,4,1,1,0,0,1,0,1,0,1,0,0,1
126648981,Assente,"Città Studi, Susa",Città Studi,45.4707,9.2368,16,600,85,3,1,5,0,0,0,0,1,0,1,0,0,1
127387657,Assente,"Quadronno, Palestro, Guastalla",Quadronno - Crocetta,45.4556,9.2032,17,650,70,3,1,3,0,0,1,0,1,1,1,0,0,1
126020421,Assente,"Porta Vittoria, Lodi",Martini - Insubria,45.4506,9.22,13,625,15,3,1,4,0,0,0,0,1,0,1,0,0,0
126841781,Assente,"Centrale, Repubblica",Buenos Aires,45.4842,9.2116,25,599,200,6,2,3,0,0,0,0,1,1,0,0,0,0
81531001,Assente,"Città Studi, Susa",Argonne - Corsica,45.4671,9.2336,24,670,20,4,1,2,0,0,0,0,1,0,0,0,0,1
112801219,Assente,"Famagosta, Barona",Giambellino,45.4497,9.1434,18,650,20,4,1,3,0,0,1,0,1,1,0,0,0,0
126183971,Assente,"Corvetto, Rogoredo",Corvetto,45.437,9.2151,20,650,60,3,1,2,0,0,0,0,1,1,0,0,0,0
126169971,Assente,"Udine, Lambrate",Lambrate,45.4839,9.2457,15,650,60,3,1,2,0,0,0,0,1,0,0,0,0,1
127417595,Assente,"Bicocca, Niguarda",Bicocca,45.5166,9.2081,30,640,15,2,1,4,0,0,1,0,1,1,1,0,0,1
127290171,Assente,"Porta Vittoria, Lodi",Lodi - Brenta,45.4484,9.2207,16,600,14,3,1,1,0,0,1,0,0,0,0,0,0,0
127586152,Assente,"Abbiategrasso, Chiesa Rossa",Cermenate - Abbiategrasso,45.4363,9.1762,20,600,91,4,1,0.5,0,0,1,0,1,0,0,0,0,0
127646710,Autonomo,"Fiera, Sempione, City Life, Portello",Amendola - Buonarroti,45.4702,9.14972,11,620,166,6,3,1,1,0,0,0,0,0,0,0,0,0
127569794,Autonomo,"Bicocca, Niguarda",Greco - Segnano,45.5082,9.2047,13,650,110,2,1,1,0,0,0,0,0,0,0,0,0,0
127541582,Autonomo,"Bande Nere, Inganni",Lorenteggio,45.4534,9.14086,24,630,106,5,2,1,0,0,0,0,0,0,0,0,0,0
127462774,Autonomo,"Solari, Washington",Frua,45.4651,9.14874,40,630,148,6,3,2,1,0,0,0,0,0,0,0,0,0
127355395,Autonomo,"Porta Romana, Cadore, Montenero",Montenero,45.4613,9.20963,21,605,87,5,1,2,0,0,0,0,0,0,0,0,0,0
127326601,Autonomo,"Porta Venezia, Indipendenza",Indipendenza,45.4706,9.21677,18,645,127,5,1,1,0,0,0,0,0,0,0,0,0,0
127647032,Autonomo,"Arco della Pace, Arena, Pagano",Arco della Pace,45.476,9.16798,50,685,287,6,3,2,1,0,0,0,0,0,0,0,0,0
127541740,Autonomo,"Bande Nere, Inganni",Gambara,45.4666,9.13984,28,695,15,5,2,5,1,0,0,0,0,0,0,0,0,0
127541524,Autonomo,"Solari, Washington",Frua,45.4653,9.14888,44,650,148,6,3,8,1,0,0,0,0,0,0,0,0,0
127504528,Autonomo,"Corvetto, Rogoredo",Corvetto,45.4371,9.21564,61,630,151,6,3,1,1,0,0,0,0,0,0,0,0,0
127490274,Autonomo,"Bande Nere, Inganni",Bande Nere,45.4594,9.13161,14,675,203,6,3,3,0,0,0,0,0,0,0,0,0,0
127356339,Autonomo,"Bande Nere, Inganni",Lorenteggio,45.4523,9.13914,21,630,131,6,2,8,1,0,0,0,0,0,0,0,0,0
127355911,Autonomo,"Affori, Bovisa",Bovisa,45.4969,9.15571,16,615,110,2,1,1,0,0,0,0,0,0,0,0,0,0
127326365,Autonomo,"Quadronno, Palestro, Guastalla",Quadronno - Crocetta,45.4542,9.1986,25,660,91,4,1,6,0,0,1,0,0,0,0,0,0,0
127304005,Autonomo,"Fiera, Sempione, City Life, Portello",Monte Rosa - Lotto,45.4852,9.14473,29,675,133,5,2,1,1,0,0,0,0,0,0,0,0,0
127275173,Autonomo,"Città Studi, Susa",Città Studi,45.4843,9.21853,12,670,172,6,3,2,1,0,0,0,0,0,0,0,0,0
127570092,Autonomo,"Quadronno, Palestro, Guastalla",Quadronno - Crocetta,45.4558,9.2023,22,600,171,6,3,5,0,0,0,0,0,0,0,0,0,0
127541888,Autonomo,"Bande Nere, Inganni",Bande Nere,45.4594,9.13161,16,685,203,6,3,1,0,0,0,0,0,0,0,0,0,0
127541498,Autonomo,"Città Studi, Susa",Casoretto,45.4862,9.22744,25,680,91,5,2,4,1,0,0,0,0,0,0,0,0,0
127384617,Autonomo,"Maggiolina, Istria",Cascina dei Pomi,45.4926,9.20803,32,670,81,4,1,1,1,0,0,0,0,0,0,0,0,0
127326299,Autonomo,"Solari, Washington",Washington,45.4562,9.1534,20,605,103,5,1,1,1,0,0,0,0,0,0,0,0,0
127326279,Autonomo,"Cenisio, Sarpi, Isola",Zara,45.4917,9.19063,27,635,210,6,2,1,1,0,0,0,0,0,0,0,0,0
127317433,Autonomo,Navigli,Navigli - Darsena,45.4439,9.17542,20,590,98,5,2,1,0,0,0,0,0,0,0,0,0,0
127303985,Autonomo,"Città Studi, Susa",Città Studi,45.4829,9.22631,17,630,161,6,2,7,0,0,0,0,0,0,0,0,0,0
127646840,Autonomo,"Arco della Pace, Arena, Pagano",Arco della Pace,45.476,9.16798,50,685,287,6,3,2,1,0,0,0,0,0,0,0,0,0
127132847,Autonomo,Navigli,Bocconi,45.4508,9.19124,18,760,83,4,2,3,1,0,0,0,0,0,0,0,0,0
127326189,Autonomo,Navigli,Bocconi,45.4508,9.19124,18,760,83,4,2,3,1,0,0,0,0,0,0,0,0,0
127384837,Autonomo,"Arco della Pace, Arena, Pagano",Vincenzo Monti,45.4676,9.16741,8,790,220,6,3,3,0,0,0,0,0,0,0,0,0,0
127356151,Assente,"Cimiano, Crescenzago, Adriano",Cimiano,45.4984,9.23438,42,750,75,3,1,2,0,0,0,0,0,0,0,0,0,0
127326251,Assente,Forlanini,Quartiere Forlanini,45.4581,9.24783,12,800,89,3,1,1,0,0,0,0,0,0,0,0,0,0
127257359,Centralizzato,"Napoli, Soderini",Tripoli - Soderini,45.4545,9.14923,12,770,NA,5,1,1,0,0,1,0,1,0,1,0,0,1
127513696,Assente,"Città Studi, Susa",Città Studi,45.483,9.23407,13,800,70,3,1,5,0,0,0,0,0,0,0,0,0,0
127462674,Autonomo,"Centrale, Repubblica",Repubblica,45.4783,9.20238,10,765,155,6,2,4,1,0,0,0,0,0,0,0,0,0
127570362,Autonomo,"Centrale, Repubblica",Centrale,45.4865,9.21048,8,785,124,5,2,2,1,0,0,0,0,0,0,0,0,0
127513714,Assente,"Abbiategrasso, Chiesa Rossa",Cermenate - Abbiategrasso,45.436,9.17505,10,800,70,3,1,5,0,0,0,0,0,0,0,0,0,0
127462808,Autonomo,"Corvetto, Rogoredo",Corvetto,45.4403,9.22312,8,710,116,5,2,1,1,0,0,0,0,0,0,1,0,0
127355969,Assente,Forlanini,Quartiere Forlanini,45.4616,9.23894,16,750,80,4,1,1,0,0,0,0,0,0,0,0,0,0
127602598,Autonomo,Navigli,Bocconi,45.4508,9.19124,15,720,141,6,4,1,1,0,0,0,0,0,0,0,0,0
127602214,Autonomo,Navigli,Bocconi,45.4508,9.19124,15,720,141,6,4,1,1,0,0,0,0,0,0,0,0,0
127385157,Autonomo,"Arco della Pace, Arena, Pagano",Vincenzo Monti,45.4676,9.16741,9,790,220,6,3,3,0,0,0,0,0,0,0,0,0,0
127317381,Assente,"Pasteur, Rovereto",Pasteur,45.4893,9.21074,16,800,110,5,2,1,0,0,0,0,0,0,0,0,0,0
127385151,Autonomo,"Arco della Pace, Arena, Pagano",Vincenzo Monti,45.4676,9.16741,8,790,220,6,3,3,0,0,0,0,0,0,0,0,0,0
121449560,Assente,"Ripamonti, Vigentino",Vigentino - Fatima,45.4347,9.1962,17,800,25,4,2,1,0,0,1,0,1,1,0,0,0,0
127275049,Autonomo,"Maggiolina, Istria",Maggiolina,45.4925,9.1986,8,735,139,6,2,1,0,0,0,0,0,0,0,0,0,0
127569858,Autonomo,"Centrale, Repubblica",Centrale,45.4865,9.21048,8,785,124,5,2,2,1,0,0,0,0,0,0,0,0,0
127602538,Assente,"Porta Vittoria, Lodi",Martini - Insubria,45.453,9.21808,14,770,90,4,2,2,0,0,0,0,0,0,0,0,0,0
127304003,Autonomo,"Corvetto, Rogoredo",Corvetto,45.4403,9.22312,8,710,116,5,2,1,1,0,0,0,0,0,0,1,0,0
127602152,Autonomo,"Solari, Washington",Vercelli - Wagner,45.4686,9.15496,8,840,90,4,1,4,0,0,0,0,0,0,0,0,0,0
127602142,Assente,"Città Studi, Susa",Casoretto,45.4862,9.21827,11,750,160,5,2,5,0,0,0,0,0,0,0,0,0,0
123865669,Autonomo,"Centrale, Repubblica",Buenos Aires,45.4811,9.2114,10,740,18,1,1,NA,NA,1,0,0,0,0,0,0,0,0
126042305,Autonomo,"Arco della Pace, Arena, Pagano",Arco della Pace,45.4774,9.1685,10,790,18,1,1,NA,NA,1,0,0,0,0,0,0,0,0
126037907,Centralizzato,"Città Studi, Susa",Città Studi,45.4781,9.2366,10,820,14,1,1,NA,NA,1,0,0,0,0,0,0,0,0
126042273,Autonomo,"Genova, Ticinese",San Vittore,45.4599,9.1677,10,790,16,1,1,NA,NA,1,0,0,0,0,0,0,0,0
126040427,Centralizzato,Navigli,Navigli - Darsena,45.4445,9.1729,10,755,18,1,1,NA,NA,1,0,0,0,0,0,0,0,0
127460372,Centralizzato,"Solari, Washington",Washington,45.4596,9.1536,10,750,10,1,1,NA,NA,1,0,0,0,1,0,0,0,0
124595557,Centralizzato,"Porta Vittoria, Lodi",Lodi - Brenta,45.4429,9.215,10,840,14,1,1,NA,NA,1,0,0,0,0,0,0,0,0
124353967,Centralizzato,"Bicocca, Niguarda",Ca' Granda,45.5056,9.1987,10,790,12,1,1,NA,NA,1,0,0,0,0,0,0,0,0
122565672,Autonomo,"Solari, Washington",Vercelli - Wagner,45.4686,9.155,10,790,16,1,1,NA,NA,1,0,0,0,1,0,0,0,0
126042277,Autonomo,"Genova, Ticinese",San Vittore,45.4599,9.1677,10,790,18,1,1,NA,NA,1,0,0,0,0,0,0,0,0
123112163,Autonomo,"Bande Nere, Inganni",Gambara,45.4621,9.1396,10,740,14,1,1,NA,NA,1,0,0,0,0,0,0,0,0
123021999,Centralizzato,"Ripamonti, Vigentino",Ripamonti - Fondazione Prada,45.4392,9.1987,10,780,18,1,1,NA,NA,1,0,0,0,0,0,0,0,0
126040403,Centralizzato,Navigli,Corso San Gottardo,45.4491,9.1814,10,750,20,1,1,NA,NA,1,0,0,0,1,0,0,0,0
126037401,Centralizzato,"Cenisio, Sarpi, Isola",Farini,45.4964,9.1809,10,750,10,1,1,NA,NA,1,0,0,0,1,0,0,0,0
121328626,Autonomo,"Affori, Bovisa",Affori,45.519,9.1686,10,780,15,1,1,NA,NA,1,0,0,0,1,0,0,0,0
126037913,Centralizzato,"Città Studi, Susa",Città Studi,45.4781,9.2366,10,780,12,1,1,NA,NA,1,0,0,0,0,0,0,0,0
122458632,Autonomo,"Porta Romana, Cadore, Montenero",Porta Romana - Medaglie d'Oro,45.4474,9.201,10,840,16,1,1,NA,NA,1,0,0,0,1,0,0,0,0
125820659,Centralizzato,Navigli,Bocconi,45.4487,9.1879,10,830,25,1,1,NA,NA,1,0,0,0,0,0,0,0,0
126038135,Centralizzato,"Centrale, Repubblica",Buenos Aires,45.4839,9.2149,10,840,8,1,1,NA,NA,1,0,0,0,1,0,0,0,0
126038987,Centralizzato,"Maggiolina, Istria",Istria,45.4984,9.1935,10,790,12,1,1,NA,NA,1,0,0,0,0,0,0,0,0
127381531,Autonomo,"Garibaldi, Moscova, Porta Nuova",Garibaldi - Corso Como,45.4849,9.1833,10,803,18,1,1,NA,NA,1,0,0,0,0,0,0,0,0
127324173,Centralizzato,"Città Studi, Susa",Città Studi,45.4793,9.2364,10,720,25,1,1,NA,NA,1,0,0,0,0,0,0,0,0
127540566,Assente,"Uptown, Cascina Merlata, Viale Certosa",Certosa,45.4966,9.1516,34,750,80,4,2,0.5,0,0,0,0,1,1,1,0,0,0
126810645,Assente,"Fiera, Sempione, City Life, Portello",Monte Rosa - Lotto,45.4741,9.1486,16,775,12,3,1,1,0,0,1,0,1,0,1,0,0,1
127552640,Assente,"Bicocca, Niguarda",Bignami - Ponale,45.5265,9.2094,34,800,125,NA,3,3,0,0,1,0,1,1,0,0,0,1
123672581,Assente,"Precotto, Turro",Villa San Giovanni,45.519,9.2243,9,750,70,3,1,5,0,0,1,0,1,1,1,0,1,1
126614591,Assente,"Bande Nere, Inganni",Inganni,45.4562,9.1196,16,760,16,4,1,3,0,0,0,0,1,0,1,1,0,1
124023907,Assente,"Udine, Lambrate",Ortica,45.4689,9.2468,8,708,NA,4,3,5,0,0,1,0,1,1,1,1,0,1
123112157,Centralizzato,"Famagosta, Barona",Giambellino,45.4496,9.1495,10,740,14,1,1,NA,NA,1,0,0,0,1,0,0,0,0
124000177,Assente,"Arco della Pace, Arena, Pagano",Arena,45.4784,9.1807,14,800,14,3,1,3,0,0,0,0,0,0,0,0,0,1
126780049,Assente,"Pasteur, Rovereto",Pasteur,45.4905,9.2178,51,720,80,3,1,2,0,0,1,0,1,1,1,1,0,1
127365471,Autonomo,"Genova, Ticinese",Corso Genova,45.4593,9.1726,23,800,160,5,2,1,1,1,1,0,1,0,1,0,0,0
127649364,Assente,"Bicocca, Niguarda",Bignami - Ponale,45.5233,9.2056,35,800,140,NA,4,7,0,0,0,0,1,1,0,0,0,0
93631568,Assente,Navigli,Navigli - Darsena,45.4518,9.176,14,820,90,3,1,2,0,0,1,0,1,1,0,0,0,1
127552904,Assente,"Bicocca, Niguarda",Bignami - Ponale,45.5265,9.2094,48,800,125,NA,3,2,0,0,1,0,1,1,0,0,0,1
125605243,Assente,"Cimiano, Crescenzago, Adriano",Cimiano,45.5004,9.2411,12,800,97,4,2,6,0,0,1,0,1,1,1,0,0,1
127553498,Assente,"Bicocca, Niguarda",Bignami - Ponale,45.5223,9.2059,36,800,130,6,4,1,0,0,1,0,1,1,0,0,1,0
127661578,Assente,"Fiera, Sempione, City Life, Portello",De Angeli,45.4665,9.1496,22,790,80,3,1,1,0,0,1,0,1,1,1,0,0,1
126917303,Autonomo,"Maggiolina, Istria",Cascina dei Pomi,45.4926,9.20803,91,715,196,6,2,6,1,0,0,0,0,0,0,0,0,0
126917079,Autonomo,"Uptown, Cascina Merlata, Viale Certosa",Ghisolfa - Mac Mahon,45.4899,9.15252,31,735,121,5,1,8,1,0,0,0,0,0,0,0,0,0
126916809,Autonomo,"Maggiolina, Istria",Cascina dei Pomi,45.4926,9.20803,26,760,127,5,1,1,1,0,0,0,0,0,0,0,0,0
126917771,Autonomo,"Porta Venezia, Indipendenza",Porta Venezia,45.4773,9.20508,97,810,115,6,2,1,1,0,0,0,0,0,0,0,0,0
126916967,Autonomo,"Porta Venezia, Indipendenza",Porta Venezia,45.4773,9.20508,97,785,115,6,2,1,1,0,0,0,0,0,0,0,0,0
126916961,Autonomo,"Bicocca, Niguarda",Bicocca,45.5164,9.21617,29,765,80,4,1,1,0,0,1,0,0,0,0,0,0,0
126916651,Autonomo,"Porta Vittoria, Lodi",Martini - Insubria,45.4583,9.22348,41,705,217,6,3,8,1,0,0,0,0,0,0,0,0,0
126915545,Autonomo,"Affori, Bovisa",Affori,45.5183,9.16454,22,715,80,4,1,1,0,0,1,0,0,0,0,0,0,0
126984913,Autonomo,"San Siro, Trenno",San Siro,45.4743,9.12369,40,780,124,5,2,1,1,0,0,0,0,0,0,0,0,0
126916943,Autonomo,"Bande Nere, Inganni",Lorenteggio,45.4508,9.13621,31,790,161,6,2,1,1,0,0,0,0,0,0,0,0,0
126915517,Autonomo,Navigli,Ascanio Sforza,45.4469,9.17928,18,830,120,5,1,2,0,0,1,0,0,0,0,0,0,0
126915471,Autonomo,"Famagosta, Barona",Giambellino,45.4496,9.14954,18,740,160,6,2,1,0,0,1,0,0,0,0,0,0,0
126917867,Autonomo,"Udine, Lambrate",Udine,45.4901,9.23447,34,840,15,5,2,2,1,0,0,0,0,0,0,0,0,0
126916893,Autonomo,"Maggiolina, Istria",Cascina dei Pomi,45.4926,9.20803,60,805,196,6,2,6,1,0,0,0,0,0,0,0,0,0
126916553,Autonomo,"Porta Venezia, Indipendenza",Indipendenza,45.4642,9.21641,17,720,15,4,2,1,0,0,0,0,0,0,0,0,0,0
126917465,Autonomo,Navigli,Navigli - Darsena,45.4509,9.16878,46,840,15,5,2,1,1,0,0,0,0,0,0,0,0,0
126917365,Autonomo,"San Siro, Trenno",San Siro,45.4707,9.12737,12,740,15,5,2,5,0,0,0,0,0,0,0,0,0,0
126917613,Autonomo,"Porta Venezia, Indipendenza",Piave - Tricolore,45.4708,9.20835,42,785,173,6,2,2,1,0,0,0,0,0,0,0,0,0
126917413,Autonomo,"Bande Nere, Inganni",Lorenteggio,45.4534,9.14086,43,730,106,5,2,1,0,0,0,0,0,0,0,0,0,0
126916671,Autonomo,"Corvetto, Rogoredo",Corvetto,45.4406,9.21247,15,785,15,4,2,2,0,0,0,0,0,0,0,0,0,0
126917499,Autonomo,"Cenisio, Sarpi, Isola",Isola,45.4889,9.18815,54,815,127,5,1,4,1,0,0,0,0,0,0,0,0,0
127340907,Assente,"Porta Venezia, Indipendenza",Porta Venezia,45.4761,9.2034,10,775,18,3,1,4,0,0,0,0,1,1,1,0,0,1
126638003,Assente,"Solari, Washington",Washington,45.4573,9.153,24,750,70,3,1,0.5,0,0,0,0,1,0,0,0,0,1
126917407,Autonomo,"Centrale, Repubblica",Buenos Aires,45.4795,9.21552,55,705,161,6,3,4,0,0,0,0,0,0,0,1,0,0
126485301,Assente,"Centrale, Repubblica",Repubblica,45.4787,9.2021,37,800,200,6,2,1,0,0,1,0,1,1,1,0,0,1
126915461,Autonomo,"Città Studi, Susa",Plebisciti - Susa,45.4648,9.2235,10,840,130,5,2,1,0,0,0,0,0,0,0,0,0,0
120952810,Assente,"Città Studi, Susa",Plebisciti - Susa,45.465,9.219,27,800,11,6,4,2,0,0,0,0,0,1,0,0,0,0
126641755,Assente,"Genova, Ticinese",San Vittore,45.459,9.1703,11,778,70,3,1,8,0,0,1,0,1,0,1,0,0,0
109510447,Assente,"Fiera, Sempione, City Life, Portello",Amendola - Buonarroti,45.4705,9.1488,18,820,130,5,2,3,0,0,1,0,1,0,1,1,1,1
126917595,Autonomo,"Centrale, Repubblica",Buenos Aires,45.4787,9.20602,12,800,117,6,2,1,1,0,0,0,0,0,0,0,0,0
126915477,Autonomo,"Città Studi, Susa",Plebisciti - Susa,45.4683,9.2219,14,840,15,6,1,5,0,0,1,0,0,0,0,0,0,0
126915479,Autonomo,"Città Studi, Susa",Plebisciti - Susa,45.4683,9.2219,14,840,15,6,1,5,0,0,1,0,0,0,0,0,0,0
126916057,Autonomo,"Città Studi, Susa",Plebisciti - Susa,45.4683,9.2219,14,840,15,6,1,5,0,0,1,0,0,0,0,0,0,0
126917749,Autonomo,Navigli,Navigli - Darsena,45.4464,9.16077,9,795,138,6,2,4,1,0,0,0,0,0,0,0,0,0
124601605,Assente,"Bande Nere, Inganni",Piazzale Siena,45.4681,9.1306,13,750,90,3,1,4,0,0,1,0,1,0,1,0,0,0
126915799,Autonomo,Navigli,Bocconi,45.4508,9.19124,17,765,141,6,4,1,1,0,0,0,0,0,0,0,0,0
124274097,Assente,"Famagosta, Barona",Barona,45.441,9.1563,8,800,18,4,1,4,0,0,0,0,1,0,0,1,0,0
127538196,Assente,Navigli,Bocconi,45.4492,9.1942,26,800,120,4,2,3,0,0,1,0,1,1,0,1,1,1
119951596,Assente,"Maggiolina, Istria",Maggiolina,45.4978,9.2009,24,800,80,3,2,0.5,0,0,0,0,1,1,0,0,1,1
124273315,Assente,"Famagosta, Barona",Barona,45.441,9.1563,6,800,18,1,1,6,0,0,1,0,1,0,0,0,0,0
126916835,Autonomo,"Centrale, Repubblica",Repubblica,45.4783,9.20238,10,765,155,6,2,4,1,0,0,0,0,0,0,0,0,0
126916065,Autonomo,"Solari, Washington",Vercelli - Wagner,45.4686,9.15496,8,840,90,4,1,4,0,0,0,0,0,0,0,0,0,0
126917053,Autonomo,"Maggiolina, Istria",Maggiolina,45.4925,9.1986,16,735,139,6,2,1,0,0,0,0,0,0,0,0,0,0
110115205,Assente,"Maggiolina, Istria",Maggiolina,45.4977,9.1964,14,800,116,4,4,4,0,0,1,0,1,1,0,0,0,1
126917681,Autonomo,"Centrale, Repubblica",Buenos Aires,45.4787,9.20602,10,800,117,6,2,1,1,0,0,0,0,0,0,0,0,0
107609227,Assente,"Precotto, Turro",Villa San Giovanni,45.5175,9.2254,12,750,75,3,2,6,0,0,1,0,1,1,1,0,0,1
124273725,Assente,"Famagosta, Barona",Barona,45.441,9.1563,7,800,18,3,1,3,0,0,0,0,1,0,0,0,0,0
127392053,Assente,"Bicocca, Niguarda",Bicocca,45.5141,9.2127,5,750,75,2,1,5,0,0,1,0,1,1,1,1,0,1
112989881,Assente,"Quadronno, Palestro, Guastalla",Guastalla,45.4633,9.2005,11,830,130,5,2,2,0,0,1,0,1,0,1,0,0,1
126917783,Autonomo,"Maggiolina, Istria",Maggiolina,45.4925,9.1986,11,755,139,6,2,1,0,0,0,0,0,0,0,0,0,0
120961574,Assente,"Maggiolina, Istria",Maggiolina,45.4978,9.2009,27,750,80,3,2,0.5,0,0,0,0,1,1,0,0,1,1
126917817,Autonomo,"Napoli, Soderini",Tripoli - Soderini,45.4546,9.14808,11,760,127,5,1,3,1,0,0,0,0,0,0,0,0,0
126917839,Autonomo,"Città Studi, Susa",Città Studi,45.4827,9.23509,11,810,15,4,1,4,1,0,0,0,0,0,0,0,0,0
122484134,Assente,"Abbiategrasso, Chiesa Rossa",Pezzotti - Meda,45.4383,9.1785,7,830,65,2,1,1,0,0,0,0,1,0,0,0,0,0
93960090,Assente,"Solari, Washington",Dezza,45.4567,9.1568,11,750,90,3,1,3,0,0,1,0,1,1,1,0,0,0
127557040,Assente,"Solari, Washington",Washington,45.46,9.1507,6,720,105,4,1,2,0,0,1,0,1,1,0,1,0,1
121527382,Assente,Navigli,Corso San Gottardo,45.4465,9.1858,17,725,25,3,1,0,0,0,0,0,1,0,0,0,0,1
126916755,Autonomo,"Arco della Pace, Arena, Pagano",Arco della Pace,45.4776,9.16864,12,790,200,6,2,3,0,0,0,0,0,0,0,1,0,0
127153651,Assente,Navigli,Navigli - Darsena,45.454,9.1711,19,780,12,NA,1,1,0,0,0,0,0,1,0,0,0,1
124660327,Centralizzato,"Udine, Lambrate",Rubattino,45.4784,9.24842,22,800,150,4,2,6,1,1,0,0,0,0,0,1,0,0
124660277,Centralizzato,"Udine, Lambrate",Rubattino,45.4784,9.24842,21,800,150,4,2,6,1,0,0,0,0,0,0,1,0,0
126915499,Autonomo,"Città Studi, Susa",Plebisciti - Susa,45.466,9.22345,7,790,120,6,2,4,0,0,1,0,0,0,0,0,0,0
126916061,Autonomo,"Bande Nere, Inganni",Gambara,45.4613,9.14,7,740,15,4,2,1,0,0,0,0,0,0,0,0,0,0
126915639,Autonomo,"Centrale, Repubblica",Buenos Aires,45.4812,9.21444,6,800,149,6,2,3,1,0,0,0,0,0,0,0,0,0
127069295,Assente,"Fiera, Sempione, City Life, Portello",De Angeli,45.4668,9.1475,24,790,80,3,1,1,0,0,1,0,1,1,1,0,0,1
126915627,Autonomo,"Solari, Washington",Washington,45.4605,9.15199,9,835,115,4,1,1,1,0,0,0,0,0,0,0,0,0
123146307,Assente,Navigli,Navigli - Darsena,45.4518,9.176,8,770,70,3,2,2,0,0,1,0,1,1,0,0,0,1
126915501,Autonomo,"Città Studi, Susa",Plebisciti - Susa,45.466,9.22345,7,835,120,6,2,4,0,0,0,0,0,0,0,0,0,0
126915481,Autonomo,"Bande Nere, Inganni",Gambara,45.4613,9.14,7,740,15,4,2,1,0,0,0,0,0,0,0,0,0,0
126915495,Autonomo,"Porta Romana, Cadore, Montenero",Porta Romana - Medaglie d'Oro,45.4475,9.20122,8,790,15,4,1,1,0,0,1,0,0,0,0,0,0,0
126097291,Centralizzato,"Abbiategrasso, Chiesa Rossa",Cermenate - Abbiategrasso,45.4316,9.1809,0,750,120,2,1,4,0,0,1,1,1,0,1,0,0,1
127281641,Centralizzato,"Città Studi, Susa",Città Studi,45.4721,9.22748,8,750,25,3,1,2,0,0,1,1,1,0,1,0,0,0
126865065,Centralizzato,"Pasteur, Rovereto",Pasteur,45.4909,9.21567,5,750,21,2,1,4,0,0,0,1,1,0,0,0,0,0
126487261,Assente,"Centrale, Repubblica",Repubblica,45.4787,9.2021,45,750,200,6,2,1,0,0,1,0,1,1,1,0,0,1
126487723,Assente,"Centrale, Repubblica",Repubblica,45.4787,9.2021,41,750,200,6,2,1,0,0,1,0,1,1,1,0,0,1
85936472,Centralizzato,"Porta Romana, Cadore, Montenero",Porta Romana - Medaglie d'Oro,45.4549,9.20345,17,750,170,5,2,5,0,1,1,1,1,0,1,1,0,1
124660113,Assente,"Udine, Lambrate",Rubattino,45.4784,9.2484,24,800,150,4,2,6,0,0,0,0,0,0,0,1,0,0
125399507,Autonomo,"San Siro, Trenno",San Siro,45.4685,9.13565,7,800,25,3,4,1,0,0,1,0,1,0,0,0,1,1
126021577,Centralizzato,"Arco della Pace, Arena, Pagano",Arena,45.4783,9.18053,15,710,23,1,3,3,1,1,1,0,0,1,0,0,0,0
126915483,Autonomo,"Arco della Pace, Arena, Pagano",Arco della Pace,45.4776,9.16864,12,790,200,6,2,3,0,0,0,0,0,0,0,0,0,0
126917775,Autonomo,"Porta Vittoria, Lodi",Bologna - Sulmona,45.4449,9.22756,23,825,124,6,2,1,1,0,0,0,0,0,0,0,0,0
124375241,Assente,Navigli,Bocconi,45.4508,9.1951,13,800,100,4,2,2,0,0,1,0,1,1,1,0,0,1
126798357,Assente,Navigli,Corso San Gottardo,45.445,9.1824,15,804,120,4,2,0,0,0,0,0,1,1,1,0,0,1
126588709,Centralizzato,"Città Studi, Susa",Città Studi,45.4727,9.23239,13,800,200,3,2,1,0,0,0,0,0,0,1,1,0,0
127227893,Centralizzato,"Città Studi, Susa",Città Studi,45.4826,9.22064,5,750,15,1,1,3,0,0,0,0,1,0,0,0,0,1
127514056,Autonomo,"Solari, Washington",Frua,45.4653,9.14755,21,815,150,6,2,4,1,0,0,0,0,0,0,0,0,0
127414939,Autonomo,Centro,Carrobbio,45.4576,9.18402,17,815,15,6,3,3,0,0,0,0,0,0,0,0,0,0
127384577,Autonomo,"Maggiolina, Istria",Cascina dei Pomi,45.4926,9.20803,42,805,196,6,2,6,1,0,0,0,0,0,0,0,0,0
127355705,Autonomo,"Bicocca, Niguarda",Ca' Granda,45.5052,9.19938,21,790,140,6,3,1,0,0,0,0,0,0,0,0,0,0
127326441,Autonomo,"Maggiolina, Istria",Maggiolina,45.4915,9.19756,31,815,15,6,3,2,1,0,0,0,0,0,0,0,0,0
127646750,Autonomo,"San Siro, Trenno",San Siro,45.4743,9.12369,40,780,124,5,2,1,1,0,0,0,0,0,0,0,0,0
127646560,Autonomo,"Bicocca, Niguarda",Greco - Segnano,45.5096,9.20782,27,820,72,3,1,1,0,0,0,0,0,0,0,0,0,0
127602480,Autonomo,"Maggiolina, Istria",Maggiolina,45.5017,9.19935,15,790,140,6,2,1,0,0,0,0,0,0,0,0,0,0
127541748,Autonomo,"Genova, Ticinese",San Vittore,45.4599,9.16766,10,790,250,6,3,1,0,0,1,0,0,0,0,1,0,0
127317621,Autonomo,"Bande Nere, Inganni",Lorenteggio,45.4542,9.13777,12,785,70,4,1,3,1,0,0,0,0,0,0,0,0,0
127232223,Autonomo,"Uptown, Cascina Merlata, Viale Certosa",Certosa,45.4946,9.14423,17,800,81,5,1,3,1,0,0,0,0,0,0,0,0,0
127462886,Autonomo,"Corvetto, Rogoredo",Corvetto,45.4371,9.21564,36,750,151,6,3,4,1,0,0,0,0,0,0,0,0,0
127326599,Autonomo,"Uptown, Cascina Merlata, Viale Certosa",Ghisolfa - Mac Mahon,45.4895,9.15383,37,745,127,6,2,7,1,0,0,0,0,0,0,0,0,0
127303553,Autonomo,"Maggiolina, Istria",Cascina dei Pomi,45.4926,9.20803,24,770,103,4,1,4,1,0,0,0,0,0,0,0,0,0
127169319,Autonomo,"Solari, Washington",Washington,45.4621,9.1525,22,760,127,5,1,5,1,0,0,0,0,0,0,0,0,0
127647014,Autonomo,"Bande Nere, Inganni",Lorenteggio,45.4542,9.13777,42,720,136,6,3,8,1,0,0,0,0,0,0,0,0,0
127646706,Autonomo,"Pasteur, Rovereto",Pasteur,45.4875,9.21977,33,765,134,6,2,7,1,0,0,0,0,0,0,1,0,0
127602300,Autonomo,"Maggiolina, Istria",Cascina dei Pomi,45.4926,9.20803,11,715,207,6,3,1,1,0,0,0,0,0,0,0,0,0
127602258,Autonomo,"Centrale, Repubblica",Centrale,45.4889,9.20984,23,840,15,5,2,4,0,0,0,0,0,0,0,0,0,0
127541860,Autonomo,"Fiera, Sempione, City Life, Portello",Monte Rosa - Lotto,45.4784,9.14928,40,795,156,6,2,1,1,0,0,0,0,0,0,0,0,0
127356333,Autonomo,"Fiera, Sempione, City Life, Portello",Amendola - Buonarroti,45.4731,9.14965,10,790,200,6,2,7,0,0,0,0,0,0,0,0,0,0
127355791,Autonomo,"Solari, Washington",Solari,45.4573,9.16933,11,790,200,6,2,1,0,0,1,0,0,0,0,1,0,0
127132865,Autonomo,"Maggiolina, Istria",Cascina dei Pomi,45.4926,9.20803,37,710,196,6,2,6,1,0,0,0,0,0,0,0,0,0
127646678,Autonomo,"Bande Nere, Inganni",Lorenteggio,45.4508,9.13621,31,790,161,6,2,1,1,0,0,0,0,0,0,0,0,0
127513814,Autonomo,Centro,Duomo,45.4609,9.19095,42,735,334,6,4,1,1,0,0,0,0,0,0,0,0,0
127356313,Autonomo,"Solari, Washington",Vercelli - Wagner,45.4689,9.15569,10,790,200,6,3,6,0,0,1,0,0,0,0,1,0,0
127326465,Autonomo,"Abbiategrasso, Chiesa Rossa",Cermenate - Abbiategrasso,45.4373,9.17883,25,795,81,3,1,6,1,0,0,0,0,0,0,0,0,0
127646908,Autonomo,"Genova, Ticinese",San Vittore,45.4599,9.16766,10,750,250,6,3,1,0,0,0,0,0,0,0,0,0,0
127602416,Autonomo,Navigli,Navigli - Darsena,45.4446,9.17288,21,765,78,4,1,1,0,0,0,0,0,0,0,0,0,0
127602302,Autonomo,"Bande Nere, Inganni",Lorenteggio,45.4526,9.1396,31,710,81,5,1,2,1,0,0,0,0,0,0,0,0,0
127462710,Autonomo,"Maggiolina, Istria",Cascina dei Pomi,45.4984,9.20862,12,735,190,6,2,3,1,0,0,0,0,0,0,0,0,0
127356395,Autonomo,"Solari, Washington",Solari,45.4573,9.16933,12,790,200,6,2,1,0,0,0,0,0,0,0,0,0,0
127303763,Autonomo,"Napoli, Soderini",Tripoli - Soderini,45.4546,9.14808,18,760,122,5,1,4,1,0,0,0,0,0,0,0,0,0
126917059,Autonomo,"San Siro, Trenno",San Siro,45.4686,9.13857,5,815,15,4,2,5,0,0,0,0,0,0,0,0,0,0
127513614,Autonomo,"Affori, Bovisa",Affori,45.5183,9.16454,22,715,80,4,1,1,0,0,1,0,0,0,0,0,0,0
127504526,Autonomo,"Centrale, Repubblica",Centrale,45.4868,9.20122,61,795,287,6,4,2,1,0,0,0,0,0,0,0,0,0
127646902,Autonomo,"Maggiolina, Istria",Maggiolina,45.5017,9.19935,16,840,140,6,2,1,0,0,0,0,0,0,0,0,0,0
127541662,Autonomo,"Ripamonti, Vigentino",Vigentino - Fatima,45.4289,9.20273,21,840,147,4,1,4,0,0,1,0,0,0,0,0,0,0
127462890,Autonomo,"Centrale, Repubblica",Centrale,45.4911,9.20441,12,715,253,6,2,1,1,0,0,0,0,0,0,0,0,0
127356443,Autonomo,Centro,Carrobbio,45.4576,9.18402,16,820,15,6,3,3,0,0,0,0,0,0,0,0,0,0
127602610,Autonomo,"Città Studi, Susa",Città Studi,45.4859,9.22556,38,820,469,6,4,1,0,0,1,0,0,0,0,0,0,0
127414771,Autonomo,"Uptown, Cascina Merlata, Viale Certosa",Ghisolfa - Mac Mahon,45.4899,9.15252,19,730,121,5,1,8,1,0,0,0,0,0,0,0,0,0
127414723,Autonomo,"Bande Nere, Inganni",Lorenteggio,45.4543,9.14068,10,705,65,4,1,1,0,0,0,0,0,0,0,0,0,0
127275065,Autonomo,"Solari, Washington",Washington,45.4621,9.1525,22,760,127,5,1,5,1,0,0,0,0,0,0,0,0,0
127602594,Autonomo,Navigli,Bocconi,45.4508,9.19124,19,720,141,6,4,1,1,0,0,0,0,0,0,0,0,0
127514036,Autonomo,Centro,Duomo,45.4609,9.19095,41,750,334,6,4,1,1,0,0,0,0,0,0,0,0,0
127356345,Autonomo,"Bicocca, Niguarda",Ca' Granda,45.5052,9.19938,21,790,140,6,3,1,0,0,0,0,0,0,0,0,0,0
127355673,Autonomo,"Corvetto, Rogoredo",Corvetto,45.4394,9.22239,40,835,138,5,1,7,1,0,0,0,0,0,0,0,0,0
127355501,Autonomo,"Città Studi, Susa",Città Studi,45.4825,9.22381,29,755,15,5,2,5,1,0,0,0,0,0,0,0,0,0
127326329,Autonomo,Centro,Duomo,45.4609,9.19095,30,780,176,6,2,2,1,0,0,0,0,0,0,0,0,0
127326303,Autonomo,"Bande Nere, Inganni",Primaticcio,45.457,9.1275,10,735,15,5,2,2,0,0,0,0,0,0,0,0,0,0
127121119,Autonomo,Navigli,Bocconi,45.4508,9.19124,26,750,188,6,4,2,1,0,0,0,0,0,0,0,0,0
127646942,Autonomo,"Bande Nere, Inganni",Lorenteggio,45.4523,9.13914,54,710,64,4,1,3,1,0,0,0,0,0,0,0,0,0
127462888,Autonomo,"Corvetto, Rogoredo",Corvetto,45.4406,9.21247,10,805,15,2,1,1,0,0,0,0,0,0,0,0,0,0
127326605,Autonomo,"Fiera, Sempione, City Life, Portello",Sempione,45.4855,9.16039,13,745,15,5,2,3,1,0,0,0,0,0,0,0,0,0
127317611,Autonomo,"Bande Nere, Inganni",Lorenteggio,45.4523,9.13914,23,770,88,5,1,1,1,0,0,0,0,0,0,0,0,0
127303545,Autonomo,"Bicocca, Niguarda",Bicocca,45.5164,9.21617,29,765,80,4,1,1,0,0,1,0,0,0,0,0,0,0
127275095,Autonomo,"Quadronno, Palestro, Guastalla",Quadronno - Crocetta,45.4565,9.18957,16,760,191,6,3,3,1,0,0,0,0,0,0,0,0,0
127570212,Autonomo,"Uptown, Cascina Merlata, Viale Certosa",Certosa,45.4946,9.14423,17,800,81,5,1,3,1,0,0,0,0,0,0,0,0,0
127570090,Autonomo,"Porta Romana, Cadore, Montenero",Porta Romana - Medaglie d'Oro,45.4543,9.20498,31,760,112,5,2,1,0,0,0,0,0,0,0,0,0,0
127504404,Autonomo,"Abbiategrasso, Chiesa Rossa",Chiesa Rossa,45.4271,9.17844,19,740,100,2,1,1,0,0,0,0,0,0,0,0,0,0
127462546,Autonomo,"Maggiolina, Istria",Maggiolina,45.4941,9.19704,22,805,90,4,1,5,0,0,1,0,0,0,0,0,0,0
127414871,Autonomo,"Fiera, Sempione, City Life, Portello",Monte Rosa - Lotto,45.4829,9.14438,29,800,90,4,1,7,1,0,0,0,0,0,0,0,0,0
127356373,Autonomo,"Maggiolina, Istria",Istria,45.4984,9.19354,14,790,15,6,2,3,0,0,0,0,0,0,0,0,0,0
127326259,Autonomo,Navigli,Bocconi,45.4508,9.19124,24,750,188,6,4,2,1,0,0,0,0,0,0,0,0,0
127356267,Autonomo,"Corvetto, Rogoredo",Corvetto,45.4406,9.21247,13,785,15,4,2,2,0,0,0,0,0,0,0,0,0,0
127646686,Autonomo,"Maggiolina, Istria",Cascina dei Pomi,45.4926,9.20803,21,770,110,4,1,1,1,0,0,0,0,0,0,0,0,0
127602482,Autonomo,"Maggiolina, Istria",Istria,45.4984,9.19354,14,790,15,6,2,3,0,0,0,0,0,0,0,0,0,0
127504530,Autonomo,"Corvetto, Rogoredo",Corvetto,45.4406,9.21247,15,785,15,4,2,2,0,0,0,0,0,0,0,0,0,0
127355493,Autonomo,"Uptown, Cascina Merlata, Viale Certosa",Ghisolfa - Mac Mahon,45.4899,9.15252,19,735,121,5,1,8,1,0,0,0,0,0,0,0,0,0
127121121,Autonomo,Navigli,Bocconi,45.4508,9.19124,24,750,188,6,4,2,1,0,0,0,0,0,0,0,0,0
127541858,Autonomo,"Pasteur, Rovereto",Pasteur,45.4867,9.21822,12,740,15,5,1,1,0,0,0,0,0,0,0,0,0,0
127602264,Autonomo,"Maggiolina, Istria",Cascina dei Pomi,45.4926,9.20803,20,760,127,5,1,1,1,0,0,0,0,0,0,0,0,0
127504730,Autonomo,"Genova, Ticinese",San Vittore,45.4599,9.16766,10,790,250,6,3,1,0,0,0,0,0,0,0,1,0,0
127504578,Autonomo,"Bande Nere, Inganni",Lorenteggio,45.4525,9.14113,17,720,65,4,1,3,1,0,0,0,0,0,0,0,0,0
127355471,Autonomo,"Centrale, Repubblica",Buenos Aires,45.4769,9.20672,11,835,121,6,2,3,1,0,0,0,0,0,0,1,0,0
127602626,Autonomo,"Centrale, Repubblica",Centrale,45.486,9.20777,34,830,115,6,3,4,1,0,0,0,0,0,0,0,0,0
127646830,Autonomo,"Abbiategrasso, Chiesa Rossa",Pezzotti - Meda,45.4419,9.17862,12,820,121,5,1,3,1,0,0,0,0,0,0,0,0,0
127414751,Autonomo,"Quadronno, Palestro, Guastalla",Guastalla,45.463,9.20011,17,815,160,6,2,3,0,0,0,0,0,0,0,0,0,0
127356391,Autonomo,"Genova, Ticinese",San Vittore,45.4599,9.16766,10,790,250,6,3,1,0,0,1,0,0,0,0,1,0,0
127303531,Autonomo,"Maggiolina, Istria",Cascina dei Pomi,45.4926,9.20803,22,740,127,5,1,1,1,0,0,0,0,0,0,0,0,0
127201261,Autonomo,"Corvetto, Rogoredo",Corvetto,45.4394,9.22239,40,835,138,5,1,7,1,0,0,0,0,0,0,0,0,0
127646880,Autonomo,"Città Studi, Susa",Città Studi,45.4741,9.21745,12,830,189,6,3,6,1,0,0,0,0,0,0,0,0,0
127384545,Autonomo,Navigli,Bocconi,45.4508,9.19124,26,750,188,6,4,2,1,0,0,0,0,0,0,0,0,0
127647044,Autonomo,"Bande Nere, Inganni",Lorenteggio,45.4523,9.13914,54,710,64,4,1,3,1,0,0,0,0,0,0,0,0,0
127541478,Autonomo,"Centrale, Repubblica",Buenos Aires,45.4836,9.21537,25,800,178,6,3,1,0,0,0,0,0,0,0,1,0,0
127504418,Autonomo,"Bisceglie, Baggio, Olmi",Baggio,45.4579,9.09394,15,820,67,3,1,1,0,0,0,0,0,0,0,0,0,0
127462878,Autonomo,"Uptown, Cascina Merlata, Viale Certosa",Certosa,45.4945,9.14426,26,805,212,6,2,2,1,0,0,0,0,0,0,0,0,0
127415049,Autonomo,"Centrale, Repubblica",Buenos Aires,45.4851,9.2149,18,790,15,5,2,1,1,0,0,0,0,0,0,0,0,0
127570228,Autonomo,"Maggiolina, Istria",Maggiolina,45.5017,9.19935,16,750,140,6,2,1,0,0,0,0,0,0,0,0,0,0
127541742,Autonomo,"Maggiolina, Istria",Istria,45.4984,9.19354,14,790,15,6,2,3,0,0,0,0,0,0,0,0,0,0
127490524,Autonomo,"Maggiolina, Istria",Maggiolina,45.4963,9.20541,56,800,146,6,2,7,0,0,0,0,0,0,0,0,0,0
127275085,Autonomo,"Bande Nere, Inganni",Lorenteggio,45.4541,9.13854,34,735,75,4,1,5,1,0,0,0,0,0,0,0,0,0
127646690,Autonomo,"Maggiolina, Istria",Cascina dei Pomi,45.4926,9.20803,25,770,115,4,1,5,1,0,0,0,0,0,0,0,0,0
127646596,Autonomo,"Bicocca, Niguarda",Greco - Segnano,45.5082,9.2047,12,730,110,2,1,1,0,0,0,0,0,0,0,0,0,0
127384765,Autonomo,"Maggiolina, Istria",Cascina dei Pomi,45.4926,9.20803,19,760,161,5,1,4,1,0,0,0,0,0,0,0,0,0
127384607,Autonomo,"Maggiolina, Istria",Cascina dei Pomi,45.4926,9.20803,35,715,196,6,2,6,1,0,0,0,0,0,0,0,0,0
127317413,Autonomo,Navigli,Bocconi,45.4508,9.19124,23,715,188,6,4,2,1,0,0,0,0,0,0,0,0,0
127121141,Autonomo,"Porta Romana, Cadore, Montenero",Cadore,45.4539,9.21348,30,750,101,5,2,1,1,0,0,0,0,0,0,0,0,0
127570220,Autonomo,"Porta Venezia, Indipendenza",Porta Venezia,45.4765,9.20674,22,825,98,5,1,1,1,0,0,0,0,0,0,0,0,0
127570210,Autonomo,"Porta Venezia, Indipendenza",Porta Venezia,45.4773,9.20508,47,810,115,6,2,1,1,0,0,0,0,0,0,0,0,0
127541688,Autonomo,"Bande Nere, Inganni",Lorenteggio,45.4519,9.1395,21,780,72,4,1,7,1,0,0,0,0,0,0,0,0,0
127541646,Autonomo,Navigli,Navigli - Darsena,45.4446,9.17288,27,765,78,4,1,1,0,0,0,0,0,0,0,0,0,0
127513816,Autonomo,"Bande Nere, Inganni",Lorenteggio,45.4534,9.14086,25,730,106,5,2,1,0,0,0,0,0,0,0,0,0,0
127462960,Autonomo,"Genova, Ticinese",San Vittore,45.4599,9.16766,10,790,250,6,3,1,0,0,0,0,0,0,0,1,0,0
127462856,Autonomo,"Quadronno, Palestro, Guastalla",Guastalla,45.463,9.20011,16,720,160,6,2,3,0,0,0,0,0,0,0,0,0,0
127355753,Autonomo,"Bicocca, Niguarda",Ca' Granda,45.5052,9.19938,21,790,140,6,3,1,0,0,0,0,0,0,0,0,0,0
127504612,Autonomo,"Bande Nere, Inganni",Lorenteggio,45.4523,9.13914,20,710,88,5,1,6,1,0,0,0,0,0,0,0,0,0
127356405,Autonomo,"Maggiolina, Istria",Istria,45.4984,9.19354,14,790,15,6,2,3,0,0,0,0,0,0,0,0,0,0
127356369,Autonomo,"Maggiolina, Istria",Maggiolina,45.5017,9.19935,16,840,140,6,2,1,0,0,0,0,0,0,0,0,0,0
127317423,Autonomo,"Uptown, Cascina Merlata, Viale Certosa",Ghisolfa - Mac Mahon,45.4895,9.15383,38,745,127,6,2,7,1,0,0,0,0,0,0,0,0,0
127646772,Autonomo,"Bande Nere, Inganni",Lorenteggio,45.4542,9.13777,42,720,136,6,3,8,1,0,0,0,0,0,0,0,0,0
127602620,Autonomo,"Quadronno, Palestro, Guastalla",Quadronno - Crocetta,45.4558,9.2023,19,715,171,6,3,5,0,0,0,0,0,0,0,0,0,0
109523647,Assente,"Centrale, Repubblica",Buenos Aires,45.4854,9.2132,42,750,105,4,2,4,0,0,1,0,1,0,1,0,0,1
100748733,Centralizzato,"Corvetto, Rogoredo",Corvetto,45.4434,9.22148,13,720,75,3,1,1,0,0,1,1,1,0,0,0,0,1
125998667,Centralizzato,"Abbiategrasso, Chiesa Rossa",Pezzotti - Meda,45.4404,9.18168,13,750,NA,3,1,1,0,0,0,1,1,0,1,0,1,1
124030043,Assente,"Precotto, Turro",Turro,45.5007,9.2234,14,800,20,4,2,3,0,0,1,0,1,1,0,1,0,1
125673785,Centralizzato,"Abbiategrasso, Chiesa Rossa",Cermenate - Abbiategrasso,45.4356,9.17694,11,750,32,1,1,1,0,0,1,0,1,0,1,1,0,0
127164179,Centralizzato,"Affori, Bovisa",Dergano,45.5004,9.18062,9,750,75,NA,NA,3,0,0,0,0,1,0,0,0,0,1
126194547,Assente,Navigli,Ascanio Sforza,45.4442,9.179,33,830,33,4,2,1,0,0,0,0,1,1,1,0,0,1
121586222,Assente,Navigli,Bocconi,45.4511,9.1924,38,740,50,3,1,5,0,0,1,0,1,1,1,0,0,1
125357123,Autonomo,"Affori, Bovisa",Affori,45.5173,9.1712,28,750,20,3,2,3,1,1,1,0,1,0,0,0,0,1
126976123,Assente,"Porta Romana, Cadore, Montenero",Porta Romana - Medaglie d'Oro,45.4486,9.203,9,750,95,3,1,4,0,0,0,0,1,1,0,0,0,1
126995139,Assente,"Abbiategrasso, Chiesa Rossa",Cermenate - Abbiategrasso,45.4355,9.1782,11,750,65,3,4,3,0,0,0,0,1,1,0,0,0,0
123777823,Assente,"Abbiategrasso, Chiesa Rossa",Cermenate - Abbiategrasso,45.4355,9.1782,27,750,80,1,1,2,0,0,0,0,1,0,0,0,0,0
126990867,Assente,"Famagosta, Barona",Famagosta,45.4381,9.1549,11,800,79,4,2,1,0,0,0,0,1,1,0,0,0,0
126543125,Centralizzato,"Genova, Ticinese",San Vittore,45.4611,9.1698,28,800,14,4,2,1,0,1,0,0,1,1,0,0,0,1
127513800,Autonomo,Centro,Duomo,45.4609,9.19095,41,750,334,6,4,1,1,0,0,0,0,0,0,0,0,0
127504422,Autonomo,"Città Studi, Susa",Città Studi,45.4766,9.21804,14,740,15,3,1,1,0,0,1,0,0,0,0,0,0,0
127385159,Autonomo,"Genova, Ticinese",San Vittore,45.4599,9.16766,10,790,250,6,3,1,0,0,0,0,0,0,0,1,0,0
127355667,Autonomo,"Bande Nere, Inganni",Lorenteggio,45.4517,9.14007,26,770,69,5,1,8,1,0,0,0,0,0,0,0,0,0
127232221,Autonomo,"Città Studi, Susa",Plebisciti - Susa,45.4644,9.2177,17,760,120,6,2,4,0,0,1,0,0,0,0,0,0,0
127232191,Autonomo,"Bande Nere, Inganni",Lorenteggio,45.4523,9.13914,20,710,88,5,1,6,1,0,0,0,0,0,0,0,0,0
127646704,Autonomo,Navigli,Navigli - Darsena,45.4509,9.16878,24,840,15,5,2,1,1,0,0,0,0,0,0,0,0,0
127569780,Autonomo,"Precotto, Turro",Precotto,45.5101,9.22356,23,775,140,6,4,1,0,0,1,0,0,0,0,0,0,0
127355919,Autonomo,"San Siro, Trenno",San Siro,45.4735,9.13115,48,815,159,6,2,1,1,0,0,0,0,0,0,0,0,0
127355725,Autonomo,"Bicocca, Niguarda",Ca' Granda,45.5052,9.19938,21,750,140,6,3,1,0,0,0,0,0,0,0,0,0,0
127355509,Autonomo,"Porta Vittoria, Lodi",Lodi - Brenta,45.4435,9.21768,23,740,15,5,2,2,0,0,0,0,0,0,0,0,0,0
127355447,Autonomo,"Solari, Washington",Frua,45.4653,9.14755,21,750,150,6,2,4,1,0,0,0,0,0,0,0,0,0
127326269,Autonomo,Navigli,Navigli - Darsena,45.4446,9.17288,12,735,110,6,2,1,0,0,0,0,0,0,0,0,0,0
127275321,Autonomo,"Genova, Ticinese",San Vittore,45.4599,9.16766,10,790,250,6,3,1,0,0,0,0,0,0,0,1,0,0
127201255,Autonomo,"Solari, Washington",Frua,45.4653,9.14755,22,815,150,6,2,4,1,0,0,0,0,0,0,0,0,0
127504648,Autonomo,"Garibaldi, Moscova, Porta Nuova",Turati,45.4757,9.1894,21,720,64,3,1,2,1,0,0,0,0,0,0,0,0,0
127415051,Autonomo,"Città Studi, Susa",Città Studi,45.48,9.23291,54,755,189,6,3,1,1,0,0,0,0,0,0,0,0,0
127275171,Autonomo,"Solari, Washington",Frua,45.4653,9.14755,21,815,150,6,2,4,1,0,0,0,0,0,0,0,0,0
127132825,Autonomo,"Pasteur, Rovereto",Pasteur,45.4867,9.21822,13,840,15,5,1,1,0,0,1,0,0,0,0,0,0,0
127326451,Autonomo,"Città Studi, Susa",Plebisciti - Susa,45.4703,9.21965,31,810,161,6,2,7,1,0,0,0,0,0,0,0,0,0
127169359,Autonomo,"Corvetto, Rogoredo",Corvetto,45.4406,9.21247,10,805,15,2,1,1,0,0,0,0,0,0,0,0,0,0
127570230,Autonomo,"Solari, Washington",Solari,45.4573,9.16933,12,790,200,6,2,1,0,0,0,0,0,0,0,0,0,0
127356411,Autonomo,Centro,Carrobbio,45.4576,9.18402,17,820,15,6,3,3,0,0,0,0,0,0,0,0,0,0
127317605,Autonomo,"Napoli, Soderini",Tripoli - Soderini,45.4545,9.14926,33,760,94,5,1,2,1,0,0,0,0,0,0,0,0,0
127303765,Autonomo,"Pasteur, Rovereto",Pasteur,45.4875,9.21977,32,745,134,6,2,7,1,0,0,0,0,0,0,1,0,0
127303509,Autonomo,"Maggiolina, Istria",Cascina dei Pomi,45.4926,9.20803,11,735,196,6,3,2,1,0,0,0,0,0,0,0,0,0
127602276,Autonomo,"Affori, Bovisa",Affori,45.5161,9.17614,22,750,15,4,2,1,0,0,0,0,0,0,0,1,0,0
127541476,Autonomo,"Fiera, Sempione, City Life, Portello",Monte Rosa - Lotto,45.4784,9.14928,40,795,156,6,2,1,1,0,0,0,0,0,0,0,0,0
127462730,Autonomo,"Centrale, Repubblica",Centrale,45.4868,9.20122,66,780,287,6,4,2,1,0,0,0,0,0,0,0,0,0
127356437,Autonomo,"Fiera, Sempione, City Life, Portello",Amendola - Buonarroti,45.4731,9.14965,10,785,200,6,2,7,0,0,0,0,0,0,0,0,0,0
127356381,Autonomo,Centro,Carrobbio,45.4576,9.18402,17,815,15,6,3,3,0,0,0,0,0,0,0,0,0,0
127356363,Autonomo,"Maggiolina, Istria",Cascina dei Pomi,45.4926,9.20803,19,760,161,5,1,4,1,0,0,0,0,0,0,0,0,0
127317473,Autonomo,Navigli,Bocconi,45.4502,9.18698,55,770,161,6,3,1,0,0,0,0,0,0,0,0,0,0
127094291,Autonomo,"Abbiategrasso, Chiesa Rossa",Chiesa Rossa,45.4326,9.18433,30,775,15,6,3,7,0,0,0,0,0,0,0,0,0,0
127356365,Autonomo,"Solari, Washington",Solari,45.4573,9.16933,11,790,200,6,2,1,0,0,1,0,0,0,0,1,0,0
127326353,Autonomo,"Fiera, Sempione, City Life, Portello",Sempione,45.4855,9.16039,13,745,15,5,2,3,1,0,0,0,0,0,0,0,0,0
127303539,Autonomo,"Bisceglie, Baggio, Olmi",Quarto Cagnino,45.4737,9.111,10,725,116,6,2,6,1,0,0,0,0,0,0,0,0,0
127646882,Autonomo,"Affori, Bovisa",Affori,45.5161,9.17614,20,750,15,4,2,1,0,0,0,0,0,0,0,1,0,0
127646804,Autonomo,"Ripamonti, Vigentino",Ripamonti - Fondazione Prada,45.4377,9.196,19,725,80,4,1,3,0,0,1,0,0,0,0,0,0,0
127602336,Autonomo,"Quadronno, Palestro, Guastalla",Quadronno - Crocetta,45.4522,9.19949,43,740,15,4,3,3,0,0,0,0,0,0,0,0,0,0
127541744,Autonomo,"Maggiolina, Istria",Istria,45.4984,9.19354,14,790,15,6,2,3,0,0,0,0,0,0,0,0,0,0
127414831,Autonomo,"Abbiategrasso, Chiesa Rossa",Pezzotti - Meda,45.4434,9.17731,15,735,75,4,1,1,0,0,0,0,0,0,0,0,0,0
127356389,Autonomo,"Genova, Ticinese",San Vittore,45.4599,9.16766,10,790,250,6,3,1,0,0,0,0,0,0,0,1,0,0
127602452,Autonomo,"Centrale, Repubblica",Centrale,45.486,9.20777,34,830,115,6,3,4,1,0,0,0,0,0,0,0,0,0
127504726,Autonomo,"Bande Nere, Inganni",Lorenteggio,45.4539,9.13741,22,780,62,4,1,5,1,0,0,0,0,0,0,0,0,0
127490302,Autonomo,Centro,Carrobbio,45.4576,9.18402,17,820,15,6,3,3,0,0,0,0,0,0,0,0,0,0
127490272,Autonomo,"Quadronno, Palestro, Guastalla",Quadronno - Crocetta,45.4551,9.20027,15,760,15,2,1,1,1,0,0,0,0,0,0,0,0,0
127462844,Autonomo,Navigli,Corso San Gottardo,45.4502,9.18155,12,750,59,3,1,1,0,0,0,0,0,0,0,0,0,0
127384307,Autonomo,"Centrale, Repubblica",Morgagni,45.4779,9.21093,28,755,160,6,2,4,0,0,1,0,0,0,0,0,0,0
127355495,Autonomo,"Corvetto, Rogoredo",Corvetto,45.4406,9.21247,13,785,15,4,2,2,0,0,0,0,0,0,0,0,0,0
127317565,Autonomo,Navigli,Navigli - Darsena,45.4439,9.17542,16,750,98,5,2,1,0,0,0,0,0,0,0,0,0,0
127570202,Autonomo,"Ripamonti, Vigentino",Vigentino - Fatima,45.4289,9.20273,16,760,147,4,1,4,0,0,0,0,0,0,0,0,0,0
127504454,Autonomo,"Centrale, Repubblica",Buenos Aires,45.4839,9.21494,15,790,144,6,2,2,0,0,0,0,0,0,0,0,0,0
127414719,Autonomo,"Maggiolina, Istria",Cascina dei Pomi,45.4926,9.20803,37,710,196,6,2,6,1,0,0,0,0,0,0,0,0,0
127462902,Autonomo,"Maggiolina, Istria",Istria,45.4984,9.19354,14,750,15,6,2,3,0,0,0,0,0,0,0,0,0,0
127317713,Autonomo,"Bande Nere, Inganni",Lorenteggio,45.4543,9.14068,10,705,65,4,1,1,0,0,0,0,0,0,0,0,0,0
127504598,Autonomo,"Città Studi, Susa",Città Studi,45.4817,9.2222,12,780,141,6,2,1,0,0,0,0,0,0,0,0,0,0
127462892,Autonomo,"Udine, Lambrate",Udine,45.4901,9.23447,21,840,15,5,2,2,1,0,0,0,0,0,0,0,0,0
127356303,Autonomo,"Maggiolina, Istria",Istria,45.4984,9.19354,14,790,15,6,2,3,0,0,0,0,0,0,0,0,0,0
127462650,Autonomo,"Solari, Washington",Frua,45.4651,9.14734,23,740,15,4,1,1,0,0,0,0,0,0,0,0,0,0
127356459,Autonomo,Centro,Carrobbio,45.4576,9.18402,18,720,15,6,3,3,0,0,0,0,0,0,0,0,0,0
127317511,Autonomo,"Cenisio, Sarpi, Isola",Isola,45.4889,9.18815,31,750,127,5,1,4,1,0,0,0,0,0,0,0,0,0
127303557,Autonomo,"Bande Nere, Inganni",Lorenteggio,45.4519,9.14075,34,735,74,4,1,4,1,0,0,0,0,0,0,0,0,0
127647028,Autonomo,"Abbiategrasso, Chiesa Rossa",Pezzotti - Meda,45.4419,9.17862,12,820,121,5,1,3,1,0,0,0,0,0,0,0,0,0
127513944,Autonomo,Centro,Carrobbio,45.4576,9.18402,16,820,15,6,3,3,0,0,0,0,0,0,0,0,0,0
127326437,Autonomo,"Corvetto, Rogoredo",Corvetto,45.4403,9.22312,10,710,116,5,2,1,1,0,0,0,0,0,0,1,0,0
127513830,Autonomo,"Porta Romana, Cadore, Montenero",Cadore,45.4539,9.21348,30,750,101,5,2,1,1,0,0,0,0,0,0,0,0,0
127513646,Autonomo,"Maggiolina, Istria",Cascina dei Pomi,45.4926,9.20803,12,715,253,6,2,1,1,0,0,0,0,0,0,0,0,0
127490046,Autonomo,"Famagosta, Barona",Giambellino,45.4496,9.14954,14,740,160,6,2,1,0,0,1,0,0,0,0,0,0,0
127490034,Autonomo,"Abbiategrasso, Chiesa Rossa",Chiesa Rossa,45.4271,9.17844,22,740,100,2,1,1,0,0,0,0,0,0,0,0,0,0
127462680,Autonomo,"Maggiolina, Istria",Maggiolina,45.4963,9.20541,58,830,146,6,2,7,0,0,0,0,0,0,0,0,0,0
127356289,Autonomo,"Uptown, Cascina Merlata, Viale Certosa",Certosa,45.4946,9.14423,33,800,168,6,3,3,1,0,0,0,0,0,0,0,0,0
127326143,Autonomo,Navigli,Ascanio Sforza,45.4469,9.17928,18,795,120,5,1,2,0,0,1,0,0,0,0,0,0,0
127541692,Autonomo,"Solari, Washington",Washington,45.4621,9.1525,22,770,127,5,1,5,1,0,0,0,0,0,0,0,0,0
127513874,Autonomo,"Centrale, Repubblica",Repubblica,45.4795,9.19969,22,750,178,6,2,1,0,0,0,0,0,0,0,0,0,0
127513848,Autonomo,"Città Studi, Susa",Plebisciti - Susa,45.4648,9.2235,10,795,15,6,3,1,1,0,0,0,0,0,0,0,0,0
127490396,Autonomo,"Porta Romana, Cadore, Montenero",Montenero,45.4566,9.20811,22,740,104,4,1,7,1,0,0,0,0,0,0,0,0,0
127414511,Autonomo,Navigli,Ascanio Sforza,45.4469,9.17928,18,830,120,5,1,2,0,0,1,0,0,0,0,0,0,0
127303757,Autonomo,"Bande Nere, Inganni",Lorenteggio,45.4542,9.13777,13,775,70,4,1,3,1,0,0,0,0,0,0,0,0,0
127303999,Autonomo,"Uptown, Cascina Merlata, Viale Certosa",Ghisolfa - Mac Mahon,45.4899,9.15252,19,730,121,5,1,8,1,0,0,0,0,0,0,0,0,0
127541694,Autonomo,"Napoli, Soderini",Tripoli - Soderini,45.4546,9.14808,20,795,86,4,1,2,1,0,0,0,0,0,0,0,0,0
127463044,Autonomo,"Quadronno, Palestro, Guastalla",Quadronno - Crocetta,45.4522,9.19949,43,740,15,4,3,3,0,0,0,0,0,0,0,0,0,0
127355461,Autonomo,"Famagosta, Barona",Famagosta,45.4417,9.17446,14,735,15,3,2,1,1,0,0,0,0,0,0,0,0,0
127303733,Autonomo,"Napoli, Soderini",Tripoli - Soderini,45.4545,9.14926,31,730,94,5,1,2,1,0,0,0,0,0,0,0,0,0
127414487,Autonomo,"Fiera, Sempione, City Life, Portello",Amendola - Buonarroti,45.4731,9.14965,10,785,200,6,2,7,0,0,0,0,0,0,0,0,0,0
127356305,Autonomo,"Maggiolina, Istria",Istria,45.4984,9.19354,14,750,15,6,2,3,0,0,0,0,0,0,0,0,0,0
127514044,Autonomo,"Città Studi, Susa",Plebisciti - Susa,45.4648,9.2235,10,795,15,6,3,1,1,0,0,0,0,0,0,0,0,0
127490486,Autonomo,"Precotto, Turro",Turro,45.5034,9.22352,21,730,65,4,1,7,0,0,0,0,0,0,0,0,0,0
127414799,Autonomo,"Porta Vittoria, Lodi",Lodi - Brenta,45.4431,9.22025,20,820,140,6,2,13,0,0,0,0,0,0,0,0,0,0
127356401,Autonomo,"Maggiolina, Istria",Maggiolina,45.5017,9.19935,15,790,140,6,2,1,0,0,0,0,0,0,0,0,0,0
127356299,Autonomo,"Bicocca, Niguarda",Ca' Granda,45.5052,9.19938,21,790,140,6,3,1,0,0,0,0,0,0,0,0,0,0
127303625,Autonomo,"Abbiategrasso, Chiesa Rossa",Pezzotti - Meda,45.4419,9.17862,30,825,121,5,1,3,1,0,0,0,0,0,0,0,0,0
127602488,Autonomo,"Fiera, Sempione, City Life, Portello",Amendola - Buonarroti,45.4731,9.14965,10,790,200,6,2,7,0,0,0,0,0,0,0,0,0,0
127541636,Autonomo,"Porta Venezia, Indipendenza",Piave - Tricolore,45.4708,9.20835,27,785,173,6,2,2,1,0,0,0,0,0,0,0,0,0
127356433,Autonomo,"Genova, Ticinese",San Vittore,45.4599,9.16766,10,750,250,6,3,1,0,0,0,0,0,0,0,0,0,0
127541766,Autonomo,Centro,Carrobbio,45.4576,9.18402,17,820,15,6,3,3,0,0,0,0,0,0,0,0,0,0
127504848,Autonomo,"Bande Nere, Inganni",Lorenteggio,45.4519,9.1395,21,780,72,4,1,7,1,0,0,0,0,0,0,0,0,0
127504614,Autonomo,"Città Studi, Susa",Città Studi,45.48,9.23291,54,755,189,6,3,1,1,0,0,0,0,0,0,0,0,0
127490400,Autonomo,"Centrale, Repubblica",Centrale,45.4868,9.20122,66,795,287,6,4,2,1,0,0,0,0,0,0,0,0,0
127356349,Autonomo,"San Siro, Trenno",San Siro,45.4735,9.13115,48,815,159,6,2,1,1,0,0,0,0,0,0,0,0,0
127326433,Autonomo,Forlanini,Viale Ungheria - Mecenate,45.4561,9.23823,26,745,133,6,2,2,0,0,0,0,0,0,0,0,0,0
127275187,Autonomo,"Maggiolina, Istria",Maggiolina,45.5017,9.19935,16,750,140,6,2,1,0,0,0,0,0,0,0,0,0,0
127646594,Autonomo,"Maggiolina, Istria",Maggiolina,45.4958,9.20745,24,730,15,4,1,1,0,0,1,0,0,0,0,0,0,0
127490308,Autonomo,"Centrale, Repubblica",Buenos Aires,45.4857,9.21418,21,820,158,6,3,5,0,0,0,0,0,0,0,0,0,0
127384519,Autonomo,"Famagosta, Barona",Giambellino,45.4496,9.14954,14,740,160,6,2,1,0,0,0,0,0,0,0,0,0,0
127602458,Autonomo,"Città Studi, Susa",Città Studi,45.4823,9.21731,28,795,149,6,2,1,0,0,0,0,0,0,0,0,0,0
127356319,Autonomo,"Solari, Washington",Solari,45.4573,9.16933,12,790,200,6,2,1,0,0,0,0,0,0,0,0,0,0
127385121,Autonomo,"Famagosta, Barona",Giambellino,45.4496,9.14954,14,740,160,6,2,1,0,0,0,0,0,0,0,0,0,0
127602484,Autonomo,"Uptown, Cascina Merlata, Viale Certosa",Certosa,45.4946,9.14423,33,800,168,6,3,3,1,0,0,0,0,0,0,0,0,0
127570104,Autonomo,"Maggiolina, Istria",Cascina dei Pomi,45.4926,9.20803,10,715,207,6,3,1,1,0,0,0,0,0,0,0,0,0
127570036,Autonomo,"Città Studi, Susa",Città Studi,45.4689,9.22446,18,800,136,6,2,2,1,0,0,0,0,0,0,0,0,0
127490290,Autonomo,"Maggiolina, Istria",Cascina dei Pomi,45.4926,9.20803,12,735,196,6,3,2,1,0,0,0,0,0,0,0,0,0
127355347,Autonomo,Navigli,Ascanio Sforza,45.4469,9.17928,22,835,120,5,1,2,0,0,1,0,0,0,0,0,0,0
127303923,Autonomo,"Centrale, Repubblica",Buenos Aires,45.4839,9.21494,15,790,144,6,2,2,0,0,0,0,0,0,0,0,0,0
127275123,Autonomo,"Porta Romana, Cadore, Montenero",Porta Romana - Medaglie d'Oro,45.4527,9.20376,13,710,15,6,2,1,1,0,0,0,0,0,0,0,0,0
127569778,Autonomo,"Bande Nere, Inganni",Inganni,45.4575,9.11946,23,705,80,4,1,1,0,0,1,0,0,0,0,0,0,0
127132855,Autonomo,"Bande Nere, Inganni",Lorenteggio,45.4525,9.14113,17,720,65,4,1,3,1,0,0,0,0,0,0,0,0,0
127646696,Autonomo,"Cenisio, Sarpi, Isola",Isola,45.4889,9.18815,31,815,127,5,1,4,1,0,0,0,0,0,0,0,0,0
127602486,Autonomo,"Solari, Washington",Solari,45.4573,9.16933,12,790,200,6,2,1,0,0,0,0,0,0,0,0,0,0
127602370,Autonomo,"Città Studi, Susa",Città Studi,45.4859,9.22556,38,820,469,6,4,1,0,0,1,0,0,0,0,0,0,0
127384781,Autonomo,"Famagosta, Barona",Famagosta,45.4429,9.17575,14,745,123,4,2,1,0,0,0,0,0,0,0,1,0,0
127646776,Autonomo,"Cenisio, Sarpi, Isola",Isola,45.4889,9.18815,32,815,127,5,1,4,1,0,0,0,0,0,0,0,0,0
127602402,Autonomo,"Quadronno, Palestro, Guastalla",Quadronno - Crocetta,45.4558,9.2023,19,715,171,6,3,5,0,0,0,0,0,0,0,0,0,0
127570234,Autonomo,"Maggiolina, Istria",Istria,45.4984,9.19354,14,750,15,6,2,3,0,0,0,0,0,0,0,0,0,0
127462876,Autonomo,"Maggiolina, Istria",Cascina dei Pomi,45.4926,9.20803,34,780,127,6,3,5,1,0,0,0,0,0,0,0,0,0
127414917,Autonomo,"Fiera, Sempione, City Life, Portello",Amendola - Buonarroti,45.4731,9.14965,10,785,200,6,2,7,0,0,0,0,0,0,0,0,0,0
127355659,Autonomo,Navigli,Corso San Gottardo,45.4492,9.18148,11,750,65,3,1,1,0,0,0,0,0,0,0,0,0,0
127355341,Autonomo,"Cenisio, Sarpi, Isola",Cenisio,45.4888,9.16805,22,705,100,5,1,4,0,0,1,0,0,0,0,0,0,0
127303959,Autonomo,"Centrale, Repubblica",Buenos Aires,45.4836,9.21537,25,800,178,6,3,1,0,0,0,0,0,0,0,1,0,0
127303741,Autonomo,"Abbiategrasso, Chiesa Rossa",Chiesa Rossa,45.4326,9.18433,30,775,15,6,3,7,0,0,0,0,0,0,0,0,0,0
127570206,Autonomo,"Centrale, Repubblica",Centrale,45.4849,9.20799,34,735,203,6,3,8,1,0,0,0,0,0,0,0,0,0
127541580,Autonomo,"Maggiolina, Istria",Cascina dei Pomi,45.4926,9.20803,37,715,196,6,2,6,1,0,0,0,0,0,0,0,0,0
127541486,Autonomo,"Solari, Washington",Solari,45.4518,9.15618,17,815,127,5,2,6,1,0,0,0,0,0,0,0,0,0
127513736,Autonomo,"Porta Venezia, Indipendenza",Porta Venezia,45.4773,9.20508,58,785,115,6,2,1,1,0,0,0,0,0,0,0,0,0
127356355,Autonomo,"Bicocca, Niguarda",Ca' Granda,45.5052,9.19938,21,750,140,6,3,1,0,0,0,0,0,0,0,0,0,0
127303505,Autonomo,"Porta Vittoria, Lodi",Martini - Insubria,45.4583,9.22348,41,705,217,6,3,8,1,0,0,0,0,0,0,0,0,0
127490494,Autonomo,"Abbiategrasso, Chiesa Rossa",Pezzotti - Meda,45.4434,9.17731,14,730,75,4,1,1,0,0,0,0,0,0,0,0,0,0
127355767,Autonomo,"Bande Nere, Inganni",Lorenteggio,45.453,9.14127,27,715,130,6,2,1,0,0,0,0,0,0,0,0,0,0
127513918,Autonomo,"Genova, Ticinese",San Vittore,45.4599,9.16766,10,790,250,6,3,1,0,0,0,0,0,0,0,1,0,0
127513902,Autonomo,"Corvetto, Rogoredo",Corvetto,45.4371,9.21564,60,720,151,6,3,1,1,0,0,0,0,0,0,0,0,0
127602212,Autonomo,Navigli,Bocconi,45.4508,9.19124,19,720,141,6,4,1,1,0,0,0,0,0,0,0,0,0
127326439,Autonomo,"Solari, Washington",Frua,45.4653,9.14755,22,815,150,6,2,4,1,0,0,0,0,0,0,0,0,0
127303993,Autonomo,"Bisceglie, Baggio, Olmi",Quarto Cagnino,45.4737,9.111,10,725,116,6,2,6,1,0,0,0,0,0,0,0,0,0
127513950,Autonomo,"Solari, Washington",Frua,45.4653,9.14755,21,815,150,6,2,4,1,0,0,0,0,0,0,0,0,0
127513872,Autonomo,"Città Studi, Susa",Plebisciti - Susa,45.471,9.21759,37,830,190,6,3,2,0,0,0,0,0,0,0,0,0,0
127384993,Autonomo,"Maggiolina, Istria",Cascina dei Pomi,45.4926,9.20803,12,715,253,6,2,1,1,0,0,0,0,0,0,0,0,0
127356393,Autonomo,"Maggiolina, Istria",Maggiolina,45.5017,9.19935,16,750,140,6,2,1,0,0,0,0,0,0,0,0,0,0
127356357,Autonomo,"Maggiolina, Istria",Istria,45.4984,9.19354,14,750,15,6,2,3,0,0,0,0,0,0,0,0,0,0
127326607,Autonomo,"Maggiolina, Istria",Cascina dei Pomi,45.4926,9.20803,10,715,207,6,3,1,1,0,0,0,0,0,0,0,0,0
127326257,Autonomo,"Uptown, Cascina Merlata, Viale Certosa",Ghisolfa - Mac Mahon,45.4895,9.15383,37,745,127,6,2,7,1,0,0,0,0,0,0,0,0,0
127646568,Autonomo,"Pasteur, Rovereto",Pasteur,45.4867,9.21822,13,840,15,5,1,1,0,0,1,0,0,0,0,0,0,0
127602436,Autonomo,"Ripamonti, Vigentino",Vigentino - Fatima,45.4289,9.20273,16,780,147,4,1,4,0,0,1,0,0,0,0,0,0,0
127490382,Autonomo,"Centrale, Repubblica",Centrale,45.4911,9.20441,10,715,253,6,2,1,1,0,0,0,0,0,0,0,0,0
127504434,Autonomo,Centro,Carrobbio,45.4576,9.18402,15,820,15,6,3,3,0,0,0,0,0,0,0,0,0,0
127275181,Autonomo,"Città Studi, Susa",Plebisciti - Susa,45.4644,9.2177,17,760,120,6,2,4,0,0,1,0,0,0,0,0,0,0
127121117,Autonomo,Navigli,Bocconi,45.4508,9.19124,23,715,188,6,4,2,1,0,0,0,0,0,0,0,0,0
127490266,Autonomo,Centro,Duomo,45.4609,9.19095,39,735,334,6,4,1,1,0,0,0,0,0,0,0,0,0
127462936,Autonomo,Centro,Carrobbio,45.4576,9.18402,18,720,15,6,3,3,0,0,0,0,0,0,0,0,0,0
127414653,Autonomo,"Bicocca, Niguarda",Bruzzano,45.5255,9.17005,20,825,140,6,2,1,0,0,0,0,0,0,0,0,0,0
127384325,Autonomo,"Maggiolina, Istria",Maggiolina,45.4941,9.19704,22,775,90,4,1,5,0,0,1,0,0,0,0,0,0,0
127570240,Autonomo,"Solari, Washington",Vercelli - Wagner,45.4689,9.15569,10,790,200,6,3,6,0,0,1,0,0,0,0,1,0,0
127414893,Autonomo,"Maggiolina, Istria",Maggiolina,45.4915,9.19756,25,710,15,6,3,1,1,0,0,0,0,0,0,0,0,0
127275305,Autonomo,Navigli,Bocconi,45.4502,9.18698,55,770,161,6,3,1,0,0,0,0,0,0,0,0,0,0
127303917,Autonomo,"Città Studi, Susa",Città Studi,45.4766,9.21804,14,740,15,3,1,1,0,0,1,0,0,0,0,0,0,0
127051081,Autonomo,"Bande Nere, Inganni",Lorenteggio,45.4519,9.14075,34,735,74,4,1,4,1,0,0,0,0,0,0,0,0,0
127570118,Autonomo,Navigli,Navigli - Darsena,45.4509,9.16878,27,840,15,5,2,1,1,0,0,0,0,0,0,0,0,0
127490522,Autonomo,"Città Studi, Susa",Città Studi,45.4817,9.2222,12,750,141,6,2,1,0,0,0,0,0,0,0,0,0,0
127414741,Autonomo,"Centrale, Repubblica",Buenos Aires,45.4851,9.2149,18,790,15,5,2,1,1,0,0,0,0,0,0,0,0,0
127356321,Autonomo,"Bande Nere, Inganni",Lorenteggio,45.453,9.14127,27,715,130,6,2,1,0,0,0,0,0,0,0,0,0,0
127570214,Autonomo,"Famagosta, Barona",Giambellino,45.4501,9.14046,24,730,118,5,2,6,1,0,0,0,0,0,0,0,0,0
127490534,Autonomo,"Bande Nere, Inganni",Lorenteggio,45.4521,9.1396,15,730,70,5,1,7,1,0,0,0,0,0,0,0,0,0
127141331,Autonomo,"Porta Vittoria, Lodi",Lodi - Brenta,45.4435,9.21768,23,740,15,5,2,2,0,0,0,0,0,0,0,0,0,0
127570026,Autonomo,"Porta Venezia, Indipendenza",Piave - Tricolore,45.4708,9.20835,25,785,173,6,2,2,1,0,0,0,0,0,0,0,0,0
127541534,Autonomo,"Porta Venezia, Indipendenza",Indipendenza,45.4642,9.21641,17,720,15,4,2,1,0,0,0,0,0,0,0,0,0,0
127326463,Autonomo,Navigli,Navigli - Darsena,45.4446,9.17288,13,755,110,6,2,1,0,0,0,0,0,0,0,0,0,0
127317507,Autonomo,"Bisceglie, Baggio, Olmi",Quarto Cagnino,45.4737,9.111,10,725,116,6,2,6,1,0,0,0,0,0,0,0,0,0
127384641,Autonomo,"Centrale, Repubblica",Buenos Aires,45.4795,9.21552,32,705,161,6,3,4,0,0,0,0,0,0,0,1,0,0
127490482,Autonomo,Navigli,Corso San Gottardo,45.4502,9.18155,10,750,59,3,1,1,0,0,0,0,0,0,0,0,0,0
127303921,Autonomo,"Porta Vittoria, Lodi",Lodi - Brenta,45.4428,9.21502,12,840,15,2,1,3,0,0,0,0,0,0,0,0,0,0
127541470,Autonomo,"Pasteur, Rovereto",Pasteur,45.4867,9.21822,12,740,15,5,1,1,0,0,0,0,0,0,0,0,0,0
127541370,Autonomo,"Porta Vittoria, Lodi",Lodi - Brenta,45.4428,9.21502,12,840,15,2,1,3,0,0,0,0,0,0,0,0,0,0
127602144,Autonomo,"Centrale, Repubblica",Buenos Aires,45.4813,9.21128,16,790,15,4,1,1,0,0,0,0,0,0,0,0,0,0
127132823,Autonomo,"Centrale, Repubblica",Buenos Aires,45.4813,9.21128,16,790,15,4,1,1,0,0,0,0,0,0,0,0,0,0
127317229,Autonomo,"Città Studi, Susa",Plebisciti - Susa,45.4683,9.2219,13,840,15,6,1,5,0,0,1,0,0,0,0,0,0,0
127541790,Autonomo,"Napoli, Soderini",Tripoli - Soderini,45.4546,9.14808,9,760,115,5,1,1,1,0,0,0,0,0,0,1,0,0
127490526,Autonomo,Navigli,Navigli - Darsena,45.4464,9.16077,9,795,138,6,2,4,1,0,0,0,0,0,0,0,0,0
127303345,Autonomo,"Città Studi, Susa",Plebisciti - Susa,45.4683,9.2219,13,840,15,6,1,5,0,0,1,0,0,0,0,0,0,0
127326129,Autonomo,"Città Studi, Susa",Plebisciti - Susa,45.4683,9.2219,13,840,15,6,1,5,0,0,1,0,0,0,0,0,0,0
127356415,Autonomo,"Genova, Ticinese",San Vittore,45.4599,9.16766,9,790,250,6,3,1,0,0,0,0,0,0,0,1,0,0
127355805,Autonomo,"Arco della Pace, Arena, Pagano",Vincenzo Monti,45.4676,9.16741,9,725,220,6,3,3,0,0,0,0,0,0,0,0,0,0
127275177,Autonomo,"Famagosta, Barona",Famagosta,45.4399,9.17355,9,750,78,3,1,1,0,0,0,0,0,0,0,0,0,0
127132829,Autonomo,"Centrale, Repubblica",Buenos Aires,45.4813,9.21128,15,790,15,4,1,1,0,0,1,0,0,0,0,0,0,0
127602490,Autonomo,"Solari, Washington",Vercelli - Wagner,45.4689,9.15569,10,790,200,6,3,6,0,0,1,0,0,0,0,1,0,0
127462894,Autonomo,"Genova, Ticinese",San Vittore,45.4599,9.16766,9,790,250,6,3,1,0,0,0,0,0,0,0,0,0,0
127356409,Autonomo,"Solari, Washington",Vercelli - Wagner,45.4689,9.15569,9,790,200,6,3,6,0,0,1,0,0,0,0,1,0,0
127356429,Autonomo,"Fiera, Sempione, City Life, Portello",Amendola - Buonarroti,45.4731,9.14965,9,790,200,6,2,7,0,0,0,0,0,0,0,0,0,0
127356427,Autonomo,"Solari, Washington",Vercelli - Wagner,45.4689,9.15569,10,790,200,6,3,6,0,0,1,0,0,0,0,1,0,0
127384767,Autonomo,"Fiera, Sempione, City Life, Portello",Amendola - Buonarroti,45.4731,9.14965,9,790,200,6,2,7,0,0,0,0,0,0,0,0,0,0
127504712,Autonomo,"Famagosta, Barona",Famagosta,45.4405,9.17508,9,795,67,3,1,1,0,0,0,0,0,0,0,0,0,0
127326611,Autonomo,"Solari, Washington",Vercelli - Wagner,45.4689,9.15569,9,790,200,6,3,6,0,0,0,0,0,0,0,0,0,0
127317241,Autonomo,"Famagosta, Barona",Giambellino,45.4468,9.12707,9,815,79,3,1,1,0,0,0,0,0,0,0,1,0,0
127415079,Autonomo,"Napoli, Soderini",Tripoli - Soderini,45.4546,9.14808,9,760,115,5,1,1,1,0,0,0,0,0,0,1,0,0
127326191,Autonomo,Navigli,Bocconi,45.4508,9.19124,17,765,141,6,4,1,1,0,0,0,0,0,0,0,0,0
127326619,Autonomo,"Genova, Ticinese",San Vittore,45.4599,9.16766,9,790,250,6,3,1,0,0,0,0,0,0,0,0,0,0
127541344,Autonomo,"Centrale, Repubblica",Buenos Aires,45.4813,9.21128,15,790,15,4,1,1,0,0,1,0,0,0,0,0,0,0
127384773,Autonomo,"Arco della Pace, Arena, Pagano",Vincenzo Monti,45.4676,9.16741,9,790,220,6,3,3,0,0,0,0,0,0,0,0,0,0
127355817,Autonomo,"Solari, Washington",Vercelli - Wagner,45.4689,9.15569,9,790,200,6,3,6,0,0,1,0,0,0,0,1,0,0
127356421,Autonomo,"Arco della Pace, Arena, Pagano",Vincenzo Monti,45.4676,9.16741,9,790,220,6,3,3,0,0,0,0,0,0,0,0,0,0
127602464,Autonomo,"Solari, Washington",Vercelli - Wagner,45.4689,9.15569,9,790,200,6,3,6,0,0,0,0,0,0,0,0,0,0
127356329,Autonomo,"Arco della Pace, Arena, Pagano",Vincenzo Monti,45.4676,9.16741,9,725,220,6,3,3,0,0,0,0,0,0,0,0,0,0
127602494,Autonomo,"Genova, Ticinese",San Vittore,45.4599,9.16766,9,790,250,6,3,1,0,0,0,0,0,0,0,1,0,0
127414503,Autonomo,"Napoli, Soderini",Tripoli - Soderini,45.4552,9.15182,13,785,110,4,2,1,0,0,0,0,0,0,0,0,0,0
127504660,Autonomo,"Centrale, Repubblica",Buenos Aires,45.4787,9.20602,9,800,117,6,2,1,1,0,0,0,0,0,0,0,0,0
127067215,Assente,"Napoli, Soderini",Piazza Napoli,45.4542,9.1529,24,750,20,3,1,2,0,0,0,0,1,1,1,0,0,1
127662228,Assente,Centro,Carrobbio,45.4569,9.1868,26,800,165,6,3,3,0,0,0,0,1,0,0,0,0,0
117479023,Assente,"San Siro, Trenno",Monte Stella,45.4879,9.1388,28,720,125,4,1,1,0,0,1,0,1,0,1,0,0,1
127388245,Assente,"Città Studi, Susa",Plebisciti - Susa,45.4686,9.2175,28,750,20,4,2,1,0,0,1,0,1,1,1,0,0,1
126662749,Assente,"Affori, Bovisa",Bovisa,45.4996,9.1687,18,800,84,3,1,3,0,0,1,0,1,0,1,0,0,1
126734429,Assente,"Cimiano, Crescenzago, Adriano",Cimiano,45.4986,9.2293,19,810,95,3,1,6,0,0,1,0,1,1,0,0,0,1
122360824,Assente,"Solari, Washington",Solari,45.4543,9.1585,32,750,9,2,1,1,0,0,1,0,1,0,1,0,0,1
121765970,Assente,Navigli,Corso San Gottardo,45.4518,9.1859,24,800,90,3,1,2,0,0,1,0,1,1,1,0,0,1
122120396,Assente,"Solari, Washington",Solari,45.451,9.1591,20,800,70,3,1,3,0,0,1,0,1,1,1,0,1,1
121899538,Centralizzato,"Bisceglie, Baggio, Olmi",Bisceglie,45.456,9.11375,9,770,20,6,NA,4,0,0,1,1,1,0,0,0,1,0
125826955,Assente,"Centrale, Repubblica",Centrale,45.4851,9.2088,21,720,12,1,1,3,0,0,0,0,0,0,0,0,0,0
125826697,Assente,"Centrale, Repubblica",Centrale,45.4851,9.2088,23,820,16,1,1,3,0,0,1,0,0,0,0,0,0,0
127096915,Assente,"Affori, Bovisa",Affori,45.5143,9.1716,15,775,103,4,3,2,0,0,1,0,1,1,0,0,0,1
127627114,Assente,"Città Studi, Susa",Argonne - Corsica,45.464,9.23,16,750,70,3,2,5,0,0,1,0,1,1,1,0,0,1
87371962,Assente,"San Siro, Trenno",Gallaratese,45.5009,9.1018,19,720,14,4,1,12,0,0,1,0,1,0,0,0,0,0
126534643,Assente,Navigli,Bocconi,45.4489,9.1874,23,750,120,4,2,3,0,0,1,0,1,0,1,0,0,0
126598727,Centralizzato,"Affori, Bovisa",Bovisa,45.5015,9.14497,10,750,NA,2,2,0.5,0,0,0,0,1,0,1,0,1,1
127384833,Autonomo,"Arco della Pace, Arena, Pagano",Vincenzo Monti,45.4676,9.16741,9,790,220,6,3,3,0,0,0,0,0,0,0,0,0,0
127513600,Autonomo,"Solari, Washington",Vercelli - Wagner,45.4686,9.15496,9,840,90,4,1,4,0,0,0,0,0,0,0,0,0,0
127326231,Assente,"Ripamonti, Vigentino",Ripamonti - Fondazione Prada,45.4371,9.20023,10,750,100,4,2,1,0,0,0,0,0,0,0,0,0,0
127141321,Autonomo,"Solari, Washington",Vercelli - Wagner,45.4686,9.15496,9,840,90,4,1,4,0,0,0,0,0,0,0,0,0,0
127646856,Assente,"Uptown, Cascina Merlata, Viale Certosa",Ghisolfa - Mac Mahon,45.4936,9.16147,12,750,91,3,2,1,0,0,0,0,0,0,0,0,0,0
120952794,Assente,"Napoli, Soderini",Tripoli - Soderini,45.4558,9.1513,24,800,670,6,4,2,0,0,0,0,0,1,0,0,0,0
125872789,Centralizzato,"Città Studi, Susa",Città Studi,45.4727,9.23239,10,800,150,4,2,1,0,0,1,0,0,0,0,0,0,0
126149401,Assente,"Affori, Bovisa",Bovisa,45.5044,9.1613,7,790,18,3,NA,0.5,0,0,0,0,1,1,0,0,0,0
127602496,Assente,"Uptown, Cascina Merlata, Viale Certosa",Certosa,45.499,9.14982,12,760,60,3,1,4,0,0,0,0,0,0,0,0,0,0
127326121,Autonomo,"Città Studi, Susa",Plebisciti - Susa,45.4648,9.2235,8,840,130,5,2,1,0,0,0,0,0,0,0,0,0,0
127570052,Autonomo,"Maggiolina, Istria",Maggiolina,45.4962,9.20583,7,760,15,5,2,5,1,0,0,0,0,0,0,0,0,0
127569820,Autonomo,"Napoli, Soderini",Tripoli - Soderini,45.4546,9.14808,7,720,127,4,1,3,1,0,0,0,0,0,0,0,0,0
127094271,Autonomo,"Maggiolina, Istria",Maggiolina,45.4962,9.20583,7,760,15,5,2,5,1,0,0,0,0,0,0,0,0,0
127303929,Autonomo,"Napoli, Soderini",Tripoli - Soderini,45.4546,9.14808,7,720,127,4,1,3,1,0,0,0,0,0,0,0,0,0
127569832,Autonomo,"Napoli, Soderini",Tripoli - Soderini,45.4546,9.14808,7,720,127,4,1,3,1,0,0,0,0,0,0,0,0,0
127541438,Assente,"Porta Vittoria, Lodi",Porta Vittoria,45.4606,9.22876,9,800,120,4,2,1,0,0,0,0,0,0,0,0,0,0
127303927,Autonomo,"Napoli, Soderini",Tripoli - Soderini,45.4546,9.14808,7,720,127,4,1,3,1,0,0,0,0,0,0,0,0,0
127602450,Autonomo,"Napoli, Soderini",Tripoli - Soderini,45.4546,9.14808,7,760,127,5,1,3,1,0,0,0,0,0,0,0,0,0
127646630,Autonomo,"Napoli, Soderini",Tripoli - Soderini,45.4546,9.14808,7,720,127,4,1,3,1,0,0,0,0,0,0,0,0,0
127490366,Autonomo,"San Siro, Trenno",San Siro,45.4707,9.12737,7,740,15,5,2,5,0,0,0,0,0,0,0,0,0,0
127303745,Autonomo,"Maggiolina, Istria",Maggiolina,45.4925,9.1986,11,755,139,6,2,1,0,0,0,0,0,0,0,0,0,0
127274907,Autonomo,"Udine, Lambrate",Ortica,45.4691,9.2482,7,805,15,6,4,1,0,0,0,0,0,0,0,0,0,0
127303941,Autonomo,"Napoli, Soderini",Tripoli - Soderini,45.4546,9.14808,7,720,127,4,1,3,1,0,0,0,0,0,0,0,0,0
127462884,Autonomo,"Città Studi, Susa",Città Studi,45.4827,9.23509,7,810,15,4,1,4,1,0,0,0,0,0,0,0,0,0
123084505,Autonomo,"Affori, Bovisa",Bovisa,45.5026,9.15345,6,750,70,4,1,1,0,0,0,0,1,0,0,1,0,1
127513702,Assente,"Città Studi, Susa",Città Studi,45.483,9.22738,9,780,120,5,4,1,0,0,0,0,0,0,0,0,0,0
127326615,Autonomo,"Arco della Pace, Arena, Pagano",Arco della Pace,45.4776,9.16864,12,790,200,6,2,3,0,0,0,0,0,0,0,1,0,0
127646670,Autonomo,"Arco della Pace, Arena, Pagano",Arco della Pace,45.4776,9.16864,12,790,200,6,2,3,0,0,0,0,0,0,0,1,0,0
127355681,Autonomo,"Arco della Pace, Arena, Pagano",Arco della Pace,45.4776,9.16864,12,790,200,6,2,3,0,0,0,0,0,0,0,1,0,0
127303585,Assente,Navigli,Navigli - Darsena,45.4509,9.1775,11,800,85,3,1,2,0,0,0,0,0,0,0,0,0,0
125778443,Centralizzato,"Abbiategrasso, Chiesa Rossa",Pezzotti - Meda,45.438,9.184,29,800,81,3,1,4,1,1,1,0,0,0,0,0,0,0
123523611,Centralizzato,"Fiera, Sempione, City Life, Portello",Sempione,45.4735,9.16051,15,800,102,4,1,3,1,1,1,0,0,0,0,0,0,0
127317373,Assente,"Bicocca, Niguarda",Ca' Granda,45.5079,9.19233,8,770,15,5,2,1,0,0,0,0,0,0,0,0,0,0
127384281,Autonomo,"Città Studi, Susa",Città Studi,45.4802,9.22005,7,740,60,6,2,4,0,0,1,0,0,0,0,0,0,0
126915563,Autonomo,"Porta Romana, Cadore, Montenero",Cadore,45.4621,9.21409,2,795,150,6,2,1,0,0,1,0,0,0,0,0,0,0
127462530,Autonomo,"Città Studi, Susa",Città Studi,45.4802,9.22005,7,740,60,6,2,4,0,0,1,0,0,0,0,0,0,0
126915567,Autonomo,"Porta Romana, Cadore, Montenero",Cadore,45.4621,9.21409,2,775,150,6,2,1,0,0,1,0,0,0,0,0,0,0
127602312,Autonomo,"San Siro, Trenno",San Siro,45.4707,9.12737,6,715,15,5,2,5,0,0,0,0,0,0,0,0,0,0
127570490,Autonomo,"Uptown, Cascina Merlata, Viale Certosa",Certosa,45.4947,9.14415,6,840,60,3,1,2,1,0,0,0,0,0,0,0,0,0
126915569,Autonomo,"Porta Romana, Cadore, Montenero",Cadore,45.4621,9.21409,2,775,150,6,2,1,0,0,1,0,0,0,0,0,0,0
127602138,Autonomo,"Bande Nere, Inganni",Gambara,45.4613,9.14,7,740,15,4,2,1,0,0,0,0,0,0,0,0,0,0
127414491,Autonomo,"Città Studi, Susa",Plebisciti - Susa,45.466,9.22345,7,835,120,6,2,4,0,0,0,0,0,0,0,0,0,0
127303915,Autonomo,"Città Studi, Susa",Città Studi,45.4802,9.22005,7,740,60,6,2,4,0,0,1,0,0,0,0,0,0,0
127602196,Autonomo,"Solari, Washington",Washington,45.4605,9.15199,9,835,115,4,1,1,1,0,0,0,0,0,0,0,0,0
127132833,Autonomo,"Città Studi, Susa",Città Studi,45.4802,9.22005,7,740,60,6,2,4,0,0,1,0,0,0,0,0,0,0
127303343,Autonomo,"Porta Romana, Cadore, Montenero",Porta Romana - Medaglie d'Oro,45.4475,9.20122,8,790,15,4,1,1,0,0,1,0,0,0,0,0,0,0
127326127,Autonomo,"Città Studi, Susa",Plebisciti - Susa,45.466,9.22345,7,790,120,6,2,4,0,0,1,0,0,0,0,0,0,0
127275281,Autonomo,"Città Studi, Susa",Città Studi,45.4802,9.22005,7,740,60,6,2,4,0,0,1,0,0,0,0,0,0,0
127132831,Autonomo,"Città Studi, Susa",Città Studi,45.4802,9.22005,7,740,60,6,2,4,0,0,1,0,0,0,0,0,0,0
127132863,Autonomo,"San Siro, Trenno",San Siro,45.4707,9.12737,6,715,15,5,2,5,0,0,0,0,0,0,0,0,0,0
127570094,Autonomo,"Uptown, Cascina Merlata, Viale Certosa",Certosa,45.4947,9.14415,6,840,60,3,1,2,1,0,0,0,0,0,0,0,0,0
127355325,Autonomo,"Bande Nere, Inganni",Gambara,45.4613,9.14,7,740,15,4,2,1,0,0,0,0,0,0,0,0,0,0
127384285,Autonomo,"Città Studi, Susa",Città Studi,45.4802,9.22005,7,740,60,6,2,4,0,0,1,0,0,0,0,0,0,0
127513606,Autonomo,"Città Studi, Susa",Città Studi,45.4802,9.22005,7,740,60,6,2,4,0,0,1,0,0,0,0,0,0,0
127355379,Autonomo,"Centrale, Repubblica",Buenos Aires,45.4812,9.21444,6,800,149,6,2,3,1,0,0,0,0,0,0,0,0,0
126915565,Autonomo,"Porta Romana, Cadore, Montenero",Cadore,45.4621,9.21409,2,775,150,6,2,1,0,0,1,0,0,0,0,0,0,0
127303355,Assente,"Bande Nere, Inganni",Primaticcio,45.454,9.13194,12,750,70,3,1,4,0,0,0,0,0,0,0,0,0,0
127275007,Assente,"Affori, Bovisa",Bovisa,45.5026,9.15346,8,750,70,4,1,1,0,0,0,0,0,0,0,0,0,0
126038065,Centralizzato,"Porta Vittoria, Lodi",Lodi - Brenta,45.4487,9.2204,10,790,16,1,1,NA,NA,1,0,0,0,1,0,0,0,0
126038989,Centralizzato,"Maggiolina, Istria",Istria,45.4984,9.1935,10,790,12,1,1,NA,NA,1,0,0,0,0,0,0,0,0
126038993,Centralizzato,"Maggiolina, Istria",Istria,45.4984,9.1935,10,790,12,1,1,NA,NA,1,0,0,0,0,0,0,0,0
126042141,Centralizzato,"Quadronno, Palestro, Guastalla",Quadronno - Crocetta,45.4528,9.1935,10,800,18,1,1,NA,NA,1,0,0,0,1,0,0,0,0
126042259,Autonomo,"Arco della Pace, Arena, Pagano",Arco della Pace,45.4774,9.1685,10,790,18,1,1,NA,NA,1,0,0,0,0,0,0,0,0
126042303,Autonomo,"Arco della Pace, Arena, Pagano",Vincenzo Monti,45.4676,9.1674,10,790,9,1,1,NA,NA,1,0,0,0,0,0,0,0,0
126038981,Centralizzato,"Maggiolina, Istria",Maggiolina,45.5016,9.1991,10,750,12,1,1,NA,NA,1,0,0,0,0,0,0,0,0
126038079,Centralizzato,"Città Studi, Susa",Città Studi,45.4746,9.222,10,840,12,1,1,NA,NA,1,0,0,0,1,0,0,0,0
123022153,Centralizzato,Navigli,Bocconi,45.4486,9.1881,10,800,12,1,1,NA,NA,1,0,0,0,0,0,0,0,0
126037931,Autonomo,"Arco della Pace, Arena, Pagano",Arena,45.4781,9.1743,10,780,14,1,1,NA,NA,1,0,0,0,0,0,0,0,0
127570492,Autonomo,"Bande Nere, Inganni",Gambara,45.4666,9.13984,24,770,15,5,2,5,1,0,0,0,0,0,0,0,0,0
123802095,Centralizzato,"Bicocca, Niguarda",Greco - Segnano,45.5082,9.2047,10,730,10,1,1,NA,NA,1,0,0,0,1,0,0,0,0
126038649,Centralizzato,"Pasteur, Rovereto",Pasteur,45.49,9.2191,10,790,16,1,1,NA,NA,1,0,0,0,1,0,0,0,0
127381533,Autonomo,"Garibaldi, Moscova, Porta Nuova",Garibaldi - Corso Como,45.4849,9.1833,10,803,22,1,1,NA,NA,1,0,0,0,0,0,0,0,0
126949573,Autonomo,"Affori, Bovisa",Affori,45.5183,9.1645,10,771,10,1,1,NA,NA,1,0,0,0,0,0,0,0,0
126039097,Autonomo,"Ripamonti, Vigentino",Vigentino - Fatima,45.4289,9.2027,10,840,25,1,1,NA,NA,1,0,0,0,1,0,0,0,0
127229191,Centralizzato,"Città Studi, Susa",Plebisciti - Susa,45.4644,9.2177,10,760,14,1,1,NA,NA,1,0,0,0,0,0,0,0,0
126037925,Autonomo,"Arco della Pace, Arena, Pagano",Arena,45.4781,9.1743,10,790,14,1,1,NA,NA,1,0,0,0,0,0,0,0,0
126038047,Centralizzato,"Città Studi, Susa",Plebisciti - Susa,45.466,9.2235,10,740,10,1,1,NA,NA,1,0,0,0,0,0,0,0,0
122230986,Centralizzato,"Città Studi, Susa",Plebisciti - Susa,45.466,9.2235,10,740,12,1,1,NA,NA,1,0,0,0,0,0,0,0,0
124685653,Centralizzato,"Maggiolina, Istria",Maggiolina,45.4958,9.2075,10,710,15,1,1,NA,NA,1,0,0,0,0,0,0,0,0
125277677,Autonomo,Forlanini,Quartiere Forlanini,45.4618,9.2436,10,720,9,1,1,NA,NA,1,0,0,0,0,0,0,0,0
125178727,Autonomo,"Porta Romana, Cadore, Montenero",Porta Romana - Medaglie d'Oro,45.4474,9.201,10,790,16,1,1,NA,NA,1,0,0,0,1,0,0,0,0
126038991,Centralizzato,"Maggiolina, Istria",Istria,45.4984,9.1935,10,750,13,1,1,NA,NA,1,0,0,0,0,0,0,0,0
125320273,Centralizzato,"Quadronno, Palestro, Guastalla",Guastalla,45.463,9.2,10,793,10,1,1,NA,NA,1,0,0,0,0,0,0,0,0
126040443,Centralizzato,Navigli,Navigli - Darsena,45.4445,9.1729,10,765,8,1,1,NA,NA,1,0,0,0,0,0,0,0,0
122230992,Centralizzato,"Città Studi, Susa",Plebisciti - Susa,45.466,9.2235,10,790,10,1,1,NA,NA,1,0,0,0,0,0,0,0,0
126037911,Centralizzato,"Città Studi, Susa",Città Studi,45.4781,9.2366,10,800,12,1,1,NA,NA,1,0,0,0,0,0,0,0,0
127381527,Autonomo,"Garibaldi, Moscova, Porta Nuova",Garibaldi - Corso Como,45.4849,9.1833,10,803,18,1,1,NA,NA,1,0,0,0,0,0,0,0,0
126035983,Centralizzato,"Corvetto, Rogoredo",Corvetto,45.4406,9.2235,10,840,16,1,1,NA,NA,1,0,0,0,0,0,0,0,0
126040455,Centralizzato,Navigli,Navigli - Darsena,45.4445,9.1729,10,765,8,1,1,NA,NA,1,0,0,0,0,0,0,0,0
126035639,Centralizzato,"Uptown, Cascina Merlata, Viale Certosa",Certosa,45.499,9.1497,10,750,16,1,1,NA,NA,1,0,0,0,0,0,0,0,0
126037903,Centralizzato,"Genova, Ticinese",Corso Genova,45.4579,9.1706,10,840,12,1,1,NA,NA,1,0,0,0,0,0,0,0,0
127570110,Autonomo,"Bande Nere, Inganni",Gambara,45.4666,9.13984,24,770,15,5,2,5,1,0,0,0,0,0,0,0,0,0
125513977,Centralizzato,"Cenisio, Sarpi, Isola",Farini,45.497,9.1815,10,800,15,1,1,NA,NA,1,0,0,0,0,0,0,0,0
123802305,Centralizzato,"Bicocca, Niguarda",Ca' Granda,45.5056,9.1987,10,720,10,1,1,NA,NA,1,0,0,0,0,0,0,0,0
126038977,Centralizzato,"Maggiolina, Istria",Maggiolina,45.5016,9.1991,10,790,10,1,1,NA,NA,1,0,0,0,0,0,0,0,0
125820607,Centralizzato,"Bande Nere, Inganni",Gambara,45.4629,9.1425,10,835,18,1,1,NA,NA,1,0,0,0,0,0,0,0,0
126038049,Centralizzato,"Città Studi, Susa",Plebisciti - Susa,45.466,9.2235,10,770,12,1,1,NA,NA,1,0,0,0,0,0,0,0,0
126042281,Autonomo,"Arco della Pace, Arena, Pagano",Arco della Pace,45.4774,9.1685,10,750,9,1,1,NA,NA,1,0,0,0,0,0,0,0,0
126042293,Autonomo,"Solari, Washington",Vercelli - Wagner,45.4689,9.1556,10,790,18,1,1,NA,NA,1,0,0,0,1,0,0,0,0
126041895,Centralizzato,"Città Studi, Susa",Città Studi,45.4763,9.217,10,730,15,1,1,NA,NA,1,0,0,0,0,0,0,0,0
124565663,Centralizzato,Navigli,Navigli - Darsena,45.4445,9.1729,10,735,18,1,1,NA,NA,1,0,0,0,0,0,0,0,0
127460006,Centralizzato,"Precotto, Turro",Precotto,45.5106,9.2242,10,750,15,1,1,NA,NA,1,0,0,0,1,0,0,0,0
127460014,Centralizzato,"Pasteur, Rovereto",Pasteur,45.4893,9.2175,10,780,14,1,1,NA,NA,1,0,0,0,1,0,0,0,0
126042307,Autonomo,"Arco della Pace, Arena, Pagano",Arco della Pace,45.4774,9.1685,10,790,25,1,1,NA,NA,1,0,0,0,0,0,0,0,0
127460002,Centralizzato,"Pasteur, Rovereto",Pasteur,45.49,9.2191,10,820,16,1,1,NA,NA,1,0,0,0,1,0,0,0,0
122146134,Centralizzato,"Affori, Bovisa",Affori,45.5114,9.1788,10,770,12,1,1,NA,NA,1,0,0,0,1,0,0,0,0
125438293,Centralizzato,"Maggiolina, Istria",Maggiolina,45.4969,9.2072,10,720,16,1,1,NA,NA,1,0,0,0,1,0,0,0,0
127412013,Centralizzato,"Città Studi, Susa",Città Studi,45.4693,9.2265,10,710,13,1,1,NA,NA,1,0,0,0,0,0,0,0,0
126037927,Autonomo,"Arco della Pace, Arena, Pagano",Arena,45.4781,9.1743,10,780,13,1,1,NA,NA,1,0,0,0,0,0,0,0,0
126038061,Centralizzato,"Porta Vittoria, Lodi",Lodi - Brenta,45.4487,9.2204,10,740,10,1,1,NA,NA,1,0,0,0,1,0,0,0,0
123022155,Centralizzato,Navigli,Bocconi,45.4486,9.1881,10,830,12,1,1,NA,NA,1,0,0,0,0,0,0,0,0
125812317,Centralizzato,"Porta Vittoria, Lodi",Martini - Insubria,45.4546,9.2187,10,840,16,1,1,NA,NA,1,0,0,0,0,0,0,0,0
126038979,Centralizzato,"Maggiolina, Istria",Maggiolina,45.5016,9.1991,10,840,14,1,1,NA,NA,1,0,0,0,0,0,0,0,0
123802201,Centralizzato,"Genova, Ticinese",Ticinese,45.4558,9.184,10,790,15,1,1,NA,NA,1,0,0,0,0,0,0,0,0
126042299,Autonomo,"Genova, Ticinese",San Vittore,45.4599,9.1677,10,790,20,1,1,NA,NA,1,0,0,0,0,0,0,0,0
119178465,Autonomo,"Centrale, Repubblica",Morgagni,45.4737,9.2149,10,800,22,1,1,NA,NA,1,0,0,0,1,0,0,0,0
126042265,Autonomo,"Genova, Ticinese",San Vittore,45.4599,9.1677,10,790,16,1,1,NA,NA,1,0,0,0,0,0,0,0,0
125953309,Autonomo,"Cenisio, Sarpi, Isola",Isola,45.4868,9.1937,10,728,14,1,1,NA,NA,1,0,0,0,0,0,0,0,0
126042315,Autonomo,"Arco della Pace, Arena, Pagano",Arco della Pace,45.4774,9.1685,10,790,23,1,1,NA,NA,1,0,0,0,0,0,0,0,0
111721533,Autonomo,"Centrale, Repubblica",Morgagni,45.4737,9.2149,10,800,22,1,1,NA,NA,1,0,0,0,1,0,0,0,0
126042295,Autonomo,"Arco della Pace, Arena, Pagano",Vincenzo Monti,45.4676,9.1674,10,825,8,1,1,NA,NA,1,0,0,0,1,0,0,0,0
122152406,Autonomo,"Pasteur, Rovereto",Pasteur,45.4865,9.2183,10,790,16,1,1,NA,NA,1,0,0,0,1,0,0,0,0
124685659,Centralizzato,"Maggiolina, Istria",Maggiolina,45.4958,9.2075,10,730,16,1,1,NA,NA,1,0,0,0,0,0,0,0,0
126035971,Centralizzato,"Corvetto, Rogoredo",Corvetto,45.4406,9.2235,10,790,13,1,1,NA,NA,1,0,0,0,0,0,0,0,0
126038975,Centralizzato,"Bicocca, Niguarda",Ca' Granda,45.5056,9.1987,10,790,12,1,1,NA,NA,1,0,0,0,0,0,0,0,0
126039061,Autonomo,"Ripamonti, Vigentino",Vigentino - Fatima,45.4289,9.2027,10,760,17,1,1,NA,NA,1,0,0,0,1,0,0,0,0
127412017,Centralizzato,"Famagosta, Barona",Giambellino,45.4503,9.1434,10,710,10,1,1,NA,NA,1,0,0,0,1,0,0,0,0
125178729,Autonomo,"Porta Romana, Cadore, Montenero",Porta Romana - Medaglie d'Oro,45.4474,9.201,10,740,16,1,1,NA,NA,1,0,0,0,1,0,0,0,0
125812291,Centralizzato,"Città Studi, Susa",Plebisciti - Susa,45.4649,9.2235,10,840,13,1,1,NA,NA,1,0,0,0,1,0,0,0,0
124338859,Assente,Navigli,Ascanio Sforza,45.4521,9.18,4,720,80,4,1,2,0,0,1,0,1,0,0,0,0,0
126982283,Centralizzato,"Cenisio, Sarpi, Isola",Isola,45.4904,9.1847,9,800,9,1,1,NA,NA,1,0,0,0,0,0,0,0,0
126040397,Centralizzato,"Famagosta, Barona",Famagosta,45.4404,9.175,9,750,19,1,1,NA,NA,1,0,0,0,0,0,0,0,0
125007257,Centralizzato,"San Siro, Trenno",San Siro,45.4695,9.1449,9,740,18,1,1,NA,NA,1,0,0,0,1,0,0,0,0
127326403,Autonomo,"Centrale, Repubblica",Buenos Aires,45.4787,9.20602,7,800,117,6,2,1,1,0,0,0,0,0,0,0,0,0
126982279,Centralizzato,"Cenisio, Sarpi, Isola",Isola,45.4904,9.1847,9,800,13,1,1,NA,NA,1,0,0,0,0,0,0,0,0
126037929,Centralizzato,"Arco della Pace, Arena, Pagano",Arena,45.4781,9.1743,9,710,10,1,1,NA,NA,1,0,0,0,0,0,0,0,0
124839227,Centralizzato,"Corvetto, Rogoredo",Corvetto,45.4384,9.2099,9,840,15,1,1,NA,NA,1,0,0,0,1,0,0,0,0
125993225,Autonomo,"Centrale, Repubblica",Centrale,45.4888,9.2032,9,800,25,1,1,NA,NA,1,0,0,0,0,0,0,0,0
125351543,Autonomo,"Fiera, Sempione, City Life, Portello",Amendola - Buonarroti,45.4731,9.1495,9,790,14,1,1,NA,NA,1,0,0,0,0,0,0,0,0
126035973,Centralizzato,"Corvetto, Rogoredo",Corvetto,45.4406,9.2235,9,790,15,1,1,NA,NA,1,0,0,0,0,0,0,0,0
126037993,Autonomo,"Pasteur, Rovereto",Pasteur,45.4865,9.2183,9,840,12,1,1,NA,NA,1,0,0,0,1,0,0,0,0
125622261,Centralizzato,"Porta Venezia, Indipendenza",Porta Venezia,45.4733,9.2139,9,790,16,1,1,NA,NA,1,0,0,0,0,0,0,0,0
124710849,Centralizzato,"Abbiategrasso, Chiesa Rossa",Pezzotti - Meda,45.4417,9.183,9,800,20,1,1,NA,NA,1,0,0,0,0,0,0,0,0
126042255,Autonomo,"Fiera, Sempione, City Life, Portello",Amendola - Buonarroti,45.4731,9.1495,9,840,23,1,1,NA,NA,1,0,0,0,0,0,0,0,0
123790979,Autonomo,"Bande Nere, Inganni",Gambara,45.4621,9.1396,9,740,10,1,1,NA,NA,1,0,0,0,1,0,0,0,0
125993233,Autonomo,"Centrale, Repubblica",Centrale,45.4888,9.2032,9,750,20,1,1,NA,NA,1,0,0,0,0,0,0,0,0
127541746,Autonomo,"Arco della Pace, Arena, Pagano",Arco della Pace,45.4776,9.16864,11,750,200,6,2,3,0,0,0,0,0,0,0,0,0,0
127356379,Autonomo,"Arco della Pace, Arena, Pagano",Arco della Pace,45.4776,9.16864,11,750,200,6,2,3,0,0,0,0,0,0,0,0,0,0
122478172,Centralizzato,"Bande Nere, Inganni",Gambara,45.4621,9.1396,9,740,14,1,1,NA,NA,1,0,0,0,0,0,0,0,0
127303995,Autonomo,"Città Studi, Susa",Città Studi,45.4844,9.2326,25,830,110,4,1,2,0,0,0,0,0,0,0,0,0,0
127387721,Assente,"Affori, Bovisa",Affori,45.5143,9.1716,20,775,103,4,3,2,0,0,1,0,1,1,0,0,0,1
110725413,Assente,"Centrale, Repubblica",Buenos Aires,45.4854,9.2132,39,750,105,4,2,4,0,0,1,0,1,0,1,0,0,1
127406191,Assente,"Solari, Washington",Dezza,45.4611,9.1617,33,800,100,5,1,0.5,0,0,0,0,1,1,1,0,0,1
119053255,Assente,"Centrale, Repubblica",Buenos Aires,45.4854,9.2132,40,750,105,4,2,4,0,0,1,0,1,0,1,0,0,1
120004912,Assente,"Città Studi, Susa",Argonne - Corsica,45.4671,9.2311,16,800,16,5,3,1,0,0,1,0,1,0,1,0,0,1
125999593,Assente,"Porta Romana, Cadore, Montenero",Porta Romana - Medaglie d'Oro,45.4477,9.21,23,750,125,4,2,2,0,0,1,0,1,1,1,0,0,1
127403549,Assente,Navigli,Navigli - Darsena,45.4531,9.1705,14,750,70,2,2,0,0,0,0,0,1,1,1,0,0,0
124543571,Assente,Navigli,Navigli - Darsena,45.4465,9.1651,18,800,65,3,1,1,0,0,1,0,1,1,0,0,0,0
127362241,Assente,"Genova, Ticinese",Ticinese,45.4533,9.1782,20,800,9,3,1,4,0,0,1,0,1,1,1,0,0,1
127284427,Assente,"Città Studi, Susa",Città Studi,45.4825,9.2214,17,800,120,3,1,2,0,0,1,0,1,0,0,0,0,1
125745409,Centralizzato,Navigli,Bocconi,45.4489,9.1871,22,735,15,3,1,2,0,0,1,0,1,1,1,0,0,1
120517658,Assente,"Napoli, Soderini",Tripoli - Soderini,45.4546,9.1478,35,800,160,5,2,5,0,0,1,0,1,1,1,0,0,1
127018611,Assente,Navigli,Navigli - Darsena,45.4442,9.1727,7,800,80,3,1,4,0,0,1,0,1,0,0,0,0,0
127063483,Assente,"Precotto, Turro",Turro,45.5,9.2218,16,750,18,1,1,2,0,0,1,0,1,0,0,0,0,0
127420153,Assente,"Cenisio, Sarpi, Isola",Farini,45.4967,9.1855,25,835,131,4,2,3,0,0,1,0,0,0,0,0,0,0
125887953,Assente,Navigli,Bocconi,45.4493,9.1867,21,800,200,NA,3,2,0,0,1,0,1,1,1,0,0,1
127473690,Centralizzato,"Udine, Lambrate",Quartiere Feltre,45.4876,9.2479,22,800,105,3,1,9,1,1,1,0,1,0,0,0,0,1
127020437,Assente,"Famagosta, Barona",Tre Castelli - Faenza,45.4404,9.1391,11,720,117,5,NA,2,0,0,1,0,1,1,0,0,0,0
127602492,Autonomo,"Arco della Pace, Arena, Pagano",Arco della Pace,45.4776,9.16864,12,790,200,6,2,3,0,0,0,0,0,0,0,0,0,0
127282013,Centralizzato,"Genova, Ticinese",Corso Genova,45.4588,9.17717,10,800,20,4,3,2,1,1,1,0,0,0,0,0,0,0
127384823,Autonomo,"Porta Vittoria, Lodi",Bologna - Sulmona,45.4449,9.22756,29,795,119,6,2,4,1,0,0,0,0,0,0,1,0,0
127490388,Autonomo,"Città Studi, Susa",Città Studi,45.4844,9.2326,25,830,110,4,1,2,0,0,0,0,0,0,0,0,0,0
127355931,Autonomo,"Corvetto, Rogoredo",Corvetto,45.4406,9.22354,28,840,15,4,3,1,0,0,1,0,0,0,0,1,0,0
127385153,Autonomo,"Porta Vittoria, Lodi",Bologna - Sulmona,45.4449,9.22756,29,795,119,6,2,4,1,0,0,0,0,0,0,1,0,0
127303349,Autonomo,"Arco della Pace, Arena, Pagano",Arco della Pace,45.4776,9.16864,12,790,200,6,2,3,0,0,0,0,0,0,0,0,0,0
127356377,Autonomo,"Arco della Pace, Arena, Pagano",Arco della Pace,45.4776,9.16864,12,790,200,6,2,3,0,0,0,0,0,0,0,0,0,0
126040505,Centralizzato,"Uptown, Cascina Merlata, Viale Certosa",Certosa,45.4963,9.1516,8,800,10,1,1,NA,NA,1,0,0,0,0,0,0,0,0
127132861,Autonomo,"Centrale, Repubblica",Repubblica,45.4771,9.20037,4,835,15,5,3,4,1,0,0,0,0,0,0,0,0,0
125085161,Centralizzato,"Bicocca, Niguarda",Bignami - Ponale,45.5202,9.2141,8,750,15,1,1,NA,NA,1,0,0,0,1,0,0,0,0
127356281,Autonomo,"San Siro, Trenno",San Siro,45.4686,9.13857,4,715,15,4,2,5,0,0,0,0,0,0,0,0,0,0
127326445,Autonomo,"Porta Vittoria, Lodi",Bologna - Sulmona,45.4449,9.22756,23,825,124,6,2,1,1,0,0,0,0,0,0,0,0,0
123276951,Autonomo,"Ripamonti, Vigentino",Vigentino - Fatima,45.4277,9.2062,8,720,9,1,1,NA,NA,1,0,0,0,1,0,0,0,0
127646716,Autonomo,"Centrale, Repubblica",Repubblica,45.4771,9.20037,4,835,15,5,3,4,1,0,0,0,0,0,0,0,0,0
127317457,Autonomo,"Famagosta, Barona",Famagosta,45.437,9.16054,23,790,58,3,1,2,0,0,0,0,0,0,0,0,0,0
126242225,Autonomo,"Centrale, Repubblica",Buenos Aires,45.4811,9.2114,8,840,14,1,1,NA,NA,1,0,0,0,1,0,0,0,0
123276949,Autonomo,"Ripamonti, Vigentino",Vigentino - Fatima,45.4277,9.2062,8,730,9,1,1,NA,NA,1,0,0,0,1,0,0,0,0
127504640,Autonomo,"San Siro, Trenno",San Siro,45.4686,9.13857,4,715,15,4,2,5,0,0,0,0,0,0,0,0,0,0
127412023,Centralizzato,"Maggiolina, Istria",Istria,45.4995,9.1961,8,710,20,1,1,NA,NA,1,0,0,0,0,0,0,0,0
126038057,Centralizzato,"Città Studi, Susa",Casoretto,45.4874,9.2297,8,790,9,1,1,NA,NA,1,0,0,0,1,0,0,0,0
125084839,Autonomo,"Porta Vittoria, Lodi",Lodi - Brenta,45.4451,9.2142,8,740,8,1,1,NA,NA,1,0,0,0,1,0,0,0,0
127646570,Autonomo,"Affori, Bovisa",Dergano,45.5079,9.17857,19,720,15,3,2,3,0,0,0,0,0,0,0,0,0,0
127384817,Autonomo,"Famagosta, Barona",Barona,45.4409,9.15465,22,790,15,4,2,1,0,0,0,0,0,0,0,0,0,0
127355655,Autonomo,"Uptown, Cascina Merlata, Viale Certosa",Certosa,45.4989,9.14104,16,840,15,2,1,1,0,0,0,0,0,0,0,0,0,0
127356327,Autonomo,"Fiera, Sempione, City Life, Portello",Sempione,45.4815,9.16708,15,800,15,3,2,1,0,0,0,0,0,0,0,0,0,0
127275205,Autonomo,"Abbiategrasso, Chiesa Rossa",Pezzotti - Meda,45.4405,9.18311,17,840,15,2,1,3,0,0,0,0,0,0,0,0,0,0
127602148,Autonomo,"Udine, Lambrate",Lambrate,45.4736,9.24842,21,720,15,3,2,1,0,0,0,0,0,0,0,0,0,0
127355649,Autonomo,"Famagosta, Barona",Barona,45.4409,9.15465,22,840,15,4,2,1,0,0,0,0,0,0,0,0,0,0
127303675,Autonomo,"Abbiategrasso, Chiesa Rossa",Pezzotti - Meda,45.4397,9.18299,17,840,15,2,1,1,0,0,0,0,0,0,0,0,0,0
127414809,Autonomo,"Famagosta, Barona",Barona,45.4409,9.15465,22,785,15,4,2,1,0,0,0,0,0,0,0,0,0,0
127275203,Autonomo,"Udine, Lambrate",Quartiere Feltre,45.489,9.23998,15,760,15,3,1,1,1,0,0,0,0,0,0,0,0,0
127570232,Autonomo,"Fiera, Sempione, City Life, Portello",Sempione,45.4815,9.16708,15,800,15,3,2,1,0,0,0,0,0,0,0,0,0,0
127490516,Autonomo,"Uptown, Cascina Merlata, Viale Certosa",Certosa,45.4936,9.1478,16,820,15,3,1,1,0,0,0,0,0,0,0,0,0,0
127646836,Autonomo,"Maggiolina, Istria",Cascina dei Pomi,45.4953,9.20834,15,840,15,2,1,1,0,0,0,0,0,0,0,0,0,0
127541676,Autonomo,"Quadronno, Palestro, Guastalla",Guastalla,45.4603,9.20626,18,790,15,4,2,1,0,0,0,0,0,0,0,0,0,0
127355321,Autonomo,"Udine, Lambrate",Quartiere Feltre,45.4864,9.24053,19,810,15,2,1,1,0,0,0,0,0,0,0,0,0,0
127303725,Autonomo,"Abbiategrasso, Chiesa Rossa",Pezzotti - Meda,45.4398,9.18187,15,840,15,2,1,1,0,0,0,0,0,0,0,0,0,0
127462644,Autonomo,"Uptown, Cascina Merlata, Viale Certosa",Certosa,45.4936,9.1478,17,710,15,3,1,1,0,0,0,0,0,0,0,0,0,0
127326273,Autonomo,"Fiera, Sempione, City Life, Portello",Portello - Parco Vittoria,45.4854,9.15235,16,790,15,2,1,1,0,0,0,0,0,0,0,0,0,0
127541674,Autonomo,"Udine, Lambrate",Lambrate,45.4736,9.24842,20,740,15,3,2,1,0,0,0,0,0,0,0,0,0,0
127570276,Autonomo,"Udine, Lambrate",Lambrate,45.4736,9.24842,21,790,15,3,2,1,0,0,0,0,0,0,0,0,0,0
127303731,Autonomo,"Udine, Lambrate",Quartiere Feltre,45.489,9.23998,16,820,15,3,1,1,1,0,0,0,0,0,0,0,0,0
127303727,Autonomo,"Maggiolina, Istria",Cascina dei Pomi,45.4953,9.20834,15,840,15,2,1,1,0,0,0,0,0,0,0,0,0,0
127570204,Autonomo,"Maggiolina, Istria",Cascina dei Pomi,45.4953,9.20834,17,790,15,2,1,1,0,0,0,0,0,0,0,0,0,0
127646866,Autonomo,"Udine, Lambrate",Udine,45.4887,9.23712,26,820,15,3,2,1,0,0,0,0,0,0,0,0,0,0
127570200,Autonomo,"Abbiategrasso, Chiesa Rossa",Pezzotti - Meda,45.4397,9.18306,12,840,15,2,1,1,0,0,0,0,0,0,0,0,0,0
127541680,Autonomo,"Udine, Lambrate",Quartiere Feltre,45.4895,9.23946,14,830,15,2,1,5,0,0,0,0,0,0,0,0,0,0
127504708,Autonomo,"Maggiolina, Istria",Cascina dei Pomi,45.4953,9.20834,13,840,15,2,1,1,0,0,0,0,0,0,0,0,0,0
127326431,Autonomo,"Bande Nere, Inganni",Primaticcio,45.4533,9.12658,15,770,15,2,1,1,0,0,0,0,0,0,0,0,0,0
127301283,Centralizzato,Forlanini,Quartiere Forlanini,45.4585,9.2444,10,760,9,1,1,NA,NA,1,0,0,0,0,0,0,0,0
125820583,Centralizzato,"Bande Nere, Inganni",Lorenteggio,45.4535,9.1379,10,735,17,1,1,NA,NA,1,0,0,0,0,0,0,0,0
126628891,Autonomo,"Centrale, Repubblica",Repubblica,45.4794,9.1944,10,830,10,1,1,NA,NA,1,0,0,0,0,0,0,0,0
126041321,Autonomo,"Città Studi, Susa",Città Studi,45.4833,9.222,10,750,9,1,1,NA,NA,1,0,0,0,0,0,0,0,0
127091457,Assente,"Abbiategrasso, Chiesa Rossa",Pezzotti - Meda,45.4386,9.1819,10,815,17,1,1,NA,NA,1,0,0,0,0,0,0,0,0
127381549,Centralizzato,"Maggiolina, Istria",Cascina dei Pomi,45.4924,9.2078,10,715,22,1,1,NA,NA,1,0,0,0,0,0,0,0,0
125391551,Centralizzato,"Bande Nere, Inganni",Gambara,45.462,9.1447,10,760,13,1,1,NA,NA,1,0,0,0,0,0,0,0,0
126655925,Centralizzato,"Maggiolina, Istria",Maggiolina,45.4981,9.2028,10,785,16,1,1,NA,NA,1,0,0,0,0,0,0,0,0
125694459,Centralizzato,"Porta Venezia, Indipendenza",Piave - Tricolore,45.4707,9.2086,10,785,26,1,1,NA,NA,1,0,0,0,0,0,0,0,0
127118719,Centralizzato,"Cenisio, Sarpi, Isola",Isola,45.4917,9.1957,10,775,18,1,1,NA,NA,1,0,0,0,0,0,0,0,0
126379165,Centralizzato,"Bande Nere, Inganni",Bande Nere,45.4592,9.1319,10,705,11,1,1,NA,NA,1,0,0,0,0,0,0,0,0
126791913,Centralizzato,"Bande Nere, Inganni",Gambara,45.462,9.1447,10,825,11,1,1,NA,NA,1,0,0,0,0,0,0,0,0
126041375,Autonomo,"Cenisio, Sarpi, Isola",Isola,45.4892,9.186,10,750,11,1,1,NA,NA,1,0,0,0,0,0,0,0,0
125599023,Centralizzato,"Centrale, Repubblica",Morgagni,45.4782,9.2111,10,840,15,1,1,NA,NA,1,0,0,0,0,0,0,0,0
126511793,Centralizzato,"Solari, Washington",Frua,45.4649,9.1498,10,815,15,1,1,NA,NA,1,0,0,0,1,0,0,0,0
126387255,Autonomo,"Ripamonti, Vigentino",Ripamonti - Fondazione Prada,45.4402,9.193,10,805,17,1,1,NA,NA,1,0,0,0,0,0,0,0,0
126387253,Centralizzato,"Corvetto, Rogoredo",Corvetto,45.4373,9.2156,10,775,10,1,1,NA,NA,1,0,0,0,1,0,0,0,0
125612395,Centralizzato,"Precotto, Turro",Villa San Giovanni,45.5208,9.2245,7,800,24,1,1,NA,NA,1,0,0,0,1,0,0,0,0
126037941,Centralizzato,"Cenisio, Sarpi, Isola",Isola,45.4893,9.196,10,720,12,1,1,NA,NA,1,0,0,0,1,0,0,0,0
127460280,Centralizzato,"Uptown, Cascina Merlata, Viale Certosa",Certosa,45.4988,9.1411,10,770,16,1,1,NA,NA,1,0,0,0,0,0,0,0,0
127130819,Centralizzato,"Città Studi, Susa",Casoretto,45.4871,9.2201,10,805,22,1,1,NA,NA,1,0,0,0,0,0,0,0,0
125390971,Centralizzato,"Porta Venezia, Indipendenza",Porta Venezia,45.4783,9.2032,10,820,16,1,1,NA,NA,1,0,0,0,0,0,0,0,0
127460294,Autonomo,"Famagosta, Barona",Tre Castelli - Faenza,45.4416,9.1405,10,775,17,1,1,NA,NA,1,0,0,0,0,0,0,0,0
127324197,Centralizzato,"Fiera, Sempione, City Life, Portello",Sempione,45.4821,9.1647,10,745,14,1,1,NA,NA,1,0,0,0,0,0,0,0,0
127460186,Centralizzato,"Bande Nere, Inganni",Lorenteggio,45.4535,9.1379,10,775,10,1,1,NA,NA,1,0,0,0,0,0,0,0,0
126982239,Centralizzato,"Bande Nere, Inganni",Gambara,45.4629,9.1425,10,835,17,1,1,NA,NA,1,0,0,0,0,0,0,0,0
125392069,Autonomo,"Affori, Bovisa",Affori,45.518,9.1733,10,790,19,1,1,NA,NA,1,0,0,0,0,0,0,0,0
127229161,Centralizzato,"Bande Nere, Inganni",Lorenteggio,45.4528,9.1394,10,745,11,1,1,NA,NA,1,0,0,0,0,0,0,0,0
127460082,Centralizzato,"Pasteur, Rovereto",Pasteur,45.4891,9.2147,10,735,14,1,1,NA,NA,1,0,0,0,0,0,0,0,0
127460060,Centralizzato,"Cenisio, Sarpi, Isola",Cenisio,45.4898,9.167,10,760,15,1,1,NA,NA,1,0,0,0,0,0,0,0,0
127460310,Centralizzato,"Napoli, Soderini",Piazza Napoli,45.4539,9.1494,10,760,16,1,1,NA,NA,1,0,0,0,0,0,0,0,0
116984725,Centralizzato,"Maggiolina, Istria",Cascina dei Pomi,45.4927,9.2061,7,820,20,1,1,NA,NA,1,0,0,0,1,0,0,0,0
126037867,Centralizzato,"Genova, Ticinese",Ticinese,45.4561,9.1845,10,750,12,1,1,NA,NA,1,0,0,0,0,0,0,0,0
125669705,Centralizzato,"Bicocca, Niguarda",Bruzzano,45.5255,9.1699,10,830,20,1,1,NA,NA,1,0,0,0,0,0,0,0,0
127460142,Centralizzato,"Cenisio, Sarpi, Isola",Isola,45.4917,9.1957,10,730,9,1,1,NA,NA,1,0,0,0,0,0,0,0,0
127412037,Centralizzato,"Cenisio, Sarpi, Isola",Cenisio,45.4898,9.167,10,760,14,1,1,NA,NA,1,0,0,0,0,0,0,0,0
127460124,Centralizzato,"Abbiategrasso, Chiesa Rossa",Cermenate - Abbiategrasso,45.4362,9.1797,10,795,22,1,1,NA,NA,1,0,0,0,0,0,0,0,0
127130843,Centralizzato,"Porta Vittoria, Lodi",Lodi - Brenta,45.4429,9.218,10,740,11,1,1,NA,NA,1,0,0,0,0,0,0,0,0
127460334,Centralizzato,"Pasteur, Rovereto",Pasteur,45.4891,9.2147,10,780,19,1,1,NA,NA,1,0,0,0,0,0,0,0,0
126116265,Autonomo,"Famagosta, Barona",Tre Castelli - Faenza,45.4416,9.1405,10,720,16,1,1,NA,NA,1,0,0,0,0,0,0,0,0
127460046,Centralizzato,"Uptown, Cascina Merlata, Viale Certosa",Certosa,45.4988,9.1411,10,800,18,1,1,NA,NA,1,0,0,0,0,0,0,0,0
125475373,Centralizzato,"Maggiolina, Istria",Cascina dei Pomi,45.4924,9.2078,10,735,23,1,1,NA,NA,1,0,0,0,0,0,0,0,0
121328602,Autonomo,"Bicocca, Niguarda",Bruzzano,45.5253,9.1715,7,750,10,1,1,NA,NA,1,0,0,0,0,0,0,0,0
125391633,Centralizzato,"Cenisio, Sarpi, Isola",Zara,45.4915,9.1899,10,760,11,1,1,NA,NA,1,0,0,0,0,0,0,0,0
127352389,Centralizzato,"Corvetto, Rogoredo",Corvetto,45.4399,9.2071,10,785,13,1,1,NA,NA,1,0,0,0,0,0,0,0,0
127460048,Autonomo,"Abbiategrasso, Chiesa Rossa",Pezzotti - Meda,45.4386,9.1819,10,825,11,1,1,NA,NA,1,0,0,0,0,0,0,0,0
127460336,Centralizzato,"Solari, Washington",Frua,45.4649,9.1498,10,830,15,1,1,NA,NA,1,0,0,0,0,0,0,0,0
126511801,Centralizzato,"Cenisio, Sarpi, Isola",Isola,45.4904,9.1995,10,830,14,1,1,NA,NA,1,0,0,0,0,0,0,0,0
127460190,Assente,"Bande Nere, Inganni",Lorenteggio,45.4528,9.1394,10,730,11,1,1,NA,NA,1,0,0,0,0,0,0,0,0
127010003,Centralizzato,"Centrale, Repubblica",Buenos Aires,45.483,9.2165,10,800,17,1,1,NA,NA,1,0,0,0,0,0,0,0,0
127460164,Centralizzato,"Cenisio, Sarpi, Isola",Cenisio,45.4898,9.167,10,735,11,1,1,NA,NA,1,0,0,0,0,0,0,0,0
127460156,Centralizzato,"Napoli, Soderini",Tripoli - Soderini,45.4547,9.1478,10,760,18,1,1,NA,NA,1,0,0,0,0,0,0,0,0
125391523,Centralizzato,"Corvetto, Rogoredo",Corvetto,45.4373,9.2156,10,760,9,1,1,NA,NA,1,0,0,0,1,0,0,0,0
125391149,Centralizzato,"San Siro, Trenno",Gallaratese,45.4944,9.1264,10,765,10,1,1,NA,NA,1,0,0,0,0,0,0,0,0
125532077,Centralizzato,"Pasteur, Rovereto",Pasteur,45.4874,9.2137,10,840,18,1,1,NA,NA,1,0,0,0,0,0,0,0,0
126041357,Centralizzato,"Città Studi, Susa",Città Studi,45.4827,9.2169,10,795,14,1,1,NA,NA,1,0,0,0,0,0,0,0,0
127197713,Centralizzato,"Solari, Washington",Frua,45.4649,9.1498,10,815,18,1,1,NA,NA,1,0,0,0,1,0,0,0,0
127460302,Centralizzato,"Bande Nere, Inganni",Bande Nere,45.4601,9.1321,10,790,16,1,1,NA,NA,1,0,0,0,0,0,0,0,0
125812377,Centralizzato,"Centrale, Repubblica",Centrale,45.487,9.2012,10,780,18,1,1,NA,NA,1,0,0,0,0,0,0,0,0
127460286,Centralizzato,"Bande Nere, Inganni",Gambara,45.462,9.1447,10,815,10,1,1,NA,NA,1,0,0,0,0,0,0,0,0
127460182,Autonomo,"Famagosta, Barona",Tre Castelli - Faenza,45.4416,9.1405,10,760,18,1,1,NA,NA,1,0,0,0,0,0,0,0,0
125392187,Centralizzato,"Centrale, Repubblica",Centrale,45.487,9.2012,10,795,20,1,1,NA,NA,1,0,0,0,0,0,0,0,0
127460264,Centralizzato,"Uptown, Cascina Merlata, Viale Certosa",Certosa,45.4988,9.1411,10,800,19,1,1,NA,NA,1,0,0,0,0,0,0,0,0
125909485,Centralizzato,"Solari, Washington",Solari,45.4575,9.16,10,835,12,1,1,NA,NA,1,0,0,0,0,0,0,0,0
127460100,Centralizzato,"Bande Nere, Inganni",Lorenteggio,45.4535,9.1379,10,780,10,1,1,NA,NA,1,0,0,0,0,0,0,0,0
125820579,Centralizzato,"Porta Venezia, Indipendenza",Indipendenza,45.4708,9.2147,10,835,23,1,1,NA,NA,1,0,0,0,0,0,0,0,0
127324201,Centralizzato,"Solari, Washington",Frua,45.4649,9.1498,10,815,21,1,1,NA,NA,1,0,0,0,1,0,0,0,0
126041435,Centralizzato,"Solari, Washington",Washington,45.4623,9.1533,10,770,18,1,1,NA,NA,1,0,0,0,0,0,0,0,0
127460216,Centralizzato,"Genova, Ticinese",San Vittore,45.4604,9.1708,10,830,14,1,1,NA,NA,1,0,0,0,0,0,0,0,0
127460096,Centralizzato,"Corvetto, Rogoredo",Corvetto,45.4373,9.2156,10,810,14,1,1,NA,NA,1,0,0,0,1,0,0,0,0
127460284,Centralizzato,"Napoli, Soderini",Piazza Napoli,45.4539,9.1494,10,730,11,1,1,NA,NA,1,0,0,0,0,0,0,0,0
127042581,Centralizzato,"Cenisio, Sarpi, Isola",Farini,45.4925,9.1844,10,795,14,1,1,NA,NA,1,0,0,0,0,0,0,0,0
127324195,Centralizzato,"Maggiolina, Istria",Cascina dei Pomi,45.4924,9.2078,10,715,17,1,1,NA,NA,1,0,0,0,0,0,0,0,0
126982237,Centralizzato,"San Siro, Trenno",San Siro,45.4719,9.1255,10,780,19,1,1,NA,NA,1,0,0,0,0,0,0,0,0
125391963,Centralizzato,"Corvetto, Rogoredo",Corvetto,45.4373,9.2156,10,760,10,1,1,NA,NA,1,0,0,0,1,0,0,0,0
126038021,Autonomo,"Centrale, Repubblica",Buenos Aires,45.4811,9.2114,7,840,10,1,1,NA,NA,1,0,0,0,1,0,0,0,0
126037953,Centralizzato,"Cenisio, Sarpi, Isola",Isola,45.4893,9.196,10,750,12,1,1,NA,NA,1,0,0,0,1,0,0,0,0
126511799,Centralizzato,"Uptown, Cascina Merlata, Viale Certosa",Certosa,45.4988,9.1411,10,755,18,1,1,NA,NA,1,0,0,0,0,0,0,0,0
127460194,Centralizzato,"San Siro, Trenno",Gallaratese,45.4944,9.1264,10,765,9,1,1,NA,NA,1,0,0,0,0,0,0,0,0
127460184,Centralizzato,"San Siro, Trenno",San Siro,45.4723,9.1326,10,815,21,1,1,NA,NA,1,0,0,0,0,0,0,0,0
127460146,Centralizzato,"Bicocca, Niguarda",Ca' Granda,45.5052,9.2014,10,795,16,1,1,NA,NA,1,0,0,0,0,0,0,0,0
125993203,Centralizzato,"Bande Nere, Inganni",Lorenteggio,45.4528,9.1394,10,770,17,1,1,NA,NA,1,0,0,0,0,0,0,0,0
125391145,Centralizzato,"Udine, Lambrate",Udine,45.4902,9.2347,10,810,22,1,1,NA,NA,1,0,0,0,0,0,0,0,0
127460218,Centralizzato,Forlanini,Viale Ungheria - Mecenate,45.4564,9.238,10,745,10,1,1,NA,NA,1,0,0,0,0,0,0,0,0
126738971,Centralizzato,"Affori, Bovisa",Dergano,45.5027,9.1801,10,760,14,1,1,NA,NA,1,0,0,0,0,0,0,0,0
125953383,Autonomo,"Affori, Bovisa",Affori,45.5158,9.1771,10,750,27,1,1,NA,NA,1,0,0,0,0,0,0,0,0
126041269,Centralizzato,"Porta Venezia, Indipendenza",Piave - Tricolore,45.4707,9.2086,10,785,17,1,1,NA,NA,1,0,0,0,0,0,0,0,0
126269421,Centralizzato,"Napoli, Soderini",Tripoli - Soderini,45.4547,9.1478,10,725,14,1,1,NA,NA,1,0,0,0,0,0,0,0,0
125392023,Centralizzato,"Cenisio, Sarpi, Isola",Isola,45.4904,9.1995,10,770,14,1,1,NA,NA,1,0,0,0,0,0,0,0,0
125586455,Centralizzato,"Cenisio, Sarpi, Isola",Zara,45.4954,9.1889,10,770,13,1,1,NA,NA,1,0,0,0,0,0,0,0,0
127460044,Centralizzato,"Uptown, Cascina Merlata, Viale Certosa",Certosa,45.4988,9.1411,10,805,20,1,1,NA,NA,1,0,0,0,0,0,0,0,0
125392575,Autonomo,"Abbiategrasso, Chiesa Rossa",Chiesa Rossa,45.4273,9.1781,10,765,16,1,1,NA,NA,1,0,0,0,0,0,0,0,0
125874439,Centralizzato,Navigli,Navigli - Darsena,45.4513,9.1691,10,840,16,1,1,NA,NA,1,0,0,0,0,0,0,0,0
126041299,Centralizzato,"Famagosta, Barona",Giambellino,45.4501,9.1408,10,790,15,1,1,NA,NA,1,0,0,0,0,0,0,0,0
127460086,Centralizzato,"Cenisio, Sarpi, Isola",Isola,45.4917,9.1957,10,715,14,1,1,NA,NA,1,0,0,0,0,0,0,0,0
127460246,Centralizzato,"Porta Vittoria, Lodi",Bologna - Sulmona,45.4447,9.2279,10,825,18,1,1,NA,NA,1,0,0,0,0,0,0,0,0
127460176,Centralizzato,"Maggiolina, Istria",Maggiolina,45.4965,9.2057,10,800,12,1,1,NA,NA,1,0,0,0,0,0,0,0,0
126552355,Centralizzato,"Bande Nere, Inganni",Bande Nere,45.4566,9.1396,10,730,10,1,1,NA,NA,1,0,0,0,0,0,0,0,0
127460132,Centralizzato,"Napoli, Soderini",Tripoli - Soderini,45.4547,9.1478,10,760,17,1,1,NA,NA,1,0,0,0,0,0,0,0,0
127460080,Centralizzato,"Città Studi, Susa",Plebisciti - Susa,45.4693,9.2196,10,810,11,1,1,NA,NA,1,0,0,0,0,0,0,0,0
125622433,Centralizzato,"Bande Nere, Inganni",Lorenteggio,45.4528,9.1394,10,745,11,1,1,NA,NA,1,0,0,0,0,0,0,0,0
126041331,Autonomo,"Cenisio, Sarpi, Isola",Isola,45.4892,9.186,10,795,16,1,1,NA,NA,1,0,0,0,0,0,0,0,0
127460084,Centralizzato,"Cenisio, Sarpi, Isola",Isola,45.4917,9.1957,10,750,10,1,1,NA,NA,1,0,0,0,0,0,0,0,0
127460262,Centralizzato,"Uptown, Cascina Merlata, Viale Certosa",Certosa,45.4988,9.1411,10,725,15,1,1,NA,NA,1,0,0,0,0,0,0,0,0
126037889,Centralizzato,"Genova, Ticinese",Ticinese,45.4561,9.1845,10,750,12,1,1,NA,NA,1,0,0,0,0,0,0,0,0
123755129,Centralizzato,"Udine, Lambrate",Ortica,45.4691,9.2482,10,803,11,1,1,NA,NA,1,0,0,0,1,0,0,0,0
125727151,Centralizzato,"Solari, Washington",Washington,45.4564,9.153,10,795,14,1,1,NA,NA,1,0,0,0,0,0,0,0,0
126242259,Centralizzato,"Corvetto, Rogoredo",Corvetto,45.439,9.2152,10,825,18,1,1,NA,NA,1,0,0,0,0,0,0,0,0
125820621,Centralizzato,"Maggiolina, Istria",Cascina dei Pomi,45.4924,9.2078,10,715,15,1,1,NA,NA,1,0,0,0,0,0,0,0,0
126041303,Centralizzato,"San Siro, Trenno",Gallaratese,45.5008,9.1224,10,740,21,1,1,NA,NA,1,0,0,0,0,0,0,0,0
127460078,Centralizzato,"Porta Venezia, Indipendenza",Piave - Tricolore,45.4707,9.2086,10,840,11,1,1,NA,NA,1,0,0,0,0,0,0,0,0
125694453,Centralizzato,Forlanini,Viale Ungheria - Mecenate,45.451,9.2508,10,770,16,1,1,NA,NA,1,0,0,0,0,0,0,0,0
127460062,Centralizzato,"Bande Nere, Inganni",Lorenteggio,45.4528,9.1394,10,715,11,1,1,NA,NA,1,0,0,0,0,0,0,0,0
126726139,Centralizzato,"Porta Venezia, Indipendenza",Porta Venezia,45.4783,9.2032,10,800,17,1,1,NA,NA,1,0,0,0,0,0,0,0,0
125727181,Assente,"Affori, Bovisa",Dergano,45.502,9.1732,10,770,16,1,1,NA,NA,1,0,0,0,1,0,0,0,0
126387263,Autonomo,"Abbiategrasso, Chiesa Rossa",Chiesa Rossa,45.4273,9.1781,10,760,15,1,1,NA,NA,1,0,0,0,0,0,0,0,0
126628893,Centralizzato,"Uptown, Cascina Merlata, Viale Certosa",Musocco,45.5025,9.1287,10,760,12,1,1,NA,NA,1,0,0,0,0,0,0,0,0
125846797,Centralizzato,"Corvetto, Rogoredo",Corvetto,45.4373,9.2156,10,760,9,1,1,NA,NA,1,0,0,0,1,0,0,0,0
127042555,Centralizzato,"Bande Nere, Inganni",Lorenteggio,45.4528,9.1394,10,735,17,1,1,NA,NA,1,0,0,0,0,0,0,0,0
126791899,Autonomo,"Abbiategrasso, Chiesa Rossa",Chiesa Rossa,45.4314,9.1841,10,760,14,1,1,NA,NA,1,0,0,0,0,0,0,0,0
125391027,Centralizzato,"Bande Nere, Inganni",Bande Nere,45.4592,9.1319,10,755,21,1,1,NA,NA,1,0,0,0,0,0,0,0,0
127460338,Autonomo,"Ripamonti, Vigentino",Ripamonti - Fondazione Prada,45.4439,9.2106,10,835,17,1,1,NA,NA,1,0,0,0,0,0,0,0,0
121328604,Autonomo,"Bicocca, Niguarda",Bruzzano,45.5253,9.1715,7,750,10,1,1,NA,NA,1,0,0,0,0,0,0,0,0
125982021,Centralizzato,"Bande Nere, Inganni",Bande Nere,45.4564,9.1317,10,790,33,1,1,NA,NA,1,0,0,0,0,0,0,0,0
127460172,Centralizzato,"San Siro, Trenno",Gallaratese,45.4851,9.1194,10,770,16,1,1,NA,NA,1,0,0,0,0,0,0,0,0
126600573,Centralizzato,"Affori, Bovisa",Dergano,45.5027,9.1801,10,740,14,1,1,NA,NA,1,0,0,0,0,0,0,0,0
126511791,Autonomo,"Cenisio, Sarpi, Isola",Isola,45.4892,9.186,10,815,16,1,1,NA,NA,1,0,0,0,0,0,0,0,0
121328600,Centralizzato,"Corvetto, Rogoredo",Corvetto,45.4383,9.2128,7,800,15,1,1,NA,NA,1,0,0,0,0,0,0,0,0
125598911,Centralizzato,"Cenisio, Sarpi, Isola",Cenisio,45.4898,9.167,10,760,15,1,1,NA,NA,1,0,0,0,0,0,0,0,0
127166615,Centralizzato,"Arco della Pace, Arena, Pagano",Arco della Pace,45.476,9.1684,10,765,12,1,1,NA,NA,1,0,0,0,0,0,0,0,0
127412035,Centralizzato,"Cenisio, Sarpi, Isola",Isola,45.4917,9.1957,10,775,15,1,1,NA,NA,1,0,0,0,0,0,0,0,0
125694455,Centralizzato,Forlanini,Quartiere Forlanini,45.4587,9.2509,10,770,12,1,1,NA,NA,1,0,0,0,0,0,0,0,0
125390989,Centralizzato,"Porta Vittoria, Lodi",Lodi - Brenta,45.4451,9.222,10,835,9,1,1,NA,NA,1,0,0,0,0,0,0,0,0
126818887,Centralizzato,"Bisceglie, Baggio, Olmi",Bisceglie,45.4557,9.1122,10,770,26,1,1,NA,NA,1,0,0,0,0,0,0,0,0
127381529,Autonomo,"Garibaldi, Moscova, Porta Nuova",Garibaldi - Corso Como,45.4849,9.1833,7,782,12,1,1,NA,NA,1,0,0,0,0,0,0,0,0
126296437,Centralizzato,"Porta Venezia, Indipendenza",Porta Venezia,45.4783,9.2032,10,830,11,1,1,NA,NA,1,0,0,0,0,0,0,0,0
126628887,Centralizzato,"Uptown, Cascina Merlata, Viale Certosa",Musocco,45.5025,9.1287,10,765,17,1,1,NA,NA,1,0,0,0,0,0,0,0,0
127197729,Centralizzato,"Precotto, Turro",Precotto,45.5122,9.2268,10,785,16,1,1,NA,NA,1,0,0,0,0,0,0,0,0
125392423,Centralizzato,"Bande Nere, Inganni",Bande Nere,45.4601,9.1321,10,790,15,1,1,NA,NA,1,0,0,0,0,0,0,0,0
125438349,Centralizzato,"Maggiolina, Istria",Maggiolina,45.4955,9.2037,10,790,14,1,1,NA,NA,1,0,0,0,0,0,0,0,0
127460150,Centralizzato,"Bande Nere, Inganni",Lorenteggio,45.4535,9.1379,10,770,17,1,1,NA,NA,1,0,0,0,0,0,0,0,0
127315703,Centralizzato,"Corvetto, Rogoredo",Corvetto,45.4373,9.2156,10,805,17,1,1,NA,NA,1,0,0,0,1,0,0,0,0
125655833,Centralizzato,"Cenisio, Sarpi, Isola",Isola,45.4917,9.1957,10,760,17,1,1,NA,NA,1,0,0,0,0,0,0,0,0
127138797,Centralizzato,"Bande Nere, Inganni",Lorenteggio,45.4535,9.1379,10,770,17,1,1,NA,NA,1,0,0,0,0,0,0,0,0
125557273,Centralizzato,"Solari, Washington",Solari,45.4518,9.1565,10,815,15,1,1,NA,NA,1,0,0,0,0,0,0,0,0
126041419,Centralizzato,"Centrale, Repubblica",Centrale,45.487,9.2012,10,795,21,1,1,NA,NA,1,0,0,0,0,0,0,0,0
127460058,Centralizzato,"Corvetto, Rogoredo",Corvetto,45.4373,9.2156,10,720,10,1,1,NA,NA,1,0,0,0,1,0,0,0,0
125391047,Centralizzato,"Bande Nere, Inganni",Bande Nere,45.4601,9.1321,10,725,14,1,1,NA,NA,1,0,0,0,0,0,0,0,0
126116277,Centralizzato,"Porta Vittoria, Lodi",Lodi - Brenta,45.4429,9.218,10,770,16,1,1,NA,NA,1,0,0,0,0,0,0,0,0
125392471,Centralizzato,"Maggiolina, Istria",Cascina dei Pomi,45.4924,9.2078,10,735,23,1,1,NA,NA,1,0,0,0,0,0,0,0,0
126367615,Centralizzato,"Famagosta, Barona",Giambellino,45.452,9.1432,10,750,15,1,1,NA,NA,1,0,0,0,0,0,0,0,0
125532063,Centralizzato,"Solari, Washington",Frua,45.4649,9.1498,10,750,9,1,1,NA,NA,1,0,0,0,1,0,0,0,0
126041237,Centralizzato,"Centrale, Repubblica",Centrale,45.4848,9.2077,10,735,17,1,1,NA,NA,1,0,0,0,0,0,0,0,0
123755161,Centralizzato,"Udine, Lambrate",Lambrate,45.4719,9.2455,10,803,12,1,1,NA,NA,1,0,0,0,1,0,0,0,0
125392569,Autonomo,"Affori, Bovisa",Affori,45.5138,9.1747,10,830,14,1,1,NA,NA,1,0,0,0,0,0,0,0,0
125820597,Centralizzato,"Cenisio, Sarpi, Isola",Isola,45.4904,9.1995,10,835,12,1,1,NA,NA,1,0,0,0,0,0,0,0,0
127460114,Centralizzato,"Napoli, Soderini",Tripoli - Soderini,45.4547,9.1478,10,795,20,1,1,NA,NA,1,0,0,0,0,0,0,0,0
124710885,Autonomo,"Affori, Bovisa",Dergano,45.4991,9.174,7,770,10,1,1,NA,NA,1,0,0,0,0,0,0,0,0
127460316,Centralizzato,"Bicocca, Niguarda",Prato Centenaro,45.5078,9.1953,10,785,17,1,1,NA,NA,1,0,0,0,0,0,0,0,0
126041309,Autonomo,"Cenisio, Sarpi, Isola",Isola,45.4892,9.186,10,815,20,1,1,NA,NA,1,0,0,0,0,0,0,0,0
127460128,Centralizzato,"Corvetto, Rogoredo",Corvetto,45.4373,9.2156,10,750,15,1,1,NA,NA,1,0,0,0,1,0,0,0,0
127460072,Centralizzato,"Corvetto, Rogoredo",Corvetto,45.4373,9.2156,10,760,10,1,1,NA,NA,1,0,0,0,1,0,0,0,0
125669947,Centralizzato,"Cimiano, Crescenzago, Adriano",Quartiere Adriano,45.5133,9.2389,10,810,18,1,1,NA,NA,1,0,0,0,0,0,0,0,0
126936505,Centralizzato,"Abbiategrasso, Chiesa Rossa",Pezzotti - Meda,45.4406,9.1786,10,825,11,1,1,NA,NA,1,0,0,0,0,0,0,0,0
126982221,Centralizzato,"Centrale, Repubblica",Centrale,45.4903,9.2038,10,835,12,1,1,NA,NA,1,0,0,0,0,0,0,0,0
126167021,Centralizzato,"Centrale, Repubblica",Centrale,45.4848,9.2077,10,805,20,1,1,NA,NA,1,0,0,0,0,0,0,0,0
126138863,Centralizzato,Navigli,Bocconi,45.4489,9.1871,30,750,18,1,1,2,0,0,1,0,1,1,1,0,0,0
119533255,Assente,"Centrale, Repubblica",Buenos Aires,45.4793,9.2078,19,780,120,5,1,2,0,0,0,0,1,0,0,0,0,0
127021339,Assente,"Udine, Lambrate",Ortica,45.471,9.2435,13,750,14,3,2,2,0,0,0,0,1,1,0,0,0,1
127617994,Assente,Navigli,Corso San Gottardo,45.4457,9.1868,40,750,96,4,2,4,0,0,1,0,1,1,1,0,1,1
117955815,Centralizzato,"Centrale, Repubblica",Centrale,45.4893,9.2057,25,750,12,3,1,5,1,1,1,0,1,1,1,0,0,1
123663787,Assente,"Genova, Ticinese",Corso Genova,45.4586,9.1748,25,740,63,2,1,1,0,0,0,0,1,0,1,0,0,0
120422860,Assente,"Precotto, Turro",Turro,45.4997,9.2261,13,780,160,6,4,2,0,0,0,0,1,1,0,1,0,1
120099410,Assente,"Porta Romana, Cadore, Montenero",Montenero,45.4597,9.2091,19,750,90,3,1,1,0,0,0,0,1,1,0,1,0,1
127366491,Assente,"Porta Venezia, Indipendenza",Indipendenza,45.4686,9.2163,20,750,20,4,2,1,0,0,1,0,1,1,1,0,1,1
126609515,Assente,Navigli,Navigli - Darsena,45.447,9.1664,15,800,65,3,1,1,0,0,1,0,1,1,0,0,0,0
126068595,Autonomo,"Solari, Washington",Solari,45.4551,9.15451,18,750,20,3,1,4,0,0,0,0,1,0,0,0,0,1
127440318,Assente,"Cenisio, Sarpi, Isola",Isola,45.4914,9.1967,28,800,75,3,1,1,0,0,1,0,1,1,1,0,0,1
127337279,Assente,"Porta Romana, Cadore, Montenero",Porta Romana - Medaglie d'Oro,45.4496,9.2015,9,765,10,4,2,4,0,0,1,0,1,1,0,1,0,0
124116303,Assente,Navigli,Ascanio Sforza,45.4505,9.1779,13,785,40,3,1,2,0,0,0,0,1,0,0,0,0,1
126597103,Assente,"Genova, Ticinese",Ticinese,45.4545,9.1806,24,800,110,4,2,1,0,0,1,0,1,0,1,0,0,0
123434683,Assente,"Famagosta, Barona",Barona,45.4445,9.1548,19,750,18,1,1,3,0,0,1,0,1,0,0,0,0,0
126189147,Autonomo,"Bicocca, Niguarda",Niguarda,45.5239,9.1903,4,750,80,3,1,1,0,0,1,0,1,0,0,0,0,0
127301319,Centralizzato,"Centrale, Repubblica",Buenos Aires,45.483,9.2165,10,800,15,1,1,NA,NA,1,0,0,0,0,0,0,0,0
125392549,Assente,"Uptown, Cascina Merlata, Viale Certosa",Ghisolfa - Mac Mahon,45.49,9.1514,10,770,20,1,1,NA,NA,1,0,0,0,0,0,0,0,0
126041431,Centralizzato,"Centrale, Repubblica",Centrale,45.4913,9.205,10,715,21,1,1,NA,NA,1,0,0,0,0,0,0,0,0
127460170,Centralizzato,"Famagosta, Barona",Giambellino,45.4501,9.1408,10,730,19,1,1,NA,NA,1,0,0,0,0,0,0,0,0
126726073,Centralizzato,"Corvetto, Rogoredo",Corvetto,45.4373,9.2156,10,760,10,1,1,NA,NA,1,0,0,0,1,0,0,0,0
126037891,Centralizzato,"Genova, Ticinese",Ticinese,45.4561,9.1845,10,820,12,1,1,NA,NA,1,0,0,0,0,0,0,0,0
125612361,Centralizzato,"Famagosta, Barona",Famagosta,45.4419,9.1725,10,735,17,1,1,NA,NA,1,0,0,0,0,0,0,0,0
127460318,Centralizzato,"Bande Nere, Inganni",Gambara,45.462,9.1447,10,805,10,1,1,NA,NA,1,0,0,0,0,0,0,0,0
127118737,Assente,"Bande Nere, Inganni",Lorenteggio,45.4535,9.1379,10,795,17,1,1,NA,NA,1,0,0,0,0,0,0,0,0
127229169,Assente,"Uptown, Cascina Merlata, Viale Certosa",Certosa,45.4988,9.1411,10,790,16,1,1,NA,NA,1,0,0,0,0,0,0,0,0
127301309,Centralizzato,"Bande Nere, Inganni",Bande Nere,45.4566,9.1396,10,715,15,1,1,NA,NA,1,0,0,0,0,0,0,0,0
127315707,Centralizzato,"Bande Nere, Inganni",Bande Nere,45.4566,9.1396,10,710,11,1,1,NA,NA,1,0,0,0,0,0,0,0,0
125392357,Centralizzato,"Città Studi, Susa",Casoretto,45.4871,9.2201,10,765,17,1,1,NA,NA,1,0,0,0,0,0,0,0,0
125475371,Centralizzato,"Città Studi, Susa",Città Studi,45.4718,9.2351,10,830,12,1,1,NA,NA,1,0,0,0,0,0,0,0,0
124710847,Autonomo,"Bicocca, Niguarda",Bignami - Ponale,45.5258,9.206,7,720,15,1,1,NA,NA,1,0,0,0,0,0,0,0,0
127460320,Centralizzato,"Abbiategrasso, Chiesa Rossa",Cermenate - Abbiategrasso,45.4374,9.1807,10,795,20,1,1,NA,NA,1,0,0,0,0,0,0,0,0
127130835,Centralizzato,"Bande Nere, Inganni",Lorenteggio,45.4528,9.1394,10,720,17,1,1,NA,NA,1,0,0,0,0,0,0,0,0
126041347,Autonomo,"Affori, Bovisa",Affori,45.5158,9.1771,10,750,16,1,1,NA,NA,1,0,0,0,0,0,0,0,0
125438321,Centralizzato,"Maggiolina, Istria",Maggiolina,45.4955,9.2037,10,790,19,1,1,NA,NA,1,0,0,0,0,0,0,0,0
127229179,Centralizzato,"Bande Nere, Inganni",Bande Nere,45.4566,9.1396,10,715,17,1,1,NA,NA,1,0,0,0,0,0,0,0,0
127460322,Centralizzato,"Corvetto, Rogoredo",Corvetto,45.439,9.2221,10,835,15,1,1,NA,NA,1,0,0,0,0,0,0,0,0
125392123,Centralizzato,"Corvetto, Rogoredo",Corvetto,45.4373,9.2156,10,810,16,1,1,NA,NA,1,0,0,0,1,0,0,0,0
126269397,Centralizzato,"Napoli, Soderini",Piazza Napoli,45.4539,9.1494,10,715,13,1,1,NA,NA,1,0,0,0,0,0,0,0,0
126746321,Centralizzato,"Affori, Bovisa",Bovisasca,45.517,9.1539,10,760,12,1,1,NA,NA,1,0,0,0,0,0,0,0,0
125391063,Centralizzato,"San Siro, Trenno",San Siro,45.4748,9.1252,10,740,17,1,1,NA,NA,1,0,0,0,0,0,0,0,0
125438337,Centralizzato,"Corvetto, Rogoredo",Corvetto,45.4373,9.2156,10,830,16,1,1,NA,NA,1,0,0,0,1,0,0,0,0
125391287,Centralizzato,"Città Studi, Susa",Città Studi,45.4755,9.22,10,825,NA,1,1,NA,NA,1,0,0,0,0,0,0,0,0
126041363,Centralizzato,"Centrale, Repubblica",Buenos Aires,45.4801,9.2107,10,825,22,1,1,NA,NA,1,0,0,0,0,0,0,0,0
127197709,Centralizzato,"Napoli, Soderini",Tripoli - Soderini,45.4547,9.1478,10,755,20,1,1,NA,NA,1,0,0,0,0,0,0,0,0
126696017,Centralizzato,"Bande Nere, Inganni",Bande Nere,45.4622,9.1349,10,770,14,1,1,NA,NA,1,0,0,0,0,0,0,0,0
127412039,Centralizzato,"Affori, Bovisa",Dergano,45.5027,9.1801,10,710,11,1,1,NA,NA,1,0,0,0,0,0,0,0,0
126041249,Centralizzato,"Corvetto, Rogoredo",Corvetto,45.4433,9.2214,10,825,18,1,1,NA,NA,1,0,0,0,0,0,0,0,0
126335215,Autonomo,"Affori, Bovisa",Affori,45.518,9.1733,10,840,10,1,1,NA,NA,1,0,0,0,0,0,0,0,0
125577547,Centralizzato,"Affori, Bovisa",Affori,45.5198,9.1727,10,710,NA,1,1,NA,NA,1,0,0,0,0,0,0,0,0
125392413,Centralizzato,"Uptown, Cascina Merlata, Viale Certosa",Certosa,45.4961,9.1383,10,735,14,1,1,NA,NA,1,0,0,0,0,0,0,0,0
126655931,Centralizzato,Navigli,Navigli - Darsena,45.4513,9.1691,10,840,17,1,1,NA,NA,1,0,0,0,0,0,0,0,0
127460038,Centralizzato,"San Siro, Trenno",Gallaratese,45.4851,9.1194,10,770,15,1,1,NA,NA,1,0,0,0,0,0,0,0,0
127460016,Centralizzato,"Ripamonti, Vigentino",Ripamonti - Fondazione Prada,45.4439,9.2106,10,805,16,1,1,NA,NA,1,0,0,0,0,0,0,0,0
126037955,Centralizzato,"Cenisio, Sarpi, Isola",Isola,45.4893,9.196,10,720,12,1,1,NA,NA,1,0,0,0,1,0,0,0,0
126367643,Centralizzato,"Centrale, Repubblica",Centrale,45.4856,9.2117,10,820,10,1,1,NA,NA,1,0,0,0,0,0,0,0,0
125655835,Centralizzato,"Cenisio, Sarpi, Isola",Isola,45.4917,9.1957,10,760,15,1,1,NA,NA,1,0,0,0,0,0,0,0,0
125390941,Centralizzato,"Bande Nere, Inganni",Gambara,45.462,9.1447,10,825,10,1,1,NA,NA,1,0,0,0,0,0,0,0,0
125669949,Centralizzato,"Cimiano, Crescenzago, Adriano",Quartiere Adriano,45.5133,9.2389,10,820,13,1,1,NA,NA,1,0,0,0,0,0,0,0,0
125390979,Centralizzato,"Affori, Bovisa",Bovisasca,45.517,9.1539,10,790,17,1,1,NA,NA,1,0,0,0,0,0,0,0,0
127460034,Centralizzato,"Bande Nere, Inganni",Bande Nere,45.4592,9.1319,10,715,17,1,1,NA,NA,1,0,0,0,0,0,0,0,0
126655945,Autonomo,"Abbiategrasso, Chiesa Rossa",Gratosoglio,45.4154,9.1813,10,785,17,1,1,NA,NA,1,0,0,0,0,0,0,0,0
125392721,Centralizzato,"Bande Nere, Inganni",Gambara,45.4656,9.1396,10,770,9,1,1,NA,NA,1,0,0,0,0,0,0,0,0
123276943,Autonomo,"Ripamonti, Vigentino",Vigentino - Fatima,45.4277,9.2062,7,760,9,1,1,NA,NA,1,0,0,0,1,0,0,0,0
127301315,Centralizzato,"Uptown, Cascina Merlata, Viale Certosa",Certosa,45.4961,9.1383,10,735,15,1,1,NA,NA,1,0,0,0,0,0,0,0,0
127010007,Centralizzato,"Bande Nere, Inganni",Gambara,45.462,9.1447,10,730,10,1,1,NA,NA,1,0,0,0,0,0,0,0,0
125391637,Centralizzato,"Solari, Washington",Frua,45.4649,9.1498,10,740,9,1,1,NA,NA,1,0,0,0,0,0,0,0,0
127460088,Centralizzato,"Cenisio, Sarpi, Isola",Isola,45.4917,9.1957,10,815,18,1,1,NA,NA,1,0,0,0,0,0,0,0,0
126600557,Centralizzato,"Solari, Washington",Frua,45.4649,9.1498,10,800,10,1,1,NA,NA,1,0,0,0,0,0,0,0,0
125846657,Centralizzato,"Uptown, Cascina Merlata, Viale Certosa",Ghisolfa - Mac Mahon,45.4926,9.1554,10,790,11,1,1,NA,NA,1,0,0,0,1,0,0,0,0
125550421,Centralizzato,"Porta Vittoria, Lodi",Molise - Cuoco,45.4562,9.224,10,765,14,1,1,NA,NA,1,0,0,0,0,0,0,0,0
125392335,Autonomo,"Affori, Bovisa",Affori,45.519,9.1703,10,790,17,1,1,NA,NA,1,0,0,0,0,0,0,0,0
127460192,Centralizzato,"Bande Nere, Inganni",Lorenteggio,45.4528,9.1394,10,770,12,1,1,NA,NA,1,0,0,0,0,0,0,0,0
127301313,Centralizzato,"Città Studi, Susa",Città Studi,45.4844,9.2265,10,825,16,1,1,NA,NA,1,0,0,0,0,0,0,0,0
126167033,Centralizzato,"Solari, Washington",Frua,45.4649,9.1498,10,800,10,1,1,NA,NA,1,0,0,0,0,0,0,0,0
126041305,Centralizzato,"Fiera, Sempione, City Life, Portello",Monte Rosa - Lotto,45.4831,9.1434,10,805,16,1,1,NA,NA,1,0,0,0,0,0,0,0,0
126891289,Centralizzato,"Porta Venezia, Indipendenza",Porta Venezia,45.4783,9.2032,10,770,11,1,1,NA,NA,1,0,0,0,0,0,0,0,0
125993205,Centralizzato,"Affori, Bovisa",Dergano,45.5027,9.1801,10,760,14,1,1,NA,NA,1,0,0,0,0,0,0,0,0
126379177,Autonomo,"Città Studi, Susa",Città Studi,45.4833,9.222,10,780,13,1,1,NA,NA,1,0,0,0,0,0,0,0,0
125532087,Centralizzato,"Bande Nere, Inganni",Bande Nere,45.4592,9.1319,10,725,11,1,1,NA,NA,1,0,0,0,0,0,0,0,0
127460278,Centralizzato,"Uptown, Cascina Merlata, Viale Certosa",Certosa,45.4988,9.1411,10,755,19,1,1,NA,NA,1,0,0,0,0,0,0,0,0
127352397,Centralizzato,"Bande Nere, Inganni",Gambara,45.4629,9.1425,9,825,11,1,1,NA,NA,1,0,0,0,0,0,0,0,0
126041253,Centralizzato,Navigli,Navigli - Darsena,45.4468,9.1612,9,795,14,1,1,NA,NA,1,0,0,0,0,0,0,0,0
127513750,Autonomo,"San Siro, Trenno",San Siro,45.4686,9.13857,3,815,15,4,2,5,0,0,0,0,0,0,0,0,0,0
121328598,Centralizzato,"Corvetto, Rogoredo",Corvetto,45.4383,9.2128,6,800,15,1,1,NA,NA,1,0,0,0,0,0,0,0,0
126042269,Autonomo,"Solari, Washington",Vercelli - Wagner,45.4689,9.1556,6,790,12,1,1,NA,NA,1,0,0,0,1,0,0,0,0
125662971,Centralizzato,"Pasteur, Rovereto",Pasteur,45.4874,9.2137,9,815,15,1,1,NA,NA,1,0,0,0,0,0,0,0,0
126335227,Centralizzato,"San Siro, Trenno",Gallaratese,45.4851,9.1194,9,770,21,1,1,NA,NA,1,0,0,0,0,0,0,0,0
126041687,Centralizzato,Navigli,Bocconi,45.4486,9.1881,6,800,12,1,1,NA,NA,1,0,0,0,0,0,0,0,0
125820685,Autonomo,"Città Studi, Susa",Città Studi,45.4858,9.2349,6,750,20,1,1,NA,NA,1,0,0,0,0,0,0,0,0
126035563,Centralizzato,"Città Studi, Susa",Città Studi,45.4842,9.236,6,800,20,1,1,NA,NA,1,0,0,0,0,0,0,0,0
126038045,Centralizzato,"Porta Vittoria, Lodi",Lodi - Brenta,45.4429,9.215,6,840,18,1,1,NA,NA,1,0,0,0,0,0,0,0,0
121328610,Autonomo,"Porta Vittoria, Lodi",Martini - Insubria,45.4551,9.2166,6,800,13,1,1,NA,NA,1,0,0,0,0,0,0,0,0
126600563,Centralizzato,"Bande Nere, Inganni",Bande Nere,45.4622,9.1349,9,755,14,1,1,NA,NA,1,0,0,0,0,0,0,0,0
125993215,Centralizzato,"Corvetto, Rogoredo",Corvetto,45.4373,9.2156,9,810,13,1,1,NA,NA,1,0,0,0,1,0,0,0,0
127460270,Centralizzato,"Cenisio, Sarpi, Isola",Zara,45.4954,9.1889,9,735,11,1,1,NA,NA,1,0,0,0,0,0,0,0,0
121328618,Centralizzato,"Corvetto, Rogoredo",Corvetto,45.4383,9.2128,6,800,16,1,1,NA,NA,1,0,0,0,0,0,0,0,0
121994296,Centralizzato,"Porta Vittoria, Lodi",Lodi - Brenta,45.4429,9.215,6,740,18,1,1,NA,NA,1,0,0,0,0,0,0,0,0
127197723,Centralizzato,"Bande Nere, Inganni",Gambara,45.462,9.1447,9,805,10,1,1,NA,NA,1,0,0,0,0,0,0,0,0
117753583,Centralizzato,"Garibaldi, Moscova, Porta Nuova",Turati,45.4738,9.18687,10,800,30,NA,1,2,0,0,1,0,1,0,0,0,0,1
126552373,Centralizzato,"Bande Nere, Inganni",Primaticcio,45.4558,9.1279,8,735,16,1,1,NA,NA,1,0,0,0,0,0,0,0,0
126367629,Centralizzato,"Cenisio, Sarpi, Isola",Isola,45.4892,9.197,8,735,13,1,1,NA,NA,1,0,0,0,0,0,0,0,0
127460160,Centralizzato,"Bande Nere, Inganni",Lorenteggio,45.4528,9.1394,8,745,11,1,1,NA,NA,1,0,0,0,0,0,0,0,0
126041445,Centralizzato,"Porta Venezia, Indipendenza",Porta Venezia,45.4771,9.2044,8,800,15,1,1,NA,NA,1,0,0,0,0,0,0,0,0
125392743,Centralizzato,"Maggiolina, Istria",Maggiolina,45.496,9.2054,8,740,26,1,1,NA,NA,1,0,0,0,0,0,0,0,0
125391229,Centralizzato,"San Siro, Trenno",San Siro,45.4773,9.1412,8,835,21,1,1,NA,NA,1,0,0,0,0,0,0,0,0
121328606,Centralizzato,"Affori, Bovisa",Affori,45.5228,9.1711,5,750,18,1,1,NA,NA,1,0,0,0,0,0,0,0,0
125820585,Centralizzato,"Maggiolina, Istria",Cascina dei Pomi,45.4924,9.2078,8,805,14,1,1,NA,NA,1,0,0,0,0,0,0,0,0
126891291,Centralizzato,"San Siro, Trenno",San Siro,45.4773,9.1412,8,710,9,1,1,NA,NA,1,0,0,0,0,0,0,0,0
113334265,Assente,Navigli,Corso San Gottardo,45.4492,9.1798,3,750,70,3,1,1,0,0,0,0,0,0,0,0,0,0
127460240,Centralizzato,"Cenisio, Sarpi, Isola",Zara,45.495,9.1903,6,835,20,1,1,NA,NA,1,0,0,0,0,0,0,0,0
126041325,Centralizzato,"Maggiolina, Istria",Cascina dei Pomi,45.4924,9.2078,6,715,22,1,1,NA,NA,1,0,0,0,0,0,0,0,0
126565099,Centralizzato,"Maggiolina, Istria",Cascina dei Pomi,45.4924,9.2078,6,715,13,1,1,NA,NA,1,0,0,0,0,0,0,0,0
123276955,Autonomo,"Pasteur, Rovereto",Pasteur,45.4887,9.2115,4,790,9,1,1,NA,NA,1,0,0,0,1,0,0,0,0
126936513,Autonomo,"Città Studi, Susa",Città Studi,45.4816,9.2186,6,790,12,1,1,NA,NA,1,0,0,0,0,0,0,0,0
124197933,Centralizzato,"Bande Nere, Inganni",Lorenteggio,45.4539,9.1401,4,730,10,1,1,NA,NA,1,0,0,0,0,0,0,0,0
127138795,Centralizzato,"Bande Nere, Inganni",Lorenteggio,45.4535,9.1379,6,725,11,1,1,NA,NA,1,0,0,0,0,0,0,0,0
127010045,Centralizzato,"Precotto, Turro",Turro,45.4994,9.2208,4,800,20,1,1,NA,NA,1,0,0,0,0,0,0,0,0
121328658,Autonomo,"Affori, Bovisa",Affori,45.519,9.1686,4,800,10,1,1,NA,NA,1,0,0,0,0,0,0,0,0
125390963,Centralizzato,"Maggiolina, Istria",Cascina dei Pomi,45.4924,9.2078,6,720,14,1,1,NA,NA,1,0,0,0,0,0,0,0,0
126036857,Centralizzato,"Bande Nere, Inganni",Lorenteggio,45.4539,9.1401,4,730,10,1,1,NA,NA,1,0,0,0,0,0,0,0,0
124710879,Autonomo,"Bicocca, Niguarda",Bruzzano,45.5253,9.1715,4,750,10,1,1,NA,NA,1,0,0,0,0,0,0,0,0
121328634,Autonomo,"Corvetto, Rogoredo",Corvetto,45.4368,9.2141,4,790,10,1,1,NA,NA,1,0,0,0,0,0,0,0,0
127138793,Centralizzato,"Ripamonti, Vigentino",Ripamonti - Fondazione Prada,45.4439,9.2106,6,785,18,1,1,NA,NA,1,0,0,0,0,0,0,0,0
125799413,Centralizzato,"Maggiolina, Istria",Cascina dei Pomi,45.4924,9.2078,6,740,22,1,1,NA,NA,1,0,0,0,0,0,0,0,0
127301281,Centralizzato,"Porta Vittoria, Lodi",Lodi - Brenta,45.4429,9.218,6,770,18,1,1,NA,NA,1,0,0,0,0,0,0,0,0
126296425,Centralizzato,"Maggiolina, Istria",Cascina dei Pomi,45.4924,9.2078,6,770,21,1,1,NA,NA,1,0,0,0,0,0,0,0,0
125812375,Autonomo,"Bande Nere, Inganni",Gambara,45.4619,9.1419,6,735,19,1,1,NA,NA,1,0,0,0,0,0,0,0,0
121328656,Autonomo,"Arco della Pace, Arena, Pagano",Vincenzo Monti,45.4719,9.1681,4,800,10,1,1,NA,NA,1,0,0,0,0,0,0,0,0
127130839,Centralizzato,"San Siro, Trenno",San Siro,45.4719,9.1255,6,715,10,1,1,NA,NA,1,0,0,0,0,0,0,0,0
122048436,Centralizzato,"Bande Nere, Inganni",Lorenteggio,45.4539,9.1401,4,730,12,1,1,NA,NA,1,0,0,0,0,0,0,0,0
126041313,Centralizzato,"Porta Venezia, Indipendenza",Porta Venezia,45.4771,9.2044,6,800,13,1,1,NA,NA,1,0,0,0,0,0,0,0,0
125391775,Centralizzato,"Centrale, Repubblica",Buenos Aires,45.4789,9.2032,5,835,12,1,1,NA,NA,1,0,0,0,0,0,0,0,0
127384345,Autonomo,"Porta Romana, Cadore, Montenero",Cadore,45.4621,9.21409,1,775,150,6,2,1,0,0,1,0,0,0,0,0,0,0
127317271,Autonomo,"Porta Romana, Cadore, Montenero",Cadore,45.4621,9.21409,1,775,150,6,2,1,0,0,1,0,0,0,0,0,0,0
127301277,Centralizzato,"Bisceglie, Baggio, Olmi",Quarto Cagnino,45.4723,9.1114,5,725,14,1,1,NA,NA,1,0,0,0,0,0,0,0,0
125799399,Centralizzato,"Maggiolina, Istria",Cascina dei Pomi,45.5006,9.2093,5,735,14,1,1,NA,NA,1,0,0,0,0,0,0,0,0
127355361,Autonomo,"Porta Romana, Cadore, Montenero",Cadore,45.4621,9.21409,1,775,150,6,2,1,0,0,1,0,0,0,0,0,0,0
127274903,Autonomo,"Porta Romana, Cadore, Montenero",Cadore,45.4621,9.21409,1,795,150,6,2,1,0,0,1,0,0,0,0,0,0,0
111880341,Centralizzato,"Bande Nere, Inganni",Lorenteggio,45.4518,9.1401,10,750,10,1,NA,NA,NA,1,0,0,0,0,0,0,0,0
126818905,Centralizzato,"Centrale, Repubblica",Centrale,45.4866,9.2111,5,805,14,1,1,NA,NA,1,0,0,0,0,0,0,0,0
127130827,Centralizzato,"Maggiolina, Istria",Cascina dei Pomi,45.4924,9.2078,5,715,15,1,1,NA,NA,1,0,0,0,0,0,0,0,0
127459974,Centralizzato,"Bande Nere, Inganni",Lorenteggio,45.4539,9.1401,3,790,10,1,1,NA,NA,1,0,0,0,0,0,0,0,0
122048446,Centralizzato,"Bande Nere, Inganni",Lorenteggio,45.4539,9.1401,3,740,10,1,1,NA,NA,1,0,0,0,0,0,0,0,0
123276953,Autonomo,"Pasteur, Rovereto",Pasteur,45.4887,9.2115,3,780,9,1,1,NA,NA,1,0,0,0,1,0,0,0,0
123468331,Centralizzato,"Cimiano, Crescenzago, Adriano",Crescenzago,45.5019,9.2468,3,750,25,1,1,NA,NA,1,0,0,0,0,0,0,0,0
121328632,Autonomo,"Città Studi, Susa",Città Studi,45.4752,9.2184,3,800,10,1,1,NA,NA,1,0,0,0,0,0,0,0,0
127460298,Centralizzato,"Napoli, Soderini",Tripoli - Soderini,45.4547,9.1478,4,760,18,1,1,NA,NA,1,0,0,0,0,0,0,0,0
127130833,Centralizzato,"Centrale, Repubblica",Repubblica,45.4767,9.2008,4,835,29,1,1,NA,NA,1,0,0,0,0,0,0,0,0
126039027,Centralizzato,"Fiera, Sempione, City Life, Portello",Sempione,45.4814,9.167,1,800,35,1,1,NA,NA,1,0,0,0,1,0,0,0,0
125874445,Centralizzato,"Pasteur, Rovereto",Rovereto,45.4947,9.2151,2,740,13,1,1,NA,NA,1,0,0,0,0,0,0,0,0
127352393,Centralizzato,"San Siro, Trenno",San Siro,45.4686,9.1393,1,715,17,1,1,NA,NA,1,0,0,0,0,0,0,0,0
125391103,Centralizzato,"San Siro, Trenno",San Siro,45.4686,9.1393,1,815,14,1,1,NA,NA,1,0,0,0,0,0,0,0,0
125391953,Centralizzato,"San Siro, Trenno",San Siro,45.4686,9.1393,1,735,14,1,1,NA,NA,1,0,0,0,0,0,0,0,0
127142445,Centralizzato,"San Siro, Trenno",San Siro,45.4692,9.14049,4,NA,12,NA,NA,4,0,0,1,0,1,0,1,0,0,1
127660590,Centralizzato,"Abbiategrasso, Chiesa Rossa",Pezzotti - Meda,45.4382,9.18458,10,750,120,4,1,7,0,0,0,0,1,0,1,1,0,0
127507192,Centralizzato,"Fiera, Sempione, City Life, Portello",Monte Rosa - Lotto,45.4753,9.15018,6,780,24,4,2,1,0,0,1,1,1,0,1,0,0,1
95916706,Centralizzato,"Fiera, Sempione, City Life, Portello",Sempione,45.4859,9.15359,15,740,14,3,2,8,0,0,1,1,1,0,1,0,0,1
112211377,Autonomo,"Uptown, Cascina Merlata, Viale Certosa",Musocco,45.5042,9.12358,20,800,95,1,1,5,0,0,1,1,1,0,0,0,0,1
121525592,Centralizzato,"Affori, Bovisa",Affori,45.5114,9.1788,10,705,10,2,1,4,0,0,1,1,1,0,1,0,1,0
102848226,Autonomo,"Famagosta, Barona",Giambellino,45.45,9.15137,15,750,30,4,2,3,0,0,1,0,1,0,1,0,0,1
121364466,Centralizzato,"Udine, Lambrate",Lambrate,45.486,9.24569,8,730,14,3,1,0,0,0,0,0,1,0,0,0,1,0
111140021,Centralizzato,"Cimiano, Crescenzago, Adriano",Crescenzago,45.5032,9.24094,11,750,110,6,1,6,0,0,1,0,1,0,1,1,1,1
125588451,Centralizzato,"Porta Romana, Cadore, Montenero",Cadore,45.4553,9.212,10,780,11,4,2,4,0,0,1,1,1,0,1,0,0,1
69080640,Centralizzato,"Abbiategrasso, Chiesa Rossa",Chiesa Rossa,45.4306,9.17914,17,750,110,3,1,0,0,1,1,1,1,0,1,0,1,1
122978296,Centralizzato,"Affori, Bovisa",Bovisa,45.4997,9.16956,13,750,120,5,2,3,0,0,1,0,1,0,0,0,0,1
114410507,Centralizzato,"Udine, Lambrate",Parco Lambro,45.4999,9.24483,11,750,140,5,2,0.5,0,0,1,0,1,0,1,0,1,0
127195593,Centralizzato,"Abbiategrasso, Chiesa Rossa",Chiesa Rossa,45.4305,9.17899,16,800,15,1,1,7,0,0,1,1,1,0,1,0,0,1
122755592,Centralizzato,"Cimiano, Crescenzago, Adriano",Crescenzago,45.5103,9.25012,16,710,15,4,1,1,0,0,1,1,1,0,0,0,1,1
123422271,Centralizzato,"Ripamonti, Vigentino",Ripamonti - Fondazione Prada,45.4391,9.19852,13,750,16,2,1,2,0,0,0,0,1,0,0,0,0,1
122687126,Centralizzato,Forlanini,Viale Ungheria - Mecenate,45.4569,9.24228,13,800,22,2,1,3,0,0,0,0,1,0,1,0,0,1
121371938,Autonomo,"Affori, Bovisa",Dergano,45.5014,9.17182,11,730,NA,5,1,4,0,0,0,1,1,0,0,0,0,1
127142841,Autonomo,Navigli,Navigli - Darsena,45.4541,9.17108,6,750,34,5,1,2,0,0,0,0,1,0,0,0,0,0
113515469,Centralizzato,"Cimiano, Crescenzago, Adriano",Ponte Nuovo,45.5079,9.23924,9,750,75,3,2,5,0,0,1,1,1,0,1,1,0,1
122307686,Centralizzato,"San Siro, Trenno",Gallaratese,45.4982,9.10423,6,720,60,2,1,1,0,0,1,1,0,0,0,0,1,0
110756851,Centralizzato,"Città Studi, Susa",Città Studi,45.4815,9.21761,20,800,15,3,2,3,0,0,1,1,1,0,1,0,0,1
123460357,Assente,Navigli,Navigli - Darsena,45.4521,9.17715,18,800,150,5,3,3,0,0,0,0,1,0,0,0,0,1
116578137,Centralizzato,"San Siro, Trenno",Gallaratese,45.4923,9.12255,7,750,30,3,1,7,0,0,0,1,1,0,0,1,1,0
105403815,Autonomo,"Uptown, Cascina Merlata, Viale Certosa",Certosa,45.4966,9.14446,9,780,15,3,1,-1,0,0,0,0,1,0,0,0,0,1
110163251,Centralizzato,"Bande Nere, Inganni",Gambara,45.4632,9.14361,6,716,90,4,1,3,0,0,0,1,1,0,1,0,0,1
125774505,Autonomo,"Affori, Bovisa",Bovisa,45.5043,9.16125,5,790,18,3,1,0.5,0,0,0,0,1,0,0,0,0,0
124508263,Centralizzato,"Maggiolina, Istria",Maggiolina,45.4929,9.20463,12,750,100,3,1,0.5,0,0,0,1,1,0,1,0,0,0
115267915,Centralizzato,"Cimiano, Crescenzago, Adriano",Crescenzago,45.5033,9.2407,13,750,100,3,1,6,0,0,1,0,1,0,1,1,1,1
127074691,Centralizzato,"Città Studi, Susa",Città Studi,45.4852,9.22195,14,790,30,4,2,2,0,0,0,0,1,0,0,0,1,0
126842319,Centralizzato,"Udine, Lambrate",Quartiere Feltre,45.4868,9.2404,12,810,60,2,1,1,0,0,0,0,1,0,1,0,0,0
97071206,Autonomo,"San Siro, Trenno",San Carlo,45.4689,9.11007,16,750,10,3,2,5,0,0,0,1,1,0,1,1,0,1
127130155,Centralizzato,"Precotto, Turro",Gorla,45.5065,9.22599,16,840,20,6,3,3,0,0,0,0,1,0,0,1,0,1
89212423,Centralizzato,"Bicocca, Niguarda",Bignami - Ponale,45.5271,9.2057,12,796,NA,3,1,4,0,1,0,1,1,0,1,0,1,1
125688741,Centralizzato,Navigli,Navigli - Darsena,45.4455,9.17632,18,750,95,3,1,4,0,0,0,1,1,0,1,0,0,1
102753956,Assente,Navigli,Navigli - Darsena,45.4462,9.1638,23,820,19,4,2,5,0,0,1,0,1,1,1,0,1,1
126926903,Assente,"Città Studi, Susa",Città Studi,45.484,9.2367,19,750,78,3,1,6,0,0,1,0,1,1,1,0,0,1
122320344,Assente,"Affori, Bovisa",Bovisa,45.5054,9.1635,23,740,26,1,1,1,0,0,1,0,1,1,1,1,1,0
124850071,Assente,"Centrale, Repubblica",Morgagni,45.4765,9.2094,16,800,25,3,1,4,0,0,1,0,1,0,1,0,0,0
124715109,Assente,"Quadronno, Palestro, Guastalla",Guastalla,45.463,9.2001,11,799,25,5,2,3,0,0,0,0,1,0,0,0,0,0
105764549,Assente,"Quadronno, Palestro, Guastalla",Guastalla,45.4609,9.2068,9,750,230,6,3,3,0,0,1,0,1,1,1,0,0,1
127595022,Assente,Centro,Carrobbio,45.4575,9.1839,23,799,30,6,3,3,0,0,0,0,1,1,0,0,0,0
126780033,Assente,"Città Studi, Susa",Città Studi,45.4733,9.2321,24,730,110,4,2,5,0,0,0,0,1,1,0,0,0,1
124449757,Assente,"Udine, Lambrate",Udine,45.4954,9.2385,10,790,16,2,1,2,0,0,1,0,1,0,0,0,0,0
126915519,Autonomo,"Cenisio, Sarpi, Isola",Cenisio,45.4888,9.16805,22,705,100,5,1,4,0,0,1,0,0,0,0,0,0,0
126917587,Autonomo,"Ripamonti, Vigentino",Ripamonti - Fondazione Prada,45.4377,9.196,19,725,80,4,1,3,0,0,1,0,0,0,0,0,0,0
126916745,Autonomo,"Centrale, Repubblica",Centrale,45.4889,9.20984,23,840,15,5,2,4,0,0,0,0,0,0,0,0,0,0
126917925,Autonomo,"Centrale, Repubblica",Centrale,45.4911,9.20441,18,715,253,6,2,1,1,0,0,0,0,0,0,0,0,0
126917897,Autonomo,"Bande Nere, Inganni",Lorenteggio,45.4521,9.1396,15,730,70,5,1,7,1,0,0,0,0,0,0,0,0,0
126917343,Autonomo,"Centrale, Repubblica",Centrale,45.4868,9.20122,66,780,287,6,4,2,1,0,0,0,0,0,0,0,0,0
126917129,Autonomo,"Bande Nere, Inganni",Primaticcio,45.457,9.1275,17,735,15,5,2,2,0,0,0,0,0,0,0,0,0,0
88159397,Assente,"Garibaldi, Moscova, Porta Nuova",Garibaldi - Corso Como,45.4835,9.18178,20,750,NA,2,1,5,0,1,0,1,1,0,1,0,0,1
102654998,Centralizzato,"Pasteur, Rovereto",Rovereto,45.4954,9.21711,16,750,14,3,1,2,0,0,0,1,1,0,0,0,0,1
116963803,Autonomo,"Maggiolina, Istria",Cascina dei Pomi,45.4927,9.20609,9,750,60,3,1,2,0,0,1,0,1,0,1,0,0,0
86698264,Assente,Navigli,Navigli - Darsena,45.4489,9.1696,18,800,NA,1,1,5,0,1,0,1,1,0,0,1,0,1
123140413,Centralizzato,"Bicocca, Niguarda",Niguarda,45.5158,9.18761,12,750,110,5,1,1,0,0,1,1,1,0,1,0,1,1
121115066,Centralizzato,"San Siro, Trenno",Gallaratese,45.4888,9.12057,18,750,12,4,2,9,0,0,0,1,1,0,1,0,0,1
115652515,Centralizzato,"Centrale, Repubblica",Centrale,45.4881,9.21108,9,820,90,5,1,2,0,0,1,0,1,0,1,1,0,1
97981916,Centralizzato,"Affori, Bovisa",Dergano,45.498,9.18429,20,750,140,1,1,8,0,0,1,0,1,0,0,1,1,1
121619902,Centralizzato,"Città Studi, Susa",Città Studi,45.4811,9.22342,20,800,135,5,2,0.5,0,0,1,1,1,0,1,0,0,0
118858807,Centralizzato,"Bicocca, Niguarda",Niguarda,45.5181,9.19639,9,710,18,1,1,0,0,0,0,1,1,0,1,0,1,0
113932545,Centralizzato,"Cenisio, Sarpi, Isola",Isola,45.4881,9.19103,11,800,16,1,1,2,0,0,1,0,1,0,0,0,0,0
127174395,Centralizzato,"Bicocca, Niguarda",Bruzzano,45.5256,9.17107,16,800,100,3,2,2,0,0,1,1,1,0,0,0,0,0
115950053,Centralizzato,"Cimiano, Crescenzago, Adriano",Cimiano,45.5005,9.23889,20,750,20,6,1,7,0,0,1,1,1,0,1,0,0,1
120773558,Autonomo,"Solari, Washington",Solari,45.4557,9.16223,15,710,20,2,1,1,0,0,0,0,1,0,0,0,0,1
120056738,Centralizzato,Navigli,Ascanio Sforza,45.4475,9.17929,5,750,23,2,1,2,0,0,1,1,1,0,1,0,0,1
122554560,Centralizzato,"Famagosta, Barona",Giambellino,45.4466,9.1323,12,750,70,3,1,3,0,0,1,0,1,0,1,0,0,0
126382649,Centralizzato,Navigli,Bocconi,45.4511,9.19011,20,815,220,6,2,7,0,0,1,1,1,0,1,1,1,1
120635504,Autonomo,"Bicocca, Niguarda",Niguarda,45.5173,9.19143,8,750,80,4,1,1,0,0,1,0,1,0,0,1,0,0
121140870,Centralizzato,"Affori, Bovisa",Bovisa,45.5037,9.16158,9,780,12,NA,NA,2,0,0,0,0,1,0,0,0,1,1
118504975,Centralizzato,"Cenisio, Sarpi, Isola",Isola,45.4889,9.19133,8,720,160,5,2,1,0,0,1,1,1,0,1,0,0,0
127314469,Centralizzato,"Udine, Lambrate",Rubattino,45.4775,9.24824,10,720,97,3,2,8,0,0,1,1,1,0,1,0,0,0
123078957,Centralizzato,"Abbiategrasso, Chiesa Rossa",Cermenate - Abbiategrasso,45.4362,9.18305,8,720,80,5,1,0,0,0,0,0,1,0,1,0,0,1
113107285,Centralizzato,"Porta Romana, Cadore, Montenero",Cadore,45.4616,9.21221,8,750,12,3,1,0.5,0,0,0,0,1,0,0,0,0,1
83955438,Autonomo,"Arco della Pace, Arena, Pagano",Arco della Pace,45.4777,9.17237,20,750,NA,2,1,3,0,0,0,1,1,0,0,0,0,1
123118427,Centralizzato,"Solari, Washington",Solari,45.4507,9.15558,17,800,NA,5,1,4,0,0,0,0,1,0,0,0,0,0
119226899,Centralizzato,"Bande Nere, Inganni",Bande Nere,45.4629,9.12845,9,710,20.999,3,2,5,0,0,0,1,1,0,1,0,0,1
114642843,Centralizzato,"Corvetto, Rogoredo",Corvetto,45.436,9.21402,12,750,55,1,1,2,0,0,1,1,1,0,1,0,0,1
123167635,Centralizzato,"Precotto, Turro",Precotto,45.5109,9.22946,20,770,130,4,1,1,0,0,1,0,1,0,0,0,1,1
114931593,Centralizzato,"Città Studi, Susa",Città Studi,45.4816,9.21994,8,750,75,3,1,6,0,0,1,0,1,0,1,0,0,0
126148419,Autonomo,"Cenisio, Sarpi, Isola",Paolo Sarpi,45.4801,9.17667,11,750,17,2,1,1,0,0,0,1,1,0,0,0,0,0
122198108,Centralizzato,"Uptown, Cascina Merlata, Viale Certosa",Ghisolfa - Mac Mahon,45.4905,9.15306,13,750,50,2,1,1,0,0,0,1,1,0,1,0,0,0
113799893,Centralizzato,"Porta Vittoria, Lodi",Porta Vittoria,45.4606,9.22892,9,800,16,4,2,3,0,0,1,0,1,0,1,0,0,1
119253685,Centralizzato,"Porta Vittoria, Lodi",Lodi - Brenta,45.4496,9.21447,7,750,18,5,2,0.5,0,0,1,1,1,0,1,0,1,0
125336461,Centralizzato,"Precotto, Turro",Precotto,45.5116,9.22941,20,750,110,3,1,3,0,0,1,1,1,0,0,0,1,1
114145803,Centralizzato,"Corvetto, Rogoredo",Corvetto,45.4373,9.226,13,750,90,6,1,4,0,0,0,0,1,0,0,1,0,1
125658357,Autonomo,"San Siro, Trenno",San Carlo,45.4717,9.11753,18,740,150,6,2,1,0,0,0,1,1,0,1,0,0,0
120999804,Autonomo,"Affori, Bovisa",Affori,45.5175,9.17353,11,750,90,3,1,1,0,0,0,0,1,0,0,0,0,1
114941073,Centralizzato,"Famagosta, Barona",Giambellino,45.4492,9.13957,14,790,20,3,1,4,0,0,1,0,1,0,1,0,1,1
119024793,Centralizzato,"Solari, Washington",Solari,45.4545,9.1562,20,750,16,3,1,0,0,0,1,0,1,0,1,0,0,0
121370204,Assente,"Cenisio, Sarpi, Isola",Paolo Sarpi,45.4817,9.18048,10,833,100,6,1,1,0,0,0,1,1,0,1,0,0,1
122152066,Centralizzato,"Famagosta, Barona",Famagosta,45.4422,9.17398,14,800,NA,4,2,5,0,0,0,1,1,0,1,0,1,1
116829261,Centralizzato,"Bisceglie, Baggio, Olmi",Quarto Cagnino,45.4706,9.11128,5,790,16,NA,NA,7,0,0,1,0,1,0,0,0,0,1
123851563,Centralizzato,"Porta Vittoria, Lodi",Martini - Insubria,45.4523,9.22361,5,800,44,2,1,3,0,0,1,1,1,0,1,0,0,0
85157665,Centralizzato,Navigli,Bocconi,45.4472,9.19588,10,700,20,3,1,3,0,1,0,1,1,0,0,0,0,1
121038548,Centralizzato,"Cimiano, Crescenzago, Adriano",Crescenzago,45.5079,9.24571,13,750,17,3,1,0.5,0,0,0,1,1,0,1,0,0,1
122437166,Autonomo,"Ripamonti, Vigentino",Ripamonti - Fondazione Prada,45.4428,9.18875,15,749,10,6,4,0,0,0,0,0,1,0,0,0,0,1
34703893,Centralizzato,Navigli,Corso San Gottardo,45.4478,9.18368,13,800,90,1,1,5,0,1,1,0,0,0,0,0,0,0
110933251,Autonomo,"Uptown, Cascina Merlata, Viale Certosa",Certosa,45.4944,9.13812,6,750,18,4,1,1,0,0,1,0,1,0,0,0,1,1
82947955,Assente,"Cenisio, Sarpi, Isola",Farini,45.4964,9.17271,5,830,22,4,2,1,0,1,0,0,1,0,0,0,0,1
127106067,Centralizzato,Navigli,Bocconi,45.4509,9.19182,6,715,18,6,1,2,0,0,0,1,1,0,0,0,0,1
119058533,Centralizzato,"Abbiategrasso, Chiesa Rossa",Cermenate - Abbiategrasso,45.4352,9.18089,9,750,14,3,2,2,0,0,0,0,1,0,1,0,0,1
115285685,Centralizzato,"Abbiategrasso, Chiesa Rossa",Chiesa Rossa,45.4267,9.17152,9,700,90,4,1,4,0,0,0,1,1,0,0,0,0,1
127108215,Autonomo,Navigli,Corso San Gottardo,45.449,9.18118,8,600,18,2,1,1,0,0,1,0,1,0,0,0,0,1
121588226,Centralizzato,Forlanini,Quartiere Forlanini,45.4615,9.24056,9,700,13,6,1,4,0,0,0,1,1,0,1,0,0,0
122039300,Centralizzato,"Abbiategrasso, Chiesa Rossa",Gratosoglio,45.4183,9.17343,8,700,100,4,1,7,0,0,1,1,1,0,0,0,1,0
126755091,Centralizzato,"Famagosta, Barona",Famagosta,45.4377,9.16305,1,700,14,4,2,3,0,0,0,1,1,0,1,0,1,1
113723391,Autonomo,"Uptown, Cascina Merlata, Viale Certosa",Ghisolfa - Mac Mahon,45.4941,9.15478,16,700,75,3,1,1,0,0,1,0,1,0,0,0,0,1
126615133,Centralizzato,"Ripamonti, Vigentino",Ripamonti - Fondazione Prada,45.4427,9.192,9,750,16,2,1,5,0,0,0,1,1,0,0,0,0,0
94313170,Centralizzato,"Cenisio, Sarpi, Isola",Cenisio,45.488,9.16636,8,700,20,4,1,6,0,0,0,1,1,0,1,0,0,1
120089850,Autonomo,"Ripamonti, Vigentino",Ripamonti - Fondazione Prada,45.4421,9.18898,9,700,20,3,1,1,0,0,0,0,1,0,0,0,0,0
122743248,Autonomo,"Pasteur, Rovereto",Pasteur,45.4898,9.21288,17,800,115,4,1,3,0,0,0,0,1,0,0,0,0,1
121690394,Centralizzato,"Maggiolina, Istria",Istria,45.502,9.19376,9,700,NA,5,2,1,0,0,0,1,1,0,1,0,0,1
127105309,Centralizzato,"Affori, Bovisa",Dergano,45.5037,9.17318,11,700,66,3,1,2,0,0,1,1,1,0,0,0,0,0
127410415,Centralizzato,"Città Studi, Susa",Casoretto,45.4863,9.21838,11,700,16,5,2,5,0,0,0,0,1,0,1,0,0,1
120533914,Autonomo,"Famagosta, Barona",Barona,45.4441,9.15332,8,700,15,4,2,2,0,0,0,0,1,0,1,0,1,0
120423592,Centralizzato,"Pasteur, Rovereto",Pasteur,45.4901,9.21856,8,700,20,2,1,2,0,0,0,0,1,0,0,0,0,0
121914964,Centralizzato,"Bicocca, Niguarda",Prato Centenaro,45.511,9.19909,7,700,90,3,1,5,0,0,1,0,1,0,1,0,0,1
119118533,Centralizzato,"Abbiategrasso, Chiesa Rossa",Pezzotti - Meda,45.4427,9.18464,7,800,18,3,2,8,0,0,1,1,1,0,1,0,1,1
104603031,Centralizzato,"Uptown, Cascina Merlata, Viale Certosa",Ghisolfa - Mac Mahon,45.4979,9.16628,9,750,25,1,1,4,0,0,1,0,1,0,1,0,0,1
126988167,Centralizzato,"Affori, Bovisa",Dergano,45.5037,9.17318,11,700,NA,3,1,2,0,0,1,1,1,0,0,0,0,0
123129513,Centralizzato,"Famagosta, Barona",,45.4407,9.16928,15,740,NA,4,2,2,0,0,1,1,1,0,1,0,0,1
122844372,Centralizzato,"Ripamonti, Vigentino",Vigentino - Fatima,45.4358,9.20052,19,700,28,3,1,3,0,0,1,0,1,0,0,0,1,1
127227343,Centralizzato,"Famagosta, Barona",Giambellino,45.4514,9.14817,9,700,16,2,1,2,0,0,1,1,0,0,0,0,0,1
109526387,Centralizzato,"San Siro, Trenno",San Siro,45.4709,9.14226,8,750,100,3,1,1,0,0,0,0,1,0,1,0,0,1
117244969,Autonomo,"Famagosta, Barona",Barona,45.4471,9.1537,11,800,35,4,2,2,0,0,0,0,1,0,0,0,0,0
125809349,Centralizzato,Navigli,Bocconi,45.4489,9.19053,20,822,220,6,2,7,0,0,1,1,1,0,1,1,0,1
121906610,Centralizzato,"Genova, Ticinese",San Vittore,45.4599,9.16766,11,790,20,6,3,1,0,0,0,1,1,0,1,1,0,0
123991039,Centralizzato,"Bande Nere, Inganni",Lorenteggio,45.4534,9.13636,8,750,25,3,1,2,0,0,0,1,1,0,0,1,0,0
124966267,Centralizzato,"Pasteur, Rovereto",Pasteur,45.49,9.21616,8,750,15,6,1,1,0,0,1,1,1,0,1,0,1,1
125207553,Centralizzato,"Uptown, Cascina Merlata, Viale Certosa",Ghisolfa - Mac Mahon,45.4941,9.15777,8,750,60,2,1,3,0,0,1,0,1,0,1,0,0,1
126492875,Autonomo,"Famagosta, Barona",Tre Castelli - Faenza,45.44,9.14626,8,750,18,4,2,1,0,0,0,1,1,0,1,0,0,0
125301121,Centralizzato,"Porta Vittoria, Lodi",Bologna - Sulmona,45.4417,9.22652,8,750,25,3,2,2,0,0,1,1,1,0,1,0,0,1
124801071,Centralizzato,Forlanini,Quartiere Forlanini,45.4595,9.24275,9,750,18,3,1,4,0,0,1,1,1,0,0,0,0,0
127144479,Autonomo,"Abbiategrasso, Chiesa Rossa",Pezzotti - Meda,45.438,9.17603,8,750,16,3,1,3,0,0,1,1,1,0,0,0,0,1
122671216,Autonomo,"Ponte Lambro, Santa Giulia",Santa Giulia,45.4309,9.24573,15,750,15,3,1,0,0,0,0,0,1,0,0,0,0,1
125543531,Centralizzato,"Ripamonti, Vigentino",Ripamonti - Fondazione Prada,45.4428,9.19178,8,740,150,6,4,7,0,0,1,1,1,0,0,1,0,1
124056853,Centralizzato,"Centrale, Repubblica",Centrale,45.4912,9.20444,11,730,100,3,2,3,0,0,1,1,1,0,1,1,0,0
119133069,Centralizzato,"Abbiategrasso, Chiesa Rossa",Pezzotti - Meda,45.4454,9.18708,6,800,11,3,1,1,0,0,0,1,1,0,1,0,0,0
127126647,Centralizzato,"Porta Romana, Cadore, Montenero",Montenero,45.4569,9.20512,10,800,NA,3,1,4,0,0,0,1,1,0,1,0,1,1
115120565,Assente,"Genova, Ticinese",Corso Genova,45.4579,9.17064,17,760,150,2,2,1,0,0,0,1,1,0,1,0,0,1
124685007,Centralizzato,Navigli,Navigli - Darsena,45.4541,9.17441,7,750,73,5,1,3,0,0,1,1,1,0,1,0,0,1
98333754,Centralizzato,"Porta Vittoria, Lodi",Martini - Insubria,45.458,9.21769,6,800,16,3,1,3,0,0,0,1,1,0,1,0,0,0
121116692,Centralizzato,"Quadronno, Palestro, Guastalla",Palestro,45.4663,9.20241,7,750,170,6,3,3,0,0,1,1,1,0,1,0,0,0
111516783,Centralizzato,"Affori, Bovisa",Dergano,45.4984,9.18021,7,750,150,4,2,8,0,0,1,1,1,0,1,1,1,1
127058309,Centralizzato,"Pasteur, Rovereto",Pasteur,45.4909,9.21567,7,750,20,3,1,1,0,0,1,0,1,0,1,0,0,1
111016159,Centralizzato,"Centrale, Repubblica",Melchiorre Gioia,45.4831,9.19605,9,840,25,5,1,5,0,0,0,1,0,0,0,0,0,0
113589739,Autonomo,"Abbiategrasso, Chiesa Rossa",Pezzotti - Meda,45.4433,9.17956,6,800,NA,2,2,1,0,0,0,0,0,0,0,0,0,0
111620953,Autonomo,"Solari, Washington",Dezza,45.457,9.15781,0,800,85,3,2,1,0,0,0,0,1,0,1,0,0,1
117453011,Autonomo,"Centrale, Repubblica",Buenos Aires,45.4788,9.20918,6,740,40,2,1,4,0,0,0,1,1,0,1,0,0,1
117122763,Centralizzato,"Bande Nere, Inganni",Bande Nere,45.4596,9.13158,6,780,17,2,1,2,0,0,0,0,0,0,0,0,0,0
127164937,Centralizzato,"Città Studi, Susa",Città Studi,45.4692,9.22571,7,800,NA,2,1,2,0,0,1,0,1,0,1,0,0,1
112457609,Centralizzato,"Città Studi, Susa",Città Studi,45.4811,9.23517,8,750,NA,2,1,2,0,0,1,1,1,0,1,0,0,0
125692263,Autonomo,"Bicocca, Niguarda",Niguarda,45.5139,9.20196,7,800,75,3,2,-1,0,0,0,0,1,0,1,0,1,1
124706511,Autonomo,"Udine, Lambrate",Lambrate,45.4821,9.23919,4,800,12,2,1,1,0,0,0,1,1,0,0,0,0,0
125091363,Assente,"San Siro, Trenno",San Siro,45.4794,9.11756,4,800,160,3,1,2,0,0,1,1,1,0,1,1,0,1
125672897,Autonomo,"Ripamonti, Vigentino",Vigentino - Fatima,45.4348,9.19603,4,800,NA,3,2,1,0,0,1,0,1,0,0,0,0,1
121119182,Centralizzato,"Genova, Ticinese",Corso Genova,45.4575,9.17361,6,825,85,2,1,3,0,0,0,0,1,0,0,0,0,1
118635535,Centralizzato,"Fiera, Sempione, City Life, Portello",Sempione,45.4839,9.15692,0,800,15,4,1,7,0,0,0,1,1,0,1,0,0,1
125844949,Centralizzato,"Fiera, Sempione, City Life, Portello",Sempione,45.4856,9.16309,4,790,20,4,1,1,0,0,1,1,1,0,0,0,0,0
126980347,Centralizzato,"Fiera, Sempione, City Life, Portello",Monte Rosa - Lotto,45.4817,9.14576,5,750,90,4,2,0.5,0,0,0,1,1,0,1,0,0,0
108299921,Centralizzato,"Corvetto, Rogoredo",Corvetto,45.4381,9.21573,10,750,100,3,1,0.5,0,0,1,1,1,0,1,0,0,0
119025909,Centralizzato,"Genova, Ticinese",Ticinese,45.4526,9.18545,7,780,30,3,1,4,0,0,0,1,1,0,1,0,0,0
89708555,Centralizzato,Navigli,Corso San Gottardo,45.4449,9.1796,11,750,NA,3,1,3,0,1,1,1,1,0,1,0,0,1
120320986,Centralizzato,"Bicocca, Niguarda",Bignami - Ponale,45.5235,9.20756,7,770,14,2,1,2,0,0,0,1,1,0,0,0,0,1
114220601,Centralizzato,"Città Studi, Susa",Casoretto,45.4874,9.22968,4,790,19,2,2,2,0,0,0,1,1,0,0,1,0,0
110945029,Autonomo,"Città Studi, Susa",Città Studi,45.4706,9.23031,5,750,70,NA,NA,0.5,0,0,0,1,1,0,1,0,1,1
116869429,Autonomo,"Città Studi, Susa",Città Studi,45.4856,9.2273,4,725,60,3,1,2,0,0,1,0,1,0,0,0,0,1
126995647,Centralizzato,"Abbiategrasso, Chiesa Rossa",Cermenate - Abbiategrasso,45.4339,9.18515,5,750,20,1,1,3,0,0,1,1,1,0,1,0,1,1
123556529,Centralizzato,"Centrale, Repubblica",Buenos Aires,45.4835,9.21127,5,750,80,4,1,2,0,0,1,1,1,0,1,0,0,0
123002786,Centralizzato,"Cenisio, Sarpi, Isola",Isola,45.4878,9.19868,5,750,70,3,1,5,0,0,0,1,1,0,1,0,0,0
119570505,Centralizzato,"Corvetto, Rogoredo",Corvetto,45.4402,9.22336,5,750,30,4,2,3,0,0,1,1,1,0,1,0,0,1
121919916,Centralizzato,"Genova, Ticinese",San Vittore,45.4599,9.16766,9,790,20,6,3,1,0,0,0,0,1,0,1,1,0,0
122539536,Centralizzato,"Città Studi, Susa",Città Studi,45.4728,9.23389,6,750,20,3,1,5,0,0,0,1,1,0,1,0,0,1
117537329,Centralizzato,"Abbiategrasso, Chiesa Rossa",Chiesa Rossa,45.4296,9.17729,6,750,15,6,2,2,0,0,1,0,1,0,0,0,1,1
123722361,Centralizzato,"Abbiategrasso, Chiesa Rossa",Pezzotti - Meda,45.4452,9.18634,7,800,65,2,1,3,0,0,1,1,1,0,1,0,0,0
93845422,Autonomo,"Centrale, Repubblica",Buenos Aires,45.4816,9.21237,14,750,25,NA,NA,4,0,0,0,0,1,0,1,0,0,0
122988888,Centralizzato,"Porta Romana, Cadore, Montenero",Porta Romana - Medaglie d'Oro,45.4546,9.208,4,800,25,5,1,0.5,0,0,0,0,0,0,0,0,0,0
117778593,Autonomo,"Affori, Bovisa",Bovisa,45.5026,9.15345,6,750,12,4,1,1,0,0,1,0,1,0,0,0,0,1
111807879,Autonomo,"Bisceglie, Baggio, Olmi",Baggio,45.4624,9.09321,16,800,50,1,NA,0,0,0,1,0,1,0,0,1,1,1
126670515,Centralizzato,"Fiera, Sempione, City Life, Portello",Monte Rosa - Lotto,45.4737,9.14825,8,775,15,3,1,1,0,0,0,0,0,0,1,0,1,0
119285093,Autonomo,"Città Studi, Susa",Città Studi,45.4856,9.2273,4,800,20,3,1,2,0,0,0,0,1,0,0,0,0,1
127171661,Autonomo,"Garibaldi, Moscova, Porta Nuova",Porta Nuova,45.4805,9.19416,4,800,65,3,1,3,0,0,0,1,1,0,0,0,0,0
122745762,Centralizzato,"Ripamonti, Vigentino",Ripamonti - Fondazione Prada,45.4362,9.19982,7,750,110,6,1,0.5,0,0,0,1,1,0,1,0,0,1
119758166,Centralizzato,"Centrale, Repubblica",Buenos Aires,45.4835,9.21055,4,750,20,4,1,0.5,0,0,0,1,1,0,1,0,0,0
112101237,Centralizzato,"Maggiolina, Istria",Maggiolina,45.4931,9.20384,6,800,20,6,2,8,0,0,0,1,0,0,1,1,0,0
121214308,Centralizzato,"Genova, Ticinese",Ticinese,45.4526,9.18352,5,750,22,3,1,3,0,0,0,0,1,0,0,0,0,1
119775380,Centralizzato,"Affori, Bovisa",Dergano,45.5038,9.17434,8,800,16,NA,NA,0.5,0,0,1,0,1,0,1,1,0,0
121349462,Centralizzato,"Affori, Bovisa",Affori,45.521,9.17214,5,750,33,5,2,3,0,0,0,1,1,0,1,0,0,1
120776626,Centralizzato,"San Siro, Trenno",San Siro,45.4672,9.14385,5,750,18,3,1,3,0,0,0,1,1,0,1,0,0,1
125197813,Centralizzato,"Abbiategrasso, Chiesa Rossa",Pezzotti - Meda,45.4403,9.18518,5,800,30,3,1,5,0,0,1,1,1,0,1,1,1,0
114181309,Autonomo,"Porta Venezia, Indipendenza",Indipendenza,45.4697,9.21604,14,710,72,3,1,0.5,0,0,0,0,1,0,0,0,0,1
125248051,Autonomo,Navigli,Corso San Gottardo,45.4492,9.18202,5,800,18,4,1,3,0,0,0,1,1,0,0,0,0,0
107356199,Centralizzato,"Città Studi, Susa",Città Studi,45.4816,9.21994,4,750,75,3,1,6,0,0,1,0,1,0,1,0,0,0
122545728,Autonomo,"Città Studi, Susa",Città Studi,45.4829,9.23467,7,720,73,2,1,2,0,0,0,0,1,0,0,0,0,1
127149287,Autonomo,"Udine, Lambrate",Udine,45.4936,9.23658,5,720,25,3,1,2,0,0,0,0,1,0,0,0,0,0
117340065,Centralizzato,Navigli,Bocconi,45.4487,9.1866,9,800,100,NA,NA,1,0,0,0,0,1,0,0,0,0,0
125542057,Autonomo,"Garibaldi, Moscova, Porta Nuova",Moscova,45.4789,9.1902,12,800,90,4,1,4,0,0,0,0,1,0,1,0,0,1
110272473,Centralizzato,"Città Studi, Susa",Città Studi,45.4752,9.21836,0,800,120,5,2,4,0,0,0,1,1,0,1,0,0,1
127280245,Autonomo,"Abbiategrasso, Chiesa Rossa",Pezzotti - Meda,45.4397,9.18305,8,709,15,5,1,2,0,0,0,1,1,0,0,0,0,0
112831443,Centralizzato,"Abbiategrasso, Chiesa Rossa",Pezzotti - Meda,45.4406,9.18311,7,750,60,3,1,1,0,0,1,1,1,0,1,1,0,0
117230975,Centralizzato,"Porta Venezia, Indipendenza",Piave - Tricolore,45.4631,9.20873,4,750,20,4,2,0,0,0,0,0,1,0,0,0,0,1
123482865,Centralizzato,"Famagosta, Barona",Cantalupa - San Paolo,45.4346,9.16897,6,740,NA,NA,1,5,0,0,0,1,1,0,1,0,0,1
125980075,Centralizzato,"Udine, Lambrate",Quartiere Feltre,45.488,9.2452,4,760,15,5,2,6,0,0,0,1,1,0,0,0,0,1
125374329,Autonomo,"Maggiolina, Istria",Istria,45.4993,9.1924,5,800,66,2,1,0.5,0,0,0,0,1,0,0,0,0,0
127162129,Centralizzato,"Famagosta, Barona",Famagosta,45.4435,9.17277,4,810,55,2,1,1,0,0,0,1,1,0,1,0,1,1
121296138,Centralizzato,"Centrale, Repubblica",Morgagni,45.4731,9.21537,9,750,110,NA,NA,7,0,0,1,0,1,0,1,0,0,0
90233571,Assente,"Porta Venezia, Indipendenza",Indipendenza,45.4673,9.21492,9,724,NA,2,1,5,0,1,1,1,1,0,1,1,0,1
125657783,Autonomo,"Città Studi, Susa",Città Studi,45.4834,9.22891,4,750,80,6,1,4,0,0,1,1,1,0,0,0,1,1
110565109,Centralizzato,"Cimiano, Crescenzago, Adriano",Cimiano,45.4957,9.23687,5,800,20,5,2,1,0,0,1,0,1,0,1,0,1,1
126703467,Centralizzato,"Porta Venezia, Indipendenza",Porta Venezia,45.4782,9.20352,3,820,20,3,2,4,0,0,1,1,1,0,0,0,0,0
120007850,Autonomo,"Maggiolina, Istria",Cascina dei Pomi,45.4915,9.20567,5,750,14,4,1,0.5,0,0,0,0,1,0,1,0,0,0
114293391,Centralizzato,Navigli,Bocconi,45.4505,9.19066,3,720,26,3,2,3,0,0,1,1,1,0,1,0,0,1
113300913,Centralizzato,"Città Studi, Susa",Città Studi,45.4736,9.23256,7,720,50,3,1,0.5,0,0,0,1,1,0,1,0,1,0
120053872,Autonomo,"Maggiolina, Istria",Cascina dei Pomi,45.4919,9.20489,5,750,15,4,1,0.5,0,0,0,1,1,0,1,0,0,0
126916609,Autonomo,"Solari, Washington",Frua,45.4651,9.14734,23,740,15,4,1,1,0,0,0,0,0,0,0,0,0,0
126916977,Autonomo,"Maggiolina, Istria",Maggiolina,45.4963,9.20541,58,830,146,6,2,7,0,0,0,0,0,0,0,0,0,0
126916913,Autonomo,"Bisceglie, Baggio, Olmi",Quarto Cagnino,45.4737,9.111,11,725,116,6,2,6,1,0,0,0,0,0,0,0,0,0
126917735,Autonomo,"Maggiolina, Istria",Cascina dei Pomi,45.4926,9.20803,57,780,127,6,3,5,1,0,0,0,0,0,0,0,0,0
126917719,Autonomo,"Ripamonti, Vigentino",Vigentino - Fatima,45.4289,9.20273,17,760,147,4,1,4,0,0,0,0,0,0,0,0,0,0
126917701,Autonomo,"Centrale, Repubblica",Repubblica,45.4795,9.19969,22,750,178,6,2,1,0,0,0,0,0,0,0,0,0,0
126917411,Autonomo,"Maggiolina, Istria",Cascina dei Pomi,45.4926,9.20803,55,715,196,6,2,6,1,0,0,0,0,0,0,0,0,0
126917835,Autonomo,"Napoli, Soderini",Tripoli - Soderini,45.4545,9.14926,74,760,94,5,1,2,1,0,0,0,0,0,0,0,0,0
126916629,Autonomo,"Solari, Washington",Frua,45.4653,9.14755,21,750,150,6,2,4,1,0,0,0,0,0,0,0,0,0
126917759,Autonomo,"Città Studi, Susa",Città Studi,45.4817,9.2222,12,750,141,6,2,1,0,0,0,0,0,0,0,0,0,0
126917755,Autonomo,"Corvetto, Rogoredo",Corvetto,45.4371,9.21564,103,720,151,6,3,1,1,0,0,0,0,0,0,0,0,0
126915557,Autonomo,Centro,Carrobbio,45.4576,9.18402,15,820,15,6,3,3,0,0,0,0,0,0,0,0,0,0
126915513,Autonomo,Navigli,Ascanio Sforza,45.4469,9.17928,18,795,120,5,1,2,0,0,1,0,0,0,0,0,0,0
126917385,Autonomo,"Porta Romana, Cadore, Montenero",Porta Romana - Medaglie d'Oro,45.4543,9.20498,42,760,112,5,2,1,0,0,0,0,0,0,0,0,0,0
126917569,Autonomo,"Porta Vittoria, Lodi",Lodi - Brenta,45.4431,9.22025,20,820,140,6,2,13,0,0,0,0,0,0,0,0,0,0
125281817,Assente,"Genova, Ticinese",Corso Genova,45.4586,9.1748,25,740,63,2,1,1,0,0,1,0,1,0,1,0,0,0
126917405,Autonomo,"Quadronno, Palestro, Guastalla",Guastalla,45.463,9.20011,17,815,160,6,2,3,0,0,0,0,0,0,0,0,0,0
127012729,Autonomo,"Pasteur, Rovereto",Pasteur,45.4875,9.21977,34,745,134,6,2,7,1,0,0,0,0,0,0,1,0,0
126917813,Autonomo,"Città Studi, Susa",Città Studi,45.4823,9.21731,46,795,149,6,2,1,0,0,0,0,0,0,0,0,0,0
126917919,Autonomo,"Bande Nere, Inganni",Lorenteggio,45.4523,9.13914,23,770,88,5,1,1,1,0,0,0,0,0,0,0,0,0
126917717,Autonomo,"Ripamonti, Vigentino",Vigentino - Fatima,45.4289,9.20273,23,840,147,4,1,4,0,0,1,0,0,0,0,0,0,0
126917551,Autonomo,"Garibaldi, Moscova, Porta Nuova",Turati,45.4757,9.1894,22,720,64,3,1,2,1,0,0,0,0,0,0,0,0,0
126916607,Autonomo,Centro,Duomo,45.4609,9.19095,72,735,334,6,4,1,1,0,0,0,0,0,0,0,0,0
126917865,Autonomo,"Città Studi, Susa",Plebisciti - Susa,45.4703,9.21965,31,810,161,6,2,7,1,0,0,0,0,0,0,0,0,0
126917409,Autonomo,Centro,Duomo,45.4609,9.19095,75,735,334,6,4,1,1,0,0,0,0,0,0,0,0,0
122096034,Centralizzato,"Affori, Bovisa",Bovisa,45.4982,9.17047,10,750,NA,NA,NA,2,0,0,0,0,1,0,0,0,0,1
123633667,Centralizzato,"Udine, Lambrate",Parco Lambro,45.4999,9.24483,9,750,140,NA,NA,0,0,0,1,1,1,0,1,0,0,0
123573369,Centralizzato,"Centrale, Repubblica",Centrale,45.4874,9.21205,6,750,30,3,1,3,0,0,0,1,1,0,1,0,0,0
116036663,Assente,"Porta Vittoria, Lodi",Martini - Insubria,45.4551,9.21659,6,780,55,NA,NA,2,0,0,0,0,0,0,0,0,0,0
118663621,Autonomo,"Porta Vittoria, Lodi",Molise - Cuoco,45.4537,9.2247,7,750,NA,NA,NA,4,0,0,1,0,1,0,0,1,0,1
122779942,Centralizzato,Navigli,Corso San Gottardo,45.4481,9.18614,7,750,73,3,1,0.5,0,0,0,1,1,0,1,0,0,1
124875429,Autonomo,"Bisceglie, Baggio, Olmi",Baggio,45.4652,9.09364,2,750,90,3,2,2,0,0,1,0,1,0,0,1,1,0
126266763,Autonomo,Navigli,Navigli - Darsena,45.4511,9.17376,2,750,20,5,3,3,0,0,1,0,1,0,1,0,0,1
124022995,Centralizzato,"Precotto, Turro",Turro,45.4958,9.22933,2,720,14,4,1,1,0,0,0,1,1,0,1,0,1,0
119197121,Autonomo,"Pasteur, Rovereto",Rovereto,45.4973,9.21988,6,760,60,3,1,1,0,0,0,1,1,0,1,0,0,0
125045367,Centralizzato,"Abbiategrasso, Chiesa Rossa",Pezzotti - Meda,45.4403,9.18518,2,800,85,4,1,5,0,0,1,1,1,0,1,1,0,0
122711696,Centralizzato,"Fiera, Sempione, City Life, Portello",City Life,45.4746,9.15844,5,750,14,3,1,0.5,0,0,0,0,1,0,1,0,1,1
103659956,Centralizzato,"Cenisio, Sarpi, Isola",Isola,45.4902,9.18865,0,750,95,3,2,3,0,0,1,1,1,0,0,1,0,1
127027911,Centralizzato,"Città Studi, Susa",Città Studi,45.4728,9.21949,7,750,30,NA,NA,2,0,0,1,0,1,0,1,0,0,0
124129993,Autonomo,"Affori, Bovisa",Dergano,45.5012,9.18803,5,810,15,NA,NA,4,0,0,0,0,1,0,0,0,0,1
123390759,Autonomo,"Centrale, Repubblica",Buenos Aires,45.4792,9.21458,5,820,NA,NA,NA,4,0,0,1,1,1,0,1,1,1,1
120265726,Centralizzato,"Città Studi, Susa",Città Studi,45.4703,9.23033,5,750,64,2,1,0.5,0,0,0,1,1,0,1,0,0,0
119689224,Autonomo,"Abbiategrasso, Chiesa Rossa",Pezzotti - Meda,45.4433,9.17956,1,740,27,2,1,5,0,0,0,0,1,0,0,0,0,0
123417387,Centralizzato,"Porta Vittoria, Lodi",Martini - Insubria,45.4581,9.22271,6,780,17,NA,NA,3,0,0,1,0,1,0,0,0,0,1
120046892,Centralizzato,"Solari, Washington",Solari,45.4534,9.15648,0,800,40,5,1,5,0,0,1,0,1,0,1,0,0,1
120230216,Centralizzato,"Pasteur, Rovereto",Pasteur,45.4879,9.21648,1,730,90,4,1,3,0,0,1,1,1,0,0,0,0,1
110491783,Centralizzato,"Famagosta, Barona",Giambellino,45.4535,9.1479,0,800,NA,3,2,5,0,0,1,1,1,0,1,0,0,1
116484493,Autonomo,"San Siro, Trenno",San Siro,45.4737,9.12601,0,750,100,4,2,4,0,0,1,0,1,0,1,0,0,1
112375969,Centralizzato,"San Siro, Trenno",Gallaratese,45.496,9.12654,5,750,15,3,1,6,0,0,0,0,1,0,1,0,0,0
114736929,Autonomo,"Udine, Lambrate",Ortica,45.471,9.24354,0,800,70,3,1,1,0,0,0,0,1,0,0,0,0,1
119665862,Autonomo,"Città Studi, Susa",Città Studi,45.4846,9.22852,4,800,110,4,1,2,0,0,0,0,1,0,0,0,0,1
119267041,Centralizzato,"San Siro, Trenno",San Siro,45.4732,9.1273,5,750,17,NA,NA,5,0,0,0,0,1,0,1,1,0,0
123239299,Centralizzato,"Abbiategrasso, Chiesa Rossa",Cermenate - Abbiategrasso,45.4355,9.17684,4,780,20,NA,NA,1,0,0,1,0,0,0,0,0,0,0
108321569,Autonomo,"Cenisio, Sarpi, Isola",Isola,45.4898,9.18178,3,800,15,3,1,1,0,0,0,0,1,0,1,0,1,1
122886098,Autonomo,"Città Studi, Susa",Città Studi,45.484,9.22521,9,750,NA,NA,NA,1,0,0,1,0,1,0,0,0,0,1
124061061,Centralizzato,"Solari, Washington",Solari,45.4579,9.16853,7,750,80,4,1,3,0,0,1,1,1,0,1,0,1,0
126935749,Centralizzato,"Porta Vittoria, Lodi",Lodi - Brenta,45.4429,9.21833,2,800,70,2,2,1,0,0,1,1,1,0,1,0,0,0
123640631,Centralizzato,"Affori, Bovisa",Quarto Oggiaro,45.5128,9.14763,0,750,NA,NA,2,3,0,0,0,1,1,0,1,0,0,0
126536091,Centralizzato,Navigli,Bocconi,45.4516,9.19269,4,816,20,NA,NA,4,0,0,0,0,1,0,1,0,0,1
113079759,Centralizzato,"Affori, Bovisa",Comasina,45.5253,9.16105,3,750,25,1,1,1,0,0,1,0,1,0,0,0,0,0
125844839,Centralizzato,"Centrale, Repubblica",Centrale,45.4821,9.20127,0,762,160,4,2,2,0,0,1,1,1,0,1,0,0,1
121122422,Centralizzato,Centro,Carrobbio,45.4569,9.18683,0,790,20,6,3,2,0,0,1,0,1,0,1,0,0,1
123517167,Centralizzato,"Città Studi, Susa",Casoretto,45.4874,9.22968,0,750,16,2,2,2,0,0,0,1,1,0,0,1,0,0
94899590,Autonomo,"Garibaldi, Moscova, Porta Nuova",Lanza,45.4738,9.18691,1,800,25,NA,NA,2,0,0,0,0,1,0,0,0,0,1
122162632,Centralizzato,"Porta Venezia, Indipendenza",Porta Venezia,45.4769,9.20439,1,800,110,3,1,4,0,0,1,1,1,0,1,0,0,0
115530045,Centralizzato,Centro,Duomo,45.4637,9.18813,1,700,100,4,1,3,0,0,1,0,1,0,1,1,0,1
113413831,Centralizzato,"Città Studi, Susa",Città Studi,45.4842,9.21921,0,800,NA,NA,NA,6,0,0,0,0,1,0,1,1,0,0
119931922,Centralizzato,"Porta Vittoria, Lodi",Lodi - Brenta,45.4437,9.21383,0,700,NA,NA,NA,6,0,0,0,1,1,0,0,0,0,1
121622444,Centralizzato,"Famagosta, Barona",Giambellino,45.4521,9.15038,1,700,12,NA,NA,3,0,0,0,1,0,0,0,0,0,0
117216595,Centralizzato,"Solari, Washington",Solari,45.4576,9.16019,0,700,20,NA,NA,6,0,0,1,0,1,0,1,0,0,1
127670890,Autonomo,"Porta Venezia, Indipendenza",Porta Venezia,45.4764,9.20591,7,750,14,3,2,5,0,0,0,1,1,0,1,0,0,1
127670716,Autonomo,"Porta Venezia, Indipendenza",Porta Venezia,45.4764,9.20591,8,750,15,3,2,5,0,0,0,1,1,0,1,0,0,1
127661188,Centralizzato,"Città Studi, Susa",Città Studi,45.4725,9.23042,1,700,15,NA,NA,4,0,0,0,0,1,0,1,0,0,0
127612280,Centralizzato,"Città Studi, Susa",Casoretto,45.4884,9.22478,3,730,20,4,2,5,0,0,1,1,0,0,0,0,0,0
127573232,Centralizzato,"Pasteur, Rovereto",Pasteur,45.4868,9.21504,9,820,132,5,3,5,0,0,0,0,1,0,1,0,0,1
127426604,Centralizzato,"Bande Nere, Inganni",Inganni,45.4538,9.12395,4,750,10,2,1,1,0,0,0,1,1,0,1,0,0,1
127415125,Assente,"Uptown, Cascina Merlata, Viale Certosa",Ghisolfa - Mac Mahon,45.4901,9.15316,0,800,80,3,2,3,0,0,1,0,1,0,0,0,0,0
126916679,Autonomo,"Solari, Washington",Solari,45.4518,9.15618,24,815,127,5,2,6,1,0,0,0,0,0,0,0,0,0
126917781,Autonomo,"Affori, Bovisa",Affori,45.5161,9.17614,33,750,15,4,2,1,0,0,0,0,0,0,0,1,0,0
126917745,Autonomo,"Solari, Washington",Washington,45.4621,9.1525,36,770,127,5,1,5,1,0,0,0,0,0,0,0,0,0
126917215,Autonomo,"Maggiolina, Istria",Cascina dei Pomi,45.4926,9.20803,11,715,207,6,3,1,1,0,0,0,0,0,0,0,0,0
126917703,Autonomo,"Città Studi, Susa",Plebisciti - Susa,45.471,9.21759,37,830,190,6,3,2,0,0,0,0,0,0,0,0,0,0
126917427,Autonomo,"Cenisio, Sarpi, Isola",Isola,45.4889,9.18815,31,750,127,5,1,4,1,0,0,0,0,0,0,0,0,0
126915551,Autonomo,"Maggiolina, Istria",Maggiolina,45.4941,9.19704,22,775,90,4,1,5,0,0,1,0,0,0,0,0,0,0
126917705,Autonomo,"Maggiolina, Istria",Maggiolina,45.5017,9.19935,16,750,140,6,2,1,0,0,0,0,0,0,0,0,0,0
126917923,Autonomo,"Porta Venezia, Indipendenza",Porta Venezia,45.4765,9.20674,22,825,98,5,1,1,1,0,0,0,0,0,0,0,0,0
126917019,Autonomo,Centro,Carrobbio,45.4576,9.18402,17,820,15,6,3,3,0,0,0,0,0,0,0,0,0,0
126916945,Autonomo,"Affori, Bovisa",Affori,45.5161,9.17614,35,750,15,4,2,1,0,0,0,0,0,0,0,1,0,0
126917887,Autonomo,"Maggiolina, Istria",Maggiolina,45.4915,9.19756,42,710,15,6,3,1,1,0,0,0,0,0,0,0,0,0
126916677,Autonomo,"Maggiolina, Istria",Cascina dei Pomi,45.4926,9.20803,11,735,196,6,3,2,1,0,0,0,0,0,0,0,0,0
126915515,Autonomo,Navigli,Ascanio Sforza,45.4469,9.17928,22,835,120,5,1,2,0,0,1,0,0,0,0,0,0,0
126958601,Autonomo,"Napoli, Soderini",Tripoli - Soderini,45.4546,9.14808,18,760,122,5,1,4,1,0,0,0,0,0,0,0,0,0
126917753,Autonomo,"Fiera, Sempione, City Life, Portello",Monte Rosa - Lotto,45.4829,9.14438,50,800,90,4,1,7,1,0,0,0,0,0,0,0,0,0
126917425,Autonomo,"Centrale, Repubblica",Centrale,45.4911,9.20441,16,715,253,6,2,1,1,0,0,0,0,0,0,0,0,0
126917033,Autonomo,"Città Studi, Susa",Città Studi,45.4817,9.2222,12,780,141,6,2,1,0,0,0,0,0,0,0,0,0,0
126915539,Autonomo,"Precotto, Turro",Precotto,45.5101,9.22356,23,775,140,6,4,1,0,0,1,0,0,0,0,0,0,0
126917751,Autonomo,"Napoli, Soderini",Tripoli - Soderini,45.4546,9.14808,30,795,86,4,1,2,1,0,0,0,0,0,0,0,0,0
126917025,Autonomo,"Maggiolina, Istria",Cascina dei Pomi,45.4926,9.20803,35,770,110,4,1,1,1,0,0,0,0,0,0,0,0,0
126916129,Autonomo,"Centrale, Repubblica",Morgagni,45.4779,9.21093,28,755,160,6,2,4,0,0,1,0,0,0,0,0,0,0
126917903,Autonomo,"Bande Nere, Inganni",Lorenteggio,45.4542,9.13777,12,785,70,4,1,3,1,0,0,0,0,0,0,0,0,0
126917677,Autonomo,"Solari, Washington",Frua,45.4653,9.14755,21,815,150,6,2,4,1,0,0,0,0,0,0,0,0,0
108677095,Assente,"Porta Venezia, Indipendenza",Indipendenza,45.4699,9.216,11,830,85,3,1,3,0,0,1,0,1,1,0,0,0,1
126917763,Autonomo,"Napoli, Soderini",Tripoli - Soderini,45.4545,9.14926,39,730,94,5,1,2,1,0,0,0,0,0,0,0,0,0
126917727,Autonomo,Forlanini,Viale Ungheria - Mecenate,45.4561,9.23823,42,745,133,6,2,2,0,0,0,0,0,0,0,0,0,0
126917065,Autonomo,"Città Studi, Susa",Città Studi,45.4689,9.22446,18,800,136,6,2,2,1,0,0,0,0,0,0,0,0,0
126916909,Autonomo,"Maggiolina, Istria",Cascina dei Pomi,45.4926,9.20803,12,735,196,6,3,2,1,0,0,0,0,0,0,0,0,0
126917761,Autonomo,"Maggiolina, Istria",Maggiolina,45.4963,9.20541,56,800,146,6,2,7,0,0,0,0,0,0,0,0,0,0
126917793,Autonomo,"Uptown, Cascina Merlata, Viale Certosa",Certosa,45.4945,9.14426,26,805,212,6,2,2,1,0,0,0,0,0,0,0,0,0
126916347,Autonomo,Centro,Duomo,45.4609,9.19095,30,780,176,6,2,2,1,0,0,0,0,0,0,0,0,0
126984907,Autonomo,"Quadronno, Palestro, Guastalla",Quadronno - Crocetta,45.4565,9.18957,25,760,191,6,3,3,1,0,0,0,0,0,0,0,0,0
126917899,Autonomo,"Bande Nere, Inganni",Lorenteggio,45.4542,9.13777,13,775,70,4,1,3,1,0,0,0,0,0,0,0,0,0
126917203,Autonomo,"Maggiolina, Istria",Cascina dei Pomi,45.4926,9.20803,37,770,103,4,1,4,1,0,0,0,0,0,0,0,0,0
126917711,Autonomo,"Quadronno, Palestro, Guastalla",Guastalla,45.463,9.20011,16,720,160,6,2,3,0,0,0,0,0,0,0,0,0,0
126917509,Autonomo,"Porta Romana, Cadore, Montenero",Porta Romana - Medaglie d'Oro,45.4527,9.20376,22,710,15,6,2,1,1,0,0,0,0,0,0,0,0,0
126917021,Autonomo,"Maggiolina, Istria",Cascina dei Pomi,45.4926,9.20803,60,770,115,4,1,5,1,0,0,0,0,0,0,0,0,0
126915469,Autonomo,"Abbiategrasso, Chiesa Rossa",Chiesa Rossa,45.4271,9.17844,25,740,100,2,1,1,0,0,0,0,0,0,0,0,0,0
126917765,Autonomo,"Bande Nere, Inganni",Lorenteggio,45.4539,9.13741,22,780,62,4,1,5,1,0,0,0,0,0,0,0,0,0
126917521,Autonomo,"Centrale, Repubblica",Centrale,45.4868,9.20122,66,795,287,6,4,2,1,0,0,0,0,0,0,0,0,0
126917241,Autonomo,Navigli,Navigli - Darsena,45.4509,9.16878,43,840,15,5,2,1,1,0,0,0,0,0,0,0,0,0
126916603,Autonomo,"Quadronno, Palestro, Guastalla",Quadronno - Crocetta,45.4551,9.20027,20,760,15,2,1,1,1,0,0,0,0,0,0,0,0,0
127012719,Autonomo,"Corvetto, Rogoredo",Corvetto,45.4403,9.22312,10,710,116,5,2,1,1,0,0,0,0,0,0,1,0,0
126917511,Autonomo,"Porta Romana, Cadore, Montenero",Montenero,45.4566,9.20811,36,740,104,4,1,7,1,0,0,0,0,0,0,0,0,0
126915537,Autonomo,"Bande Nere, Inganni",Inganni,45.4575,9.11946,23,705,80,4,1,1,0,0,1,0,0,0,0,0,0,0
126917729,Autonomo,"Centrale, Repubblica",Centrale,45.4849,9.20799,59,735,203,6,3,8,1,0,0,0,0,0,0,0,0,0
126917147,Autonomo,"Città Studi, Susa",Città Studi,45.4825,9.22381,34,755,15,5,2,5,1,0,0,0,0,0,0,0,0,0
127012725,Autonomo,"Abbiategrasso, Chiesa Rossa",Cermenate - Abbiategrasso,45.4373,9.17883,26,795,81,3,1,6,1,0,0,0,0,0,0,0,0,0
126917081,Autonomo,"Centrale, Repubblica",Buenos Aires,45.4857,9.21418,36,820,158,6,3,5,0,0,0,0,0,0,0,0,0,0
126916885,Autonomo,"Porta Venezia, Indipendenza",Piave - Tricolore,45.4708,9.20835,25,785,173,6,2,2,1,0,0,0,0,0,0,0,0,0
126916775,Autonomo,"Famagosta, Barona",Famagosta,45.4417,9.17446,14,735,15,3,2,1,1,0,0,0,0,0,0,0,0,0
126917773,Autonomo,"Maggiolina, Istria",Maggiolina,45.4915,9.19756,31,815,15,6,3,2,1,0,0,0,0,0,0,0,0,0
126917261,Autonomo,"Maggiolina, Istria",Cascina dei Pomi,45.4984,9.20862,12,735,190,6,2,3,1,0,0,0,0,0,0,0,0,0
126917235,Autonomo,"Bande Nere, Inganni",Lorenteggio,45.4526,9.1396,31,710,81,5,1,2,1,0,0,0,0,0,0,0,0,0
126916861,Autonomo,"Maggiolina, Istria",Cascina dei Pomi,45.4926,9.20803,29,740,127,5,1,1,1,0,0,0,0,0,0,0,0,0
126916847,Autonomo,"Uptown, Cascina Merlata, Viale Certosa",Ghisolfa - Mac Mahon,45.4895,9.15383,38,745,127,6,2,7,1,0,0,0,0,0,0,0,0,0
126917841,Autonomo,"Bande Nere, Inganni",Lorenteggio,45.4517,9.14007,30,770,69,5,1,8,1,0,0,0,0,0,0,0,0,0
126307921,Assente,"Famagosta, Barona",Giambellino,45.4466,9.1323,9,750,70,3,1,3,0,0,1,0,1,0,0,0,0,1
126917825,Autonomo,"Città Studi, Susa",Città Studi,45.4741,9.21745,12,830,189,6,3,6,1,0,0,0,0,0,0,0,0,0
126916853,Autonomo,"Bicocca, Niguarda",Bruzzano,45.5255,9.17005,20,825,140,6,2,1,0,0,0,0,0,0,0,0,0,0
126915467,Autonomo,"Abbiategrasso, Chiesa Rossa",Chiesa Rossa,45.4271,9.17844,22,740,100,2,1,1,0,0,0,0,0,0,0,0,0,0
126916849,Autonomo,"Centrale, Repubblica",Buenos Aires,45.4769,9.20672,19,835,121,6,2,3,1,0,0,0,0,0,0,1,0,0
126916637,Autonomo,"Centrale, Repubblica",Centrale,45.4868,9.20122,61,795,287,6,4,2,1,0,0,0,0,0,0,0,0,0
126915553,Autonomo,"Maggiolina, Istria",Maggiolina,45.4941,9.19704,22,805,90,4,1,5,0,0,1,0,0,0,0,0,0,0
126938231,Autonomo,"Abbiategrasso, Chiesa Rossa",Pezzotti - Meda,45.4419,9.17862,30,825,121,5,1,3,1,0,0,0,0,0,0,0,0,0
126917127,Autonomo,"Cenisio, Sarpi, Isola",Isola,45.4889,9.18815,32,815,127,5,1,4,1,0,0,0,0,0,0,0,0,0
126917869,Autonomo,"Famagosta, Barona",Giambellino,45.4501,9.14046,24,730,118,5,2,6,1,0,0,0,0,0,0,0,0,0
126917851,Autonomo,"Corvetto, Rogoredo",Corvetto,45.4371,9.21564,64,750,151,6,3,4,1,0,0,0,0,0,0,0,0,0
126917721,Autonomo,"Ripamonti, Vigentino",Vigentino - Fatima,45.4289,9.20273,17,780,147,4,1,4,0,0,1,0,0,0,0,0,0,0
126917295,Autonomo,"Bande Nere, Inganni",Lorenteggio,45.4541,9.13854,41,735,75,4,1,5,1,0,0,0,0,0,0,0,0,0
126916295,Autonomo,"Pasteur, Rovereto",Pasteur,45.4875,9.21977,35,765,134,6,2,7,1,0,0,0,0,0,0,1,0,0
126916113,Autonomo,"Fiera, Sempione, City Life, Portello",Amendola - Buonarroti,45.4731,9.14965,10,785,200,6,2,7,0,0,0,0,0,0,0,0,0,0
127166621,Centralizzato,"Solari, Washington",Washington,45.4623,9.1533,10,760,11,1,1,NA,NA,1,0,0,0,0,0,0,0,0
126600587,Centralizzato,"Cenisio, Sarpi, Isola",Isola,45.4892,9.197,10,755,19,1,1,NA,NA,1,0,0,0,0,0,0,0,0
125392219,Centralizzato,"Maggiolina, Istria",Maggiolina,45.4965,9.2057,10,830,13,1,1,NA,NA,1,0,0,0,0,0,0,0,0
125532065,Centralizzato,"Uptown, Cascina Merlata, Viale Certosa",Musocco,45.5025,9.1287,10,760,20,1,1,NA,NA,1,0,0,0,0,0,0,0,0
125513961,Centralizzato,"Bicocca, Niguarda",Ca' Granda,45.5035,9.2009,10,760,13,1,1,NA,NA,1,0,0,0,0,0,0,0,0
125418729,Autonomo,"Affori, Bovisa",Affori,45.518,9.1733,10,840,11,1,1,NA,NA,1,0,0,0,0,0,0,0,0
127166607,Centralizzato,"Corvetto, Rogoredo",Corvetto,45.4399,9.2071,10,805,14,1,1,NA,NA,1,0,0,0,0,0,0,0,0
127166623,Centralizzato,"Corvetto, Rogoredo",Corvetto,45.4399,9.2071,10,785,18,1,1,NA,NA,1,0,0,0,0,0,0,0,0
126037897,Centralizzato,"Genova, Ticinese",Ticinese,45.4561,9.1845,10,770,12,1,1,NA,NA,1,0,0,0,0,0,0,0,0
126116271,Centralizzato,"Uptown, Cascina Merlata, Viale Certosa",Certosa,45.4988,9.1411,10,770,19,1,1,NA,NA,1,0,0,0,0,0,0,0,0
125391949,Centralizzato,"Centrale, Repubblica",Centrale,45.4848,9.2077,10,705,12,1,1,NA,NA,1,0,0,0,0,0,0,0,0
126041367,Centralizzato,"Bande Nere, Inganni",Bande Nere,45.4575,9.1362,10,770,14,1,1,NA,NA,1,0,0,0,0,0,0,0,0
127460180,Centralizzato,"Bande Nere, Inganni",Lorenteggio,45.4528,9.1394,10,770,12,1,1,NA,NA,1,0,0,0,0,0,0,0,0
127130817,Centralizzato,"Fiera, Sempione, City Life, Portello",De Angeli,45.4694,9.1499,10,815,14,1,1,NA,NA,1,0,0,0,0,0,0,0,0
127460300,Centralizzato,"Uptown, Cascina Merlata, Viale Certosa",Certosa,45.4988,9.1411,10,705,12,1,1,NA,NA,1,0,0,0,0,0,0,0,0
125846815,Centralizzato,"Corvetto, Rogoredo",Corvetto,45.4364,9.2268,10,730,13,1,1,NA,NA,1,0,0,0,0,0,0,0,0
127229173,Centralizzato,"Abbiategrasso, Chiesa Rossa",Pezzotti - Meda,45.441,9.1831,10,815,20,1,1,NA,NA,1,0,0,0,0,0,0,0,0
125495437,Centralizzato,"Bande Nere, Inganni",Bande Nere,45.4592,9.1319,10,715,15,1,1,NA,NA,1,0,0,0,0,0,0,0,0
127166631,Centralizzato,"Bande Nere, Inganni",Lorenteggio,45.4528,9.1394,10,790,18,1,1,NA,NA,1,0,0,0,0,0,0,0,0
126041275,Centralizzato,"Maggiolina, Istria",Cascina dei Pomi,45.4924,9.2078,10,760,21,1,1,NA,NA,1,0,0,0,0,0,0,0,0
126167019,Centralizzato,"Bicocca, Niguarda",Bruzzano,45.5231,9.175,10,760,10,1,1,NA,NA,1,0,0,0,0,0,0,0,0
126041429,Centralizzato,"Centrale, Repubblica",Centrale,45.4913,9.205,10,715,22,1,1,NA,NA,1,0,0,0,0,0,0,0,0
127460296,Centralizzato,"Bande Nere, Inganni",Lorenteggio,45.452,9.1377,10,770,17,1,1,NA,NA,1,0,0,0,0,0,0,0,0
126041335,Centralizzato,"Città Studi, Susa",Casoretto,45.4871,9.2201,10,745,17,1,1,NA,NA,1,0,0,0,0,0,0,0,0
126037921,Autonomo,"Pasteur, Rovereto",Rovereto,45.4946,9.2169,10,850,20,1,1,NA,NA,1,0,0,0,1,0,0,0,0
126037969,Centralizzato,"Famagosta, Barona",Giambellino,45.4496,9.1495,10,890,23,1,1,NA,NA,1,0,0,0,1,0,0,0,0
126042489,Centralizzato,"Quadronno, Palestro, Guastalla",Guastalla,45.463,9.2,10,844,15,1,1,NA,NA,1,0,0,0,0,0,0,0,0
126037977,Centralizzato,"Porta Venezia, Indipendenza",Porta Venezia,45.4733,9.2139,10,890,16,1,1,NA,NA,1,0,0,0,0,0,0,0,0
126042279,Autonomo,"Solari, Washington",Solari,45.4573,9.1693,10,940,9,1,1,NA,NA,1,0,0,0,0,0,0,0,0
125418735,Centralizzato,"Cenisio, Sarpi, Isola",Farini,45.497,9.1815,10,850,18,1,1,NA,NA,1,0,0,0,1,0,0,0,0
118261989,Centralizzato,"Ripamonti, Vigentino",Ripamonti - Fondazione Prada,45.4363,9.2004,10,950,10,1,1,NA,NA,1,0,0,0,1,0,0,0,0
104457409,Centralizzato,"Solari, Washington",Washington,45.4569,9.1549,10,1000,15,1,1,NA,NA,1,0,0,0,0,0,0,0,0
126039055,Autonomo,"Centrale, Repubblica",Repubblica,45.4779,9.2003,10,1060,15,1,1,NA,NA,1,0,0,0,1,0,0,0,0
126038093,Centralizzato,"Porta Vittoria, Lodi",Martini - Insubria,45.4509,9.2208,10,890,12,1,1,NA,NA,1,0,0,0,1,0,0,0,0
123802209,Autonomo,"Arco della Pace, Arena, Pagano",Arena,45.4781,9.1743,10,850,20,1,1,NA,NA,1,0,0,0,0,0,0,0,0
126038025,Autonomo,Centro,Borgogna - Largo Augusto,45.4639,9.1984,10,1240,20,1,1,NA,NA,1,0,0,0,0,0,0,0,0
126042491,Centralizzato,"Quadronno, Palestro, Guastalla",Guastalla,45.463,9.2,10,844,15,1,1,NA,NA,1,0,0,0,0,0,0,0,0
126039049,Autonomo,"Centrale, Repubblica",Repubblica,45.4779,9.2003,10,1000,10,1,1,NA,NA,1,0,0,0,1,0,0,0,0
126042087,Centralizzato,"Ripamonti, Vigentino",Ripamonti - Fondazione Prada,45.4384,9.1924,10,850,20,1,1,NA,NA,1,0,0,0,1,0,0,0,0
127118755,Centralizzato,Navigli,Bocconi,45.4509,9.1927,10,1310,12,1,1,NA,NA,1,0,0,0,0,0,0,0,0
126036181,Autonomo,"San Siro, Trenno",QT8,45.4842,9.1376,10,860,14,1,1,NA,NA,1,0,0,0,1,0,0,0,0
126037983,Centralizzato,"Napoli, Soderini",Piazza Napoli,45.4522,9.1541,10,890,15,1,1,NA,NA,1,0,0,0,1,0,0,0,0
127646872,Autonomo,"Centrale, Repubblica",Repubblica,45.4793,9.20206,5,875,15,4,2,3,0,0,0,0,0,0,0,0,0,0
126035975,Centralizzato,"Corvetto, Rogoredo",Corvetto,45.4406,9.2235,10,840,16,1,1,NA,NA,1,0,0,0,0,0,0,0,0
126038035,Autonomo,"Città Studi, Susa",Città Studi,45.483,9.2182,10,890,16,1,1,NA,NA,1,0,0,0,1,0,0,0,0
126038015,Centralizzato,"Napoli, Soderini",Piazza Napoli,45.4522,9.1541,10,940,15,1,1,NA,NA,1,0,0,0,1,0,0,0,0
125820487,Centralizzato,"Cenisio, Sarpi, Isola",Cenisio,45.4882,9.1615,10,1090,14,1,1,NA,NA,1,0,0,0,1,0,0,0,0
126041989,Centralizzato,"Garibaldi, Moscova, Porta Nuova",Moscova,45.4781,9.1834,10,950,15,1,1,NA,NA,1,0,0,0,0,0,0,0,0
125045821,Centralizzato,Navigli,Navigli - Darsena,45.4503,9.16907,10,975,15,4,3,4,0,0,0,1,1,0,0,1,0,1
90083695,Centralizzato,Navigli,Bocconi,45.4517,9.19196,12,950,20,6,4,5,0,1,1,0,1,0,1,0,0,1
112886255,Autonomo,"Centrale, Repubblica",Repubblica,45.48,9.19554,13,850,16,5,2,5,0,0,0,0,1,0,1,0,0,1
83405917,Autonomo,"Porta Venezia, Indipendenza",Porta Venezia,45.4733,9.20971,10,850,NA,2,1,2,0,1,0,0,1,0,1,0,0,1
122448864,Centralizzato,"Centrale, Repubblica",Buenos Aires,45.4806,9.21588,12,950,35,3,1,4,0,0,0,0,1,0,0,0,0,1
122727602,Centralizzato,"Città Studi, Susa",Città Studi,45.4775,9.22546,15,900,50,5,3,0.5,0,0,0,1,1,0,1,0,0,1
103641386,Centralizzato,"Cenisio, Sarpi, Isola",Paolo Sarpi,45.4826,9.17536,19,1090,20,4,2,1,0,0,1,1,1,0,1,1,1,1
83947178,Assente,"Affori, Bovisa",Affori,45.52,9.16916,20,1200,80,1,1,8,0,1,1,1,1,0,1,0,0,0
115134525,Autonomo,"Garibaldi, Moscova, Porta Nuova",Moscova,45.4796,9.18216,11,1040,18,NA,NA,5,0,0,0,0,1,0,1,1,0,1
88755589,Assente,"San Siro, Trenno",Gallaratese,45.4935,9.11313,9,1100,NA,2,1,5,0,1,1,1,1,0,0,0,1,0
124137855,Centralizzato,"Maggiolina, Istria",Istria,45.5015,9.19344,8,900,100,3,2,2,0,0,1,1,1,0,1,0,0,1
123526755,Centralizzato,"Bicocca, Niguarda",Bignami - Ponale,45.5208,9.20792,10,900,95,4,2,5,0,0,0,1,1,0,0,0,0,0
126956103,Centralizzato,"Città Studi, Susa",Città Studi,45.486,9.232,8,850,100,4,2,1,0,0,1,1,1,0,0,0,0,1
114585103,Centralizzato,"Napoli, Soderini",Tripoli - Soderini,45.4557,9.15205,19,850,16,3,1,6,0,0,0,1,1,0,1,0,0,0
118851611,Centralizzato,"Porta Vittoria, Lodi",Porta Vittoria,45.4618,9.23008,11,900,35,6,4,0.5,0,0,0,0,1,0,0,0,0,1
118186853,Centralizzato,"Città Studi, Susa",Città Studi,45.4815,9.21888,8,850,15,2,2,0,0,0,0,1,1,0,1,0,0,1
123920733,Centralizzato,"Maggiolina, Istria",Cascina dei Pomi,45.4977,9.21282,11,1000,30,2,1,0.5,0,0,0,0,1,0,1,1,0,1
127154003,Centralizzato,"San Siro, Trenno",San Siro,45.4762,9.11693,9,950,17,2,1,5,0,0,0,1,1,0,1,0,0,1
114828001,Autonomo,"Bicocca, Niguarda",Bruzzano,45.5247,9.17378,11,1000,26,3,1,-1,0,0,0,0,1,0,0,0,0,0
122289056,Autonomo,"Città Studi, Susa",Plebisciti - Susa,45.4627,9.21973,13,850,18,1,1,5,0,0,0,1,1,0,1,1,0,1
105398595,Centralizzato,"Città Studi, Susa",Città Studi,45.4822,9.22786,12,900,14,4,2,1,0,0,0,0,1,0,0,1,0,1
117252209,Autonomo,"Abbiategrasso, Chiesa Rossa",Gratosoglio,45.4166,9.18017,14,850,130,5,2,6,0,0,1,0,1,0,1,1,0,1
126815441,Centralizzato,"Cenisio, Sarpi, Isola",Farini,45.4934,9.18397,16,900,80,2,1,2,0,0,0,1,1,0,0,0,0,1
126070163,Centralizzato,"Centrale, Repubblica",Buenos Aires,45.4797,9.20536,14,900,88,4,1,1,0,0,0,1,1,0,1,0,0,1
127165205,Centralizzato,"Maggiolina, Istria",Cascina dei Pomi,45.4912,9.20631,11,1100,12,3,1,6,0,0,1,1,1,0,1,0,0,0
127553244,Assente,"Bicocca, Niguarda",Bignami - Ponale,45.5269,9.211,36,900,130,6,3,3,0,0,1,0,1,1,0,1,0,1
127540596,Assente,"Bicocca, Niguarda",Bignami - Ponale,45.5265,9.2094,36,900,130,6,3,3,0,0,1,0,1,1,0,1,0,1
126042495,Centralizzato,"Quadronno, Palestro, Guastalla",Guastalla,45.463,9.2,10,1003,15,1,1,NA,NA,1,0,0,0,0,0,0,0,0
125812309,Centralizzato,"Genova, Ticinese",Ticinese,45.4534,9.1838,10,990,12,1,1,NA,NA,1,0,0,0,1,0,0,0,0
125812277,Centralizzato,"Solari, Washington",Solari,45.455,9.1662,10,1140,16,1,1,NA,NA,1,0,0,0,1,0,0,0,0
126726171,Autonomo,"Uptown, Cascina Merlata, Viale Certosa",Ghisolfa - Mac Mahon,45.4895,9.1535,10,900,15,1,1,NA,NA,1,0,0,0,1,0,0,0,0
126956721,Centralizzato,"Cenisio, Sarpi, Isola",Isola,45.4904,9.1847,10,850,15,1,1,NA,NA,1,0,0,0,0,0,0,0,0
126726175,Autonomo,"Solari, Washington",Vercelli - Wagner,45.4686,9.155,10,1025,15,1,1,NA,NA,1,0,0,0,1,0,0,0,0
127482980,Assente,Centro,Missori,45.4581,9.1937,20,1000,14,NA,NA,3,0,0,0,0,1,1,0,1,1,0
127183525,Centralizzato,Navigli,Navigli - Darsena,45.4503,9.16909,12,975,15,1,1,4,1,1,0,0,0,1,0,0,0,0
122319170,Assente,"Affori, Bovisa",Bovisa,45.5054,9.1635,20,1300,20,1,1,3,0,0,1,0,1,1,1,0,1,0
127317725,Autonomo,"Solari, Washington",Solari,45.455,9.16692,8,895,92,4,1,2,0,0,0,0,0,0,0,0,0,0
127275323,Autonomo,"Famagosta, Barona",Tre Castelli - Faenza,45.442,9.13738,8,860,90,4,2,3,0,0,0,0,0,0,0,0,0,0
121589280,Centralizzato,"Cenisio, Sarpi, Isola",Cenisio,45.4886,9.1629,10,3000,100,1,1,NA,NA,1,0,0,0,1,0,0,0,0
123610037,Assente,"Pasteur, Rovereto",Pasteur,45.4891,9.2148,28,1000,115,3,1,0.5,0,0,0,0,0,0,0,0,0,0
104457407,Centralizzato,"Solari, Washington",Washington,45.4569,9.1549,10,1000,13,1,1,NA,NA,1,0,0,0,0,0,0,0,0
118700543,Centralizzato,"Quadronno, Palestro, Guastalla",Quadronno - Crocetta,45.455,9.1976,10,1000,25,1,1,NA,NA,1,0,0,0,1,0,0,0,0
127553304,Assente,"Bicocca, Niguarda",Bignami - Ponale,45.5223,9.2059,38,850,130,6,4,1,0,0,1,0,1,1,0,0,1,0
122635012,Assente,"Arco della Pace, Arena, Pagano",Arena,45.4784,9.1807,29,1500,40,6,3,4,0,0,1,0,1,1,1,0,0,1
88039617,Centralizzato,"Città Studi, Susa",Città Studi,45.477,9.22334,2,850,20,3,1,5,0,1,0,1,1,0,0,0,0,1
118206853,Centralizzato,"Città Studi, Susa",Città Studi,45.4786,9.22549,17,850,20,6,2,5,0,0,1,1,1,0,1,0,0,1
117371725,Centralizzato,"Città Studi, Susa",Città Studi,45.4786,9.22549,15,850,19,6,2,5,0,0,1,1,1,0,1,1,0,1
125790719,Centralizzato,"Fiera, Sempione, City Life, Portello",Amendola - Buonarroti,45.4691,9.15073,16,1100,20,2,2,3,0,0,1,1,1,0,1,0,1,1
127596570,Assente,"San Siro, Trenno",San Carlo,45.4618,9.1085,16,890,30,5,1,4,0,0,0,0,1,1,1,0,0,1
126990615,Assente,"Famagosta, Barona",Famagosta,45.4381,9.1549,12,870,79,4,2,1,0,0,0,0,1,1,0,0,0,0
127303517,Autonomo,Navigli,Bocconi,45.4508,9.19124,22,1245,188,6,4,2,1,0,0,0,0,0,0,0,0,0
127275229,Autonomo,"Pasteur, Rovereto",Pasteur,45.4885,9.22156,22,860,103,4,1,1,1,0,0,0,0,0,0,0,0,0
127602288,Autonomo,"Cenisio, Sarpi, Isola",Isola,45.4904,9.19938,21,845,173,6,2,5,1,0,0,0,0,0,0,0,0,0
127504724,Autonomo,"Fiera, Sempione, City Life, Portello",Amendola - Buonarroti,45.4702,9.14972,13,955,166,6,3,1,1,0,0,0,0,0,0,0,0,0
127463062,Autonomo,"Porta Vittoria, Lodi",Lodi - Brenta,45.4485,9.21396,21,960,90,5,2,5,0,0,0,0,0,0,0,0,0,0
127384665,Autonomo,Navigli,Corso San Gottardo,45.4521,9.18266,41,995,230,6,3,1,1,0,0,0,0,0,0,0,0,0
127355477,Autonomo,"Cenisio, Sarpi, Isola",Farini,45.4953,9.17548,13,1205,15,1,1,1,0,0,0,0,0,0,0,0,0,0
127326367,Autonomo,"Porta Romana, Cadore, Montenero",Montenero,45.4572,9.20484,26,1035,200,6,3,3,1,0,0,0,0,0,0,0,0,0
127326313,Autonomo,"Genova, Ticinese",Ticinese,45.4555,9.17809,29,945,138,6,3,1,1,0,0,0,0,0,0,0,0,0
127602508,Autonomo,"Centrale, Repubblica",Repubblica,45.4778,9.20009,15,1000,142,5,2,3,0,0,0,0,0,0,0,0,0,0
127513788,Autonomo,"Abbiategrasso, Chiesa Rossa",Pezzotti - Meda,45.4433,9.17651,26,975,94,5,1,7,1,0,0,0,0,0,0,0,0,0
127415041,Autonomo,"Centrale, Repubblica",Buenos Aires,45.481,9.21101,36,945,180,6,2,4,1,0,0,0,0,0,0,0,0,0
127414765,Autonomo,Navigli,Bocconi,45.452,9.18768,54,990,15,6,4,4,0,0,0,0,0,0,0,0,0,0
127317439,Autonomo,"Porta Romana, Cadore, Montenero",Montenero,45.4572,9.20484,26,1035,200,6,3,3,1,0,0,0,0,0,0,0,0,0
127303701,Autonomo,Navigli,Navigli - Darsena,45.4439,9.17542,18,950,98,5,2,1,0,0,0,0,0,0,0,0,0,0
127108693,Autonomo,Navigli,Bocconi,45.4508,9.19124,24,1245,188,6,4,2,1,0,0,0,0,0,0,0,0,0
127462806,Autonomo,"Porta Vittoria, Lodi",Lodi - Brenta,45.4485,9.21396,21,960,90,5,2,5,0,0,0,0,0,0,0,0,0,0
127414697,Autonomo,Navigli,Bocconi,45.452,9.18768,53,990,15,6,4,4,0,0,0,0,0,0,0,0,0,0
127303743,Autonomo,"Quadronno, Palestro, Guastalla",Quadronno - Crocetta,45.4565,9.18957,11,905,191,6,3,3,1,0,0,0,0,0,0,0,0,0
127303527,Autonomo,"Affori, Bovisa",Bovisa,45.5015,9.16316,11,1200,55,4,1,1,0,0,0,0,0,0,0,1,0,0
127570258,Autonomo,"Centrale, Repubblica",Repubblica,45.4778,9.20009,15,970,142,5,2,3,0,0,0,0,0,0,0,0,0,0
127541482,Autonomo,Centro,Missori,45.4577,9.19115,16,905,184,6,3,1,0,0,0,0,0,0,0,0,0,0
127415039,Autonomo,"Cenisio, Sarpi, Isola",Isola,45.4904,9.19938,21,845,173,6,2,5,1,0,0,0,0,0,0,0,0,0
127414681,Autonomo,"Corvetto, Rogoredo",Corvetto,45.4397,9.21399,35,850,15,2,1,1,1,0,0,0,0,0,0,0,0,0
127356343,Autonomo,"Solari, Washington",Dezza,45.461,9.16101,29,865,126,5,2,1,0,0,0,0,0,0,0,0,0,0
127317625,Autonomo,"Cenisio, Sarpi, Isola",Zara,45.4917,9.19063,33,900,210,6,2,1,1,0,0,0,0,0,0,0,0,0
127646760,Autonomo,Navigli,Bocconi,45.4508,9.19124,15,1245,126,5,4,1,1,0,0,0,0,0,0,0,0,0
127541448,Autonomo,"Fiera, Sempione, City Life, Portello",De Angeli,45.4667,9.15052,30,1050,128,5,2,4,0,0,1,0,0,0,0,0,0,0
127513908,Autonomo,"Centrale, Repubblica",Buenos Aires,45.4789,9.21472,22,865,100,5,2,4,0,0,0,0,0,0,0,0,0,0
127463066,Autonomo,"Garibaldi, Moscova, Porta Nuova",Turati,45.4767,9.18958,25,995,60,3,1,3,0,0,0,0,0,0,0,0,0,0
127602318,Autonomo,Navigli,Bocconi,45.4508,9.19124,26,1345,126,5,4,2,1,0,0,0,0,0,0,0,0,0
127513916,Autonomo,"Città Studi, Susa",Plebisciti - Susa,45.4704,9.22012,24,870,15,5,2,1,1,0,0,0,0,0,0,0,0,0
127490466,Autonomo,"Quadronno, Palestro, Guastalla",Quadronno - Crocetta,45.4535,9.20199,32,990,167,6,2,5,1,0,0,0,0,0,0,0,0,0
127385155,Autonomo,"Pasteur, Rovereto",Pasteur,45.4916,9.21173,35,845,140,6,2,3,0,0,0,0,0,0,0,0,0,0
127384711,Autonomo,"Bicocca, Niguarda",Ca' Granda,45.5052,9.19938,21,850,140,6,3,1,0,0,0,0,0,0,0,0,0,0
127504538,Autonomo,"Centrale, Repubblica",Melchiorre Gioia,45.4862,9.19755,39,945,120,4,1,3,1,0,0,0,0,0,0,0,0,0
127504436,Autonomo,"Napoli, Soderini",Tripoli - Soderini,45.4559,9.15149,15,1060,584,6,4,1,0,0,0,0,0,0,0,0,0,0
127414915,Autonomo,"Solari, Washington",Solari,45.4573,9.16933,12,885,200,6,2,1,0,0,0,0,0,0,0,0,0,0
127355979,Autonomo,"Centrale, Repubblica",Repubblica,45.4778,9.20009,14,1060,142,5,2,3,0,0,0,0,0,0,0,0,0,0
127414677,Autonomo,"Centrale, Repubblica",Buenos Aires,45.481,9.21101,36,945,180,6,2,4,1,0,0,0,0,0,0,0,0,0
127646734,Autonomo,"Quadronno, Palestro, Guastalla",Quadronno - Crocetta,45.4535,9.20199,33,1010,167,6,2,5,1,0,0,0,0,0,0,0,0,0
127490544,Autonomo,"Cenisio, Sarpi, Isola",Zara,45.4956,9.18968,21,850,52,3,1,4,1,0,0,0,0,0,0,0,0,0
127356323,Autonomo,"Cenisio, Sarpi, Isola",Zara,45.4956,9.18968,21,850,52,3,1,4,1,0,0,0,0,0,0,0,0,0
127356257,Autonomo,"Genova, Ticinese",Corso Genova,45.4582,9.17012,25,875,157,6,2,5,1,0,0,0,0,0,0,0,0,0
127201237,Autonomo,"Porta Romana, Cadore, Montenero",Montenero,45.4572,9.20484,25,1035,200,6,3,3,1,0,0,0,0,0,0,0,0,0
127646898,Autonomo,"Ripamonti, Vigentino",Ripamonti - Fondazione Prada,45.4425,9.18863,48,845,445,6,4,1,0,0,0,0,0,0,0,0,0,0
127462548,Autonomo,"Città Studi, Susa",Plebisciti - Susa,45.465,9.21896,27,1040,625,6,4,1,0,0,0,0,0,0,0,0,0,0
127356463,Autonomo,"Affori, Bovisa",Affori,45.5174,9.17132,32,880,60,3,1,1,1,0,0,0,0,0,0,0,0,0
127356351,Autonomo,"Solari, Washington",Frua,45.4651,9.14874,38,870,148,6,3,2,1,0,0,0,0,0,0,0,0,0
127355977,Autonomo,"Centrale, Repubblica",Repubblica,45.4778,9.20009,14,980,142,5,2,3,0,0,0,0,0,0,0,0,0,0
127303997,Autonomo,"Cenisio, Sarpi, Isola",Isola,45.4885,9.19293,23,935,15,5,2,2,1,0,0,0,0,0,0,0,0,0
127570074,Autonomo,"Precotto, Turro",Gorla,45.5065,9.22306,18,860,15,6,4,2,0,0,0,0,0,0,0,0,0,0
127356435,Autonomo,"Centrale, Repubblica",Repubblica,45.4778,9.20009,15,1000,142,5,2,3,0,0,0,0,0,0,0,0,0,0
127326449,Autonomo,"Cenisio, Sarpi, Isola",Zara,45.4917,9.19063,23,865,203,6,2,1,1,0,0,0,0,0,0,0,0,0
127169293,Autonomo,"Cenisio, Sarpi, Isola",Zara,45.4956,9.18968,18,1045,24,1,1,3,1,0,0,0,0,0,0,0,0,0
127384743,Autonomo,"Pasteur, Rovereto",Pasteur,45.4874,9.21404,11,875,15,6,2,4,0,0,0,0,0,0,0,0,0,0
127326385,Autonomo,"Porta Romana, Cadore, Montenero",Montenero,45.4613,9.20744,17,1045,80,5,1,4,0,0,0,0,0,0,0,0,0,0
127169361,Autonomo,"Centrale, Repubblica",Buenos Aires,45.4789,9.21472,22,865,100,5,2,4,0,0,0,0,0,0,0,0,0,0
127326609,Autonomo,"Porta Romana, Cadore, Montenero",Montenero,45.4613,9.20744,17,1045,80,5,1,4,0,0,0,0,0,0,0,0,0,0
127303739,Autonomo,"Cenisio, Sarpi, Isola",Isola,45.4885,9.19293,26,935,15,5,2,2,1,0,0,0,0,0,0,0,0,0
127108143,Autonomo,"Quadronno, Palestro, Guastalla",Quadronno - Crocetta,45.4558,9.2023,19,860,176,6,3,2,0,0,1,0,0,0,0,0,0,0
127384651,Autonomo,"Cenisio, Sarpi, Isola",Zara,45.4956,9.18968,27,900,94,5,2,1,1,0,0,0,0,0,0,0,0,0
127384331,Autonomo,"Napoli, Soderini",Tripoli - Soderini,45.4559,9.15149,16,910,584,6,4,1,0,0,0,0,0,0,0,0,0,0
127355355,Autonomo,"Città Studi, Susa",Plebisciti - Susa,45.465,9.21896,25,1070,625,6,4,1,0,0,0,0,0,0,0,0,0,0
127275127,Autonomo,"Genova, Ticinese",Ticinese,45.4555,9.18524,12,850,143,6,2,2,1,0,0,0,0,0,0,0,0,0
127602600,Autonomo,"Porta Romana, Cadore, Montenero",Montenero,45.4613,9.20963,12,1075,75,4,1,1,0,0,0,0,0,0,0,0,0,0
127646746,Autonomo,"Porta Romana, Cadore, Montenero",Montenero,45.4572,9.20484,27,1035,200,6,3,3,1,0,0,0,0,0,0,0,0,0
127463036,Autonomo,Navigli,Bocconi,45.4508,9.19124,24,1345,205,6,4,4,1,0,0,0,0,0,0,0,0,0
127414881,Autonomo,"Solari, Washington",Solari,45.4529,9.15615,21,880,138,6,2,1,1,0,0,0,0,0,0,0,0,0
127356325,Autonomo,"Città Studi, Susa",Plebisciti - Susa,45.4704,9.22012,24,870,15,5,2,1,1,0,0,0,0,0,0,0,0,0
127303989,Autonomo,"Abbiategrasso, Chiesa Rossa",Pezzotti - Meda,45.4441,9.1836,11,975,180,6,3,2,0,0,0,0,0,0,0,0,0,0
127541526,Autonomo,"Centrale, Repubblica",Morgagni,45.4753,9.21682,26,845,138,6,2,3,1,0,0,0,0,0,0,0,0,0
127490276,Autonomo,"Maggiolina, Istria",Cascina dei Pomi,45.4926,9.20803,31,870,127,6,3,5,1,0,0,0,0,0,0,0,0,0
127384521,Autonomo,Navigli,Bocconi,45.4509,9.19128,10,1245,90,4,2,3,1,0,0,0,0,0,0,0,0,0
127356335,Autonomo,"Genova, Ticinese",San Vittore,45.4599,9.16766,10,990,250,6,3,1,0,0,1,0,0,0,0,1,0,0
127326281,Autonomo,"Cenisio, Sarpi, Isola",Isola,45.4885,9.19293,23,895,15,5,2,2,1,0,0,0,0,0,0,0,0,0
127570186,Autonomo,"Quadronno, Palestro, Guastalla",Quadronno - Crocetta,45.4558,9.2023,19,860,176,6,3,2,0,0,1,0,0,0,0,0,0,0
127541714,Autonomo,Centro,Brera,45.472,9.18437,13,945,138,6,2,1,1,0,0,0,0,0,0,0,0,0
127356311,Autonomo,"Solari, Washington",Vercelli - Wagner,45.4689,9.15569,10,890,200,6,3,6,0,0,1,0,0,0,0,1,0,0
127602456,Autonomo,Centro,Duomo,45.4609,9.19095,40,1035,334,6,4,1,1,0,0,0,0,0,0,0,0,0
127541876,Autonomo,Navigli,Bocconi,45.4508,9.19124,15,1245,126,5,4,1,1,0,0,0,0,0,0,0,0,0
127462752,Autonomo,"Solari, Washington",Solari,45.459,9.1671,29,995,136,6,2,1,1,0,0,0,0,0,0,0,0,0
127356423,Autonomo,"Quadronno, Palestro, Guastalla",Guastalla,45.463,9.20011,19,975,160,6,2,3,0,0,0,0,0,0,0,0,0,0
127326447,Autonomo,"Porta Vittoria, Lodi",Lodi - Brenta,45.4444,9.21598,25,905,69,3,1,1,1,0,0,0,0,0,0,1,0,0
127570514,Autonomo,"Porta Venezia, Indipendenza",Indipendenza,45.4719,9.2113,21,885,123,6,2,2,1,0,0,0,0,0,0,0,0,0
127384669,Autonomo,"Porta Romana, Cadore, Montenero",Montenero,45.4613,9.20744,12,1035,80,5,1,2,0,0,0,0,0,0,0,0,0,0
127317455,Autonomo,"Quadronno, Palestro, Guastalla",Quadronno - Crocetta,45.4542,9.1986,45,1045,134,6,2,2,1,0,0,0,0,0,0,0,0,0
127303751,Autonomo,"Città Studi, Susa",Città Studi,45.4831,9.22494,20,920,82,4,1,2,0,0,0,0,0,0,0,0,0,0
127275165,Autonomo,"Cenisio, Sarpi, Isola",Isola,45.4872,9.18681,15,925,101,5,2,4,0,0,0,0,0,0,0,0,0,0
127169351,Autonomo,"Pasteur, Rovereto",Pasteur,45.4874,9.21404,11,875,15,6,2,4,0,0,0,0,0,0,0,0,0,0
127602304,Autonomo,"Genova, Ticinese",Ticinese,45.4555,9.17809,29,1035,138,6,3,1,1,0,0,0,0,0,0,0,0,0
127384551,Autonomo,"Genova, Ticinese",Ticinese,45.4555,9.17809,27,945,138,6,3,1,1,0,0,0,0,0,0,0,0,0
127317449,Autonomo,"Porta Vittoria, Lodi",Lodi - Brenta,45.4485,9.21396,21,960,90,5,2,5,0,0,0,0,0,0,0,0,0,0
127513598,Autonomo,Centro,Missori,45.4584,9.18969,11,900,15,4,1,3,0,0,0,0,0,0,0,0,0,0
127646764,Autonomo,"Centrale, Repubblica",Morgagni,45.4734,9.21442,33,930,141,6,2,1,1,0,0,0,0,0,0,0,0,0
127570236,Autonomo,"Solari, Washington",Vercelli - Wagner,45.4689,9.15569,10,890,200,6,3,6,0,0,0,0,0,0,0,0,0,0
127414873,Autonomo,"Arco della Pace, Arena, Pagano",Vincenzo Monti,45.4658,9.17372,31,990,15,4,1,2,1,0,0,0,0,0,0,0,0,0
127356455,Autonomo,"Centrale, Repubblica",Repubblica,45.4778,9.20009,14,980,142,5,2,3,0,0,0,0,0,0,0,0,0,0
127274897,Autonomo,"Napoli, Soderini",Tripoli - Soderini,45.4559,9.15149,17,1065,584,6,4,1,0,0,0,0,0,0,0,0,0,0
127602298,Autonomo,"Solari, Washington",Solari,45.459,9.1671,30,995,136,6,2,1,1,0,0,0,0,0,0,0,0,0
127504604,Autonomo,"Quadronno, Palestro, Guastalla",Quadronno - Crocetta,45.4535,9.20199,32,990,167,6,2,5,1,0,0,0,0,0,0,0,0,0
127356417,Autonomo,"Solari, Washington",Vercelli - Wagner,45.4689,9.15569,10,890,200,6,3,6,0,0,0,0,0,0,0,0,0,0
127355675,Autonomo,"Corvetto, Rogoredo",Corvetto,45.4413,9.21977,17,850,70,4,1,1,0,0,0,0,0,0,0,0,0,0
127232193,Autonomo,"Porta Vittoria, Lodi",Lodi - Brenta,45.4485,9.21396,24,930,90,5,2,5,0,0,0,0,0,0,0,0,0,0
127504722,Autonomo,"Porta Romana, Cadore, Montenero",Porta Romana - Medaglie d'Oro,45.4491,9.20709,17,1045,90,5,2,1,0,0,0,0,0,0,0,0,0,0
127463050,Autonomo,"Città Studi, Susa",Città Studi,45.482,9.23671,24,890,110,5,1,2,1,0,0,0,0,0,0,0,0,0
127384667,Autonomo,"Ripamonti, Vigentino",Ripamonti - Fondazione Prada,45.4429,9.19239,35,885,87,4,2,3,0,0,0,0,0,0,0,0,0,0
127303639,Autonomo,"Cenisio, Sarpi, Isola",Isola,45.4885,9.19293,23,935,15,5,2,2,1,0,0,0,0,0,0,0,0,0
127303621,Autonomo,"Porta Romana, Cadore, Montenero",Porta Romana - Medaglie d'Oro,45.451,9.1979,20,995,110,5,2,3,1,0,0,0,0,0,0,0,0,0
127569790,Autonomo,"Napoli, Soderini",Tripoli - Soderini,45.4559,9.15149,17,1105,584,6,4,1,0,0,0,0,0,0,0,0,0,0
127541530,Autonomo,"Garibaldi, Moscova, Porta Nuova",Turati,45.4754,9.18877,28,975,131,5,1,2,0,0,0,0,0,0,0,0,0,0
127462882,Autonomo,"Garibaldi, Moscova, Porta Nuova",Turati,45.4767,9.18958,25,995,60,3,1,3,0,0,0,0,0,0,0,0,0,0
127355669,Autonomo,"Fiera, Sempione, City Life, Portello",Monte Rosa - Lotto,45.4766,9.15044,21,855,15,5,2,1,0,0,0,0,0,0,0,0,0,0
127274869,Autonomo,"Porta Vittoria, Lodi",Martini - Insubria,45.455,9.22187,22,900,15,1,1,1,0,0,0,0,0,0,0,0,0,0
127232215,Autonomo,"Cenisio, Sarpi, Isola",Isola,45.4872,9.18681,15,925,101,5,2,4,0,0,0,0,0,0,0,0,0,0
127463042,Autonomo,"Solari, Washington",Solari,45.459,9.1671,29,995,136,6,2,1,1,0,0,0,0,0,0,0,0,0
127414525,Autonomo,"Napoli, Soderini",Tripoli - Soderini,45.4559,9.15149,17,1105,584,6,4,1,0,0,0,0,0,0,0,0,0,0
127317627,Autonomo,"Città Studi, Susa",Argonne - Corsica,45.4676,9.22762,38,890,15,4,2,5,1,0,0,0,0,0,0,0,0,0
127275107,Autonomo,"Porta Romana, Cadore, Montenero",Porta Romana - Medaglie d'Oro,45.451,9.1979,25,1045,110,5,2,3,1,0,0,0,0,0,0,0,0,0
127646714,Autonomo,"Città Studi, Susa",Città Studi,45.482,9.23671,25,870,110,5,1,2,1,0,0,0,0,0,0,0,0,0
127462646,Autonomo,Navigli,Bocconi,45.4508,9.19124,24,1345,205,6,4,4,1,0,0,0,0,0,0,0,0,0
127414695,Autonomo,Navigli,Bocconi,45.452,9.18768,50,960,15,6,4,4,0,0,0,0,0,0,0,0,0,0
127414689,Autonomo,"Porta Romana, Cadore, Montenero",Montenero,45.4613,9.20963,19,1030,87,5,1,2,0,0,0,0,0,0,0,0,0,0
127356425,Autonomo,"Solari, Washington",Solari,45.4573,9.16933,12,885,200,6,2,1,0,0,0,0,0,0,0,0,0,0
127356407,Autonomo,"Affori, Bovisa",Affori,45.5174,9.17132,33,890,60,3,1,1,1,0,0,0,0,0,0,0,0,0
127303569,Autonomo,Centro,Missori,45.4577,9.19115,15,935,184,6,3,1,0,0,0,0,0,0,0,0,0,0
127201245,Autonomo,"Porta Romana, Cadore, Montenero",Porta Romana - Medaglie d'Oro,45.451,9.1979,20,995,110,5,2,3,1,0,0,0,0,0,0,0,0,0
127513678,Autonomo,Navigli,Bocconi,45.4509,9.19128,10,1245,90,4,2,3,1,0,0,0,0,0,0,0,0,0
127462770,Autonomo,"Quadronno, Palestro, Guastalla",Guastalla,45.4613,9.19848,30,970,15,6,3,2,0,0,0,0,0,0,0,0,0,0
127570170,Autonomo,"Porta Venezia, Indipendenza",Indipendenza,45.4719,9.2113,21,885,123,6,2,2,1,0,0,0,0,0,0,0,0,0
127490378,Autonomo,"Quadronno, Palestro, Guastalla",Guastalla,45.4613,9.19848,27,950,15,6,3,2,0,0,0,0,0,0,0,0,0,0
127490078,Autonomo,"Napoli, Soderini",Tripoli - Soderini,45.4559,9.15149,14,1090,584,6,4,1,0,0,0,0,0,0,0,0,0,0
127132875,Autonomo,"Quadronno, Palestro, Guastalla",Guastalla,45.4613,9.19848,30,970,15,6,3,2,0,0,0,0,0,0,0,0,0,0
127541864,Autonomo,"Centrale, Repubblica",Morgagni,45.4753,9.21682,26,845,138,6,2,3,1,0,0,0,0,0,0,0,0,0
127384629,Autonomo,"Porta Romana, Cadore, Montenero",Porta Romana - Medaglie d'Oro,45.4512,9.19951,27,1055,138,5,2,4,1,0,0,0,0,0,0,0,0,0
127317601,Autonomo,"Porta Venezia, Indipendenza",Indipendenza,45.4706,9.21677,22,920,132,6,2,2,0,0,0,0,0,0,0,0,0,0
127275157,Autonomo,"Genova, Ticinese",Ticinese,45.4533,9.17971,15,1080,140,6,2,6,0,0,0,0,0,0,0,0,0,0
127647042,Autonomo,"Ripamonti, Vigentino",Ripamonti - Fondazione Prada,45.4425,9.18863,48,845,445,6,4,1,0,0,0,0,0,0,0,0,0,0
127602404,Autonomo,"Abbiategrasso, Chiesa Rossa",Pezzotti - Meda,45.4433,9.17651,13,875,90,5,1,2,1,0,0,0,0,0,0,0,0,0
127504676,Autonomo,Centro,Missori,45.4577,9.19115,15,935,184,6,3,1,0,0,0,0,0,0,0,0,0,0
127384771,Autonomo,"Genova, Ticinese",San Vittore,45.4599,9.16766,10,990,250,6,3,1,0,0,1,0,0,0,0,1,0,0
127326357,Autonomo,"Porta Romana, Cadore, Montenero",Porta Romana - Medaglie d'Oro,45.4498,9.20338,16,1065,65,3,1,1,0,0,0,0,0,0,0,0,0,0
127317711,Autonomo,"Porta Romana, Cadore, Montenero",Montenero,45.4567,9.20531,11,1100,120,5,2,4,0,0,0,0,0,0,0,0,0,0
127275207,Autonomo,Navigli,Navigli - Darsena,45.4468,9.17664,15,880,92,4,2,1,1,0,0,0,0,0,0,0,0,0
127355553,Autonomo,"Quadronno, Palestro, Guastalla",Guastalla,45.4613,9.19848,28,950,15,6,3,2,0,0,0,0,0,0,0,0,0,0
127326443,Autonomo,"Cenisio, Sarpi, Isola",Isola,45.4895,9.20056,24,875,95,4,1,7,1,0,0,0,0,0,0,0,0,0
127303617,Autonomo,"Porta Romana, Cadore, Montenero",Montenero,45.4572,9.20484,25,1035,200,6,3,3,1,0,0,0,0,0,0,0,0,0
127414707,Autonomo,Navigli,Corso San Gottardo,45.4521,9.18266,42,990,230,6,3,1,1,0,0,0,0,0,0,0,0,0
127303623,Autonomo,"Abbiategrasso, Chiesa Rossa",Pezzotti - Meda,45.4441,9.1836,11,975,180,6,3,2,0,0,0,0,0,0,0,0,0,0
127646874,Autonomo,"Affori, Bovisa",Dergano,45.5012,9.1821,21,945,15,5,4,1,0,0,0,0,0,0,0,0,0,0
127462880,Autonomo,Navigli,Ascanio Sforza,45.4482,9.17953,39,955,115,4,2,1,0,0,0,0,0,0,0,0,0,0
127541550,Autonomo,"Famagosta, Barona",Giambellino,45.4488,9.15228,13,1020,80,4,2,2,1,0,0,0,0,0,0,0,0,0
127490546,Autonomo,"Solari, Washington",Vercelli - Wagner,45.4689,9.15569,10,890,200,6,3,6,0,0,1,0,0,0,0,1,0,0
127303495,Autonomo,"Porta Romana, Cadore, Montenero",Cadore,45.4553,9.21171,66,860,414,6,4,1,0,0,0,0,0,0,0,0,0,0
127275213,Autonomo,"Centrale, Repubblica",Morgagni,45.4734,9.21442,37,950,141,6,2,1,1,0,0,0,0,0,0,0,0,0
127232201,Autonomo,"Porta Romana, Cadore, Montenero",Porta Romana - Medaglie d'Oro,45.4498,9.20338,16,1065,65,3,1,1,0,0,0,0,0,0,0,0,0,0
127570056,Autonomo,Navigli,Bocconi,45.452,9.18768,52,945,15,6,4,4,0,0,0,0,0,0,0,0,0,0
127274895,Autonomo,"Città Studi, Susa",Plebisciti - Susa,45.465,9.21896,25,1255,625,6,4,1,0,0,0,0,0,0,0,0,0,0
127121147,Autonomo,"Corvetto, Rogoredo",Corvetto,45.4413,9.21977,17,850,70,4,1,1,0,0,0,0,0,0,0,0,0,0
127541562,Autonomo,Centro,Sant'Ambrogio,45.4602,9.17645,38,885,110,6,2,1,1,0,0,0,0,0,0,0,0,0
127462732,Autonomo,Navigli,Bocconi,45.4503,9.19392,11,990,140,6,2,5,0,0,0,0,0,0,0,0,0,0
127414877,Autonomo,"Città Studi, Susa",Città Studi,45.4761,9.22417,15,885,15,4,2,2,1,0,0,0,0,0,0,0,0,0
127356431,Autonomo,"Centrale, Repubblica",Repubblica,45.4778,9.20009,15,970,142,5,2,3,0,0,0,0,0,0,0,0,0,0
127355593,Autonomo,"Cenisio, Sarpi, Isola",Isola,45.4885,9.19293,23,895,15,5,2,2,1,0,0,0,0,0,0,0,0,0
127094287,Autonomo,"Porta Romana, Cadore, Montenero",Montenero,45.4613,9.20744,12,1035,80,5,1,2,0,0,0,0,0,0,0,0,0,0
127356263,Autonomo,"Cenisio, Sarpi, Isola",Farini,45.4953,9.17548,13,1205,15,1,1,1,0,0,0,0,0,0,0,0,0,0
127570216,Autonomo,Centro,Sant'Ambrogio,45.4602,9.17645,39,885,110,6,2,1,1,0,0,0,0,0,0,0,0,0
127355555,Autonomo,Navigli,Bocconi,45.4508,9.19124,24,1245,188,6,4,2,1,0,0,0,0,0,0,0,0,0
127355549,Autonomo,"Solari, Washington",Solari,45.4596,9.16704,30,900,127,5,2,2,1,0,0,0,0,0,0,0,0,0
127646770,Autonomo,"Quadronno, Palestro, Guastalla",Quadronno - Crocetta,45.4565,9.20264,39,875,202,6,2,4,1,0,0,0,0,0,0,0,0,0
127541508,Autonomo,"Genova, Ticinese",Ticinese,45.4555,9.18524,18,850,143,6,2,1,1,0,0,0,0,0,0,0,0,0
127462550,Autonomo,"Napoli, Soderini",Tripoli - Soderini,45.4559,9.15149,16,1095,584,6,4,1,0,0,0,0,0,0,0,0,0,0
127356413,Autonomo,"Solari, Washington",Solari,45.4573,9.16933,12,890,200,6,2,1,0,0,0,0,0,0,0,1,0,0
127317623,Autonomo,Navigli,Navigli - Darsena,45.4473,9.16227,24,935,140,5,2,5,1,0,0,0,0,0,0,0,0,0
127304017,Autonomo,"Cenisio, Sarpi, Isola",Isola,45.4885,9.19293,26,935,15,5,2,2,1,0,0,0,0,0,0,0,0,0
127513806,Autonomo,"Abbiategrasso, Chiesa Rossa",Pezzotti - Meda,45.4441,9.1836,10,965,180,6,3,2,0,0,0,0,0,0,0,0,0,0
127504728,Autonomo,"Porta Venezia, Indipendenza",Indipendenza,45.4719,9.2113,22,850,123,6,2,2,1,0,0,0,0,0,0,0,0,0
127541886,Autonomo,"Genova, Ticinese",Ticinese,45.4555,9.17809,31,860,138,6,3,1,1,0,0,0,0,0,0,0,0,0
127462904,Autonomo,"Solari, Washington",Solari,45.4573,9.16933,12,890,200,6,2,1,0,0,0,0,0,0,0,1,0,0
127275175,Autonomo,Navigli,Bocconi,45.4508,9.19124,20,1245,126,5,4,1,1,0,0,0,0,0,0,0,0,0
127415063,Autonomo,"Quadronno, Palestro, Guastalla",Quadronno - Crocetta,45.4535,9.20199,33,990,167,6,2,5,1,0,0,0,0,0,0,0,0,0
127646712,Autonomo,"Solari, Washington",Solari,45.459,9.1671,27,995,136,6,2,1,1,0,0,0,0,0,0,0,0,0
127504466,Autonomo,"Cenisio, Sarpi, Isola",Zara,45.4956,9.18968,18,1045,24,1,1,3,1,0,0,0,0,0,0,0,0,0
127490362,Autonomo,"Genova, Ticinese",Corso Genova,45.4568,9.17417,21,1025,103,5,1,1,1,0,0,0,0,0,0,0,0,0
127317441,Autonomo,"Arco della Pace, Arena, Pagano",Pagano,45.4719,9.15804,24,945,149,6,2,1,1,0,0,0,0,0,0,0,0,0
127541698,Autonomo,"Genova, Ticinese",Corso Genova,45.4582,9.17012,27,870,157,6,2,5,1,0,0,0,0,0,0,0,0,0
127356337,Autonomo,"Udine, Lambrate",Udine,45.4901,9.23447,20,850,15,5,2,2,1,0,0,0,0,0,0,0,0,0
127356121,Autonomo,"Affori, Bovisa",Affori,45.5174,9.17132,33,890,60,3,1,1,1,0,0,0,0,0,0,0,0,0
127570112,Autonomo,"Abbiategrasso, Chiesa Rossa",Pezzotti - Meda,45.4433,9.17651,38,965,115,5,2,6,1,0,0,0,0,0,0,0,0,0
127504758,Autonomo,"Quadronno, Palestro, Guastalla",Guastalla,45.463,9.20011,19,975,160,6,2,3,0,0,0,0,0,0,0,0,0,0
127326153,Autonomo,"Napoli, Soderini",Tripoli - Soderini,45.4559,9.15149,22,1240,584,6,4,1,0,0,0,0,0,0,0,0,0,0
127169331,Autonomo,"Quadronno, Palestro, Guastalla",Quadronno - Crocetta,45.4535,9.20199,32,990,167,6,2,5,1,0,0,0,0,0,0,0,0,0
126077877,Assente,"Abbiategrasso, Chiesa Rossa",Pezzotti - Meda,45.4418,9.1806,23,850,50,6,3,3,0,0,1,0,1,1,0,1,0,1
120315958,Assente,"Quadronno, Palestro, Guastalla",Palestro,45.4643,9.2007,59,900,12,6,3,2,0,0,1,0,1,1,1,0,0,1
123257775,Assente,Centro,Duomo,45.4657,9.1808,24,900,170,4,2,6,0,0,0,0,1,1,1,1,0,1
120306168,Assente,"Quadronno, Palestro, Guastalla",Palestro,45.4643,9.2007,57,1000,18,6,3,2,0,0,1,0,1,1,1,0,0,1
126780629,Assente,"Genova, Ticinese",Ticinese,45.4528,9.1826,23,900,25,4,3,2,0,0,1,0,1,1,1,0,0,1
120400782,Assente,"Ponte Lambro, Santa Giulia",Ponte Lambro,45.4414,9.2652,32,1100,80,2,1,1,0,0,1,0,1,1,0,0,0,0
127037855,Assente,"Genova, Ticinese",Ticinese,45.4529,9.1842,19,900,97,4,1,2,0,0,1,0,1,1,0,0,0,1
127038331,Assente,"Genova, Ticinese",Ticinese,45.4529,9.1842,17,900,97,4,1,2,0,0,1,0,1,1,1,0,0,1
124542355,Assente,"Solari, Washington",Dezza,45.462,9.162,28,850,135,5,3,0.5,0,0,1,0,1,1,1,0,1,1
127039067,Assente,"Genova, Ticinese",Ticinese,45.4529,9.1842,21,900,97,4,1,2,0,0,1,0,1,1,0,0,0,1
126752241,Assente,Navigli,Bocconi,45.4481,9.1898,17,1150,65,3,2,3,0,0,1,0,1,1,0,0,0,1
127526838,Assente,"Abbiategrasso, Chiesa Rossa",Pezzotti - Meda,45.4415,9.1829,15,1000,75,4,2,2,0,0,1,0,1,1,1,0,0,1
127023873,Assente,"Napoli, Soderini",Piazza Napoli,45.4506,9.1525,14,850,55,3,NA,4,0,0,1,0,1,0,1,0,0,1
122828180,Assente,"Città Studi, Susa",Plebisciti - Susa,45.4641,9.2253,19,950,20,4,2,4,0,0,1,0,1,1,1,1,0,1
126223111,Assente,"Napoli, Soderini",Tripoli - Soderini,45.4565,9.1431,23,850,25,2,1,6,0,0,0,0,0,0,0,0,0,0
125880681,Assente,"Napoli, Soderini",Tripoli - Soderini,45.4565,9.1431,26,850,23,2,1,6,0,0,1,0,0,0,1,0,0,0
126207375,Assente,"Porta Romana, Cadore, Montenero",Porta Romana - Medaglie d'Oro,45.4477,9.21,26,850,125,4,2,2,0,0,1,0,1,1,1,0,0,1
126200847,Autonomo,"Genova, Ticinese",Ticinese,45.4521,9.1835,9,850,70,5,1,3,0,0,0,1,1,0,0,0,0,0
127359345,Assente,"Genova, Ticinese",Ticinese,45.4533,9.1782,20,900,13,3,1,4,0,0,1,0,1,1,0,0,0,1
125375269,Assente,"Centrale, Repubblica",Centrale,45.4883,9.2088,18,2000,130,3,1,6,0,0,1,0,1,1,0,0,0,1
121798258,Assente,Navigli,Corso San Gottardo,45.4489,9.1809,19,1000,14,3,2,1,0,0,0,0,1,1,1,0,0,1
127531874,Assente,"Città Studi, Susa",Città Studi,45.477,9.218,26,900,80,3,1,3,0,0,1,0,1,1,1,0,0,1
127531630,Assente,"Città Studi, Susa",Città Studi,45.477,9.218,25,900,80,3,1,3,0,0,1,0,1,1,1,0,0,1
111563489,Assente,"Città Studi, Susa",Città Studi,45.4849,9.2293,36,850,78,3,1,2,0,0,1,0,1,1,1,0,0,1
123842835,Assente,"Napoli, Soderini",Piazza Napoli,45.4507,9.1537,21,1290,80,1,1,2,0,0,0,0,1,0,0,0,0,0
127504844,Autonomo,Navigli,Bocconi,45.4508,9.19124,25,1245,202,6,4,3,1,0,0,0,0,0,0,0,0,0
127317567,Autonomo,"Cenisio, Sarpi, Isola",Isola,45.4891,9.19016,9,890,120,5,2,3,0,0,0,0,0,0,0,0,0,0
127462724,Autonomo,"Quadronno, Palestro, Guastalla",Guastalla,45.4629,9.20061,9,1105,15,6,3,3,1,0,0,0,0,0,0,0,0,0
127569738,Autonomo,"Centrale, Repubblica",Repubblica,45.4801,9.20026,14,900,15,3,1,4,0,0,0,0,0,0,0,0,0,0
127541608,Autonomo,Navigli,Bocconi,45.4508,9.19124,25,1245,202,6,4,3,1,0,0,0,0,0,0,0,0,0
127275297,Autonomo,Navigli,Bocconi,45.4508,9.19124,17,1345,141,6,4,1,1,0,0,0,0,0,0,0,0,0
127141339,Autonomo,"Quadronno, Palestro, Guastalla",Guastalla,45.4621,9.19841,11,1095,120,6,2,1,0,0,0,0,0,0,0,0,0,0
127570188,Autonomo,Navigli,Corso San Gottardo,45.4492,9.18148,9,930,65,3,1,1,0,0,0,0,0,0,0,0,0,0
127201219,Autonomo,"Centrale, Repubblica",Buenos Aires,45.481,9.21101,13,1140,15,3,2,1,0,0,1,0,0,0,0,0,0,0
127602306,Autonomo,Navigli,Bocconi,45.4508,9.19124,18,1245,154,6,4,1,1,0,0,0,0,0,0,0,0,0
127384287,Autonomo,"Centrale, Repubblica",Buenos Aires,45.481,9.21101,13,1140,15,3,2,1,0,0,1,0,0,0,0,0,0,0
127355543,Assente,"Porta Vittoria, Lodi",Martini - Insubria,45.453,9.21808,15,870,90,4,2,2,0,0,0,0,0,0,0,0,0,0
127513960,Assente,Centro,Sant'Ambrogio,45.4647,9.17515,24,1300,146,3,2,1,0,0,0,0,0,0,0,0,0,0
127462622,Assente,"Affori, Bovisa",Affori,45.5114,9.17903,14,860,80,4,1,4,0,0,0,0,0,0,0,0,0,0
127504610,Autonomo,Navigli,Bocconi,45.4508,9.19124,17,1245,154,6,4,1,1,0,0,0,0,0,0,0,0,0
127570100,Assente,"Porta Romana, Cadore, Montenero",Cadore,45.4593,9.21164,14,1050,120,5,3,1,0,0,0,0,0,0,0,0,0,0
127570022,Assente,"San Siro, Trenno",QT8,45.4841,9.13773,26,860,150,5,4,1,0,0,0,0,0,0,0,0,0,0
127414927,Assente,Navigli,Navigli - Darsena,45.4527,9.17094,22,845,15,4,2,1,0,0,0,0,0,0,0,0,0,0
127513754,Assente,"San Siro, Trenno",San Carlo,45.4619,9.10837,51,890,102,6,3,4,0,0,0,0,0,0,0,0,0,0
127504690,Autonomo,"Famagosta, Barona",Famagosta,45.4399,9.17355,8,950,78,3,1,1,0,0,0,0,0,0,0,0,0,0
127385161,Autonomo,"Arco della Pace, Arena, Pagano",Vincenzo Monti,45.4676,9.16741,8,915,220,6,3,3,0,0,0,0,0,0,0,0,0,0
127326333,Autonomo,"Abbiategrasso, Chiesa Rossa",Pezzotti - Meda,45.4433,9.17651,8,850,90,5,1,2,1,0,0,0,0,0,0,0,0,0
127541502,Assente,"San Siro, Trenno",QT8,45.4841,9.13773,23,860,150,5,4,1,0,0,0,0,0,0,0,0,0,0
127541578,Assente,"Porta Romana, Cadore, Montenero",Cadore,45.4593,9.21164,18,950,120,5,3,1,0,0,0,0,0,0,0,0,0,0
127602372,Assente,"Porta Romana, Cadore, Montenero",Cadore,45.4593,9.21164,18,950,120,5,3,1,0,0,0,0,0,0,0,0,0,0
127326119,Autonomo,"Famagosta, Barona",Famagosta,45.4399,9.17355,8,950,78,3,1,2,0,0,0,0,0,0,0,0,0,0
127384889,Autonomo,"Arco della Pace, Arena, Pagano",Vincenzo Monti,45.4676,9.16741,8,915,220,6,3,3,0,0,0,0,0,0,0,0,0,0
127646904,Assente,Navigli,Bocconi,45.4497,9.18755,10,950,100,4,2,1,0,0,0,0,0,0,0,0,0,0
127384737,Autonomo,"Famagosta, Barona",Famagosta,45.4405,9.17508,8,860,67,3,1,1,0,0,0,0,0,0,0,1,0,0
127414749,Assente,"Porta Vittoria, Lodi",Martini - Insubria,45.453,9.21808,15,895,90,4,2,2,0,0,0,0,0,0,0,0,0,0
127414649,Assente,"San Siro, Trenno",QT8,45.4841,9.13773,24,855,150,5,4,1,0,0,0,0,0,0,0,0,0,0
127317523,Assente,"Porta Romana, Cadore, Montenero",Cadore,45.4593,9.21164,13,1100,120,5,3,1,0,0,0,0,0,0,0,0,0,0
127646748,Assente,"San Siro, Trenno",QT8,45.4841,9.13773,27,850,150,5,4,1,0,0,0,0,0,0,0,0,0,0
120952800,Assente,"Città Studi, Susa",Plebisciti - Susa,45.465,9.21896,48,850,675,6,4,3,0,0,0,0,0,1,0,0,0,0
120952788,Assente,"Napoli, Soderini",Tripoli - Soderini,45.4558,9.1513,26,850,675,6,4,2,0,0,0,0,0,1,0,0,0,0
126915577,Autonomo,"Solari, Washington",Washington,45.4611,9.15286,22,930,90,3,1,6,0,0,1,0,0,0,0,0,0,0
127513822,Autonomo,"Garibaldi, Moscova, Porta Nuova",Turati,45.4754,9.18877,22,975,131,5,1,2,0,0,0,0,0,0,0,0,0,0
127326159,Autonomo,"Udine, Lambrate",Ortica,45.4691,9.2482,7,890,15,6,4,1,0,0,0,0,0,0,0,0,0,0
127513868,Autonomo,"Abbiategrasso, Chiesa Rossa",Pezzotti - Meda,45.4441,9.1836,7,980,180,6,3,2,0,0,0,0,0,0,0,0,0,0
127414713,Autonomo,"Udine, Lambrate",Ortica,45.4691,9.2482,7,920,15,6,4,1,0,0,0,0,0,0,0,0,0,0
127317613,Autonomo,"Genova, Ticinese",Corso Genova,45.4592,9.17079,7,975,230,6,2,1,0,0,0,0,0,0,0,0,0,0
127384703,Autonomo,"Porta Romana, Cadore, Montenero",Cadore,45.459,9.21334,7,915,104,5,2,1,1,0,0,0,0,0,0,0,0,0
127384275,Assente,"Solari, Washington",Vercelli - Wagner,45.4664,9.1645,9,1200,150,3,2,1,0,0,0,0,0,0,0,0,0,0
127513596,Assente,Navigli,Navigli - Darsena,45.4509,9.1775,15,900,85,3,1,2,0,0,0,0,0,0,0,0,0,0
127504574,Autonomo,"Abbiategrasso, Chiesa Rossa",Pezzotti - Meda,45.4433,9.17651,7,905,127,5,1,1,1,0,0,0,0,0,0,0,0,0
127504588,Autonomo,"Genova, Ticinese",Corso Genova,45.4592,9.17079,7,1005,230,6,2,1,0,0,0,0,0,0,0,0,0,0
127274905,Autonomo,"Udine, Lambrate",Ortica,45.4691,9.2482,7,1010,15,6,4,1,0,0,0,0,0,0,0,0,0,0
127326399,Autonomo,"Città Studi, Susa",Città Studi,45.4796,9.22398,6,900,15,4,2,4,1,0,0,0,0,0,0,0,0,0
127602526,Autonomo,"Centrale, Repubblica",Morgagni,45.4734,9.21442,27,950,15,5,2,2,1,0,0,0,0,0,0,0,0,0
127602236,Assente,"Ripamonti, Vigentino",Vigentino - Fatima,45.4372,9.19396,13,850,97,4,1,1,0,0,0,0,0,0,0,0,0,0
127355927,Autonomo,"Famagosta, Barona",Famagosta,45.4399,9.17355,6,950,78,3,1,2,0,0,0,0,0,0,0,0,0,0
127514054,Autonomo,"Centrale, Repubblica",Morgagni,45.4734,9.21442,27,950,15,5,2,2,1,0,0,0,0,0,0,0,0,0
127513900,Autonomo,"Città Studi, Susa",Città Studi,45.4815,9.22527,26,880,15,5,2,1,0,0,0,0,0,0,0,0,0,0
127384751,Autonomo,"Porta Venezia, Indipendenza",Porta Venezia,45.4732,9.21385,6,845,15,5,2,3,1,0,0,0,0,0,0,0,0,0
127569996,Assente,"Ripamonti, Vigentino",Vigentino - Fatima,45.4372,9.19396,11,850,97,4,1,1,0,0,0,0,0,0,0,0,0,0
127136203,Centralizzato,"Famagosta, Barona",Tre Castelli - Faenza,45.4438,9.13906,5,950,20,1,1,3,0,0,1,1,1,0,0,0,0,1
126041975,Assente,"Città Studi, Susa",Città Studi,45.482,9.2202,10,850,18,1,1,NA,NA,1,0,0,0,0,0,0,0,0
127138783,Centralizzato,"Porta Romana, Cadore, Montenero",Porta Romana - Medaglie d'Oro,45.4509,9.1994,10,1055,15,1,1,NA,NA,1,0,0,0,0,0,0,0,0
126037989,Centralizzato,Centro,Carrobbio,45.4581,9.1847,10,990,18,1,1,NA,NA,1,0,0,0,1,0,0,0,0
126038069,Centralizzato,"Napoli, Soderini",Piazza Napoli,45.4522,9.1541,10,890,15,1,1,NA,NA,1,0,0,0,1,0,0,0,0
127010063,Centralizzato,"Porta Venezia, Indipendenza",Indipendenza,45.4646,9.2147,10,1050,23,1,1,NA,NA,1,0,0,0,0,0,0,0,0
125320303,Autonomo,Centro,Carrobbio,45.4576,9.1841,10,866,20,1,1,NA,NA,1,0,0,0,1,0,0,0,0
125812275,Centralizzato,"Solari, Washington",Solari,45.455,9.1662,10,990,14,1,1,NA,NA,1,0,0,0,1,0,0,0,0
126042899,Autonomo,Centro,Carrobbio,45.4576,9.1841,10,844,14,1,1,NA,NA,1,0,0,0,1,0,0,0,0
125812273,Centralizzato,"Solari, Washington",Solari,45.455,9.1662,10,1040,14,1,1,NA,NA,1,0,0,0,1,0,0,0,0
127197717,Centralizzato,Navigli,Bocconi,45.4509,9.1927,10,1310,13,1,1,NA,NA,1,0,0,0,0,0,0,0,0
126038037,Autonomo,Centro,San Babila,45.4675,9.1983,10,1340,16,1,1,NA,NA,1,0,0,0,1,0,0,0,0
126039051,Autonomo,"Centrale, Repubblica",Repubblica,45.4779,9.2003,10,980,10,1,1,NA,NA,1,0,0,0,1,0,0,0,0
125812327,Centralizzato,"Cenisio, Sarpi, Isola",Cenisio,45.4882,9.1615,10,1040,16,1,1,NA,NA,1,0,0,0,1,0,0,0,0
126038053,Centralizzato,"Centrale, Repubblica",Buenos Aires,45.4809,9.2113,10,1040,18,1,1,NA,NA,1,0,0,0,1,0,0,0,0
125812329,Centralizzato,"Cenisio, Sarpi, Isola",Cenisio,45.4882,9.1615,10,890,10,1,1,NA,NA,1,0,0,0,1,0,0,0,0
125812281,Centralizzato,Navigli,Bocconi,45.4517,9.1929,10,990,10,1,1,NA,NA,1,0,0,0,1,0,0,0,0
126037973,Centralizzato,"Porta Venezia, Indipendenza",Porta Venezia,45.4733,9.2139,10,940,15,1,1,NA,NA,1,0,0,0,0,0,0,0,0
126042287,Autonomo,"Solari, Washington",Solari,45.4573,9.1693,10,990,25,1,1,NA,NA,1,0,0,0,0,0,0,0,0
127091469,Centralizzato,Navigli,Bocconi,45.4509,9.1927,10,1415,16,1,1,NA,NA,1,0,0,0,0,0,0,0,0
126038109,Centralizzato,"Centrale, Repubblica",Buenos Aires,45.4839,9.2149,10,1040,18,1,1,NA,NA,1,0,0,0,1,0,0,0,0
126037365,Centralizzato,"Ponte Lambro, Santa Giulia",Santa Giulia,45.4316,9.2472,10,880,21,1,1,NA,NA,1,0,0,0,0,0,0,0,0
125812313,Centralizzato,"Genova, Ticinese",Ticinese,45.4534,9.1838,10,990,14,1,1,NA,NA,1,0,0,0,1,0,0,0,0
125812311,Centralizzato,"Genova, Ticinese",Ticinese,45.4534,9.1838,10,1140,16,1,1,NA,NA,1,0,0,0,1,0,0,0,0
126038007,Autonomo,"Città Studi, Susa",Plebisciti - Susa,45.4684,9.2216,10,890,16,1,1,NA,NA,1,0,0,0,0,0,0,0,0
126037335,Centralizzato,"San Siro, Trenno",San Siro,45.4676,9.1357,10,850,13,1,1,NA,NA,1,0,0,0,0,0,0,0,0
125812279,Centralizzato,"Solari, Washington",Solari,45.455,9.1662,10,990,14,1,1,NA,NA,1,0,0,0,1,0,0,0,0
125812331,Centralizzato,"Porta Vittoria, Lodi",Lodi - Brenta,45.4429,9.215,10,990,14,1,1,NA,NA,1,0,0,0,0,0,0,0,0
119059955,Centralizzato,Forlanini,Quartiere Forlanini,45.4618,9.2406,10,900,17,1,1,NA,NA,1,0,0,0,1,0,0,0,0
126000235,Autonomo,"San Siro, Trenno",QT8,45.4842,9.1376,10,860,16,1,1,NA,NA,1,0,0,0,0,0,0,0,0
126038027,Autonomo,Centro,Borgogna - Largo Augusto,45.4639,9.1984,10,990,10,1,1,NA,NA,1,0,0,0,1,0,0,0,0
126038055,Centralizzato,"Centrale, Repubblica",Buenos Aires,45.4809,9.2113,10,940,11,1,1,NA,NA,1,0,0,0,1,0,0,0,0
127381535,Autonomo,"Centrale, Repubblica",Morgagni,45.4771,9.2106,10,899,10,1,1,NA,NA,1,0,0,0,0,0,0,0,0
126037301,Centralizzato,"San Siro, Trenno",San Siro,45.4676,9.1357,10,850,13,1,1,NA,NA,1,0,0,0,0,0,0,0,0
126038077,Centralizzato,"Città Studi, Susa",Città Studi,45.4746,9.222,10,890,12,1,1,NA,NA,1,0,0,0,1,0,0,0,0
126037895,Centralizzato,"Genova, Ticinese",Ticinese,45.4558,9.184,10,850,15,1,1,NA,NA,1,0,0,0,0,0,0,0,0
126037971,Centralizzato,"Porta Venezia, Indipendenza",Porta Venezia,45.4733,9.2139,10,1180,22,1,1,NA,NA,1,0,0,0,0,0,0,0,0
127118749,Centralizzato,Navigli,Bocconi,45.4509,9.1927,10,1310,15,1,1,NA,NA,1,0,0,0,0,0,0,0,0
126042317,Autonomo,"Solari, Washington",Solari,45.4573,9.1693,10,990,18,1,1,NA,NA,1,0,0,0,0,0,0,0,0
125812285,Centralizzato,Centro,Carrobbio,45.4581,9.1847,10,940,12,1,1,NA,NA,1,0,0,0,1,0,0,0,0
126038023,Centralizzato,"Porta Venezia, Indipendenza",Porta Venezia,45.4733,9.2139,10,1040,29,1,1,NA,NA,1,0,0,0,0,0,0,0,0
126042301,Autonomo,"Genova, Ticinese",San Vittore,45.4599,9.1677,10,990,20,1,1,NA,NA,1,0,0,0,0,0,0,0,0
126037985,Centralizzato,"Napoli, Soderini",Piazza Napoli,45.4522,9.1541,10,1090,15,1,1,NA,NA,1,0,0,0,1,0,0,0,0
127460340,Centralizzato,Navigli,Bocconi,45.4509,9.1927,10,1415,11,1,1,NA,NA,1,0,0,0,0,0,0,0,0
126039047,Autonomo,"Centrale, Repubblica",Repubblica,45.4779,9.2003,10,970,10,1,1,NA,NA,1,0,0,0,0,0,0,0,0
126037967,Centralizzato,"Famagosta, Barona",Giambellino,45.4496,9.1495,10,1090,24,1,1,NA,NA,1,0,0,0,1,0,0,0,0
124565543,Centralizzato,"Affori, Bovisa",Bovisa,45.5015,9.1632,10,1200,9,1,1,NA,NA,1,0,0,0,0,0,0,0,0
126042275,Autonomo,"Arco della Pace, Arena, Pagano",Vincenzo Monti,45.4676,9.1674,10,965,12,1,1,NA,NA,1,0,0,0,1,0,0,0,0
111725991,Centralizzato,"Famagosta, Barona",Giambellino,45.4487,9.1438,10,895,9,1,1,NA,NA,1,0,0,0,1,0,0,0,0
126413357,Centralizzato,Navigli,Bocconi,45.4509,9.1927,10,1310,14,1,1,NA,NA,1,0,0,0,0,0,0,0,0
118700533,Centralizzato,"Porta Vittoria, Lodi",Lodi - Brenta,45.4459,9.2177,10,1250,20,1,1,NA,NA,1,0,0,0,1,0,0,0,0
126038985,Centralizzato,"Bicocca, Niguarda",Ca' Granda,45.5056,9.1987,10,850,15,1,1,NA,NA,1,0,0,0,0,0,0,0,0
127647036,Autonomo,"Centrale, Repubblica",Repubblica,45.4793,9.20206,5,875,15,4,2,3,0,0,0,0,0,0,0,0,0,0
126511795,Centralizzato,"Porta Romana, Cadore, Montenero",Porta Romana - Medaglie d'Oro,45.4509,9.1994,10,1075,18,1,1,NA,NA,1,0,0,0,0,0,0,0,0
121436036,Centralizzato,"Porta Vittoria, Lodi",Lodi - Brenta,45.4429,9.215,10,870,9,1,1,NA,NA,1,0,0,0,1,0,0,0,0
126037299,Centralizzato,"San Siro, Trenno",San Siro,45.4676,9.1357,10,850,13,1,1,NA,NA,1,0,0,0,0,0,0,0,0
123156067,Autonomo,"Centrale, Repubblica",Centrale,45.4828,9.1981,10,890,20,1,1,NA,NA,1,0,0,0,1,0,0,0,0
126042283,Autonomo,"Solari, Washington",Solari,45.4573,9.1693,10,940,23,1,1,NA,NA,1,0,0,0,0,0,0,0,0
118700531,Centralizzato,"Porta Vittoria, Lodi",Lodi - Brenta,45.4459,9.2177,10,1000,20,1,1,NA,NA,1,0,0,0,0,0,0,0,0
125820471,Centralizzato,Navigli,Bocconi,45.4517,9.1929,10,990,12,1,1,NA,NA,1,0,0,0,1,0,0,0,0
126038071,Autonomo,"Porta Vittoria, Lodi",Lodi - Brenta,45.4451,9.2142,10,890,13,1,1,NA,NA,1,0,0,0,1,0,0,0,0
126038009,Autonomo,"Città Studi, Susa",Plebisciti - Susa,45.4684,9.2216,10,840,16,1,1,NA,NA,1,0,0,0,0,0,0,0,0
126042467,Autonomo,"Precotto, Turro",Precotto,45.5125,9.2216,10,900,9,1,1,NA,NA,1,0,0,0,1,0,0,0,0
125820469,Centralizzato,Navigli,Bocconi,45.4517,9.1929,10,1090,22,1,1,NA,NA,1,0,0,0,1,0,0,0,0
127569804,Autonomo,"Udine, Lambrate",Lambrate,45.472,9.24519,5,925,15,6,4,1,0,0,0,0,0,0,0,0,0,0
127303389,Autonomo,"Udine, Lambrate",Lambrate,45.472,9.24519,5,1010,15,6,4,1,0,0,0,0,0,0,0,0,0,0
127118739,Centralizzato,"Genova, Ticinese",Corso Genova,45.4605,9.172,10,930,8,1,1,NA,NA,1,0,0,0,0,0,0,0,0
126042321,Autonomo,"Arco della Pace, Arena, Pagano",Vincenzo Monti,45.4676,9.1674,10,965,22,1,1,NA,NA,1,0,0,0,1,0,0,0,0
122756628,Centralizzato,"Genova, Ticinese",Ticinese,45.4524,9.1842,10,1000,25,1,1,NA,NA,1,0,0,0,1,0,0,0,0
126038029,Autonomo,"Solari, Washington",Vercelli - Wagner,45.4686,9.155,10,890,14,1,1,NA,NA,1,0,0,0,1,0,0,0,0
125773285,Centralizzato,"Città Studi, Susa",Plebisciti - Susa,45.466,9.2235,10,840,19,1,1,NA,NA,1,0,0,0,0,0,0,0,0
126037979,Centralizzato,Centro,Carrobbio,45.4581,9.1847,10,890,11,1,1,NA,NA,1,0,0,0,1,0,0,0,0
127303367,Autonomo,"Affori, Bovisa",Quarto Oggiaro,45.5076,9.13731,16,1110,15,1,1,1,0,0,0,0,0,0,0,0,0,0
127118751,Centralizzato,Navigli,Bocconi,45.4509,9.1927,10,1310,17,1,1,NA,NA,1,0,0,0,0,0,0,0,0
126038041,Centralizzato,"Città Studi, Susa",Città Studi,45.4802,9.22,10,890,14,1,1,NA,NA,1,0,0,0,1,0,0,0,0
126037597,Assente,"Famagosta, Barona",Famagosta,45.4376,9.1629,10,1020,14,1,1,NA,NA,1,0,0,0,0,0,0,0,0
125820371,Centralizzato,"Ripamonti, Vigentino",Vigentino - Fatima,45.4335,9.2012,10,980,21,1,1,NA,NA,1,0,0,0,1,0,0,0,0
126038001,Centralizzato,Navigli,Bocconi,45.4517,9.1929,10,990,12,1,1,NA,NA,1,0,0,0,1,0,0,0,0
127118753,Centralizzato,Navigli,Bocconi,45.4509,9.1927,10,1310,16,1,1,NA,NA,1,0,0,0,0,0,0,0,0
125812315,Centralizzato,"Genova, Ticinese",Ticinese,45.4534,9.1838,10,1090,12,1,1,NA,NA,1,0,0,0,1,0,0,0,0
126041231,Centralizzato,Navigli,Navigli - Darsena,45.4476,9.1769,10,880,18,1,1,NA,NA,1,0,0,0,0,0,0,0,0
126038005,Centralizzato,Navigli,Bocconi,45.4517,9.1929,10,990,12,1,1,NA,NA,1,0,0,0,1,0,0,0,0
126021745,Autonomo,"Pasteur, Rovereto",Pasteur,45.4898,9.21949,14,1200,120,5,1,2,0,0,1,0,1,0,0,0,1,1
127004999,Assente,"Porta Romana, Cadore, Montenero",Cadore,45.4583,9.2106,34,900,110,4,2,5,0,0,1,0,1,1,0,0,0,1
112148131,Centralizzato,Centro,Carrobbio,45.4596,9.18419,8,850,24,6,4,2,0,0,0,1,1,0,1,0,0,0
120201568,Centralizzato,Centro,Carrobbio,45.4596,9.18419,7,850,24,6,4,2,0,0,0,1,1,0,1,0,0,0
122319702,Assente,"Affori, Bovisa",Bovisa,45.5054,9.1635,25,1500,40,2,1,3,0,0,0,0,1,1,1,0,1,0
124624957,Assente,"Arco della Pace, Arena, Pagano",Arena,45.4784,9.1807,17,1100,18,6,3,18,0,0,0,0,1,1,1,0,0,1
75098576,Assente,"Affori, Bovisa",Bovisa,45.5012,9.168,19,850,24,5,4,1,0,0,1,0,1,1,0,0,0,1
112432069,Assente,"Pasteur, Rovereto",Pasteur,45.4886,9.22,29,900,45,2,1,4,0,0,1,0,0,1,0,0,0,0
122073348,Assente,Navigli,Navigli - Darsena,45.4476,9.1761,15,875,15,3,2,4,0,0,1,0,1,1,0,0,0,1
126189451,Assente,"Centrale, Repubblica",Buenos Aires,45.4798,9.2117,27,850,16,2,2,1,0,0,1,0,1,1,0,0,0,0
125435127,Assente,"Città Studi, Susa",Città Studi,45.4824,9.2341,18,950,120,4,2,12,0,0,1,0,1,0,1,0,0,1
105930587,Assente,"Quadronno, Palestro, Guastalla",Guastalla,45.4628,9.2037,20,1100,20,5,2,5,0,0,1,0,1,1,1,0,0,1
123776421,Assente,"Solari, Washington",Washington,45.4564,9.154,10,1050,120,4,2,5,0,0,1,0,1,1,1,1,1,1
75637544,Assente,"Solari, Washington",Dezza,45.4606,9.1643,20,850,120,4,1,3,0,0,1,0,1,1,1,0,0,0
113789397,Assente,"Porta Romana, Cadore, Montenero",Porta Romana - Medaglie d'Oro,45.4556,9.2065,15,975,70,3,1,5,0,0,0,0,1,0,1,0,0,0
125929271,Assente,"Quadronno, Palestro, Guastalla",Guastalla,45.4625,9.2035,11,1000,15,5,2,5,0,0,1,0,1,1,1,0,0,1
126917355,Autonomo,"Quadronno, Palestro, Guastalla",Quadronno - Crocetta,45.4535,9.20199,33,1010,167,6,2,5,1,0,0,0,0,0,0,0,0,0
126917779,Autonomo,"Centrale, Repubblica",Morgagni,45.4734,9.21442,37,950,141,6,2,1,1,0,0,0,0,0,0,0,0,0
126916951,Autonomo,"Genova, Ticinese",Ticinese,45.4555,9.18524,29,850,143,6,2,1,1,0,0,0,0,0,0,0,0,0
126915875,Autonomo,"Famagosta, Barona",Giambellino,45.4488,9.15228,13,1020,80,4,2,2,1,0,0,0,0,0,0,0,0,0
126917875,Autonomo,"Città Studi, Susa",Città Studi,45.4831,9.22494,33,920,82,4,1,2,0,0,0,0,0,0,0,0,0,0
126917463,Autonomo,"Porta Romana, Cadore, Montenero",Montenero,45.4572,9.20484,44,1035,200,6,3,3,1,0,0,0,0,0,0,0,0,0
126917211,Autonomo,"Solari, Washington",Solari,45.459,9.1671,51,995,136,6,2,1,1,0,0,0,0,0,0,0,0,0
126042903,Autonomo,Centro,Carrobbio,45.4576,9.1841,9,844,14,1,1,NA,NA,1,0,0,0,1,0,0,0,0
127647020,Autonomo,Navigli,Bocconi,45.4508,9.19124,14,1245,60,4,1,1,1,0,0,0,0,0,0,0,0,0
125982171,Centralizzato,"Porta Romana, Cadore, Montenero",Porta Romana - Medaglie d'Oro,45.4476,9.2004,9,850,35,1,1,NA,NA,1,0,0,0,1,0,0,0,0
122574382,Centralizzato,"Ripamonti, Vigentino",Vigentino - Fatima,45.4335,9.2012,9,995,23,1,1,NA,NA,1,0,0,0,1,0,0,0,0
127646774,Autonomo,Navigli,Bocconi,45.4508,9.19124,14,1245,60,4,1,1,1,0,0,0,0,0,0,0,0,0
126042289,Autonomo,"Fiera, Sempione, City Life, Portello",Amendola - Buonarroti,45.4731,9.1495,9,940,14,1,1,NA,NA,1,0,0,0,0,0,0,0,0
122756620,Centralizzato,"Genova, Ticinese",Ticinese,45.4524,9.1842,9,1000,25,1,1,NA,NA,1,0,0,0,0,0,0,0,0
107196703,Centralizzato,"Famagosta, Barona",Giambellino,45.4487,9.1438,9,895,9,1,1,NA,NA,1,0,0,0,1,0,0,0,0
127462814,Assente,"Ripamonti, Vigentino",Ripamonti - Fondazione Prada,45.4378,9.193,6,1100,85,3,1,1,0,0,0,0,0,0,0,0,0,0
126037905,Centralizzato,"Genova, Ticinese",Corso Genova,45.4579,9.1706,9,880,12,1,1,NA,NA,1,0,0,0,0,0,0,0,0
113938495,Centralizzato,"Fiera, Sempione, City Life, Portello",Sempione,45.4855,9.1604,9,980,30,1,1,NA,NA,1,0,0,0,1,0,0,0,0
124839225,Centralizzato,"Corvetto, Rogoredo",Corvetto,45.4386,9.2098,9,940,20,1,1,NA,NA,1,0,0,0,1,0,0,0,0
126042267,Autonomo,"Solari, Washington",Vercelli - Wagner,45.4689,9.1556,9,965,10,1,1,NA,NA,1,0,0,0,1,0,0,0,0
127569802,Autonomo,"Solari, Washington",Washington,45.4611,9.15286,12,930,90,3,1,6,0,0,1,0,0,0,0,0,0,0
127303353,Assente,"Famagosta, Barona",Famagosta,45.4395,9.17476,14,1100,78,3,2,1,0,0,0,0,0,0,0,0,0,0
127105515,Centralizzato,"Arco della Pace, Arena, Pagano",Arena,45.4783,9.18053,25,900,35,1,3,4,1,1,1,0,0,1,0,0,0,0
107196699,Centralizzato,"Famagosta, Barona",Giambellino,45.4487,9.1438,8,895,9,1,1,NA,NA,1,0,0,0,1,0,0,0,0
125812297,Centralizzato,"Abbiategrasso, Chiesa Rossa",Pezzotti - Meda,45.4444,9.184,8,890,9,1,1,NA,NA,1,0,0,0,1,0,0,0,0
127490572,Autonomo,"Solari, Washington",Solari,45.4573,9.16933,4,1280,15,3,3,1,0,0,0,0,0,0,0,0,0,0
126982281,Centralizzato,"Cenisio, Sarpi, Isola",Isola,45.4904,9.1847,8,870,18,1,1,NA,NA,1,0,0,0,0,0,0,0,0
127356083,Autonomo,"Solari, Washington",Solari,45.4573,9.16933,4,890,15,3,3,1,0,0,1,0,0,0,0,0,0,0
126040411,Centralizzato,Navigli,Corso San Gottardo,45.4491,9.1814,8,930,20,1,1,NA,NA,1,0,0,0,0,0,0,0,0
127356419,Autonomo,"Solari, Washington",Solari,45.4573,9.16933,4,890,15,3,3,1,0,0,1,0,0,0,0,0,0,0
126038051,Autonomo,"Centrale, Repubblica",Buenos Aires,45.4811,9.2114,8,890,15,1,1,NA,NA,1,0,0,0,1,0,0,0,0
127646592,Autonomo,"Uptown, Cascina Merlata, Viale Certosa",Certosa,45.4945,9.14426,4,1875,70,4,1,1,0,0,0,0,0,0,0,0,0,0
127356367,Autonomo,"Solari, Washington",Solari,45.4573,9.16933,4,1280,15,3,3,1,0,0,0,0,0,0,0,0,0,0
122519326,Centralizzato,"Famagosta, Barona",Famagosta,45.4399,9.1736,8,950,30,1,1,NA,NA,1,0,0,0,1,0,0,0,0
125812293,Centralizzato,"Abbiategrasso, Chiesa Rossa",Pezzotti - Meda,45.4444,9.184,8,890,11,1,1,NA,NA,1,0,0,0,1,0,0,0,0
126042545,Centralizzato,"Quadronno, Palestro, Guastalla",Guastalla,45.4628,9.2037,8,1170,12,1,1,NA,NA,1,0,0,0,1,0,0,0,0
126042323,Autonomo,"Solari, Washington",Vercelli - Wagner,45.4689,9.1556,8,965,14,1,1,NA,NA,1,0,0,0,1,0,0,0,0
125812299,Centralizzato,"Abbiategrasso, Chiesa Rossa",Pezzotti - Meda,45.4444,9.184,8,990,18,1,1,NA,NA,1,0,0,0,1,0,0,0,0
126040395,Centralizzato,"Famagosta, Barona",Famagosta,45.4399,9.1736,8,950,20,1,1,NA,NA,1,0,0,0,1,0,0,0,0
125812295,Centralizzato,"Abbiategrasso, Chiesa Rossa",Pezzotti - Meda,45.4444,9.184,8,940,11,1,1,NA,NA,1,0,0,0,1,0,0,0,0
121652160,Centralizzato,"Solari, Washington",Solari,45.4573,9.1693,8,1180,30,1,1,NA,NA,1,0,0,0,0,0,0,0,0
125812287,Centralizzato,"Abbiategrasso, Chiesa Rossa",Pezzotti - Meda,45.4444,9.184,8,940,11,1,1,NA,NA,1,0,0,0,1,0,0,0,0
127462872,Autonomo,"Abbiategrasso, Chiesa Rossa",Pezzotti - Meda,45.4405,9.18311,15,870,15,2,1,5,0,0,0,0,0,0,0,0,0,0
127384739,Autonomo,Navigli,Navigli - Darsena,45.4531,9.17257,17,1050,15,2,1,7,1,0,0,0,0,0,0,0,0,0
127602440,Autonomo,"Città Studi, Susa",Città Studi,45.4719,9.22992,19,980,15,2,1,2,1,0,0,0,0,0,0,0,0,0
127504704,Autonomo,"Quadronno, Palestro, Guastalla",Guastalla,45.4603,9.20626,21,1040,15,4,2,1,0,0,0,0,0,0,0,0,0,0
127462868,Autonomo,"Città Studi, Susa",Città Studi,45.4783,9.22257,18,890,15,4,2,1,0,0,0,0,0,0,0,0,0,0
127384731,Autonomo,"Maggiolina, Istria",Cascina dei Pomi,45.4953,9.20834,14,880,15,2,1,1,0,0,0,0,0,0,0,0,0,0
127275201,Autonomo,"Abbiategrasso, Chiesa Rossa",Pezzotti - Meda,45.4398,9.18187,15,910,15,2,1,1,0,0,0,0,0,0,0,0,0,0
127490518,Autonomo,"Abbiategrasso, Chiesa Rossa",Pezzotti - Meda,45.438,9.18203,13,940,15,2,1,1,0,0,0,0,0,0,0,0,0,0
127602432,Autonomo,"Affori, Bovisa",Dergano,45.5079,9.17857,19,860,15,3,2,3,0,0,0,0,0,0,0,0,0,0
127490512,Autonomo,"Città Studi, Susa",Città Studi,45.4783,9.22257,18,990,15,4,2,1,0,0,0,0,0,0,0,0,0,0
127646864,Autonomo,"Udine, Lambrate",Udine,45.4864,9.23851,18,920,15,2,1,1,0,0,0,0,0,0,0,0,0,0
127513894,Autonomo,"Abbiategrasso, Chiesa Rossa",Pezzotti - Meda,45.438,9.18203,16,990,15,2,1,3,0,0,0,0,0,0,0,0,0,0
127490514,Autonomo,"Abbiategrasso, Chiesa Rossa",Pezzotti - Meda,45.4405,9.18311,14,980,15,2,1,5,0,0,0,0,0,0,0,0,0,0
127646820,Autonomo,"Città Studi, Susa",Città Studi,45.4719,9.22992,14,980,15,2,1,2,1,0,0,0,0,0,0,0,0,0
127384779,Autonomo,"Corvetto, Rogoredo",Corvetto,45.4406,9.22354,22,890,15,4,3,1,0,0,1,0,0,0,0,1,0,0
127513946,Autonomo,"Città Studi, Susa",Città Studi,45.4783,9.22257,18,990,15,4,2,1,0,0,0,0,0,0,0,0,0,0
127462870,Autonomo,Navigli,Navigli - Darsena,45.4528,9.17026,21,1560,15,1,1,1,0,0,0,0,0,0,0,0,0,0
127303729,Autonomo,"Abbiategrasso, Chiesa Rossa",Pezzotti - Meda,45.4402,9.18881,22,970,15,2,1,1,0,0,0,0,0,0,0,0,0,0
127490508,Autonomo,Navigli,Navigli - Darsena,45.4454,9.17548,17,1090,15,3,2,1,0,0,0,0,0,0,0,0,0,0
127513890,Autonomo,"Abbiategrasso, Chiesa Rossa",Pezzotti - Meda,45.4397,9.18306,13,980,15,2,1,1,0,0,0,0,0,0,0,0,0,0
127462922,Autonomo,"Corvetto, Rogoredo",Corvetto,45.4406,9.22354,25,890,15,4,3,1,0,0,1,0,0,0,0,1,0,0
127602520,Autonomo,"Città Studi, Susa",Città Studi,45.4827,9.22107,19,990,15,3,2,1,0,0,0,0,0,0,0,0,0,0
127490510,Autonomo,"Abbiategrasso, Chiesa Rossa",Pezzotti - Meda,45.4397,9.18192,13,940,15,2,1,1,0,0,0,0,0,0,0,0,0,0
127275299,Autonomo,"Città Studi, Susa",Città Studi,45.4844,9.2326,29,850,110,4,1,2,0,0,0,0,0,0,0,0,0,0
127355653,Autonomo,Navigli,Navigli - Darsena,45.4531,9.17257,17,1050,15,2,1,7,1,0,0,0,0,0,0,0,0,0
127384735,Autonomo,"Solari, Washington",Vercelli - Wagner,45.4635,9.15976,20,1040,15,4,2,1,0,0,0,0,0,0,0,0,0,0
127326429,Autonomo,"Udine, Lambrate",Quartiere Feltre,45.4864,9.24053,22,940,15,2,1,1,0,0,0,0,0,0,0,0,0,0
127504582,Autonomo,"Città Studi, Susa",Città Studi,45.4844,9.2326,29,850,110,4,1,2,0,0,0,0,0,0,0,0,0,0
127541668,Autonomo,"Solari, Washington",Washington,45.4616,9.15119,18,990,15,2,1,1,0,0,0,0,0,0,0,0,0,0
127504714,Autonomo,"Abbiategrasso, Chiesa Rossa",Pezzotti - Meda,45.438,9.18203,15,880,15,2,1,1,0,0,0,0,0,0,0,0,0,0
127414813,Autonomo,"Solari, Washington",Vercelli - Wagner,45.4635,9.15976,20,1185,15,4,2,1,0,0,0,0,0,0,0,0,0,0
127355651,Autonomo,"Famagosta, Barona",Barona,45.4409,9.15465,22,870,15,4,2,1,0,0,0,0,0,0,0,0,0,0
127317593,Autonomo,"Abbiategrasso, Chiesa Rossa",Pezzotti - Meda,45.4402,9.18881,23,970,15,2,1,1,0,0,0,0,0,0,0,0,0,0
127570284,Autonomo,"Città Studi, Susa",Città Studi,45.4827,9.22107,19,960,15,3,2,1,0,0,0,0,0,0,0,0,0,0
127504706,Autonomo,"Famagosta, Barona",Barona,45.4409,9.15465,22,860,15,4,2,1,0,0,0,0,0,0,0,0,0,0
127602524,Autonomo,"Maggiolina, Istria",Cascina dei Pomi,45.4953,9.20834,14,880,15,2,1,1,0,0,0,0,0,0,0,0,0,0
127303691,Autonomo,"Abbiategrasso, Chiesa Rossa",Pezzotti - Meda,45.4405,9.18311,17,980,15,2,1,3,0,0,0,0,0,0,0,0,0,0
127384741,Autonomo,"Abbiategrasso, Chiesa Rossa",Pezzotti - Meda,45.4405,9.18311,24,1650,15,1,1,6,1,0,0,0,0,0,0,0,0,0
127384897,Autonomo,"Udine, Lambrate",Udine,45.4887,9.23712,29,870,15,3,2,1,0,0,0,0,0,0,0,0,0,0
127414861,Autonomo,"Porta Romana, Cadore, Montenero",Cadore,45.4571,9.21241,14,1585,15,1,1,1,0,0,0,0,0,0,0,0,0,0
127490556,Autonomo,"Corvetto, Rogoredo",Corvetto,45.4406,9.22354,27,940,15,4,3,1,0,0,1,0,0,0,0,1,0,0
127462826,Autonomo,"Udine, Lambrate",Quartiere Feltre,45.489,9.23998,16,890,15,2,1,1,0,0,0,0,0,0,0,0,0,0
127384881,Autonomo,"Città Studi, Susa",Città Studi,45.4783,9.22257,18,860,15,4,2,1,0,0,0,0,0,0,0,0,0,0
127646862,Autonomo,"Città Studi, Susa",Città Studi,45.4827,9.22107,19,890,15,3,2,1,0,0,0,0,0,0,0,0,0,0
127570168,Autonomo,"Udine, Lambrate",Quartiere Feltre,45.4895,9.23946,20,880,15,2,1,5,0,0,0,0,0,0,0,0,0,0
127504770,Autonomo,"Abbiategrasso, Chiesa Rossa",Pezzotti - Meda,45.4397,9.18192,13,990,15,2,1,1,0,0,0,0,0,0,0,0,0,0
127490446,Autonomo,"Udine, Lambrate",Quartiere Feltre,45.489,9.23998,15,890,15,2,1,1,0,0,0,0,0,0,0,0,0,0
127462956,Autonomo,Navigli,Navigli - Darsena,45.4454,9.17548,18,1290,15,3,2,1,0,0,0,0,0,0,0,0,0,0
127317597,Autonomo,"Udine, Lambrate",Quartiere Feltre,45.489,9.23998,15,870,15,3,1,1,1,0,0,0,0,0,0,0,0,0
125953403,Autonomo,"Città Studi, Susa",Città Studi,45.4816,9.2186,10,895,20,1,1,NA,NA,1,0,0,0,0,0,0,0,0
125820635,Centralizzato,Navigli,Bocconi,45.4519,9.1915,10,965,11,1,1,NA,NA,1,0,0,0,0,0,0,0,0
126041369,Centralizzato,"Genova, Ticinese",Ticinese,45.4554,9.1842,10,850,13,1,1,NA,NA,1,0,0,0,0,0,0,0,0
127460208,Centralizzato,"Città Studi, Susa",Città Studi,45.4718,9.2351,10,855,23,1,1,NA,NA,1,0,0,0,0,0,0,0,0
127460056,Centralizzato,"Pasteur, Rovereto",Rovereto,45.4973,9.2202,10,880,21,1,1,NA,NA,1,0,0,0,0,0,0,0,0
126041443,Centralizzato,Navigli,Bocconi,45.4519,9.1915,10,1095,15,1,1,NA,NA,1,0,0,0,0,0,0,0,0
125391577,Assente,"Solari, Washington",Solari,45.4518,9.1565,10,1020,16,1,1,NA,NA,1,0,0,0,1,0,0,0,0
127460118,Centralizzato,"Solari, Washington",Dezza,45.4611,9.1617,10,865,12,1,1,NA,NA,1,0,0,0,0,0,0,0,0
126440151,Autonomo,Centro,Sant'Ambrogio,45.4599,9.177,10,885,11,1,1,NA,NA,1,0,0,0,0,0,0,0,0
127272335,Centralizzato,"Città Studi, Susa",Città Studi,45.4846,9.2326,10,900,22,1,1,NA,NA,1,0,0,0,0,0,0,0,0
125799405,Centralizzato,"Genova, Ticinese",Ticinese,45.4554,9.1842,10,850,23,1,1,NA,NA,1,0,0,0,0,0,0,0,0
127042579,Centralizzato,"Genova, Ticinese",Ticinese,45.4521,9.1834,10,975,9,1,1,NA,NA,1,0,0,0,0,0,0,0,0
127460154,Centralizzato,"Centrale, Repubblica",Melchiorre Gioia,45.4861,9.1971,10,875,19,1,1,NA,NA,1,0,0,0,0,0,0,0,0
125438329,Centralizzato,Centro,Duomo,45.4619,9.1929,10,965,17,1,1,NA,NA,1,0,0,0,0,0,0,0,0
127460036,Centralizzato,"Città Studi, Susa",Città Studi,45.4845,9.2171,10,860,22,1,1,NA,NA,1,0,0,0,0,0,0,0,0
123755165,Centralizzato,"Udine, Lambrate",Ortica,45.4691,9.2482,10,891,11,1,1,NA,NA,1,0,0,0,1,0,0,0,0
126982243,Assente,"Cenisio, Sarpi, Isola",Isola,45.489,9.1934,10,890,19,1,1,NA,NA,1,0,0,0,0,0,0,0,0
126038111,Centralizzato,"Quadronno, Palestro, Guastalla",Quadronno - Crocetta,45.4551,9.2012,7,990,11,1,1,NA,NA,1,0,0,0,1,0,0,0,0
125392105,Assente,"Corvetto, Rogoredo",Corvetto,45.4385,9.2305,10,850,18,1,1,NA,NA,1,0,0,0,1,0,0,0,0
127460104,Centralizzato,"Città Studi, Susa",Città Studi,45.482,9.2251,10,920,15,1,1,NA,NA,1,0,0,0,0,0,0,0,0
127381555,Centralizzato,"Porta Vittoria, Lodi",Bologna - Sulmona,45.4419,9.2243,10,845,17,1,1,NA,NA,1,0,0,0,0,0,0,0,0
127197715,Centralizzato,"Porta Romana, Cadore, Montenero",Porta Romana - Medaglie d'Oro,45.4548,9.2031,10,1035,14,1,1,NA,NA,1,0,0,0,0,0,0,0,0
126367641,Autonomo,"Garibaldi, Moscova, Porta Nuova",Turati,45.4762,9.1885,10,975,16,1,1,NA,NA,1,0,0,0,0,0,0,0,0
127460126,Centralizzato,"Città Studi, Susa",Città Studi,45.4845,9.2171,10,860,18,1,1,NA,NA,1,0,0,0,0,0,0,0,0
126242241,Centralizzato,"Porta Romana, Cadore, Montenero",Porta Romana - Medaglie d'Oro,45.4548,9.2031,10,990,25,1,1,NA,NA,1,0,0,0,0,0,0,0,0
127460028,Centralizzato,"Pasteur, Rovereto",Pasteur,45.4874,9.2137,10,875,17,1,1,NA,NA,1,0,0,0,0,0,0,0,0
125586453,Centralizzato,"Porta Romana, Cadore, Montenero",Montenero,45.4604,9.2093,10,1035,9,1,1,NA,NA,1,0,0,0,1,0,0,0,0
125820617,Centralizzato,"Genova, Ticinese",Corso Genova,45.4565,9.1777,10,1035,13,1,1,NA,NA,1,0,0,0,0,0,0,0,0
127460348,Centralizzato,"Solari, Washington",Solari,45.4579,9.1683,10,995,14,1,1,NA,NA,1,0,0,0,0,0,0,0,0
127166645,Assente,"Abbiategrasso, Chiesa Rossa",Pezzotti - Meda,45.4404,9.186,10,905,14,1,1,NA,NA,1,0,0,0,0,0,0,0,0
125820625,Centralizzato,Navigli,Bocconi,45.4519,9.1915,10,945,9,1,1,NA,NA,1,0,0,0,0,0,0,0,0
127460274,Centralizzato,"Porta Venezia, Indipendenza",Indipendenza,45.4708,9.2147,10,920,15,1,1,NA,NA,1,0,0,0,0,0,0,0,0
125391945,Autonomo,"Città Studi, Susa",Casoretto,45.4861,9.2257,10,895,24,1,1,NA,NA,1,0,0,0,0,0,0,0,0
127301297,Centralizzato,Navigli,Corso San Gottardo,45.4443,9.1824,10,975,20,1,1,NA,NA,1,0,0,0,0,0,0,0,0
127460144,Assente,"Fiera, Sempione, City Life, Portello",Monte Rosa - Lotto,45.4845,9.1436,10,845,18,1,1,NA,NA,1,0,0,0,0,0,0,0,0
126791901,Centralizzato,"Solari, Washington",Vercelli - Wagner,45.4663,9.1623,10,890,13,1,1,NA,NA,1,0,0,0,0,0,0,0,0
126041277,Centralizzato,"Porta Venezia, Indipendenza",Indipendenza,45.4718,9.2112,10,850,11,1,1,NA,NA,1,0,0,0,0,0,0,0,0
127460026,Centralizzato,"Bande Nere, Inganni",Gambara,45.462,9.1447,10,855,16,1,1,NA,NA,1,0,0,0,0,0,0,0,0
125812301,Centralizzato,"Abbiategrasso, Chiesa Rossa",Pezzotti - Meda,45.4412,9.1789,7,890,16,1,1,NA,NA,1,0,0,0,1,0,0,0,0
126080011,Autonomo,"Garibaldi, Moscova, Porta Nuova",Turati,45.4762,9.1885,10,975,26,1,1,NA,NA,1,0,0,0,0,0,0,0,0
126440147,Centralizzato,Navigli,Bocconi,45.4509,9.1927,10,1310,14,1,1,NA,NA,1,0,0,0,0,0,0,0,0
127460204,Centralizzato,"Solari, Washington",Solari,45.4575,9.16,10,855,19,1,1,NA,NA,1,0,0,0,0,0,0,0,0
126848771,Assente,"Porta Vittoria, Lodi",Lodi - Brenta,45.4511,9.2156,10,960,12,1,1,NA,NA,1,0,0,0,0,0,0,0,0
127460332,Centralizzato,"Città Studi, Susa",Plebisciti - Susa,45.4699,9.2214,10,870,16,1,1,NA,NA,1,0,0,0,0,0,0,0,0
127460324,Assente,"Abbiategrasso, Chiesa Rossa",Pezzotti - Meda,45.4404,9.186,10,970,15,1,1,NA,NA,1,0,0,0,0,0,0,0,0
127460314,Autonomo,"Affori, Bovisa",Affori,45.518,9.1733,10,890,16,1,1,NA,NA,1,0,0,0,0,0,0,0,0
127166635,Centralizzato,"Fiera, Sempione, City Life, Portello",Amendola - Buonarroti,45.4702,9.149,10,870,19,1,1,NA,NA,1,0,0,0,0,0,0,0,0
127460232,Centralizzato,"Porta Venezia, Indipendenza",Piave - Tricolore,45.4707,9.2086,10,850,17,1,1,NA,NA,1,0,0,0,0,0,0,0,0
127352387,Autonomo,Centro,Sant'Ambrogio,45.4599,9.177,10,885,11,1,1,NA,NA,1,0,0,0,0,0,0,0,0
127130815,Centralizzato,"Quadronno, Palestro, Guastalla",Guastalla,45.4614,9.1994,10,970,17,1,1,NA,NA,1,0,0,0,0,0,0,0,0
126042291,Autonomo,"Solari, Washington",Vercelli - Wagner,45.4689,9.1556,7,865,18,1,1,NA,NA,1,0,0,0,1,0,0,0,0
127229177,Centralizzato,"Quadronno, Palestro, Guastalla",Quadronno - Crocetta,45.4563,9.1953,10,1045,21,1,1,NA,NA,1,0,0,0,0,0,0,0,0
125846755,Centralizzato,"Porta Romana, Cadore, Montenero",Porta Romana - Medaglie d'Oro,45.4548,9.2031,10,990,15,1,1,NA,NA,1,0,0,0,0,0,0,0,0
125685023,Autonomo,"Città Studi, Susa",Casoretto,45.4861,9.2257,10,895,24,1,1,NA,NA,1,0,0,0,0,0,0,0,0
125392481,Centralizzato,"Centrale, Repubblica",Buenos Aires,45.4837,9.2126,10,910,12,1,1,NA,NA,1,0,0,0,0,0,0,0,0
125846745,Centralizzato,"Solari, Washington",Frua,45.4649,9.1498,10,855,15,1,1,NA,NA,1,0,0,0,0,0,0,0,0
125438351,Centralizzato,"Centrale, Repubblica",Melchiorre Gioia,45.4861,9.1971,10,945,18,1,1,NA,NA,1,0,0,0,0,0,0,0,0
127460174,Centralizzato,"Cenisio, Sarpi, Isola",Zara,45.4915,9.1899,10,900,22,1,1,NA,NA,1,0,0,0,0,0,0,0,0
126696015,Centralizzato,"Quadronno, Palestro, Guastalla",Guastalla,45.4624,9.202,10,1095,14,1,1,NA,NA,1,0,0,0,0,0,0,0,0
127009997,Autonomo,"Centrale, Repubblica",Buenos Aires,45.4801,9.2107,10,920,16,1,1,NA,NA,1,0,0,0,0,0,0,0,0
126848773,Centralizzato,Navigli,Corso San Gottardo,45.4443,9.1824,10,965,18,1,1,NA,NA,1,0,0,0,0,0,0,0,0
127229171,Centralizzato,Navigli,Bocconi,45.4509,9.1927,10,1310,15,1,1,NA,NA,1,0,0,0,0,0,0,0,0
126041415,Assente,Navigli,Bocconi,45.4492,9.1941,10,960,12,1,1,NA,NA,1,0,0,0,0,0,0,0,0
125820627,Centralizzato,"Solari, Washington",Solari,45.4579,9.1683,10,995,13,1,1,NA,NA,1,0,0,0,0,0,0,0,0
125392193,Centralizzato,"Cenisio, Sarpi, Isola",Isola,45.4882,9.1914,10,895,9,1,1,NA,NA,1,0,0,0,0,0,0,0,0
127460162,Autonomo,"Garibaldi, Moscova, Porta Nuova",Turati,45.4768,9.1895,10,995,11,1,1,NA,NA,1,0,0,0,0,0,0,0,0
126848779,Centralizzato,"Genova, Ticinese",Ticinese,45.4521,9.1834,10,975,10,1,1,NA,NA,1,0,0,0,0,0,0,0,0
127460134,Centralizzato,"Centrale, Repubblica",Buenos Aires,45.4792,9.2166,10,910,13,1,1,NA,NA,1,0,0,0,0,0,0,0,0
126041205,Centralizzato,"Cenisio, Sarpi, Isola",Isola,45.4882,9.1914,10,895,12,1,1,NA,NA,1,0,0,0,0,0,0,0,0
127229151,Centralizzato,"Porta Romana, Cadore, Montenero",Porta Romana - Medaglie d'Oro,45.4499,9.2035,10,1065,17,1,1,NA,NA,1,0,0,0,0,0,0,0,0
127301327,Autonomo,"Affori, Bovisa",Affori,45.518,9.1733,10,850,16,1,1,NA,NA,1,0,0,0,0,0,0,0,0
127460312,Centralizzato,"Porta Romana, Cadore, Montenero",Cadore,45.4541,9.2131,10,985,13,1,1,NA,NA,1,0,0,0,0,0,0,0,0
126041425,Assente,"Porta Venezia, Indipendenza",Indipendenza,45.4718,9.2112,10,950,17,1,1,NA,NA,1,0,0,0,1,0,0,0,0
125392143,Centralizzato,"Quadronno, Palestro, Guastalla",Quadronno - Crocetta,45.4563,9.1953,10,1025,11,1,1,NA,NA,1,0,0,0,0,0,0,0,0
127460210,Centralizzato,"Solari, Washington",Vercelli - Wagner,45.4663,9.1623,10,910,14,1,1,NA,NA,1,0,0,0,0,0,0,0,0
126041339,Centralizzato,Centro,Missori,45.458,9.1912,10,935,13,1,1,NA,NA,1,0,0,0,0,0,0,0,0
127460094,Centralizzato,"Arco della Pace, Arena, Pagano",Arco della Pace,45.476,9.1684,10,845,24,1,1,NA,NA,1,0,0,0,0,0,0,0,0
126041327,Centralizzato,"Quadronno, Palestro, Guastalla",Guastalla,45.4614,9.1994,10,950,18,1,1,NA,NA,1,0,0,0,0,0,0,0,0
125391545,Centralizzato,Centro,Duomo,45.4619,9.1929,10,1030,20,1,1,NA,NA,1,0,0,0,0,0,0,0,0
127460116,Centralizzato,"Città Studi, Susa",Argonne - Corsica,45.4684,9.2289,10,890,19,1,1,NA,NA,1,0,0,0,0,0,0,0,0
127460308,Autonomo,"Affori, Bovisa",Affori,45.518,9.1733,10,880,11,1,1,NA,NA,1,0,0,0,0,0,0,0,0
126413337,Centralizzato,Navigli,Bocconi,45.4509,9.1927,10,1415,12,1,1,NA,NA,1,0,0,0,0,0,0,0,0
127460328,Centralizzato,"Solari, Washington",Vercelli - Wagner,45.4648,9.1621,10,870,15,1,1,NA,NA,1,0,0,0,0,0,0,0,0
127412045,Centralizzato,"Porta Romana, Cadore, Montenero",Porta Romana - Medaglie d'Oro,45.4548,9.2031,10,990,24,1,1,NA,NA,1,0,0,0,0,0,0,0,0
125846787,Centralizzato,"Porta Venezia, Indipendenza",Indipendenza,45.4729,9.2147,10,895,12,1,1,NA,NA,1,0,0,0,0,0,0,0,0
126041291,Centralizzato,"Porta Romana, Cadore, Montenero",Porta Romana - Medaglie d'Oro,45.4548,9.2031,10,1035,14,1,1,NA,NA,1,0,0,0,0,0,0,0,0
127460020,Centralizzato,"Solari, Washington",Frua,45.4649,9.1498,10,870,10,1,1,NA,NA,1,0,0,0,0,0,0,0,0
127460198,Autonomo,"Garibaldi, Moscova, Porta Nuova",Turati,45.4762,9.1897,10,950,18,1,1,NA,NA,1,0,0,0,0,0,0,0,0
123755171,Centralizzato,"Udine, Lambrate",Lambrate,45.4719,9.2455,10,913,15,1,1,NA,NA,1,0,0,0,1,0,0,0,0
125820633,Centralizzato,Navigli,Bocconi,45.4519,9.1915,10,995,16,1,1,NA,NA,1,0,0,0,0,0,0,0,0
127460268,Centralizzato,Navigli,Corso San Gottardo,45.4495,9.1798,10,955,17,1,1,NA,NA,1,0,0,0,0,0,0,0,0
127042551,Centralizzato,"Genova, Ticinese",Ticinese,45.4521,9.1834,10,995,13,1,1,NA,NA,1,0,0,0,0,0,0,0,0
127010019,Centralizzato,"Solari, Washington",Frua,45.4649,9.1498,10,870,17,1,1,NA,NA,1,0,0,0,0,0,0,0,0
127229167,Centralizzato,"Cenisio, Sarpi, Isola",Isola,45.4867,9.1869,10,925,13,1,1,NA,NA,1,0,0,0,0,0,0,0,0
125685027,Centralizzato,"Bande Nere, Inganni",Gambara,45.462,9.1447,10,855,16,1,1,NA,NA,1,0,0,0,0,0,0,0,0
127460226,Centralizzato,"Centrale, Repubblica",Buenos Aires,45.4824,9.2156,10,905,14,1,1,NA,NA,1,0,0,0,0,0,0,0,0
125622391,Centralizzato,"Corvetto, Rogoredo",Corvetto,45.439,9.2152,10,860,18,1,1,NA,NA,1,0,0,0,0,0,0,0,0
125820599,Centralizzato,"Cenisio, Sarpi, Isola",Paolo Sarpi,45.4803,9.1805,10,900,14,1,1,NA,NA,1,0,0,0,0,0,0,0,0
126041451,Autonomo,"Genova, Ticinese",Corso Genova,45.4594,9.1738,10,975,19,1,1,NA,NA,1,0,0,0,1,0,0,0,0
127166611,Centralizzato,"Porta Romana, Cadore, Montenero",Porta Romana - Medaglie d'Oro,45.4509,9.1994,10,995,12,1,1,NA,NA,1,0,0,0,0,0,0,0,0
126041285,Centralizzato,"Ripamonti, Vigentino",Ripamonti - Fondazione Prada,45.4432,9.1912,10,885,10,1,1,NA,NA,1,0,0,0,0,0,0,0,0
126469649,Autonomo,"Bicocca, Niguarda",Bignami - Ponale,45.5263,9.2083,7,1000,14,1,1,NA,NA,1,0,0,0,1,0,0,0,0
127460292,Centralizzato,"Centrale, Repubblica",Buenos Aires,45.4792,9.2166,10,930,13,1,1,NA,NA,1,0,0,0,0,0,0,0,0
127460050,Centralizzato,"Porta Vittoria, Lodi",Lodi - Brenta,45.4457,9.2131,10,905,22,1,1,NA,NA,1,0,0,0,0,0,0,0,0
127460234,Centralizzato,Centro,Missori,45.457,9.1903,10,905,12,1,1,NA,NA,1,0,0,0,0,0,0,0,0
126000255,Centralizzato,"Porta Romana, Cadore, Montenero",Porta Romana - Medaglie d'Oro,45.4548,9.2031,10,1010,18,1,1,NA,NA,1,0,0,0,0,0,0,0,0
127460122,Centralizzato,"Porta Venezia, Indipendenza",Piave - Tricolore,45.4707,9.2086,10,850,20,1,1,NA,NA,1,0,0,0,0,0,0,0,0
127352401,Centralizzato,"Genova, Ticinese",San Vittore,45.459,9.1703,10,875,17,1,1,NA,NA,1,0,0,0,0,0,0,0,0
125982023,Centralizzato,"Porta Romana, Cadore, Montenero",Porta Romana - Medaglie d'Oro,45.4539,9.205,10,905,12,1,1,NA,NA,1,0,0,0,0,0,0,0,0
126041383,Centralizzato,"Quadronno, Palestro, Guastalla",Quadronno - Crocetta,45.4564,9.2031,10,875,23,1,1,NA,NA,1,0,0,0,0,0,0,0,0
126848785,Assente,"Città Studi, Susa",Città Studi,45.4806,9.2311,10,855,22,1,1,NA,NA,1,0,0,0,0,0,0,0,0
127460066,Assente,"Porta Vittoria, Lodi",Lodi - Brenta,45.4511,9.2156,10,960,12,1,1,NA,NA,1,0,0,0,0,0,0,0,0
127460040,Centralizzato,"Genova, Ticinese",Corso Genova,45.4586,9.1747,10,845,10,1,1,NA,NA,1,0,0,0,0,0,0,0,0
126041221,Centralizzato,"Porta Venezia, Indipendenza",Indipendenza,45.4729,9.2147,10,950,16,1,1,NA,NA,1,0,0,0,0,0,0,0,0
127091467,Centralizzato,Navigli,Bocconi,45.4509,9.1927,10,1310,14,1,1,NA,NA,1,0,0,0,1,0,0,0,0
127460242,Centralizzato,"Porta Romana, Cadore, Montenero",Montenero,45.457,9.2078,10,975,20,1,1,NA,NA,1,0,0,0,0,0,0,0,0
127460214,Centralizzato,Centro,Duomo,45.4619,9.1929,10,1035,15,1,1,NA,NA,1,0,0,0,0,0,0,0,0
127460200,Centralizzato,"Solari, Washington",Vercelli - Wagner,45.4656,9.1612,10,870,14,1,1,NA,NA,1,0,0,0,0,0,0,0,0
125820587,Centralizzato,Navigli,Corso San Gottardo,45.4443,9.1824,10,850,9,1,1,NA,NA,1,0,0,0,0,0,0,0,0
127460098,Assente,"Pasteur, Rovereto",Pasteur,45.4929,9.2161,10,845,16,1,1,NA,NA,1,0,0,0,0,0,0,0,0
125391197,Centralizzato,"Città Studi, Susa",Città Studi,45.4844,9.2265,10,880,13,1,1,NA,NA,1,0,0,0,0,0,0,0,0
127042569,Assente,"Garibaldi, Moscova, Porta Nuova",Turati,45.4768,9.1895,10,1040,11,1,1,NA,NA,1,0,0,0,1,0,0,0,0
126041355,Centralizzato,Navigli,Corso San Gottardo,45.4443,9.1824,10,980,11,1,1,NA,NA,1,0,0,0,0,0,0,0,0
127012705,Autonomo,"Abbiategrasso, Chiesa Rossa",Pezzotti - Meda,45.4433,9.17651,40,975,94,5,1,7,1,0,0,0,0,0,0,0,0,0
126917393,Autonomo,"Abbiategrasso, Chiesa Rossa",Pezzotti - Meda,45.4441,9.1836,10,965,180,6,3,2,0,0,0,0,0,0,0,0,0,0
127018503,Autonomo,Navigli,Corso San Gottardo,45.4521,9.18266,51,990,230,6,3,1,1,0,0,0,0,0,0,0,0,0
126917837,Autonomo,"Bande Nere, Inganni",Gambara,45.4621,9.14405,16,865,71,4,1,3,1,0,0,0,0,0,0,0,0,0
126917255,Autonomo,"Genova, Ticinese",Ticinese,45.4555,9.17809,51,1035,138,6,3,1,1,0,0,0,0,0,0,0,0,0
126916449,Autonomo,Navigli,Bocconi,45.4509,9.19128,10,1245,90,4,2,3,1,0,0,0,0,0,0,0,0,0
126917859,Autonomo,"Fiera, Sempione, City Life, Portello",Amendola - Buonarroti,45.4702,9.14972,20,955,166,6,3,1,1,0,0,0,0,0,0,0,0,0
127012703,Autonomo,"Solari, Washington",Solari,45.459,9.1671,31,995,136,6,2,1,1,0,0,0,0,0,0,0,0,0
126917697,Autonomo,Navigli,Bocconi,45.4508,9.19124,28,1245,126,5,4,1,1,0,0,0,0,0,0,0,0,0
127012727,Autonomo,"Pasteur, Rovereto",Pasteur,45.4885,9.22156,22,860,103,4,1,1,1,0,0,0,0,0,0,0,0,0
126917485,Autonomo,"Quadronno, Palestro, Guastalla",Guastalla,45.4613,9.19848,50,950,15,6,3,2,0,0,0,0,0,0,0,0,0,0
126917641,Autonomo,"Quadronno, Palestro, Guastalla",Quadronno - Crocetta,45.4535,9.20199,32,990,167,6,2,5,1,0,0,0,0,0,0,0,0,0
126917323,Autonomo,Navigli,Bocconi,45.4508,9.19124,29,1345,126,5,4,2,1,0,0,0,0,0,0,0,0,0
126917917,Autonomo,"Porta Venezia, Indipendenza",Indipendenza,45.4719,9.2113,22,850,123,6,2,2,1,0,0,0,0,0,0,0,0,0
126917913,Autonomo,"Abbiategrasso, Chiesa Rossa",Pezzotti - Meda,45.4412,9.18542,10,970,150,6,2,1,0,0,0,0,0,0,0,0,0,0
126917467,Autonomo,"Solari, Washington",Solari,45.4596,9.16704,30,900,127,5,2,2,1,0,0,0,0,0,0,0,0,0
126917777,Autonomo,"Solari, Washington",Solari,45.4529,9.15615,36,880,138,6,2,1,1,0,0,0,0,0,0,0,0,0
126917495,Autonomo,"Ripamonti, Vigentino",Ripamonti - Fondazione Prada,45.4429,9.19239,63,895,87,4,2,3,0,0,0,0,0,0,0,0,0,0
126917743,Autonomo,Navigli,Navigli - Darsena,45.4468,9.17664,30,880,92,4,2,1,1,0,0,0,0,0,0,0,0,0
127018505,Autonomo,Navigli,Corso San Gottardo,45.4521,9.18266,42,945,230,6,3,1,1,0,0,0,0,0,0,0,0,0
126917219,Autonomo,Navigli,Bocconi,45.452,9.18768,95,945,15,6,4,4,0,0,0,0,0,0,0,0,0,0
126917911,Autonomo,"Centrale, Repubblica",Morgagni,45.4736,9.21409,41,950,80,4,2,3,1,0,0,0,0,0,0,0,0,0
126917847,Autonomo,"Porta Vittoria, Lodi",Lodi - Brenta,45.4444,9.21598,25,905,69,3,1,1,1,0,0,0,0,0,0,1,0,0
126984927,Autonomo,"Porta Venezia, Indipendenza",Indipendenza,45.4706,9.21677,38,920,132,6,2,2,0,0,0,0,0,0,0,0,0,0
125391393,Autonomo,"Quadronno, Palestro, Guastalla",Quadronno - Crocetta,45.455,9.1996,10,995,11,1,1,NA,NA,1,0,0,0,0,0,0,0,0
127460030,Centralizzato,"Solari, Washington",Frua,45.4649,9.1498,10,875,22,1,1,NA,NA,1,0,0,0,0,0,0,0,0
126042237,Centralizzato,"Famagosta, Barona",Tre Castelli - Faenza,45.4387,9.1522,10,2250,20,1,1,NA,NA,1,0,0,0,0,0,0,0,0
127010001,Centralizzato,Navigli,Corso San Gottardo,45.4443,9.1824,10,975,21,1,1,NA,NA,1,0,0,0,0,0,0,0,0
127272331,Centralizzato,"Città Studi, Susa",Città Studi,45.4846,9.2326,10,920,23,1,1,NA,NA,1,0,0,0,0,0,0,0,0
127460258,Centralizzato,Navigli,Navigli - Darsena,45.4468,9.1612,10,855,19,1,1,NA,NA,1,0,0,0,0,0,0,0,0
127460070,Centralizzato,"Fiera, Sempione, City Life, Portello",Monte Rosa - Lotto,45.4771,9.1507,10,855,13,1,1,NA,NA,1,0,0,0,0,0,0,0,0
127460346,Centralizzato,"Porta Romana, Cadore, Montenero",Porta Romana - Medaglie d'Oro,45.452,9.1991,10,975,17,1,1,NA,NA,1,0,0,0,1,0,0,0,0
123755169,Centralizzato,"Udine, Lambrate",Lambrate,45.4719,9.2455,10,902,10,1,1,NA,NA,1,0,0,0,1,0,0,0,0
126413329,Centralizzato,"Corvetto, Rogoredo",Corvetto,45.4391,9.2117,10,855,NA,1,1,NA,NA,1,0,0,0,0,0,0,0,0
126041293,Assente,"Porta Romana, Cadore, Montenero",Porta Romana - Medaglie d'Oro,45.4533,9.2125,10,1045,17,1,1,NA,NA,1,0,0,0,0,0,0,0,0
125982027,Centralizzato,"Porta Romana, Cadore, Montenero",Porta Romana - Medaglie d'Oro,45.4548,9.2031,10,1035,14,1,1,NA,NA,1,0,0,0,0,0,0,0,0
126387259,Centralizzato,"Arco della Pace, Arena, Pagano",Pagano,45.4718,9.1576,10,945,21,1,1,NA,NA,1,0,0,0,0,0,0,0,0
126982231,Centralizzato,Centro,Missori,45.457,9.1903,10,995,32,1,1,NA,NA,1,0,0,0,0,0,0,0,0
126040389,Centralizzato,"Famagosta, Barona",Famagosta,45.4399,9.1736,10,1070,15,1,1,NA,NA,1,0,0,0,1,0,0,0,0
125820629,Assente,Navigli,Bocconi,45.4492,9.1941,10,990,16,1,1,NA,NA,1,0,0,0,0,0,0,0,0
125820611,Centralizzato,"Genova, Ticinese",San Vittore,45.4598,9.1701,10,940,19,1,1,NA,NA,1,0,0,0,0,0,0,0,0
125599081,Centralizzato,"Centrale, Repubblica",Centrale,45.4864,9.2132,10,895,15,1,1,NA,NA,1,0,0,0,0,0,0,0,0
125391243,Centralizzato,"Città Studi, Susa",Città Studi,45.4789,9.2366,10,870,16,1,1,NA,NA,1,0,0,0,0,0,0,0,0
127229175,Centralizzato,Navigli,Bocconi,45.4509,9.1927,10,1310,14,1,1,NA,NA,1,0,0,0,0,0,0,0,0
126041409,Centralizzato,Navigli,Corso San Gottardo,45.4443,9.1824,10,965,17,1,1,NA,NA,1,0,0,0,0,0,0,0,0
127272339,Centralizzato,"Solari, Washington",Frua,45.4649,9.1498,10,845,10,1,1,NA,NA,1,0,0,0,0,0,0,0,0
127301295,Centralizzato,"Cenisio, Sarpi, Isola",Isola,45.4882,9.1914,10,935,15,1,1,NA,NA,1,0,0,0,0,0,0,0,0
127460120,Centralizzato,"Bande Nere, Inganni",Gambara,45.462,9.1447,10,865,11,1,1,NA,NA,1,0,0,0,0,0,0,0,0
126041403,Centralizzato,"Genova, Ticinese",San Vittore,45.4657,9.1729,10,995,12,1,1,NA,NA,1,0,0,0,0,0,0,0,0
125846767,Centralizzato,"Bande Nere, Inganni",Gambara,45.4664,9.1387,10,890,13,1,1,NA,NA,1,0,0,0,0,0,0,0,0
127460158,Centralizzato,"Solari, Washington",Solari,45.4552,9.1624,10,845,18,1,1,NA,NA,1,0,0,0,0,0,0,0,0
127091451,Assente,"Porta Romana, Cadore, Montenero",Montenero,45.4604,9.2093,10,1035,11,1,1,NA,NA,1,0,0,0,0,0,0,0,0
125622277,Centralizzato,"Genova, Ticinese",Corso Genova,45.4565,9.1777,10,945,10,1,1,NA,NA,1,0,0,0,0,0,0,0,0
125846893,Centralizzato,"Pasteur, Rovereto",Rovereto,45.4973,9.2202,10,860,13,1,1,NA,NA,1,0,0,0,1,0,0,0,0
127460252,Centralizzato,"Arco della Pace, Arena, Pagano",Vincenzo Monti,45.4667,9.1725,10,995,10,1,1,NA,NA,1,0,0,0,0,0,0,0,0
127460282,Centralizzato,"Cenisio, Sarpi, Isola",Zara,45.4954,9.1889,10,850,16,1,1,NA,NA,1,0,0,0,0,0,0,0,0
127460212,Centralizzato,"Città Studi, Susa",Città Studi,45.4845,9.2171,10,880,12,1,1,NA,NA,1,0,0,0,0,0,0,0,0
126848783,Autonomo,"Genova, Ticinese",Corso Genova,45.4594,9.1738,10,1005,13,1,1,NA,NA,1,0,0,0,1,0,0,0,0
125993207,Centralizzato,"Cenisio, Sarpi, Isola",Isola,45.489,9.189,10,890,15,1,1,NA,NA,1,0,0,0,0,0,0,0,0
107196783,Centralizzato,"Famagosta, Barona",Giambellino,45.4487,9.1438,7,895,9,1,1,NA,NA,1,0,0,0,1,0,0,0,0
125622373,Centralizzato,"Cenisio, Sarpi, Isola",Paolo Sarpi,45.4803,9.1805,10,900,14,1,1,NA,NA,1,0,0,0,0,0,0,0,0
125391333,Centralizzato,"Centrale, Repubblica",Buenos Aires,45.4842,9.216,10,920,23,1,1,NA,NA,1,0,0,0,1,0,0,0,0
126041209,Centralizzato,Navigli,Corso San Gottardo,45.4443,9.1824,10,875,13,1,1,NA,NA,1,0,0,0,0,0,0,0,0
123755151,Centralizzato,"Udine, Lambrate",Ortica,45.4691,9.2482,10,1012,15,1,1,NA,NA,1,0,0,0,1,0,0,0,0
126696021,Centralizzato,"Porta Venezia, Indipendenza",Indipendenza,45.4729,9.2147,10,905,23,1,1,NA,NA,1,0,0,0,0,0,0,0,0
127412029,Centralizzato,"Cenisio, Sarpi, Isola",Isola,45.4904,9.1995,10,845,13,1,1,NA,NA,1,0,0,0,0,0,0,0,0
125846807,Centralizzato,"Bicocca, Niguarda",Ca' Granda,45.5035,9.2009,10,845,9,1,1,NA,NA,1,0,0,0,0,0,0,0,0
125812305,Centralizzato,"Abbiategrasso, Chiesa Rossa",Pezzotti - Meda,45.4412,9.1789,7,890,16,1,1,NA,NA,1,0,0,0,1,0,0,0,0
125953375,Centralizzato,"Ripamonti, Vigentino",Ripamonti - Fondazione Prada,45.4432,9.1912,10,895,14,1,1,NA,NA,1,0,0,0,0,0,0,0,0
127315705,Assente,"Porta Romana, Cadore, Montenero",Porta Romana - Medaglie d'Oro,45.4554,9.2071,10,1100,16,1,1,NA,NA,1,0,0,0,0,0,0,0,0
127042557,Centralizzato,"Genova, Ticinese",Ticinese,45.4521,9.1834,10,995,20,1,1,NA,NA,1,0,0,0,0,0,0,0,0
127460064,Autonomo,"Affori, Bovisa",Dergano,45.5013,9.1825,10,945,15,1,1,NA,NA,1,0,0,0,1,0,0,0,0
126367625,Centralizzato,Centro,Missori,45.458,9.1912,10,935,15,1,1,NA,NA,1,0,0,0,0,0,0,0,0
125390945,Centralizzato,Centro,Missori,45.458,9.1912,10,905,12,1,1,NA,NA,1,0,0,0,0,0,0,0,0
126041437,Centralizzato,"Quadronno, Palestro, Guastalla",Guastalla,45.4614,9.1994,10,950,18,1,1,NA,NA,1,0,0,0,0,0,0,0,0
125178741,Centralizzato,"Bicocca, Niguarda",Bicocca,45.5159,9.2031,7,1150,22,1,1,NA,NA,1,0,0,0,1,0,0,0,0
127460178,Centralizzato,"Solari, Washington",Frua,45.4649,9.1498,10,855,17,1,1,NA,NA,1,0,0,0,0,0,0,0,0
126042319,Autonomo,"Solari, Washington",Vercelli - Wagner,45.4689,9.1556,7,965,20,1,1,NA,NA,1,0,0,0,1,0,0,0,0
127460074,Centralizzato,"Città Studi, Susa",Città Studi,45.4789,9.2366,10,890,13,1,1,NA,NA,1,0,0,0,0,0,0,0,0
126041241,Centralizzato,"Quadronno, Palestro, Guastalla",Quadronno - Crocetta,45.4563,9.1953,10,1015,21,1,1,NA,NA,1,0,0,0,0,0,0,0,0
127460330,Centralizzato,"Città Studi, Susa",Città Studi,45.482,9.2251,10,880,23,1,1,NA,NA,1,0,0,0,0,0,0,0,0
127460304,Centralizzato,"Bande Nere, Inganni",Gambara,45.462,9.1447,10,870,17,1,1,NA,NA,1,0,0,0,0,0,0,0,0
127301317,Centralizzato,"Cenisio, Sarpi, Isola",Isola,45.4882,9.1914,10,935,16,1,1,NA,NA,1,0,0,0,0,0,0,0,0
127229149,Centralizzato,"Porta Romana, Cadore, Montenero",Porta Romana - Medaglie d'Oro,45.4509,9.1994,10,1045,24,1,1,NA,NA,1,0,0,0,0,0,0,0,0
126041283,Centralizzato,"Porta Romana, Cadore, Montenero",Porta Romana - Medaglie d'Oro,45.4548,9.2031,10,1035,14,1,1,NA,NA,1,0,0,0,0,0,0,0,0
127229143,Assente,"Porta Vittoria, Lodi",Lodi - Brenta,45.4511,9.2156,10,930,12,1,1,NA,NA,1,0,0,0,0,0,0,0,0
127229141,Centralizzato,Navigli,Corso San Gottardo,45.4443,9.1824,10,880,20,1,1,NA,NA,1,0,0,0,0,0,0,0,0
127460018,Centralizzato,"Solari, Washington",Vercelli - Wagner,45.4663,9.1623,10,910,16,1,1,NA,NA,1,0,0,0,0,0,0,0,0
113712799,Autonomo,"Cenisio, Sarpi, Isola",Zara,45.4954,9.1889,8,1700,35,1,1,NA,NA,1,0,0,0,1,0,0,0,0
127460344,Centralizzato,"Porta Venezia, Indipendenza",Indipendenza,45.4708,9.2147,9,850,21,1,1,NA,NA,1,0,0,0,0,0,0,0,0
126038043,Centralizzato,"Porta Vittoria, Lodi",Lodi - Brenta,45.4429,9.215,6,990,18,1,1,NA,NA,1,0,0,0,0,0,0,0,0
125351523,Centralizzato,"Quadronno, Palestro, Guastalla",Quadronno - Crocetta,45.4551,9.2012,6,990,14,1,1,NA,NA,1,0,0,0,1,0,0,0,0
126038113,Centralizzato,"Quadronno, Palestro, Guastalla",Quadronno - Crocetta,45.4551,9.2012,6,940,14,1,1,NA,NA,1,0,0,0,1,0,0,0,0
125812307,Centralizzato,"Abbiategrasso, Chiesa Rossa",Pezzotti - Meda,45.4412,9.1789,6,890,16,1,1,NA,NA,1,0,0,0,1,0,0,0,0
127010021,Centralizzato,"Solari, Washington",Solari,45.4579,9.1683,9,995,16,1,1,NA,NA,1,0,0,0,0,0,0,0,0
127646642,Assente,"Precotto, Turro",Villa San Giovanni,45.5175,9.22541,17,850,15,3,2,6,0,0,0,0,0,0,0,0,0,0
127272343,Centralizzato,"Bande Nere, Inganni",Gambara,45.462,9.1447,9,855,16,1,1,NA,NA,1,0,0,0,0,0,0,0,0
126726105,Centralizzato,"Genova, Ticinese",San Vittore,45.459,9.1703,9,870,20,1,1,NA,NA,1,0,0,0,0,0,0,0,0
127303477,Assente,"Centrale, Repubblica",Morgagni,45.4765,9.20936,12,885,90,4,1,4,0,0,0,0,0,0,0,0,0,0
127091455,Centralizzato,"Città Studi, Susa",Città Studi,45.4827,9.2169,8,850,16,1,1,NA,NA,1,0,0,0,0,0,0,0,0
105012421,Centralizzato,"San Siro, Trenno",San Siro,45.4763,9.1168,5,900,10,1,1,NA,NA,1,0,0,0,1,0,0,0,0
126042085,Centralizzato,Navigli,Bocconi,45.4497,9.1872,5,850,10,1,1,NA,NA,1,0,0,0,0,0,0,0,0
125612371,Centralizzato,"Maggiolina, Istria",Cascina dei Pomi,45.4924,9.2078,8,870,13,1,1,NA,NA,1,0,0,0,0,0,0,0,0
127460224,Centralizzato,"Solari, Washington",Solari,45.4552,9.1624,8,845,16,1,1,NA,NA,1,0,0,0,0,0,0,0,0
127460052,Centralizzato,"Solari, Washington",Solari,45.4552,9.1624,8,885,17,1,1,NA,NA,1,0,0,0,0,0,0,0,0
127460148,Centralizzato,"Cenisio, Sarpi, Isola",Zara,45.4915,9.1899,8,840,16,1,1,NA,NA,1,0,0,0,0,0,0,0,0
118950883,Centralizzato,"Quadronno, Palestro, Guastalla",Quadronno - Crocetta,45.4568,9.1956,10,3400,60,1,1,NA,NA,1,0,0,0,1,0,0,0,0
126600577,Centralizzato,Navigli,Corso San Gottardo,45.4443,9.1824,7,905,9,1,1,NA,NA,1,0,0,0,0,0,0,0,0
118950877,Centralizzato,"Arco della Pace, Arena, Pagano",Arco della Pace,45.4777,9.1702,10,2250,50,1,1,NA,NA,1,0,0,0,1,0,0,0,0
119339131,Centralizzato,"Affori, Bovisa",Bovisa,45.5037,9.1653,10,1900,50,1,1,NA,NA,1,0,0,0,1,0,0,0,0
118950889,Centralizzato,"Solari, Washington",Solari,45.454,9.1639,10,6200,140,3,1,NA,NA,1,0,0,0,1,0,0,0,0
119981748,Autonomo,"Precotto, Turro",Turro,45.5011,9.2212,10,1872,35,1,1,NA,NA,1,0,0,0,1,0,0,0,0
113209393,Autonomo,"Precotto, Turro",Turro,45.5011,9.2212,10,1588,28,1,1,NA,NA,1,0,0,0,1,0,0,0,0
123248629,Autonomo,"Abbiategrasso, Chiesa Rossa",Cermenate - Abbiategrasso,45.435,9.182,10,2500,40,1,1,NA,NA,1,0,0,0,1,0,0,0,0
123755185,Centralizzato,"Udine, Lambrate",Lambrate,45.4719,9.2455,10,1430,39,1,1,NA,NA,1,0,0,0,1,0,0,0,0
123724115,Centralizzato,"Garibaldi, Moscova, Porta Nuova",Moscova,45.48,9.1863,10,2100,40,1,1,NA,NA,1,0,0,0,1,0,0,0,0
118950885,Centralizzato,"San Siro, Trenno",San Siro,45.4712,9.1419,10,2650,40,1,1,NA,NA,1,0,0,0,1,0,0,0,0
112991399,Autonomo,Centro,Carrobbio,45.4588,9.18,9,2700,47,1,1,NA,NA,1,0,0,0,1,0,0,0,0
127460272,Centralizzato,Navigli,Navigli - Darsena,45.4468,9.1612,6,935,15,1,1,NA,NA,1,0,0,0,0,0,0,0,0
127414589,Assente,"Precotto, Turro",Villa San Giovanni,45.5211,9.22919,5,845,110,3,2,1,0,0,0,0,0,0,0,0,0,0
126600553,Centralizzato,"Abbiategrasso, Chiesa Rossa",Pezzotti - Meda,45.4406,9.1786,6,850,23,1,1,NA,NA,1,0,0,0,0,0,0,0,0
115716575,Autonomo,"Precotto, Turro",Turro,45.5011,9.2212,9,1544,28,1,1,NA,NA,1,0,0,0,1,0,0,0,0
127460260,Centralizzato,"San Siro, Trenno",Monte Stella,45.4846,9.1436,6,890,18,1,1,NA,NA,1,0,0,0,0,0,0,0,0
126041295,Centralizzato,"Porta Venezia, Indipendenza",Porta Venezia,45.4748,9.2107,6,845,24,1,1,NA,NA,1,0,0,0,0,0,0,0,0
126041371,Centralizzato,"Porta Romana, Cadore, Montenero",Porta Romana - Medaglie d'Oro,45.4539,9.205,6,995,15,1,1,NA,NA,1,0,0,0,1,0,0,0,0
126469601,Centralizzato,"Quadronno, Palestro, Guastalla",Quadronno - Crocetta,45.4563,9.1953,6,1045,17,1,1,NA,NA,1,0,0,0,0,0,0,0,0
125846887,Centralizzato,"Città Studi, Susa",Città Studi,45.474,9.2235,6,900,NA,1,1,NA,NA,1,0,0,0,0,0,0,0,0
118558771,Autonomo,"Precotto, Turro",Turro,45.5011,9.2212,8,1696,32,1,1,NA,NA,1,0,0,0,1,0,0,0,0
126600583,Assente,"Quadronno, Palestro, Guastalla",Quadronno - Crocetta,45.4532,9.1888,5,1080,20,1,1,NA,NA,1,0,0,0,0,0,0,0,0
125391335,Centralizzato,"Città Studi, Susa",Città Studi,45.486,9.2236,5,875,17,1,1,NA,NA,1,0,0,0,0,0,0,0,0
114833827,Autonomo,"Precotto, Turro",Turro,45.5011,9.2212,8,1612,32,1,1,NA,NA,1,0,0,0,1,0,0,0,0
123837369,Autonomo,"Precotto, Turro",Turro,45.5011,9.2212,8,1632,32,1,1,NA,NA,1,0,0,0,1,0,0,0,0
127138787,Centralizzato,"Quadronno, Palestro, Guastalla",Guastalla,45.4624,9.202,5,1095,11,1,1,NA,NA,1,0,0,0,0,0,0,0,0
126600571,Centralizzato,"Centrale, Repubblica",Buenos Aires,45.483,9.2165,5,895,14,1,1,NA,NA,1,0,0,0,0,0,0,0,0
124229705,Autonomo,"Precotto, Turro",Turro,45.5011,9.2212,6,1632,28,1,1,NA,NA,1,0,0,0,1,0,0,0,0
110573783,Centralizzato,"Ponte Lambro, Santa Giulia",Santa Giulia,45.4318,9.2425,6,1800,50,1,1,NA,NA,1,0,0,0,0,0,0,0,0
125812303,Centralizzato,"Abbiategrasso, Chiesa Rossa",Pezzotti - Meda,45.4444,9.184,2,890,12,1,1,NA,NA,1,0,0,0,1,0,0,0,0
124750495,Centralizzato,"Cimiano, Crescenzago, Adriano",Cimiano,45.5024,9.2359,0,1020,11,1,1,NA,NA,1,0,0,0,0,0,0,0,0
126037533,Centralizzato,"Cimiano, Crescenzago, Adriano",Cimiano,45.5024,9.2359,0,1050,15,1,1,NA,NA,1,0,0,0,0,0,0,0,0
126037607,Centralizzato,"Bicocca, Niguarda",Ca' Granda,45.5054,9.1989,0,930,9,1,1,NA,NA,1,0,0,0,0,0,0,0,0
125874399,Centralizzato,"Pasteur, Rovereto",Pasteur,45.4894,9.2137,0,1210,21,1,1,NA,NA,1,0,0,0,1,0,0,0,0
127039015,Centralizzato,"Genova, Ticinese",Ticinese,45.4563,9.18614,10,880,85,3,2,4,0,0,0,1,1,0,1,1,0,1
118948439,Centralizzato,"Fiera, Sempione, City Life, Portello",Monte Rosa - Lotto,45.4748,9.14812,10,900,120,3,1,3,0,0,1,0,1,0,1,0,0,1
127245483,Centralizzato,"Napoli, Soderini",Tripoli - Soderini,45.4566,9.15147,15,950,53,3,2,3,0,0,1,1,1,0,1,0,0,1
123128407,Autonomo,"Pasteur, Rovereto",Pasteur,45.4926,9.21708,12,850,20,3,1,2,0,0,1,1,1,0,0,0,0,0
121586904,Centralizzato,Navigli,Corso San Gottardo,45.4496,9.18022,11,850,150,4,2,3,0,0,0,0,1,0,1,0,0,1
120829804,Centralizzato,"Fiera, Sempione, City Life, Portello",De Angeli,45.4664,9.14773,20,1150,100,5,2,2,0,0,0,1,1,0,0,0,0,1
126599203,Autonomo,"Solari, Washington",Solari,45.4541,9.1668,9,900,20,3,2,1,0,0,0,0,1,0,0,0,0,0
112380405,Centralizzato,"Città Studi, Susa",Casoretto,45.4893,9.22427,11,850,NA,3,1,2,0,0,0,0,1,0,1,0,0,1
119161547,Autonomo,"Cenisio, Sarpi, Isola",Isola,45.4868,9.19242,9,1250,12,2,1,1,0,0,0,0,1,0,1,0,0,1
112904565,Centralizzato,"Abbiategrasso, Chiesa Rossa",Chiesa Rossa,45.4325,9.18274,3,900,120,5,2,4,0,0,0,0,1,0,1,0,0,1
123823235,Centralizzato,"Città Studi, Susa",Plebisciti - Susa,45.4635,9.21834,14,1100,28,2,1,0,0,0,0,0,1,0,0,0,0,0
114472607,Autonomo,"Affori, Bovisa",Quarto Oggiaro,45.5085,9.13103,4,875,115,1,1,2,0,0,1,1,0,0,0,0,0,0
124340003,Centralizzato,"Porta Venezia, Indipendenza",Porta Venezia,45.4731,9.20981,20,1000,50,1,1,6,0,0,1,1,1,0,1,0,0,0
122307062,Autonomo,"Ripamonti, Vigentino",Ripamonti - Fondazione Prada,45.4378,9.19302,6,1000,25,3,1,2,0,0,0,0,1,0,0,0,0,1
105157773,Autonomo,"Ripamonti, Vigentino",Ripamonti - Fondazione Prada,45.4462,9.19598,7,1150,18,3,2,1,0,0,0,1,1,0,1,0,1,1
118602631,Centralizzato,"Cenisio, Sarpi, Isola",Farini,45.4933,9.18262,14,1000,60,2,2,3,0,0,0,1,0,0,0,0,0,0
123464973,Autonomo,"Città Studi, Susa",Città Studi,45.4766,9.21935,8,1000,22,5,4,-1,0,0,0,1,1,0,1,0,0,1
121369514,Centralizzato,Navigli,Bocconi,45.4517,9.19577,8,970,23,3,2,1,0,0,1,0,1,0,1,0,0,1
125716891,Centralizzato,"Porta Venezia, Indipendenza",Porta Venezia,45.4748,9.21076,7,900,17,3,2,1,0,0,0,1,1,0,1,0,0,1
123284401,Centralizzato,"Centrale, Repubblica",Buenos Aires,45.4802,9.21061,20,850,140,4,2,1,0,0,1,1,1,0,1,0,0,0
126556321,Centralizzato,Navigli,Bocconi,45.451,9.1899,15,900,11,4,1,1,0,0,1,1,1,0,1,0,0,1
127347583,Centralizzato,"Centrale, Repubblica",Buenos Aires,45.4775,9.20538,7,850,8,5,1,4,0,0,1,1,1,0,1,0,0,1
125013515,Centralizzato,Navigli,Navigli - Darsena,45.444,9.17428,7,1150,40,1,1,2,0,0,0,1,0,0,0,0,0,0
87576722,Assente,"Abbiategrasso, Chiesa Rossa",Pezzotti - Meda,45.4418,9.17996,11,1300,NA,2,1,3,0,1,1,0,1,0,0,0,0,1
117933759,Assente,"Città Studi, Susa",Plebisciti - Susa,45.4647,9.21996,10,880,NA,3,1,2,0,0,0,0,0,0,0,0,0,0
124791421,Centralizzato,"Centrale, Repubblica",Morgagni,45.4737,9.21384,7,900,20,6,2,1,0,0,0,1,1,0,1,0,0,1
123316543,Centralizzato,"Bicocca, Niguarda",Niguarda,45.518,9.19207,13,950,60,2,1,3,0,0,1,0,1,0,0,1,0,0
111918691,Centralizzato,"Fiera, Sempione, City Life, Portello",Sempione,45.478,9.16099,16,900,110,3,2,4,0,0,1,0,1,0,1,0,0,1
125199077,Centralizzato,"Solari, Washington",Solari,45.4584,9.16278,18,1350,23,3,1,5,0,0,1,1,1,0,0,0,0,0
108802105,Centralizzato,"Bande Nere, Inganni",Lorenteggio,45.4515,9.13828,13,950,100,3,1,0,0,0,0,0,1,0,0,0,0,0
122797656,Centralizzato,"Centrale, Repubblica",Buenos Aires,45.4841,9.20857,15,850,12,6,3,3,0,0,0,1,1,0,1,0,0,1
110002533,Centralizzato,"Affori, Bovisa",Affori,45.5114,9.1788,10,850,15,2,1,3,0,0,1,0,1,0,1,0,0,0
68464331,Assente,"Affori, Bovisa",Dergano,45.5028,9.175,1,900,115,4,2,-1,0,1,0,0,0,0,0,0,0,0
111127451,Centralizzato,"Centrale, Repubblica",Buenos Aires,45.4857,9.21649,6,850,25,4,2,2,0,0,1,1,1,0,0,0,0,0
126835765,Autonomo,Navigli,Navigli - Darsena,45.4546,9.17175,6,850,70,3,2,5,0,0,0,1,1,0,0,0,0,1
112470171,Centralizzato,"Affori, Bovisa",Bovisa,45.5023,9.14355,6,850,68,3,1,3,0,0,1,0,1,0,0,0,1,1
118283575,Centralizzato,"Abbiategrasso, Chiesa Rossa",Pezzotti - Meda,45.445,9.18572,5,850,15,2,1,5,0,0,1,1,1,0,1,0,0,1
122052008,Centralizzato,"Affori, Bovisa",Bovisa,45.5077,9.1614,4,850,85,3,1,2,0,0,1,1,1,0,1,0,0,0
121529244,Centralizzato,Centro,Carrobbio,45.4582,9.18491,5,880,17,6,2,1,0,0,0,1,1,0,1,0,0,1
126917931,Autonomo,Centro,Sant'Ambrogio,45.4602,9.17645,39,885,110,6,2,1,1,0,0,0,0,0,0,0,0,0
126917797,Autonomo,Navigli,Ascanio Sforza,45.4482,9.17953,39,955,115,4,2,1,0,0,0,0,0,0,0,0,0,0
126917795,Autonomo,"Cenisio, Sarpi, Isola",Isola,45.4895,9.20056,24,875,95,4,1,7,1,0,0,0,0,0,0,0,0,0
126917603,Autonomo,"Cenisio, Sarpi, Isola",Isola,45.4885,9.19293,37,895,15,5,2,2,1,0,0,0,0,0,0,0,0,0
126917257,Autonomo,Navigli,Bocconi,45.452,9.18768,95,960,15,6,4,4,0,0,0,0,0,0,0,0,0,0
126917095,Autonomo,"Genova, Ticinese",Corso Genova,45.4582,9.17012,45,875,157,6,2,5,1,0,0,0,0,0,0,0,0,0
126917857,Autonomo,"Fiera, Sempione, City Life, Portello",Monte Rosa - Lotto,45.4766,9.15044,34,855,15,5,2,1,0,0,0,0,0,0,0,0,0,0
126916683,Autonomo,"Città Studi, Susa",Città Studi,45.4761,9.22417,28,885,15,4,2,2,1,0,0,0,0,0,0,0,0,0
126916613,Autonomo,Centro,Missori,45.4577,9.19115,17,905,184,6,3,1,0,0,0,0,0,0,0,0,0,0
126917805,Autonomo,"Quadronno, Palestro, Guastalla",Quadronno - Crocetta,45.4565,9.18957,20,905,191,6,3,3,1,0,0,0,0,0,0,0,0,0
115974111,Assente,"Genova, Ticinese",Ticinese,45.4521,9.1835,14,900,15,3,2,2,0,0,0,0,1,0,1,0,0,1
126984897,Autonomo,Navigli,Bocconi,45.4508,9.19124,26,1245,188,6,4,2,1,0,0,0,0,0,0,0,0,0
126917609,Autonomo,"Quadronno, Palestro, Guastalla",Quadronno - Crocetta,45.4565,9.20264,38,875,202,6,2,4,1,0,0,0,0,0,0,0,0,0
126917599,Autonomo,Navigli,Bocconi,45.4508,9.19124,23,1345,188,6,4,2,1,0,0,0,0,0,0,0,0,0
126917291,Autonomo,Centro,Missori,45.4577,9.19115,27,935,184,6,3,1,0,0,0,0,0,0,0,0,0,0
126916605,Autonomo,"Porta Romana, Cadore, Montenero",Cadore,45.4553,9.21171,67,860,414,6,4,1,0,0,0,0,0,0,0,0,0,0
126917791,Autonomo,"Arco della Pace, Arena, Pagano",Vincenzo Monti,45.4658,9.17372,31,990,15,4,1,2,1,0,0,0,0,0,0,0,0,0
126917699,Autonomo,"Bicocca, Niguarda",Ca' Granda,45.5052,9.19938,22,850,140,6,3,1,0,0,0,0,0,0,0,0,0,0
126917593,Autonomo,"Genova, Ticinese",Ticinese,45.4533,9.17971,15,1080,140,6,2,6,0,0,0,0,0,0,0,0,0,0
126917349,Autonomo,"Precotto, Turro",Gorla,45.5065,9.22306,18,860,15,6,4,2,0,0,0,0,0,0,0,0,0,0
126917119,Autonomo,"Garibaldi, Moscova, Porta Nuova",Turati,45.4754,9.18877,28,975,131,5,1,2,0,0,0,0,0,0,0,0,0,0
126917195,Autonomo,"Porta Vittoria, Lodi",Lodi - Brenta,45.4485,9.21396,21,960,90,5,2,5,0,0,0,0,0,0,0,0,0,0
126917927,Autonomo,"Città Studi, Susa",Argonne - Corsica,45.4676,9.22762,38,890,15,4,2,5,1,0,0,0,0,0,0,0,0,0
126917631,Autonomo,Centro,Missori,45.4577,9.19115,27,935,184,6,3,1,0,0,0,0,0,0,0,0,0,0
126917419,Autonomo,"Abbiategrasso, Chiesa Rossa",Pezzotti - Meda,45.4433,9.17651,38,965,115,5,2,6,1,0,0,0,0,0,0,0,0,0
127134311,Centralizzato,Navigli,Bocconi,45.4501,9.1923,5,900,20,6,2,3,0,0,0,1,1,0,1,0,0,0
126570721,Centralizzato,Centro,Carrobbio,45.4614,9.18366,11,850,15,4,2,4,0,0,0,1,1,0,0,0,0,1
123663269,Centralizzato,"Abbiategrasso, Chiesa Rossa",Chiesa Rossa,45.4264,9.17158,9,990,55,2,1,5,0,0,1,1,1,0,0,0,0,1
110141171,Centralizzato,"Porta Venezia, Indipendenza",Piave - Tricolore,45.4665,9.20889,6,850,21,5,1,3,0,0,0,0,1,0,1,0,0,0
121185298,Assente,"Porta Venezia, Indipendenza",Piave - Tricolore,45.4665,9.20889,4,952,21,6,2,1,0,0,1,1,1,0,1,0,0,0
124110459,Centralizzato,"Porta Vittoria, Lodi",Martini - Insubria,45.4542,9.22019,6,950,19,3,2,5,0,0,1,1,1,0,0,0,0,1
117129975,Centralizzato,Navigli,Bocconi,45.45,9.19169,7,900,20,2,1,6,0,0,1,0,1,0,1,0,0,0
122843730,Centralizzato,Centro,Duomo,45.4637,9.18813,8,900,20,4,1,6,0,0,0,1,1,0,0,0,0,1
112351399,Centralizzato,"Cimiano, Crescenzago, Adriano",Crescenzago,45.5046,9.24076,8,860,80,2,1,7,0,0,1,1,1,0,1,0,0,1
124980671,Autonomo,"Cenisio, Sarpi, Isola",Farini,45.4964,9.17271,10,850,NA,3,2,1,0,0,1,0,1,0,0,0,0,1
110792223,Centralizzato,"Quadronno, Palestro, Guastalla",Quadronno - Crocetta,45.4534,9.20205,4,880,NA,6,2,5,0,0,0,1,1,0,1,0,0,1
122686732,Autonomo,"San Siro, Trenno",San Siro,45.4676,9.14377,7,850,10,3,2,1,0,0,0,0,1,0,0,0,0,1
125815709,Centralizzato,"Famagosta, Barona",Famagosta,45.4405,9.17056,4,1000,80,4,1,0.5,0,0,0,0,1,0,0,0,0,1
125366331,Centralizzato,"Cenisio, Sarpi, Isola",Isola,45.4884,9.19293,6,950,16,2,1,0.5,0,0,0,1,1,0,0,0,0,0
120896212,Centralizzato,"Solari, Washington",Solari,45.4558,9.15867,7,850,15,4,2,1,0,0,0,0,1,0,1,0,0,1
110193585,Centralizzato,"Solari, Washington",Solari,45.4555,9.16423,0,850,18,6,2,2,0,0,0,1,1,0,0,0,0,1
89243407,Assente,"Famagosta, Barona",Barona,45.4409,9.15432,10,900,NA,2,1,1,0,1,1,0,1,0,0,0,1,0
124483389,Centralizzato,"Precotto, Turro",Precotto,45.5109,9.21893,3,1000,NA,2,1,6,0,0,0,1,1,0,1,0,1,0
122657254,Autonomo,"Centrale, Repubblica",Centrale,45.4863,9.20913,9,1450,52,1,1,3,0,0,0,1,1,0,0,0,0,0
125689145,Centralizzato,"Porta Romana, Cadore, Montenero",Porta Romana - Medaglie d'Oro,45.4515,9.2028,1,1000,80,3,2,2,0,0,0,1,1,0,1,0,0,1
112198461,Centralizzato,"Cimiano, Crescenzago, Adriano",Cimiano,45.4957,9.23687,7,850,10,2,2,1,0,0,0,0,1,0,0,0,0,1
122878570,Centralizzato,"Porta Venezia, Indipendenza",Piave - Tricolore,45.4635,9.21045,7,850,NA,2,1,2,0,0,0,1,1,0,1,0,0,0
112101383,Assente,Navigli,Navigli - Darsena,45.456,9.17101,15,910,100,3,1,3,0,0,1,1,0,0,0,1,0,0
123092061,Centralizzato,"Famagosta, Barona",Giambellino,45.4505,9.14749,4,850,60,3,1,0.5,0,0,0,1,1,0,1,0,0,0
123508103,Autonomo,"Porta Venezia, Indipendenza",Piave - Tricolore,45.4645,9.20805,0,850,10,5,3,3,0,0,1,1,1,0,0,0,0,1
123181869,Centralizzato,"Abbiategrasso, Chiesa Rossa",Pezzotti - Meda,45.4452,9.18634,4,1180,12,2,2,3,0,0,0,1,1,0,1,0,0,1
110292663,Centralizzato,"Fiera, Sempione, City Life, Portello",Sempione,45.4802,9.16128,9,900,15,NA,NA,3,0,0,0,1,1,0,1,0,0,1
111231483,Autonomo,"Porta Vittoria, Lodi",Molise - Cuoco,45.4521,9.22774,0,1000,20,6,3,0,0,0,0,0,1,0,0,0,1,1
127578826,Autonomo,"Genova, Ticinese",Ticinese,45.4524,9.18072,1,950,80,3,1,1,0,0,0,0,1,0,0,0,0,1
124523657,Centralizzato,"Bisceglie, Baggio, Olmi",Baggio,45.4592,9.09738,0,2000,90,3,1,5,0,0,1,1,1,0,1,0,0,1
95580448,Centralizzato,Centro,San Babila,45.4669,9.19734,0,1100,20,5,1,3,0,0,1,1,1,0,1,1,1,1
124094409,Centralizzato,"San Siro, Trenno",San Siro,45.4728,9.12417,6,900,17,6,2,4,0,0,0,1,1,0,1,0,1,1
124689723,Centralizzato,"Solari, Washington",Dezza,45.4619,9.16137,7,850,100,3,2,2,0,0,1,0,1,0,1,1,0,1
120187408,Centralizzato,"Città Studi, Susa",Città Studi,45.479,9.22182,1,1200,22,2,1,4,0,0,1,1,1,0,1,0,0,1
125963983,Centralizzato,"Bande Nere, Inganni",Inganni,45.4562,9.11938,4,1000,11,2,1,0.5,0,0,0,0,1,0,1,0,1,1
124087027,Centralizzato,"Genova, Ticinese",San Vittore,45.4627,9.16703,4,850,25,6,3,2,0,0,0,0,1,0,0,0,0,1
110609913,Assente,"Affori, Bovisa",Dergano,45.5035,9.17583,4,870,32,NA,NA,3,0,0,1,0,0,0,0,0,0,0
88159513,Autonomo,"Cimiano, Crescenzago, Adriano",Cascina Gobba,45.5061,9.26785,5,1250,45,2,1,0,0,0,0,0,0,0,0,0,0,0
127240807,Centralizzato,"Fiera, Sempione, City Life, Portello",Portello - Parco Vittoria,45.4872,9.15492,0,950,100,3,2,5,0,0,1,1,1,0,1,0,0,1
125290765,Centralizzato,"Bicocca, Niguarda",Bicocca,45.5162,9.20774,20,850,20,4,2,4,0,0,0,1,1,0,1,1,1,1
123173363,Centralizzato,"Centrale, Repubblica",Repubblica,45.4806,9.20214,5,950,16,NA,NA,0,0,0,0,0,0,0,1,0,1,0
94034868,Autonomo,"Città Studi, Susa",Città Studi,45.4834,9.23557,1,900,75,NA,NA,1,0,0,0,0,1,0,0,0,1,0
126417953,Centralizzato,"Garibaldi, Moscova, Porta Nuova",Turati,45.4738,9.18691,0,850,10,6,2,2,0,0,0,0,1,0,0,0,0,1
112662297,Autonomo,"Maggiolina, Istria",Maggiolina,45.4981,9.19639,0,900,30,1,1,1,0,0,1,1,1,0,0,0,0,0
110633737,Centralizzato,"Garibaldi, Moscova, Porta Nuova",Turati,45.4731,9.18755,2,1100,20,NA,NA,3,0,0,1,0,1,0,1,0,0,1
89780585,Assente,"Garibaldi, Moscova, Porta Nuova",Moscova,45.478,9.18485,0,1400,NA,NA,NA,NA,NA,0,0,0,0,0,0,0,0,0
127655494,Autonomo,Navigli,Corso San Gottardo,45.4491,9.18172,8,1200,NA,2,1,1,0,0,1,0,1,0,0,0,0,1
127652256,Autonomo,"Porta Romana, Cadore, Montenero",Montenero,45.4576,9.20915,3,940,17,3,1,2,0,0,1,0,1,0,1,0,0,0
127562544,Centralizzato,"Udine, Lambrate",Lambrate,45.4864,9.24142,6,850,20,3,1,2,0,0,0,1,1,0,1,0,0,1
127502284,Centralizzato,"Porta Venezia, Indipendenza",Porta Venezia,45.4768,9.20302,6,950,15,NA,NA,1,0,0,0,0,1,0,1,0,0,1
126917223,Autonomo,"Genova, Ticinese",Ticinese,45.4555,9.17809,29,945,138,6,3,1,1,0,0,0,0,0,0,0,0,0
126916681,Autonomo,"Maggiolina, Istria",Cascina dei Pomi,45.4926,9.20803,37,870,127,6,3,5,1,0,0,0,0,0,0,0,0,0
126917789,Autonomo,"Genova, Ticinese",Corso Genova,45.4582,9.17012,28,870,157,6,2,5,1,0,0,0,0,0,0,0,0,0
126917063,Autonomo,"Arco della Pace, Arena, Pagano",Pagano,45.4719,9.15804,24,945,149,6,2,1,1,0,0,0,0,0,0,0,0,0
126917827,Autonomo,Centro,Duomo,45.4609,9.19095,73,1035,334,6,4,1,1,0,0,0,0,0,0,0,0,0
126917905,Autonomo,Navigli,Navigli - Darsena,45.4473,9.16227,24,935,140,5,2,5,1,0,0,0,0,0,0,0,0,0
126916287,Autonomo,"Porta Venezia, Indipendenza",Indipendenza,45.4719,9.2113,20,885,123,6,2,2,1,0,0,0,0,0,0,0,0,0
126917575,Autonomo,"Ripamonti, Vigentino",Ripamonti - Fondazione Prada,45.4429,9.19239,62,885,87,4,2,3,0,0,0,0,0,0,0,0,0,0
126917273,Autonomo,"Genova, Ticinese",San Vittore,45.4596,9.16999,43,940,156,6,2,2,0,0,0,0,0,0,0,0,0,0
120427714,Assente,"Cenisio, Sarpi, Isola",Cenisio,45.4901,9.1648,18,1000,10,2,1,0,0,0,0,0,1,1,0,0,0,1
126984909,Autonomo,"Genova, Ticinese",Corso Genova,45.4568,9.17417,21,1025,103,5,1,1,1,0,0,0,0,0,0,0,0,0
126917803,Autonomo,"Affori, Bovisa",Dergano,45.5012,9.1821,21,945,15,5,4,1,0,0,0,0,0,0,0,0,0,0
126917339,Autonomo,Navigli,Bocconi,45.4503,9.19392,11,990,140,6,2,5,0,0,0,0,0,0,0,0,0,0
126916965,Autonomo,"Cenisio, Sarpi, Isola",Isola,45.4885,9.19293,23,895,15,5,2,2,1,0,0,0,0,0,0,0,0,0
126917513,Autonomo,Navigli,Bocconi,45.452,9.18768,95,1095,15,6,4,4,0,0,0,0,0,0,0,0,0,0
126917379,Autonomo,"Porta Romana, Cadore, Montenero",Montenero,45.4572,9.20484,45,1035,200,6,3,3,1,0,0,0,0,0,0,0,0,0
126958603,Autonomo,"Quadronno, Palestro, Guastalla",Quadronno - Crocetta,45.4535,9.20199,33,990,167,6,2,5,1,0,0,0,0,0,0,0,0,0
126917183,Autonomo,"Porta Romana, Cadore, Montenero",Montenero,45.4613,9.20963,19,1030,87,5,1,2,0,0,0,0,0,0,0,0,0,0
126916447,Autonomo,Navigli,Bocconi,45.4509,9.19128,10,1245,90,4,2,3,1,0,0,0,0,0,0,0,0,0
126917049,Autonomo,"Porta Romana, Cadore, Montenero",Montenero,45.4572,9.20484,28,1035,200,6,3,3,1,0,0,0,0,0,0,0,0,0
126917525,Autonomo,"Genova, Ticinese",Ticinese,45.4555,9.18524,17,850,143,6,2,2,1,0,0,0,0,0,0,0,0,0
127018509,Autonomo,Navigli,Corso San Gottardo,45.4521,9.18266,74,995,230,6,3,1,1,0,0,0,0,0,0,0,0,0
126916309,Autonomo,"Città Studi, Susa",Città Studi,45.482,9.23671,25,870,110,5,1,2,1,0,0,0,0,0,0,0,0,0
126917895,Autonomo,"Cenisio, Sarpi, Isola",Zara,45.4917,9.19063,34,900,210,6,2,1,1,0,0,0,0,0,0,0,0,0
126917469,Autonomo,"Cenisio, Sarpi, Isola",Zara,45.4956,9.18968,28,900,94,5,2,1,1,0,0,0,0,0,0,0,0,0
126917401,Autonomo,"Centrale, Repubblica",Morgagni,45.4734,9.21442,58,930,141,6,2,1,1,0,0,0,0,0,0,0,0,0
126915581,Autonomo,Centro,Missori,45.4584,9.18969,20,900,15,4,1,3,0,0,0,0,0,0,0,0,0,0
126917121,Autonomo,"Corvetto, Rogoredo",Corvetto,45.4397,9.21399,45,850,15,2,1,1,1,0,0,0,0,0,0,0,0,0
126916797,Autonomo,"Centrale, Repubblica",Melchiorre Gioia,45.4862,9.19755,43,945,120,4,1,3,1,0,0,0,0,0,0,0,0,0
126917653,Autonomo,"Abbiategrasso, Chiesa Rossa",Pezzotti - Meda,45.4433,9.17651,13,875,90,5,1,2,1,0,0,0,0,0,0,0,0,0
126917879,Autonomo,"Porta Romana, Cadore, Montenero",Porta Romana - Medaglie d'Oro,45.4491,9.20709,19,1045,90,5,2,1,0,0,0,0,0,0,0,0,0,0
126917549,Autonomo,"Porta Romana, Cadore, Montenero",Porta Romana - Medaglie d'Oro,45.4512,9.19951,33,1070,138,5,2,4,1,0,0,0,0,0,0,0,0,0
126917855,Autonomo,"Cenisio, Sarpi, Isola",Zara,45.4917,9.19063,39,865,203,6,2,1,1,0,0,0,0,0,0,0,0,0
126917263,Autonomo,Navigli,Bocconi,45.452,9.18768,53,990,15,6,4,4,0,0,0,0,0,0,0,0,0,0
126916633,Autonomo,"Genova, Ticinese",Ticinese,45.4555,9.17809,27,945,138,6,3,1,1,0,0,0,0,0,0,0,0,0
126917873,Autonomo,Centro,Brera,45.472,9.18437,13,945,138,6,2,1,1,0,0,0,0,0,0,0,0,0
126917421,Autonomo,"Quadronno, Palestro, Guastalla",Guastalla,45.4613,9.19848,49,950,15,6,3,2,0,0,0,0,0,0,0,0,0,0
127666080,Assente,"Solari, Washington",Vercelli - Wagner,45.4686,9.155,18,900,70,3,1,5,0,0,1,0,1,1,1,0,0,1
126917519,Autonomo,Navigli,Bocconi,45.452,9.18768,54,990,15,6,4,4,0,0,0,0,0,0,0,0,0,0
126917239,Autonomo,"Quadronno, Palestro, Guastalla",Quadronno - Crocetta,45.4542,9.1986,46,1045,134,6,2,2,1,0,0,0,0,0,0,0,0,0
126916765,Autonomo,"Udine, Lambrate",Udine,45.4901,9.23447,19,870,15,5,2,2,1,0,0,0,0,0,0,0,0,0
126917357,Autonomo,"Quadronno, Palestro, Guastalla",Guastalla,45.4621,9.2045,28,1095,121,5,1,2,1,0,0,0,0,0,0,0,0,0
126917265,Autonomo,Navigli,Bocconi,45.4508,9.19124,27,1245,126,5,4,2,1,0,0,0,0,0,0,0,0,0
127665196,Assente,"Genova, Ticinese",Ticinese,45.4532,9.1796,15,950,15,3,1,1,0,0,0,0,1,1,0,0,0,1
126917639,Autonomo,"Città Studi, Susa",Città Studi,45.4796,9.22398,6,900,15,4,2,4,1,0,0,0,0,0,0,0,0,0
126917921,Autonomo,"Porta Venezia, Indipendenza",Porta Venezia,45.4732,9.21385,10,845,15,5,2,3,1,0,0,0,0,0,0,0,0,0
122937616,Assente,"Porta Romana, Cadore, Montenero",Montenero,45.4575,9.2079,10,850,110,4,2,3,0,0,1,0,1,1,1,0,0,1
125811087,Assente,"Centrale, Repubblica",Centrale,45.4831,9.198,25,855,140,5,2,4,0,0,1,0,1,1,1,1,1,1
127551190,Assente,"Quadronno, Palestro, Guastalla",Quadronno - Crocetta,45.4568,9.1948,5,1000,25,1,1,1,0,0,0,0,0,1,0,0,0,1
127602182,Autonomo,"Napoli, Soderini",Tripoli - Soderini,45.4559,9.15149,16,1030,584,6,4,1,0,0,1,0,0,0,0,0,0,0
127541638,Autonomo,"Genova, Ticinese",Ticinese,45.4555,9.17809,31,860,138,6,3,1,1,0,0,0,0,0,0,0,0,0
127356271,Autonomo,Centro,Sant'Ambrogio,45.4602,9.17645,38,885,110,6,2,1,1,0,0,0,0,0,0,0,0,0
127646736,Autonomo,"Porta Romana, Cadore, Montenero",Montenero,45.4567,9.20531,11,1100,120,5,2,4,0,0,0,0,0,0,0,0,0,0
127541700,Autonomo,"Bande Nere, Inganni",Gambara,45.4621,9.14405,12,865,71,4,1,3,1,0,0,0,0,0,0,0,0,0
127490338,Autonomo,Navigli,Corso San Gottardo,45.4521,9.18266,42,945,230,6,3,1,1,0,0,0,0,0,0,0,0,0
127414789,Autonomo,"Porta Romana, Cadore, Montenero",Porta Romana - Medaglie d'Oro,45.4512,9.19951,32,1070,138,5,2,4,1,0,0,0,0,0,0,0,0,0
127275057,Autonomo,"Genova, Ticinese",Corso Genova,45.4582,9.17012,27,875,157,6,2,5,1,0,0,0,0,0,0,0,0,0
127513624,Autonomo,"Napoli, Soderini",Tripoli - Soderini,45.4559,9.15149,16,1015,584,6,4,1,0,0,0,0,0,0,0,0,0,0
127462920,Autonomo,"Udine, Lambrate",Udine,45.4901,9.23447,20,850,15,5,2,2,1,0,0,0,0,0,0,0,0,0
127570496,Autonomo,"Quadronno, Palestro, Guastalla",Quadronno - Crocetta,45.4565,9.20264,39,875,202,6,2,4,1,0,0,0,0,0,0,0,0,0
127541702,Autonomo,Navigli,Corso San Gottardo,45.4469,9.17967,17,955,98,4,1,2,1,0,0,0,0,0,0,0,0,0
127232197,Autonomo,"Porta Romana, Cadore, Montenero",Porta Romana - Medaglie d'Oro,45.451,9.1979,25,1045,110,5,2,3,1,0,0,0,0,0,0,0,0,0
127570282,Autonomo,"Pasteur, Rovereto",Pasteur,45.4916,9.21173,35,845,140,6,2,3,0,0,0,0,0,0,0,0,0,0
127490538,Autonomo,"Udine, Lambrate",Udine,45.4901,9.23447,19,870,15,5,2,2,1,0,0,0,0,0,0,0,0,0
127355819,Autonomo,"Solari, Washington",Dezza,45.461,9.16101,29,865,126,5,2,1,0,0,0,0,0,0,0,0,0,0
127355413,Autonomo,"Genova, Ticinese",Corso Genova,45.4582,9.17012,25,875,157,6,2,5,1,0,0,0,0,0,0,0,0,0
127414875,Autonomo,"Arco della Pace, Arena, Pagano",Vincenzo Monti,45.4671,9.17255,21,995,113,5,2,4,0,0,0,0,0,0,0,0,0,0
127317265,Autonomo,"Napoli, Soderini",Tripoli - Soderini,45.4559,9.15149,18,1070,584,6,4,1,0,0,1,0,0,0,0,0,0,0
127460168,Centralizzato,"Cenisio, Sarpi, Isola",Zara,45.4915,9.1899,10,865,21,1,1,NA,NA,1,0,0,0,0,0,0,0,0
125392371,Centralizzato,"Porta Venezia, Indipendenza",Indipendenza,45.4718,9.2112,10,885,17,1,1,NA,NA,1,0,0,0,0,0,0,0,0
125391117,Centralizzato,"Città Studi, Susa",Argonne - Corsica,45.4684,9.2289,10,850,21,1,1,NA,NA,1,0,0,0,0,0,0,0,0
127166647,Autonomo,"Centrale, Repubblica",Morgagni,45.4762,9.2148,10,865,19,1,1,NA,NA,1,0,0,0,0,0,0,0,0
126041405,Centralizzato,Navigli,Bocconi,45.4519,9.1915,10,995,20,1,1,NA,NA,1,0,0,0,0,0,0,0,0
125820615,Centralizzato,"Genova, Ticinese",Corso Genova,45.4565,9.1777,10,945,12,1,1,NA,NA,1,0,0,0,0,0,0,0,0
126041381,Centralizzato,"Solari, Washington",Frua,45.4649,9.1498,10,855,15,1,1,NA,NA,1,0,0,0,0,0,0,0,0
126041351,Centralizzato,"Cenisio, Sarpi, Isola",Zara,45.4954,9.1889,10,900,17,1,1,NA,NA,1,0,0,0,0,0,0,0,0
127460136,Centralizzato,"Porta Venezia, Indipendenza",Indipendenza,45.4666,9.216,10,900,10,1,1,NA,NA,1,0,0,0,0,0,0,0,0
125391177,Centralizzato,"Porta Venezia, Indipendenza",Indipendenza,45.4729,9.2147,10,930,15,1,1,NA,NA,1,0,0,0,0,0,0,0,0
127324199,Assente,"Porta Romana, Cadore, Montenero",Montenero,45.4604,9.2093,10,1045,15,1,1,NA,NA,1,0,0,0,0,0,0,0,0
127412047,Centralizzato,"Centrale, Repubblica",Buenos Aires,45.4801,9.2107,10,945,20,1,1,NA,NA,1,0,0,0,0,0,0,0,0
125863959,Autonomo,"Precotto, Turro",Villa San Giovanni,45.5199,9.22574,14,850,20,1,1,1,1,1,0,0,0,1,0,0,0,0
127412049,Centralizzato,"San Siro, Trenno",San Siro,45.4695,9.1454,10,870,21,1,1,NA,NA,1,0,0,0,0,0,0,0,0
127042573,Autonomo,"Affori, Bovisa",Dergano,45.5013,9.1825,10,900,10,1,1,NA,NA,1,0,0,0,1,0,0,0,0
127460054,Centralizzato,"Fiera, Sempione, City Life, Portello",De Angeli,45.4694,9.1499,10,955,34,1,1,NA,NA,1,0,0,0,0,0,0,0,0
125392397,Autonomo,"Porta Romana, Cadore, Montenero",Cadore,45.4546,9.2136,10,860,11,1,1,NA,NA,1,0,0,0,0,0,0,0,0
127460248,Centralizzato,"Porta Romana, Cadore, Montenero",Porta Romana - Medaglie d'Oro,45.4539,9.205,10,935,18,1,1,NA,NA,1,0,0,0,0,0,0,0,0
127272333,Centralizzato,Navigli,Bocconi,45.4503,9.1872,10,1015,12,1,1,NA,NA,1,0,0,0,0,0,0,0,0
127460092,Centralizzato,"Porta Venezia, Indipendenza",Piave - Tricolore,45.4707,9.2086,10,850,14,1,1,NA,NA,1,0,0,0,0,0,0,0,0
127460254,Centralizzato,Centro,Duomo,45.4619,9.1929,10,965,17,1,1,NA,NA,1,0,0,0,0,0,0,0,0
125392037,Centralizzato,"Genova, Ticinese",San Vittore,45.459,9.1703,10,875,16,1,1,NA,NA,1,0,0,0,0,0,0,0,0
125392369,Centralizzato,"Porta Venezia, Indipendenza",Indipendenza,45.4718,9.2112,10,885,19,1,1,NA,NA,1,0,0,0,0,0,0,0,0
127166625,Centralizzato,"Porta Romana, Cadore, Montenero",Porta Romana - Medaglie d'Oro,45.4548,9.2031,10,990,22,1,1,NA,NA,1,0,0,0,0,0,0,0,0
